0,1
1,1
2,1
3,1
4,1
5,2
6,2
7,1
8,0
9,0
10,0
11,2
12,1
13,1
14,2
15,0
16,2
17,2
18,2
19,2
20,0
21,1
22,1
23,2
24,2
25,0
26,2
27,0
28,0
29,2
30,2
31,1
32,2
33,1
34,2
35,2
36,1
37,1
38,2
39,2
40,2
41,2
42,1
43,1
44,2
45,2
46,2
47,0
48,1
49,2
50,0
51,0
52,1
53,2
54,2
55,2
56,0
57,1
58,2
59,1
60,0
61,1
62,2
63,1
64,1
65,2
66,1
67,2
68,0
69,0
70,2
71,1
72,1
73,2
74,2
75,1
76,0
77,2
78,1
79,1
80,0
81,2
82,0
83,1
84,0
85,1
86,2
87,1
88,2
89,0
90,2
91,2
92,2
93,1
94,1
95,1
96,2
97,2
98,0
99,1
100,2
101,2
102,2
103,0
104,1
105,1
106,1
107,2
108,1
109,1
110,2
111,0
112,1
113,2
114,1
115,2
116,2
117,1
118,1
119,1
120,0
121,2
122,2
123,1
124,2
125,1
126,0
127,2
128,1
129,0
130,2
131,2
132,1
133,0
134,1
135,1
136,2
137,1
138,0
139,2
140,2
141,1
142,1
143,1
144,2
145,2
146,1
147,1
148,2
149,1
150,2
151,2
152,1
153,0
154,2
155,2
156,0
157,0
158,0
159,2
160,1
161,0
162,2
163,1
164,2
165,2
166,1
167,1
168,1
169,1
170,2
171,1
172,2
173,2
174,0
175,2
176,1
177,1
178,1
179,2
180,0
181,2
182,1
183,1
184,1
185,2
186,0
187,1
188,1
189,2
190,2
191,2
192,2
193,1
194,2
195,1
196,2
197,2
198,0
199,2
200,2
201,1
202,0
203,2
204,1
205,1
206,2
207,2
208,2
209,0
210,1
211,1
212,0
213,1
214,1
215,0
216,2
217,2
218,0
219,1
220,1
221,0
222,2
223,0
224,1
225,1
226,0
227,2
228,1
229,1
230,1
231,1
232,2
233,1
234,2
235,0
236,1
237,2
238,2
239,1
240,2
241,2
242,1
243,1
244,1
245,2
246,0
247,1
248,1
249,2
250,1
251,1
252,1
253,1
254,0
255,2
256,2
257,1
258,2
259,2
260,2
261,1
262,0
263,0
264,2
265,1
266,0
267,2
268,2
269,1
270,1
271,1
272,2
273,2
274,0
275,1
276,2
277,1
278,0
279,2
280,0
281,2
282,2
283,1
284,1
285,1
286,1
287,1
288,1
289,2
290,2
291,1
292,1
293,2
294,2
295,1
296,2
297,0
298,2
299,2
300,1
301,1
302,1
303,0
304,2
305,1
306,1
307,2
308,0
309,2
310,1
311,1
312,0
313,0
314,1
315,1
316,2
317,1
318,1
319,1
320,1
321,1
322,1
323,1
324,2
325,1
326,1
327,2
328,1
329,2
330,2
331,2
332,1
333,2
334,1
335,1
336,2
337,2
338,2
339,2
340,1
341,1
342,1
343,1
344,2
345,2
346,2
347,1
348,0
349,1
350,1
351,1
352,0
353,2
354,1
355,1
356,1
357,2
358,2
359,1
360,1
361,1
362,2
363,1
364,1
365,2
366,2
367,0
368,2
369,0
370,1
371,2
372,2
373,1
374,1
375,1
376,0
377,1
378,1
379,0
380,2
381,0
382,1
383,2
384,2
385,1
386,1
387,1
388,2
389,2
390,2
391,1
392,1
393,1
394,2
395,0
396,2
397,1
398,2
399,2
400,1
401,2
402,2
403,2
404,2
405,2
406,2
407,1
408,0
409,0
410,2
411,2
412,1
413,2
414,2
415,2
416,1
417,1
418,1
419,0
420,2
421,2
422,1
423,1
424,2
425,2
426,2
427,0
428,1
429,2
430,0
431,2
432,2
433,1
434,2
435,2
436,2
437,2
438,1
439,2
440,2
441,0
442,0
443,2
444,2
445,1
446,2
447,1
448,1
449,0
450,2
451,1
452,1
453,1
454,1
455,1
456,2
457,0
458,2
459,2
460,1
461,1
462,2
463,0
464,1
465,1
466,0
467,1
468,1
469,2
470,1
471,2
472,2
473,1
474,1
475,1
476,0
477,1
478,1
479,2
480,1
481,1
482,2
483,1
484,1
485,1
486,2
487,2
488,0
489,1
490,2
491,2
492,1
493,1
494,0
495,2
496,0
497,2
498,1
499,1
500,1
501,2
502,1
503,1
504,2
505,1
506,1
507,0
508,0
509,1
510,1
511,2
512,2
513,1
514,2
515,1
516,2
517,1
518,1
519,1
520,2
521,1
522,1
523,1
524,1
525,0
526,2
527,1
528,2
529,1
530,2
531,1
532,2
533,2
534,1
535,2
536,2
537,2
538,2
539,1
540,2
541,2
542,0
543,2
544,2
545,2
546,1
547,1
548,2
549,1
550,1
551,0
552,2
553,1
554,1
555,1
556,2
557,0
558,2
559,2
560,0
561,2
562,2
563,1
564,2
565,1
566,0
567,2
568,2
569,2
570,1
571,1
572,1
573,1
574,2
575,0
576,1
577,2
578,2
579,0
580,1
581,1
582,2
583,2
584,2
585,1
586,0
587,2
588,1
589,0
590,1
591,1
592,1
593,0
594,2
595,1
596,1
597,2
598,1
599,2
600,0
601,1
602,2
603,2
604,1
605,1
606,1
607,2
608,2
609,1
610,2
611,1
612,1
613,1
614,2
615,1
616,1
617,2
618,2
619,0
620,0
621,1
622,1
623,0
624,0
625,0
626,1
627,2
628,1
629,1
630,0
631,1
632,1
633,1
634,0
635,0
636,1
637,1
638,2
639,1
640,2
641,2
642,1
643,1
644,0
645,2
646,2
647,1
648,2
649,1
650,2
651,2
652,1
653,0
654,0
655,1
656,0
657,2
658,1
659,1
660,2
661,2
662,0
663,1
664,2
665,1
666,2
667,1
668,2
669,2
670,1
671,2
672,2
673,0
674,1
675,2
676,1
677,1
678,1
679,2
680,1
681,2
682,2
683,1
684,2
685,2
686,1
687,2
688,0
689,1
690,1
691,2
692,1
693,0
694,1
695,2
696,1
697,2
698,1
699,2
700,1
701,1
702,1
703,2
704,1
705,1
706,1
707,2
708,2
709,1
710,1
711,1
712,1
713,1
714,2
715,0
716,1
717,2
718,2
719,1
720,0
721,0
722,2
723,2
724,1
725,1
726,2
727,2
728,2
729,1
730,0
731,1
732,0
733,2
734,1
735,1
736,2
737,1
738,1
739,1
740,1
741,1
742,1
743,1
744,1
745,1
746,1
747,1
748,0
749,1
750,2
751,1
752,2
753,1
754,2
755,1
756,2
757,1
758,1
759,2
760,2
761,2
762,1
763,2
764,1
765,2
766,1
767,2
768,2
769,1
770,2
771,2
772,2
773,1
774,1
775,1
776,2
777,2
778,0
779,2
780,1
781,2
782,2
783,2
784,1
785,2
786,1
787,0
788,2
789,1
790,2
791,1
792,0
793,2
794,1
795,2
796,2
797,2
798,0
799,0
800,1
801,0
802,0
803,1
804,2
805,0
806,1
807,1
808,2
809,2
810,1
811,1
812,1
813,1
814,1
815,2
816,1
817,0
818,2
819,0
820,1
821,1
822,1
823,2
824,1
825,1
826,1
827,0
828,2
829,1
830,1
831,0
832,0
833,1
834,1
835,2
836,1
837,0
838,1
839,2
840,0
841,1
842,1
843,2
844,2
845,1
846,2
847,1
848,1
849,2
850,1
851,1
852,1
853,0
854,0
855,2
856,0
857,1
858,2
859,1
860,1
861,1
862,2
863,1
864,2
865,0
866,0
867,1
868,2
869,1
870,1
871,1
872,0
873,1
874,1
875,2
876,2
877,2
878,2
879,0
880,2
881,2
882,2
883,0
884,1
885,1
886,2
887,1
888,2
889,2
890,2
891,2
892,0
893,0
894,0
895,2
896,2
897,2
898,2
899,2
900,2
901,2
902,2
903,2
904,1
905,2
906,1
907,1
908,2
909,2
910,1
911,2
912,1
913,1
914,1
915,1
916,1
917,2
918,1
919,1
920,2
921,1
922,2
923,1
924,2
925,1
926,1
927,1
928,0
929,2
930,1
931,0
932,1
933,1
934,2
935,1
936,2
937,2
938,2
939,2
940,1
941,1
942,1
943,1
944,2
945,2
946,2
947,1
948,1
949,2
950,1
951,0
952,2
953,1
954,1
955,1
956,2
957,1
958,0
959,2
960,1
961,2
962,0
963,2
964,0
965,1
966,0
967,1
968,0
969,0
970,2
971,1
972,2
973,2
974,2
975,2
976,2
977,1
978,1
979,1
980,1
981,1
982,2
983,0
984,2
985,1
986,1
987,1
988,2
989,2
990,2
991,1
992,2
993,2
994,2
995,0
996,0
997,0
998,2
999,1
1000,0
1001,2
1002,1
1003,2
1004,1
1005,2
1006,2
1007,1
1008,2
1009,2
1010,2
1011,1
1012,1
1013,1
1014,2
1015,0
1016,0
1017,0
1018,1
1019,1
1020,1
1021,2
1022,2
1023,2
1024,0
1025,0
1026,1
1027,1
1028,0
1029,2
1030,0
1031,1
1032,1
1033,2
1034,1
1035,0
1036,0
1037,0
1038,1
1039,1
1040,2
1041,0
1042,1
1043,0
1044,1
1045,2
1046,2
1047,2
1048,1
1049,2
1050,0
1051,1
1052,0
1053,2
1054,2
1055,0
1056,0
1057,1
1058,1
1059,2
1060,2
1061,1
1062,1
1063,1
1064,1
1065,0
1066,2
1067,1
1068,2
1069,0
1070,1
1071,1
1072,2
1073,2
1074,2
1075,0
1076,2
1077,0
1078,1
1079,1
1080,0
1081,1
1082,2
1083,2
1084,1
1085,1
1086,1
1087,1
1088,0
1089,1
1090,2
1091,0
1092,2
1093,1
1094,2
1095,0
1096,1
1097,1
1098,1
1099,1
1100,1
1101,1
1102,2
1103,1
1104,2
1105,1
1106,1
1107,1
1108,2
1109,1
1110,1
1111,1
1112,1
1113,1
1114,0
1115,0
1116,1
1117,2
1118,2
1119,1
1120,1
1121,1
1122,2
1123,2
1124,1
1125,1
1126,2
1127,1
1128,2
1129,0
1130,1
1131,2
1132,1
1133,1
1134,2
1135,1
1136,1
1137,1
1138,1
1139,1
1140,2
1141,0
1142,2
1143,0
1144,2
1145,0
1146,0
1147,2
1148,1
1149,1
1150,1
1151,1
1152,1
1153,1
1154,2
1155,1
1156,2
1157,2
1158,1
1159,1
1160,1
1161,1
1162,2
1163,2
1164,2
1165,1
1166,2
1167,0
1168,2
1169,1
1170,1
1171,0
1172,2
1173,0
1174,2
1175,2
1176,1
1177,1
1178,1
1179,0
1180,1
1181,1
1182,0
1183,2
1184,0
1185,2
1186,0
1187,2
1188,2
1189,0
1190,2
1191,2
1192,1
1193,1
1194,2
1195,2
1196,1
1197,1
1198,0
1199,0
1200,1
1201,1
1202,0
1203,1
1204,2
1205,2
1206,1
1207,2
1208,1
1209,1
1210,2
1211,1
1212,1
1213,0
1214,1
1215,0
1216,0
1217,2
1218,2
1219,1
1220,0
1221,1
1222,2
1223,2
1224,1
1225,2
1226,0
1227,2
1228,2
1229,2
1230,2
1231,2
1232,1
1233,1
1234,0
1235,1
1236,0
1237,1
1238,1
1239,1
1240,1
1241,0
1242,1
1243,2
1244,2
1245,1
1246,2
1247,1
1248,0
1249,1
1250,1
1251,2
1252,2
1253,0
1254,0
1255,1
1256,1
1257,1
1258,1
1259,0
1260,1
1261,2
1262,0
1263,1
1264,1
1265,1
1266,2
1267,1
1268,1
1269,2
1270,1
1271,0
1272,0
1273,0
1274,1
1275,1
1276,1
1277,2
1278,1
1279,1
1280,0
1281,1
1282,1
1283,1
1284,2
1285,2
1286,1
1287,1
1288,0
1289,2
1290,2
1291,2
1292,2
1293,2
1294,2
1295,1
1296,0
1297,1
1298,1
1299,1
1300,1
1301,2
1302,1
1303,1
1304,1
1305,0
1306,1
1307,2
1308,2
1309,0
1310,0
1311,2
1312,2
1313,1
1314,2
1315,2
1316,1
1317,2
1318,2
1319,1
1320,1
1321,2
1322,2
1323,0
1324,1
1325,0
1326,1
1327,1
1328,2
1329,1
1330,1
1331,2
1332,1
1333,2
1334,2
1335,1
1336,0
1337,0
1338,1
1339,1
1340,1
1341,2
1342,1
1343,0
1344,1
1345,1
1346,2
1347,0
1348,1
1349,2
1350,2
1351,2
1352,0
1353,2
1354,2
1355,1
1356,2
1357,1
1358,1
1359,2
1360,1
1361,2
1362,0
1363,2
1364,1
1365,1
1366,0
1367,2
1368,1
1369,1
1370,1
1371,2
1372,2
1373,2
1374,2
1375,1
1376,1
1377,2
1378,1
1379,0
1380,1
1381,1
1382,1
1383,2
1384,0
1385,2
1386,1
1387,0
1388,2
1389,1
1390,1
1391,0
1392,2
1393,2
1394,2
1395,1
1396,2
1397,1
1398,2
1399,1
1400,1
1401,1
1402,1
1403,2
1404,2
1405,1
1406,1
1407,1
1408,2
1409,2
1410,0
1411,0
1412,2
1413,1
1414,2
1415,1
1416,0
1417,0
1418,1
1419,2
1420,1
1421,1
1422,1
1423,1
1424,0
1425,1
1426,0
1427,1
1428,2
1429,2
1430,1
1431,1
1432,1
1433,2
1434,1
1435,2
1436,0
1437,2
1438,1
1439,1
1440,0
1441,1
1442,1
1443,1
1444,2
1445,2
1446,1
1447,2
1448,1
1449,2
1450,2
1451,2
1452,1
1453,2
1454,2
1455,0
1456,0
1457,0
1458,1
1459,2
1460,1
1461,1
1462,1
1463,1
1464,2
1465,1
1466,1
1467,1
1468,0
1469,1
1470,2
1471,2
1472,1
1473,0
1474,2
1475,1
1476,0
1477,1
1478,0
1479,1
1480,1
1481,1
1482,0
1483,2
1484,1
1485,1
1486,1
1487,2
1488,2
1489,1
1490,1
1491,1
1492,2
1493,2
1494,1
1495,2
1496,2
1497,1
1498,2
1499,0
1500,0
1501,0
1502,0
1503,1
1504,0
1505,1
1506,0
1507,0
1508,0
1509,1
1510,1
1511,2
1512,1
1513,2
1514,1
1515,1
1516,1
1517,0
1518,2
1519,2
1520,2
1521,2
1522,2
1523,0
1524,0
1525,1
1526,2
1527,1
1528,0
1529,2
1530,2
1531,1
1532,1
1533,2
1534,1
1535,0
1536,1
1537,1
1538,2
1539,0
1540,1
1541,2
1542,0
1543,2
1544,1
1545,1
1546,0
1547,0
1548,2
1549,1
1550,0
1551,2
1552,2
1553,1
1554,1
1555,0
1556,1
1557,1
1558,2
1559,0
1560,1
1561,1
1562,2
1563,2
1564,2
1565,1
1566,2
1567,0
1568,1
1569,1
1570,1
1571,2
1572,2
1573,1
1574,1
1575,0
1576,0
1577,2
1578,1
1579,2
1580,1
1581,2
1582,1
1583,1
1584,2
1585,2
1586,2
1587,1
1588,2
1589,0
1590,0
1591,1
1592,0
1593,0
1594,2
1595,2
1596,2
1597,2
1598,1
1599,0
1600,1
1601,0
1602,2
1603,0
1604,2
1605,1
1606,1
1607,0
1608,1
1609,1
1610,0
1611,2
1612,2
1613,2
1614,2
1615,2
1616,1
1617,0
1618,2
1619,2
1620,1
1621,0
1622,0
1623,1
1624,2
1625,2
1626,2
1627,1
1628,1
1629,1
1630,1
1631,0
1632,1
1633,1
1634,0
1635,2
1636,2
1637,1
1638,2
1639,2
1640,1
1641,1
1642,1
1643,1
1644,2
1645,1
1646,2
1647,1
1648,2
1649,1
1650,0
1651,2
1652,1
1653,2
1654,1
1655,1
1656,0
1657,1
1658,0
1659,2
1660,2
1661,0
1662,2
1663,2
1664,2
1665,2
1666,0
1667,2
1668,1
1669,2
1670,2
1671,2
1672,1
1673,0
1674,2
1675,2
1676,1
1677,2
1678,2
1679,1
1680,0
1681,2
1682,2
1683,1
1684,2
1685,1
1686,2
1687,0
1688,1
1689,0
1690,1
1691,2
1692,1
1693,0
1694,2
1695,1
1696,1
1697,2
1698,1
1699,1
1700,2
1701,2
1702,2
1703,2
1704,1
1705,2
1706,1
1707,1
1708,1
1709,2
1710,1
1711,1
1712,1
1713,1
1714,0
1715,2
1716,2
1717,1
1718,1
1719,2
1720,2
1721,1
1722,2
1723,2
1724,2
1725,2
1726,1
1727,2
1728,1
1729,1
1730,0
1731,0
1732,1
1733,2
1734,1
1735,2
1736,0
1737,1
1738,0
1739,2
1740,0
1741,1
1742,2
1743,1
1744,1
1745,1
1746,1
1747,2
1748,1
1749,2
1750,2
1751,2
1752,2
1753,0
1754,2
1755,1
1756,2
1757,2
1758,0
1759,1
1760,0
1761,0
1762,2
1763,2
1764,1
1765,1
1766,1
1767,1
1768,2
1769,1
1770,1
1771,1
1772,1
1773,1
1774,2
1775,2
1776,1
1777,2
1778,2
1779,2
1780,2
1781,0
1782,0
1783,1
1784,1
1785,0
1786,1
1787,0
1788,0
1789,2
1790,0
1791,2
1792,1
1793,2
1794,1
1795,1
1796,0
1797,1
1798,2
1799,1
1800,2
1801,2
1802,0
1803,1
1804,1
1805,2
1806,2
1807,2
1808,2
1809,2
1810,0
1811,1
1812,2
1813,1
1814,1
1815,2
1816,1
1817,1
1818,2
1819,1
1820,1
1821,1
1822,2
1823,1
1824,0
1825,1
1826,1
1827,2
1828,0
1829,1
1830,1
1831,1
1832,1
1833,1
1834,2
1835,1
1836,0
1837,1
1838,2
1839,0
1840,2
1841,1
1842,2
1843,1
1844,1
1845,0
1846,2
1847,2
1848,2
1849,2
1850,1
1851,2
1852,1
1853,1
1854,1
1855,1
1856,1
1857,1
1858,2
1859,2
1860,1
1861,2
1862,1
1863,2
1864,1
1865,2
1866,2
1867,2
1868,1
1869,1
1870,2
1871,2
1872,1
1873,1
1874,1
1875,1
1876,2
1877,2
1878,1
1879,2
1880,2
1881,1
1882,2
1883,1
1884,1
1885,1
1886,2
1887,2
1888,2
1889,2
1890,1
1891,2
1892,1
1893,2
1894,2
1895,2
1896,0
1897,2
1898,1
1899,2
1900,1
1901,2
1902,1
1903,2
1904,2
1905,2
1906,1
1907,2
1908,1
1909,1
1910,2
1911,1
1912,2
1913,0
1914,1
1915,0
1916,1
1917,1
1918,2
1919,1
1920,1
1921,0
1922,2
1923,2
1924,2
1925,1
1926,1
1927,1
1928,2
1929,2
1930,1
1931,0
1932,0
1933,2
1934,2
1935,0
1936,1
1937,2
1938,1
1939,1
1940,1
1941,1
1942,1
1943,0
1944,2
1945,0
1946,2
1947,0
1948,2
1949,2
1950,0
1951,1
1952,1
1953,1
1954,2
1955,2
1956,1
1957,1
1958,1
1959,1
1960,2
1961,1
1962,1
1963,1
1964,2
1965,1
1966,0
1967,1
1968,0
1969,1
1970,1
1971,0
1972,1
1973,1
1974,1
1975,0
1976,2
1977,1
1978,1
1979,1
1980,2
1981,1
1982,2
1983,1
1984,2
1985,2
1986,2
1987,1
1988,2
1989,1
1990,1
1991,0
1992,2
1993,1
1994,2
1995,1
1996,1
1997,1
1998,0
1999,2
2000,2
2001,1
2002,1
2003,0
2004,1
2005,0
2006,1
2007,0
2008,1
2009,0
2010,2
2011,1
2012,1
2013,2
2014,1
2015,2
2016,1
2017,0
2018,1
2019,2
2020,0
2021,1
2022,1
2023,1
2024,1
2025,1
2026,2
2027,2
2028,0
2029,1
2030,2
2031,2
2032,2
2033,2
2034,1
2035,1
2036,0
2037,2
2038,1
2039,1
2040,1
2041,2
2042,2
2043,1
2044,0
2045,0
2046,2
2047,1
2048,0
2049,1
2050,2
2051,2
2052,1
2053,2
2054,0
2055,2
2056,2
2057,2
2058,0
2059,2
2060,1
2061,1
2062,1
2063,1
2064,1
2065,1
2066,1
2067,1
2068,1
2069,0
2070,0
2071,1
2072,2
2073,1
2074,2
2075,2
2076,2
2077,2
2078,2
2079,1
2080,0
2081,2
2082,2
2083,1
2084,1
2085,2
2086,1
2087,1
2088,2
2089,1
2090,1
2091,2
2092,2
2093,0
2094,0
2095,0
2096,1
2097,0
2098,0
2099,1
2100,2
2101,2
2102,1
2103,2
2104,1
2105,2
2106,1
2107,2
2108,2
2109,1
2110,1
2111,2
2112,1
2113,2
2114,2
2115,2
2116,1
2117,1
2118,2
2119,1
2120,1
2121,2
2122,2
2123,2
2124,1
2125,2
2126,1
2127,2
2128,1
2129,1
2130,1
2131,0
2132,2
2133,0
2134,1
2135,2
2136,2
2137,1
2138,0
2139,2
2140,1
2141,1
2142,1
2143,2
2144,2
2145,1
2146,1
2147,1
2148,0
2149,2
2150,0
2151,1
2152,2
2153,2
2154,0
2155,2
2156,1
2157,1
2158,2
2159,1
2160,2
2161,1
2162,2
2163,2
2164,1
2165,1
2166,0
2167,2
2168,2
2169,1
2170,1
2171,2
2172,1
2173,0
2174,0
2175,2
2176,2
2177,2
2178,2
2179,1
2180,1
2181,1
2182,2
2183,2
2184,2
2185,0
2186,1
2187,1
2188,1
2189,2
2190,0
2191,2
2192,2
2193,0
2194,1
2195,0
2196,2
2197,0
2198,2
2199,1
2200,2
2201,1
2202,1
2203,1
2204,1
2205,0
2206,0
2207,1
2208,1
2209,1
2210,1
2211,0
2212,1
2213,0
2214,1
2215,1
2216,2
2217,1
2218,1
2219,1
2220,1
2221,1
2222,1
2223,2
2224,2
2225,1
2226,1
2227,1
2228,2
2229,0
2230,0
2231,1
2232,1
2233,0
2234,0
2235,2
2236,0
2237,2
2238,1
2239,1
2240,1
2241,0
2242,0
2243,0
2244,0
2245,2
2246,2
2247,2
2248,0
2249,2
2250,2
2251,1
2252,2
2253,2
2254,2
2255,1
2256,1
2257,2
2258,1
2259,2
2260,1
2261,1
2262,1
2263,1
2264,2
2265,2
2266,1
2267,0
2268,2
2269,1
2270,2
2271,0
2272,1
2273,1
2274,2
2275,1
2276,1
2277,0
2278,1
2279,1
2280,1
2281,1
2282,2
2283,2
2284,2
2285,2
2286,1
2287,2
2288,1
2289,0
2290,1
2291,1
2292,1
2293,0
2294,1
2295,0
2296,1
2297,0
2298,2
2299,1
2300,2
2301,1
2302,2
2303,2
2304,1
2305,2
2306,2
2307,1
2308,2
2309,1
2310,2
2311,1
2312,1
2313,1
2314,2
2315,1
2316,0
2317,2
2318,2
2319,1
2320,2
2321,1
2322,0
2323,2
2324,1
2325,1
2326,1
2327,2
2328,1
2329,2
2330,1
2331,2
2332,2
2333,1
2334,0
2335,1
2336,0
2337,1
2338,2
2339,1
2340,1
2341,2
2342,0
2343,0
2344,1
2345,0
2346,1
2347,1
2348,2
2349,1
2350,1
2351,2
2352,1
2353,2
2354,1
2355,0
2356,1
2357,1
2358,1
2359,2
2360,2
2361,1
2362,1
2363,1
2364,1
2365,1
2366,0
2367,1
2368,2
2369,2
2370,1
2371,0
2372,1
2373,2
2374,1
2375,0
2376,2
2377,2
2378,1
2379,2
2380,2
2381,1
2382,2
2383,1
2384,2
2385,0
2386,1
2387,1
2388,0
2389,2
2390,2
2391,0
2392,0
2393,1
2394,1
2395,1
2396,1
2397,1
2398,2
2399,0
2400,0
2401,2
2402,2
2403,2
2404,2
2405,2
2406,1
2407,1
2408,1
2409,2
2410,1
2411,2
2412,1
2413,0
2414,0
2415,1
2416,2
2417,2
2418,1
2419,2
2420,2
2421,0
2422,0
2423,1
2424,0
2425,0
2426,1
2427,1
2428,1
2429,1
2430,0
2431,2
2432,1
2433,1
2434,2
2435,1
2436,1
2437,1
2438,2
2439,2
2440,2
2441,1
2442,0
2443,2
2444,2
2445,0
2446,0
2447,2
2448,2
2449,2
2450,1
2451,2
2452,1
2453,1
2454,0
2455,1
2456,2
2457,0
2458,2
2459,2
2460,2
2461,1
2462,0
2463,2
2464,1
2465,2
2466,2
2467,1
2468,1
2469,0
2470,1
2471,1
2472,1
2473,1
2474,2
2475,0
2476,2
2477,1
2478,1
2479,0
2480,2
2481,1
2482,1
2483,0
2484,1
2485,1
2486,2
2487,2
2488,0
2489,2
2490,2
2491,1
2492,1
2493,2
2494,0
2495,0
2496,1
2497,0
2498,1
2499,1
2500,0
2501,2
2502,2
2503,2
2504,2
2505,2
2506,1
2507,2
2508,2
2509,2
2510,2
2511,1
2512,2
2513,2
2514,2
2515,1
2516,1
2517,0
2518,2
2519,2
2520,2
2521,1
2522,2
2523,0
2524,1
2525,2
2526,0
2527,1
2528,2
2529,0
2530,2
2531,2
2532,1
2533,0
2534,2
2535,1
2536,1
2537,2
2538,1
2539,2
2540,0
2541,2
2542,0
2543,1
2544,1
2545,2
2546,0
2547,0
2548,0
2549,2
2550,0
2551,1
2552,1
2553,0
2554,1
2555,1
2556,1
2557,1
2558,1
2559,1
2560,1
2561,2
2562,0
2563,1
2564,2
2565,1
2566,1
2567,2
2568,1
2569,1
2570,2
2571,0
2572,1
2573,1
2574,1
2575,1
2576,2
2577,0
2578,2
2579,1
2580,2
2581,1
2582,2
2583,0
2584,2
2585,0
2586,0
2587,1
2588,2
2589,1
2590,1
2591,2
2592,2
2593,1
2594,2
2595,2
2596,2
2597,2
2598,2
2599,0
2600,2
2601,2
2602,1
2603,2
2604,0
2605,2
2606,1
2607,2
2608,1
2609,1
2610,1
2611,2
2612,2
2613,1
2614,0
2615,2
2616,2
2617,1
2618,1
2619,0
2620,1
2621,2
2622,2
2623,1
2624,1
2625,2
2626,1
2627,2
2628,2
2629,0
2630,1
2631,2
2632,2
2633,1
2634,1
2635,2
2636,1
2637,1
2638,2
2639,0
2640,0
2641,0
2642,1
2643,0
2644,0
2645,2
2646,1
2647,0
2648,1
2649,1
2650,1
2651,2
2652,0
2653,1
2654,2
2655,2
2656,1
2657,1
2658,1
2659,2
2660,2
2661,1
2662,2
2663,2
2664,2
2665,2
2666,0
2667,0
2668,1
2669,1
2670,1
2671,0
2672,1
2673,0
2674,2
2675,2
2676,1
2677,1
2678,2
2679,1
2680,1
2681,1
2682,2
2683,1
2684,1
2685,2
2686,2
2687,0
2688,0
2689,1
2690,1
2691,1
2692,2
2693,2
2694,0
2695,1
2696,2
2697,1
2698,1
2699,1
2700,2
2701,2
2702,1
2703,2
2704,1
2705,1
2706,2
2707,1
2708,1
2709,1
2710,1
2711,1
2712,1
2713,2
2714,0
2715,1
2716,0
2717,1
2718,2
2719,1
2720,1
2721,1
2722,2
2723,2
2724,2
2725,2
2726,1
2727,0
2728,0
2729,1
2730,2
2731,1
2732,2
2733,0
2734,1
2735,2
2736,2
2737,2
2738,1
2739,1
2740,1
2741,0
2742,1
2743,1
2744,2
2745,1
2746,2
2747,1
2748,2
2749,2
2750,2
2751,1
2752,1
2753,1
2754,1
2755,2
2756,1
2757,1
2758,2
2759,2
2760,2
2761,1
2762,0
2763,2
2764,0
2765,1
2766,1
2767,2
2768,0
2769,1
2770,2
2771,1
2772,1
2773,2
2774,0
2775,2
2776,2
2777,1
2778,2
2779,2
2780,2
2781,1
2782,2
2783,1
2784,1
2785,2
2786,1
2787,2
2788,1
2789,2
2790,2
2791,0
2792,1
2793,1
2794,1
2795,1
2796,1
2797,1
2798,1
2799,2
2800,2
2801,2
2802,1
2803,1
2804,1
2805,2
2806,2
2807,0
2808,2
2809,2
2810,2
2811,1
2812,2
2813,1
2814,1
2815,1
2816,1
2817,1
2818,2
2819,2
2820,2
2821,1
2822,2
2823,2
2824,1
2825,0
2826,1
2827,2
2828,1
2829,0
2830,1
2831,2
2832,1
2833,1
2834,0
2835,2
2836,1
2837,2
2838,2
2839,1
2840,2
2841,2
2842,1
2843,0
2844,1
2845,2
2846,2
2847,1
2848,1
2849,2
2850,1
2851,2
2852,2
2853,2
2854,1
2855,1
2856,0
2857,1
2858,1
2859,0
2860,0
2861,1
2862,1
2863,1
2864,1
2865,1
2866,2
2867,2
2868,1
2869,1
2870,2
2871,2
2872,1
2873,2
2874,1
2875,1
2876,0
2877,1
2878,2
2879,1
2880,1
2881,1
2882,1
2883,2
2884,0
2885,1
2886,1
2887,2
2888,1
2889,1
2890,1
2891,1
2892,1
2893,1
2894,2
2895,2
2896,0
2897,1
2898,0
2899,2
2900,0
2901,2
2902,0
2903,1
2904,1
2905,0
2906,1
2907,1
2908,1
2909,0
2910,2
2911,1
2912,1
2913,2
2914,0
2915,0
2916,2
2917,2
2918,2
2919,2
2920,1
2921,2
2922,2
2923,1
2924,1
2925,0
2926,1
2927,1
2928,0
2929,0
2930,2
2931,0
2932,1
2933,1
2934,1
2935,1
2936,1
2937,1
2938,1
2939,2
2940,0
2941,2
2942,2
2943,2
2944,1
2945,1
2946,0
2947,1
2948,1
2949,1
2950,2
2951,2
2952,2
2953,2
2954,0
2955,2
2956,0
2957,0
2958,2
2959,1
2960,0
2961,0
2962,1
2963,2
2964,1
2965,0
2966,1
2967,2
2968,1
2969,0
2970,1
2971,1
2972,2
2973,2
2974,2
2975,1
2976,2
2977,2
2978,1
2979,1
2980,2
2981,2
2982,2
2983,1
2984,2
2985,2
2986,1
2987,1
2988,0
2989,2
2990,1
2991,2
2992,0
2993,1
2994,1
2995,2
2996,0
2997,2
2998,1
2999,0
3000,1
3001,2
3002,0
3003,2
3004,1
3005,0
3006,0
3007,2
3008,1
3009,2
3010,0
3011,2
3012,0
3013,1
3014,2
3015,0
3016,0
3017,1
3018,2
3019,2
3020,0
3021,0
3022,1
3023,1
3024,0
3025,1
3026,1
3027,1
3028,1
3029,2
3030,2
3031,2
3032,2
3033,2
3034,0
3035,2
3036,0
3037,1
3038,1
3039,2
3040,2
3041,1
3042,1
3043,2
3044,1
3045,0
3046,1
3047,0
3048,2
3049,2
3050,2
3051,1
3052,1
3053,2
3054,1
3055,2
3056,1
3057,0
3058,2
3059,2
3060,1
3061,1
3062,1
3063,1
3064,2
3065,1
3066,2
3067,1
3068,1
3069,2
3070,2
3071,2
3072,1
3073,0
3074,1
3075,1
3076,2
3077,1
3078,0
3079,1
3080,2
3081,1
3082,2
3083,2
3084,0
3085,0
3086,2
3087,1
3088,1
3089,2
3090,1
3091,2
3092,0
3093,1
3094,2
3095,0
3096,2
3097,1
3098,2
3099,2
3100,2
3101,1
3102,1
3103,0
3104,2
3105,1
3106,1
3107,1
3108,1
3109,1
3110,1
3111,1
3112,2
3113,1
3114,2
3115,0
3116,0
3117,0
3118,1
3119,2
3120,1
3121,2
3122,2
3123,1
3124,0
3125,1
3126,2
3127,0
3128,2
3129,0
3130,2
3131,2
3132,1
3133,1
3134,1
3135,2
3136,2
3137,1
3138,2
3139,2
3140,2
3141,2
3142,1
3143,2
3144,0
3145,0
3146,1
3147,1
3148,1
3149,1
3150,2
3151,0
3152,2
3153,2
3154,2
3155,1
3156,1
3157,1
3158,0
3159,0
3160,0
3161,2
3162,1
3163,0
3164,1
3165,1
3166,0
3167,1
3168,1
3169,0
3170,2
3171,1
3172,2
3173,1
3174,1
3175,0
3176,1
3177,2
3178,1
3179,1
3180,2
3181,1
3182,1
3183,1
3184,2
3185,0
3186,1
3187,0
3188,1
3189,0
3190,1
3191,1
3192,2
3193,1
3194,1
3195,1
3196,0
3197,2
3198,1
3199,1
3200,1
3201,2
3202,1
3203,1
3204,1
3205,2
3206,1
3207,1
3208,1
3209,0
3210,1
3211,2
3212,2
3213,1
3214,2
3215,2
3216,0
3217,2
3218,1
3219,2
3220,2
3221,2
3222,1
3223,1
3224,2
3225,0
3226,2
3227,2
3228,1
3229,1
3230,0
3231,1
3232,1
3233,0
3234,1
3235,1
3236,1
3237,1
3238,0
3239,1
3240,1
3241,1
3242,2
3243,2
3244,2
3245,2
3246,2
3247,1
3248,2
3249,2
3250,1
3251,1
3252,2
3253,1
3254,2
3255,0
3256,2
3257,1
3258,2
3259,1
3260,1
3261,1
3262,1
3263,2
3264,1
3265,2
3266,0
3267,2
3268,1
3269,0
3270,2
3271,1
3272,1
3273,1
3274,1
3275,0
3276,1
3277,1
3278,2
3279,0
3280,2
3281,1
3282,1
3283,2
3284,2
3285,0
3286,1
3287,1
3288,0
3289,1
3290,1
3291,1
3292,2
3293,1
3294,1
3295,1
3296,2
3297,1
3298,1
3299,1
3300,0
3301,1
3302,1
3303,1
3304,2
3305,2
3306,0
3307,1
3308,1
3309,2
3310,2
3311,0
3312,1
3313,0
3314,1
3315,1
3316,2
3317,2
3318,2
3319,1
3320,0
3321,1
3322,2
3323,1
3324,2
3325,2
3326,1
3327,2
3328,1
3329,1
3330,0
3331,2
3332,1
3333,1
3334,0
3335,1
3336,2
3337,2
3338,0
3339,2
3340,1
3341,1
3342,2
3343,1
3344,2
3345,1
3346,1
3347,1
3348,0
3349,0
3350,2
3351,2
3352,1
3353,0
3354,1
3355,1
3356,2
3357,1
3358,2
3359,0
3360,1
3361,0
3362,2
3363,2
3364,2
3365,1
3366,1
3367,0
3368,2
3369,2
3370,1
3371,2
3372,1
3373,2
3374,2
3375,0
3376,1
3377,2
3378,1
3379,1
3380,2
3381,1
3382,1
3383,1
3384,1
3385,2
3386,1
3387,1
3388,1
3389,0
3390,1
3391,1
3392,0
3393,2
3394,1
3395,2
3396,2
3397,0
3398,1
3399,2
3400,2
3401,1
3402,2
3403,1
3404,1
3405,1
3406,0
3407,2
3408,1
3409,2
3410,2
3411,2
3412,2
3413,1
3414,0
3415,1
3416,2
3417,2
3418,2
3419,2
3420,2
3421,1
3422,1
3423,1
3424,0
3425,2
3426,1
3427,2
3428,1
3429,0
3430,0
3431,1
3432,2
3433,2
3434,0
3435,1
3436,2
3437,1
3438,1
3439,2
3440,2
3441,1
3442,1
3443,1
3444,1
3445,2
3446,2
3447,1
3448,2
3449,1
3450,2
3451,1
3452,1
3453,2
3454,1
3455,1
3456,1
3457,2
3458,0
3459,0
3460,1
3461,1
3462,0
3463,2
3464,1
3465,1
3466,2
3467,0
3468,1
3469,1
3470,1
3471,2
3472,2
3473,1
3474,1
3475,0
3476,1
3477,1
3478,1
3479,2
3480,1
3481,2
3482,1
3483,2
3484,2
3485,0
3486,1
3487,0
3488,1
3489,1
3490,1
3491,1
3492,2
3493,1
3494,2
3495,2
3496,2
3497,2
3498,0
3499,1
3500,2
3501,2
3502,0
3503,2
3504,0
3505,2
3506,0
3507,2
3508,1
3509,1
3510,0
3511,0
3512,1
3513,2
3514,1
3515,2
3516,1
3517,1
3518,2
3519,0
3520,2
3521,1
3522,0
3523,1
3524,1
3525,2
3526,1
3527,1
3528,1
3529,0
3530,2
3531,1
3532,1
3533,2
3534,2
3535,2
3536,2
3537,2
3538,1
3539,1
3540,0
3541,0
3542,0
3543,2
3544,0
3545,0
3546,2
3547,2
3548,1
3549,2
3550,2
3551,1
3552,1
3553,1
3554,0
3555,1
3556,0
3557,1
3558,2
3559,1
3560,0
3561,1
3562,1
3563,0
3564,1
3565,1
3566,1
3567,0
3568,2
3569,1
3570,1
3571,1
3572,1
3573,0
3574,1
3575,1
3576,0
3577,1
3578,1
3579,1
3580,0
3581,1
3582,0
3583,1
3584,1
3585,1
3586,1
3587,2
3588,1
3589,1
3590,0
3591,1
3592,2
3593,0
3594,0
3595,2
3596,1
3597,1
3598,2
3599,0
3600,2
3601,1
3602,2
3603,0
3604,1
3605,2
3606,2
3607,1
3608,1
3609,1
3610,1
3611,2
3612,1
3613,1
3614,1
3615,1
3616,2
3617,2
3618,1
3619,2
3620,1
3621,1
3622,1
3623,2
3624,1
3625,1
3626,2
3627,2
3628,2
3629,1
3630,2
3631,0
3632,1
3633,2
3634,2
3635,1
3636,0
3637,1
3638,1
3639,1
3640,1
3641,0
3642,1
3643,2
3644,1
3645,1
3646,1
3647,2
3648,2
3649,0
3650,1
3651,0
3652,2
3653,1
3654,1
3655,2
3656,0
3657,1
3658,1
3659,1
3660,1
3661,1
3662,2
3663,2
3664,0
3665,2
3666,2
3667,1
3668,2
3669,1
3670,2
3671,2
3672,0
3673,2
3674,1
3675,1
3676,1
3677,2
3678,2
3679,1
3680,2
3681,2
3682,2
3683,2
3684,0
3685,2
3686,0
3687,0
3688,1
3689,1
3690,2
3691,1
3692,1
3693,1
3694,2
3695,0
3696,1
3697,2
3698,2
3699,2
3700,2
3701,1
3702,1
3703,1
3704,2
3705,2
3706,2
3707,2
3708,2
3709,1
3710,2
3711,0
3712,2
3713,2
3714,0
3715,1
3716,2
3717,2
3718,0
3719,2
3720,2
3721,1
3722,1
3723,2
3724,1
3725,1
3726,1
3727,0
3728,2
3729,0
3730,1
3731,1
3732,1
3733,0
3734,2
3735,2
3736,0
3737,1
3738,2
3739,1
3740,2
3741,1
3742,1
3743,1
3744,1
3745,1
3746,2
3747,2
3748,0
3749,1
3750,2
3751,1
3752,0
3753,0
3754,2
3755,1
3756,1
3757,1
3758,0
3759,0
3760,0
3761,2
3762,1
3763,0
3764,2
3765,0
3766,2
3767,2
3768,1
3769,1
3770,2
3771,2
3772,1
3773,0
3774,2
3775,1
3776,2
3777,0
3778,0
3779,0
3780,1
3781,1
3782,2
3783,1
3784,1
3785,2
3786,2
3787,1
3788,2
3789,1
3790,1
3791,0
3792,0
3793,2
3794,1
3795,2
3796,1
3797,1
3798,0
3799,0
3800,2
3801,2
3802,1
3803,1
3804,0
3805,0
3806,2
3807,1
3808,1
3809,2
3810,1
3811,0
3812,0
3813,2
3814,0
3815,2
3816,2
3817,1
3818,1
3819,0
3820,1
3821,1
3822,1
3823,0
3824,1
3825,1
3826,1
3827,0
3828,1
3829,2
3830,2
3831,1
3832,1
3833,1
3834,2
3835,1
3836,2
3837,1
3838,1
3839,0
3840,2
3841,0
3842,2
3843,2
3844,2
3845,0
3846,0
3847,1
3848,2
3849,1
3850,0
3851,2
3852,1
3853,1
3854,2
3855,2
3856,1
3857,2
3858,2
3859,2
3860,1
3861,1
3862,1
3863,2
3864,1
3865,2
3866,0
3867,2
3868,2
3869,0
3870,1
3871,1
3872,0
3873,2
3874,1
3875,1
3876,2
3877,1
3878,2
3879,1
3880,2
3881,0
3882,1
3883,2
3884,1
3885,1
3886,1
3887,1
3888,1
3889,1
3890,2
3891,1
3892,2
3893,0
3894,1
3895,2
3896,2
3897,2
3898,1
3899,1
3900,1
3901,2
3902,0
3903,0
3904,2
3905,2
3906,1
3907,1
3908,2
3909,2
3910,0
3911,0
3912,2
3913,1
3914,1
3915,1
3916,2
3917,0
3918,1
3919,1
3920,2
3921,1
3922,2
3923,2
3924,2
3925,0
3926,2
3927,0
3928,0
3929,1
3930,1
3931,0
3932,1
3933,2
3934,1
3935,1
3936,1
3937,2
3938,2
3939,1
3940,1
3941,1
3942,1
3943,2
3944,2
3945,1
3946,0
3947,1
3948,1
3949,1
3950,2
3951,1
3952,2
3953,2
3954,2
3955,1
3956,1
3957,0
3958,0
3959,0
3960,0
3961,2
3962,1
3963,1
3964,1
3965,1
3966,1
3967,1
3968,2
3969,1
3970,1
3971,0
3972,1
3973,2
3974,1
3975,1
3976,1
3977,1
3978,0
3979,2
3980,1
3981,0
3982,2
3983,0
3984,0
3985,2
3986,0
3987,1
3988,1
3989,1
3990,1
3991,2
3992,1
3993,2
3994,1
3995,1
3996,1
3997,1
3998,1
3999,2
4000,2
4001,2
4002,2
4003,2
4004,2
4005,0
4006,1
4007,2
4008,2
4009,1
4010,1
4011,1
4012,1
4013,2
4014,1
4015,1
4016,0
4017,1
4018,0
4019,2
4020,1
4021,2
4022,1
4023,1
4024,1
4025,2
4026,2
4027,2
4028,2
4029,1
4030,1
4031,2
4032,0
4033,1
4034,2
4035,0
4036,1
4037,1
4038,1
4039,2
4040,1
4041,2
4042,1
4043,1
4044,0
4045,2
4046,0
4047,2
4048,2
4049,1
4050,0
4051,2
4052,1
4053,1
4054,2
4055,2
4056,1
4057,2
4058,2
4059,1
4060,0
4061,1
4062,1
4063,2
4064,1
4065,1
4066,0
4067,1
4068,0
4069,0
4070,2
4071,2
4072,2
4073,1
4074,2
4075,1
4076,2
4077,2
4078,2
4079,2
4080,1
4081,1
4082,1
4083,2
4084,1
4085,1
4086,0
4087,1
4088,1
4089,2
4090,2
4091,0
4092,1
4093,2
4094,2
4095,2
4096,2
4097,2
4098,0
4099,0
4100,1
4101,1
4102,1
4103,2
4104,0
4105,1
4106,1
4107,2
4108,2
4109,1
4110,1
4111,2
4112,2
4113,2
4114,1
4115,1
4116,1
4117,1
4118,0
4119,0
4120,2
4121,2
4122,1
4123,1
4124,1
4125,0
4126,0
4127,1
4128,0
4129,1
4130,1
4131,0
4132,0
4133,1
4134,1
4135,1
4136,2
4137,2
4138,1
4139,2
4140,2
4141,1
4142,2
4143,1
4144,2
4145,1
4146,2
4147,1
4148,0
4149,1
4150,2
4151,1
4152,2
4153,1
4154,0
4155,2
4156,1
4157,0
4158,2
4159,2
4160,1
4161,0
4162,2
4163,1
4164,0
4165,2
4166,0
4167,1
4168,2
4169,1
4170,1
4171,1
4172,1
4173,1
4174,1
4175,2
4176,2
4177,1
4178,1
4179,1
4180,1
4181,0
4182,2
4183,2
4184,0
4185,1
4186,2
4187,1
4188,2
4189,1
4190,1
4191,2
4192,2
4193,1
4194,1
4195,2
4196,1
4197,0
4198,2
4199,2
4200,2
4201,1
4202,0
4203,1
4204,0
4205,0
4206,1
4207,1
4208,0
4209,2
4210,0
4211,1
4212,1
4213,1
4214,0
4215,1
4216,2
4217,2
4218,1
4219,2
4220,1
4221,1
4222,0
4223,1
4224,1
4225,1
4226,2
4227,1
4228,2
4229,2
4230,1
4231,2
4232,1
4233,0
4234,1
4235,0
4236,0
4237,2
4238,1
4239,1
4240,1
4241,1
4242,2
4243,2
4244,1
4245,2
4246,1
4247,1
4248,2
4249,0
4250,1
4251,0
4252,0
4253,1
4254,1
4255,1
4256,2
4257,2
4258,1
4259,2
4260,1
4261,1
4262,1
4263,0
4264,1
4265,2
4266,1
4267,2
4268,1
4269,1
4270,1
4271,2
4272,0
4273,1
4274,1
4275,2
4276,1
4277,2
4278,2
4279,2
4280,1
4281,1
4282,2
4283,1
4284,1
4285,2
4286,1
4287,0
4288,2
4289,2
4290,2
4291,0
4292,0
4293,0
4294,2
4295,1
4296,2
4297,1
4298,1
4299,2
4300,2
4301,0
4302,2
4303,1
4304,2
4305,1
4306,1
4307,1
4308,1
4309,2
4310,2
4311,2
4312,2
4313,2
4314,2
4315,2
4316,0
4317,1
4318,2
4319,1
4320,1
4321,1
4322,1
4323,1
4324,1
4325,1
4326,0
4327,2
4328,0
4329,2
4330,2
4331,1
4332,0
4333,0
4334,0
4335,2
4336,2
4337,1
4338,1
4339,0
4340,2
4341,1
4342,2
4343,2
4344,1
4345,1
4346,1
4347,0
4348,2
4349,1
4350,1
4351,1
4352,0
4353,1
4354,1
4355,1
4356,2
4357,1
4358,1
4359,1
4360,2
4361,1
4362,0
4363,1
4364,0
4365,2
4366,2
4367,0
4368,2
4369,2
4370,2
4371,1
4372,1
4373,1
4374,1
4375,2
4376,1
4377,1
4378,1
4379,1
4380,0
4381,2
4382,0
4383,0
4384,0
4385,1
4386,0
4387,2
4388,0
4389,2
4390,2
4391,1
4392,2
4393,1
4394,2
4395,2
4396,0
4397,2
4398,2
4399,1
4400,2
4401,2
4402,2
4403,0
4404,1
4405,1
4406,1
4407,2
4408,0
4409,0
4410,1
4411,2
4412,1
4413,1
4414,1
4415,1
4416,1
4417,1
4418,2
4419,0
4420,0
4421,0
4422,1
4423,1
4424,1
4425,2
4426,2
4427,2
4428,1
4429,1
4430,1
4431,2
4432,1
4433,1
4434,2
4435,1
4436,1
4437,2
4438,1
4439,1
4440,2
4441,1
4442,0
4443,1
4444,2
4445,1
4446,1
4447,2
4448,0
4449,1
4450,1
4451,2
4452,2
4453,2
4454,1
4455,2
4456,1
4457,2
4458,0
4459,1
4460,2
4461,0
4462,1
4463,2
4464,0
4465,1
4466,1
4467,1
4468,2
4469,0
4470,2
4471,2
4472,1
4473,1
4474,0
4475,2
4476,2
4477,2
4478,2
4479,2
4480,1
4481,2
4482,1
4483,1
4484,1
4485,1
4486,1
4487,2
4488,1
4489,0
4490,2
4491,2
4492,1
4493,0
4494,1
4495,2
4496,1
4497,1
4498,1
4499,2
4500,0
4501,1
4502,1
4503,2
4504,2
4505,2
4506,1
4507,2
4508,2
4509,2
4510,2
4511,1
4512,1
4513,0
4514,2
4515,1
4516,0
4517,0
4518,1
4519,1
4520,1
4521,2
4522,1
4523,2
4524,1
4525,2
4526,2
4527,1
4528,0
4529,0
4530,1
4531,1
4532,2
4533,1
4534,2
4535,2
4536,2
4537,1
4538,1
4539,0
4540,1
4541,2
4542,2
4543,1
4544,1
4545,1
4546,2
4547,1
4548,0
4549,0
4550,1
4551,2
4552,0
4553,1
4554,2
4555,2
4556,2
4557,1
4558,2
4559,1
4560,2
4561,2
4562,1
4563,1
4564,2
4565,2
4566,2
4567,1
4568,2
4569,0
4570,1
4571,2
4572,1
4573,2
4574,0
4575,0
4576,1
4577,2
4578,0
4579,0
4580,2
4581,1
4582,1
4583,2
4584,1
4585,1
4586,1
4587,2
4588,2
4589,0
4590,0
4591,0
4592,2
4593,1
4594,2
4595,2
4596,1
4597,2
4598,1
4599,2
4600,1
4601,0
4602,0
4603,2
4604,2
4605,0
4606,2
4607,1
4608,2
4609,1
4610,0
4611,2
4612,1
4613,0
4614,0
4615,1
4616,1
4617,1
4618,1
4619,1
4620,2
4621,1
4622,0
4623,1
4624,2
4625,1
4626,0
4627,0
4628,1
4629,1
4630,1
4631,2
4632,2
4633,0
4634,1
4635,1
4636,1
4637,0
4638,0
4639,2
4640,2
4641,2
4642,0
4643,2
4644,1
4645,1
4646,1
4647,1
4648,2
4649,2
4650,1
4651,1
4652,1
4653,1
4654,0
4655,2
4656,1
4657,1
4658,1
4659,2
4660,1
4661,1
4662,1
4663,0
4664,2
4665,2
4666,1
4667,2
4668,1
4669,2
4670,2
4671,1
4672,1
4673,1
4674,0
4675,1
4676,2
4677,2
4678,2
4679,2
4680,1
4681,2
4682,1
4683,1
4684,1
4685,2
4686,0
4687,2
4688,1
4689,2
4690,1
4691,0
4692,2
4693,1
4694,1
4695,1
4696,1
4697,2
4698,1
4699,1
4700,1
4701,1
4702,2
4703,2
4704,1
4705,0
4706,1
4707,1
4708,2
4709,2
4710,0
4711,1
4712,1
4713,1
4714,1
4715,1
4716,1
4717,2
4718,2
4719,0
4720,2
4721,1
4722,0
4723,1
4724,1
4725,1
4726,2
4727,2
4728,2
4729,2
4730,1
4731,1
4732,2
4733,2
4734,0
4735,2
4736,1
4737,2
4738,0
4739,1
4740,2
4741,1
4742,0
4743,0
4744,1
4745,1
4746,1
4747,1
4748,1
4749,0
4750,2
4751,1
4752,1
4753,2
4754,1
4755,1
4756,0
4757,1
4758,2
4759,2
4760,2
4761,0
4762,0
4763,2
4764,2
4765,1
4766,0
4767,1
4768,2
4769,1
4770,1
4771,1
4772,2
4773,2
4774,1
4775,1
4776,1
4777,1
4778,2
4779,2
4780,1
4781,0
4782,1
4783,1
4784,0
4785,1
4786,2
4787,2
4788,2
4789,2
4790,2
4791,1
4792,2
4793,1
4794,2
4795,2
4796,1
4797,1
4798,1
4799,1
4800,1
4801,1
4802,1
4803,0
4804,2
4805,1
4806,2
4807,1
4808,2
4809,0
4810,1
4811,1
4812,1
4813,2
4814,1
4815,1
4816,1
4817,1
4818,2
4819,0
4820,0
4821,2
4822,1
4823,1
4824,2
4825,1
4826,2
4827,2
4828,1
4829,1
4830,2
4831,2
4832,1
4833,1
4834,2
4835,1
4836,2
4837,2
4838,1
4839,1
4840,1
4841,1
4842,2
4843,1
4844,2
4845,2
4846,1
4847,1
4848,1
4849,1
4850,2
4851,1
4852,1
4853,2
4854,1
4855,2
4856,2
4857,1
4858,2
4859,0
4860,0
4861,2
4862,2
4863,2
4864,2
4865,2
4866,2
4867,2
4868,2
4869,2
4870,2
4871,2
4872,0
4873,1
4874,0
4875,1
4876,2
4877,1
4878,1
4879,1
4880,1
4881,2
4882,1
4883,2
4884,2
4885,2
4886,1
4887,2
4888,2
4889,0
4890,2
4891,2
4892,2
4893,2
4894,1
4895,1
4896,1
4897,2
4898,2
4899,1
4900,1
4901,0
4902,2
4903,1
4904,0
4905,1
4906,0
4907,2
4908,0
4909,2
4910,2
4911,0
4912,1
4913,0
4914,2
4915,0
4916,1
4917,1
4918,0
4919,2
4920,0
4921,2
4922,2
4923,2
4924,1
4925,1
4926,1
4927,0
4928,1
4929,2
4930,2
4931,1
4932,2
4933,1
4934,1
4935,2
4936,0
4937,2
4938,2
4939,1
4940,2
4941,1
4942,2
4943,1
4944,2
4945,2
4946,2
4947,0
4948,2
4949,2
4950,0
4951,0
4952,0
4953,2
4954,2
4955,1
4956,1
4957,0
4958,1
4959,2
4960,2
4961,1
4962,1
4963,2
4964,1
4965,1
4966,2
4967,1
4968,1
4969,1
4970,1
4971,1
4972,1
4973,2
4974,0
4975,0
4976,1
4977,1
4978,1
4979,1
4980,2
4981,1
4982,1
4983,2
4984,1
4985,1
4986,1
4987,0
4988,1
4989,0
4990,1
4991,0
4992,1
4993,1
4994,2
4995,1
4996,1
4997,1
4998,2
4999,1
5000,1
5001,2
5002,2
5003,0
5004,1
5005,2
5006,2
5007,2
5008,1
5009,2
5010,2
5011,0
5012,1
5013,0
5014,1
5015,1
5016,1
5017,1
5018,2
5019,1
5020,0
5021,1
5022,1
5023,2
5024,2
5025,1
5026,1
5027,2
5028,1
5029,2
5030,2
5031,1
5032,0
5033,0
5034,1
5035,1
5036,0
5037,1
5038,2
5039,1
5040,0
5041,2
5042,1
5043,0
5044,2
5045,2
5046,2
5047,2
5048,0
5049,2
5050,2
5051,0
5052,1
5053,1
5054,0
5055,0
5056,1
5057,2
5058,2
5059,1
5060,2
5061,1
5062,2
5063,2
5064,0
5065,2
5066,1
5067,2
5068,2
5069,1
5070,1
5071,0
5072,2
5073,0
5074,0
5075,1
5076,1
5077,0
5078,1
5079,2
5080,0
5081,1
5082,2
5083,2
5084,2
5085,1
5086,2
5087,1
5088,2
5089,1
5090,1
5091,0
5092,2
5093,2
5094,2
5095,1
5096,1
5097,1
5098,2
5099,2
5100,1
5101,1
5102,2
5103,1
5104,1
5105,0
5106,2
5107,2
5108,0
5109,1
5110,2
5111,0
5112,2
5113,1
5114,2
5115,1
5116,2
5117,1
5118,2
5119,1
5120,0
5121,2
5122,0
5123,1
5124,1
5125,1
5126,2
5127,1
5128,0
5129,1
5130,1
5131,2
5132,1
5133,2
5134,0
5135,2
5136,1
5137,2
5138,1
5139,2
5140,2
5141,1
5142,2
5143,2
5144,2
5145,1
5146,1
5147,2
5148,1
5149,2
5150,2
5151,1
5152,2
5153,1
5154,1
5155,2
5156,1
5157,2
5158,2
5159,2
5160,1
5161,1
5162,0
5163,0
5164,2
5165,2
5166,1
5167,1
5168,1
5169,1
5170,1
5171,1
5172,2
5173,1
5174,1
5175,0
5176,0
5177,2
5178,0
5179,1
5180,2
5181,1
5182,0
5183,0
5184,1
5185,0
5186,1
5187,1
5188,1
5189,1
5190,1
5191,2
5192,2
5193,1
5194,1
5195,1
5196,1
5197,1
5198,1
5199,2
5200,1
5201,2
5202,2
5203,1
5204,1
5205,2
5206,2
5207,1
5208,1
5209,2
5210,2
5211,1
5212,1
5213,1
5214,2
5215,1
5216,0
5217,1
5218,1
5219,2
5220,2
5221,1
5222,2
5223,1
5224,0
5225,1
5226,2
5227,1
5228,1
5229,1
5230,2
5231,2
5232,0
5233,2
5234,1
5235,0
5236,1
5237,1
5238,2
5239,0
5240,2
5241,1
5242,1
5243,1
5244,0
5245,0
5246,0
5247,0
5248,2
5249,1
5250,0
5251,2
5252,2
5253,2
5254,0
5255,2
5256,1
5257,1
5258,1
5259,1
5260,2
5261,2
5262,1
5263,1
5264,2
5265,1
5266,0
5267,1
5268,0
5269,0
5270,1
5271,2
5272,1
5273,1
5274,1
5275,0
5276,1
5277,2
5278,2
5279,2
5280,1
5281,2
5282,1
5283,1
5284,1
5285,2
5286,1
5287,2
5288,2
5289,1
5290,0
5291,1
5292,0
5293,2
5294,2
5295,0
5296,1
5297,2
5298,2
5299,1
5300,0
5301,1
5302,2
5303,2
5304,1
5305,2
5306,2
5307,0
5308,0
5309,0
5310,2
5311,2
5312,0
5313,0
5314,1
5315,2
5316,1
5317,2
5318,2
5319,1
5320,1
5321,1
5322,2
5323,1
5324,2
5325,0
5326,1
5327,2
5328,2
5329,2
5330,1
5331,0
5332,1
5333,0
5334,1
5335,1
5336,1
5337,2
5338,0
5339,1
5340,2
5341,2
5342,0
5343,1
5344,1
5345,1
5346,0
5347,2
5348,1
5349,1
5350,0
5351,2
5352,2
5353,2
5354,1
5355,1
5356,1
5357,1
5358,0
5359,1
5360,2
5361,0
5362,1
5363,0
5364,2
5365,1
5366,2
5367,1
5368,0
5369,1
5370,1
5371,0
5372,1
5373,2
5374,0
5375,2
5376,2
5377,0
5378,1
5379,1
5380,1
5381,2
5382,1
5383,1
5384,1
5385,1
5386,0
5387,0
5388,0
5389,2
5390,0
5391,1
5392,2
5393,1
5394,2
5395,1
5396,2
5397,2
5398,0
5399,0
5400,2
5401,2
5402,1
5403,1
5404,1
5405,2
5406,2
5407,1
5408,2
5409,1
5410,0
5411,0
5412,2
5413,2
5414,0
5415,2
5416,2
5417,1
5418,2
5419,2
5420,1
5421,1
5422,0
5423,2
5424,1
5425,2
5426,2
5427,1
5428,2
5429,0
5430,2
5431,0
5432,1
5433,1
5434,2
5435,2
5436,1
5437,2
5438,1
5439,1
5440,0
5441,2
5442,2
5443,0
5444,1
5445,0
5446,2
5447,0
5448,1
5449,1
5450,1
5451,1
5452,0
5453,1
5454,1
5455,1
5456,2
5457,0
5458,1
5459,1
5460,1
5461,1
5462,1
5463,2
5464,2
5465,0
5466,2
5467,1
5468,0
5469,1
5470,1
5471,2
5472,1
5473,1
5474,2
5475,1
5476,0
5477,1
5478,1
5479,0
5480,0
5481,2
5482,2
5483,1
5484,2
5485,1
5486,0
5487,1
5488,0
5489,0
5490,1
5491,2
5492,0
5493,1
5494,2
5495,1
5496,2
5497,1
5498,2
5499,0
5500,1
5501,1
5502,2
5503,1
5504,1
5505,2
5506,0
5507,1
5508,2
5509,1
5510,1
5511,1
5512,2
5513,0
5514,1
5515,1
5516,1
5517,1
5518,1
5519,1
5520,1
5521,1
5522,0
5523,0
5524,1
5525,2
5526,1
5527,1
5528,1
5529,2
5530,1
5531,0
5532,0
5533,1
5534,0
5535,2
5536,1
5537,1
5538,2
5539,1
5540,1
5541,1
5542,1
5543,1
5544,2
5545,1
5546,1
5547,1
5548,0
5549,2
5550,1
5551,1
5552,2
5553,2
5554,2
5555,1
5556,1
5557,0
5558,1
5559,1
5560,1
5561,1
5562,1
5563,1
5564,2
5565,0
5566,2
5567,2
5568,1
5569,1
5570,1
5571,1
5572,2
5573,1
5574,1
5575,1
5576,1
5577,0
5578,1
5579,0
5580,1
5581,1
5582,1
5583,0
5584,1
5585,2
5586,2
5587,2
5588,2
5589,1
5590,2
5591,1
5592,2
5593,0
5594,2
5595,2
5596,2
5597,2
5598,2
5599,1
5600,2
5601,2
5602,2
5603,1
5604,2
5605,2
5606,2
5607,0
5608,2
5609,0
5610,2
5611,1
5612,2
5613,1
5614,2
5615,1
5616,2
5617,2
5618,1
5619,2
5620,0
5621,0
5622,1
5623,1
5624,2
5625,2
5626,1
5627,2
5628,0
5629,2
5630,1
5631,2
5632,2
5633,2
5634,1
5635,1
5636,1
5637,2
5638,0
5639,0
5640,2
5641,1
5642,0
5643,2
5644,2
5645,2
5646,0
5647,0
5648,2
5649,2
5650,1
5651,0
5652,0
5653,1
5654,2
5655,0
5656,2
5657,1
5658,1
5659,2
5660,1
5661,2
5662,1
5663,1
5664,0
5665,1
5666,0
5667,1
5668,2
5669,1
5670,1
5671,1
5672,2
5673,1
5674,0
5675,1
5676,1
5677,0
5678,0
5679,1
5680,0
5681,0
5682,2
5683,0
5684,1
5685,2
5686,1
5687,1
5688,2
5689,1
5690,2
5691,1
5692,1
5693,0
5694,2
5695,2
5696,2
5697,2
5698,2
5699,2
5700,2
5701,1
5702,1
5703,1
5704,1
5705,0
5706,2
5707,2
5708,1
5709,2
5710,2
5711,2
5712,0
5713,2
5714,2
5715,2
5716,1
5717,1
5718,1
5719,1
5720,2
5721,1
5722,0
5723,0
5724,1
5725,2
5726,1
5727,2
5728,1
5729,2
5730,2
5731,1
5732,0
5733,1
5734,1
5735,0
5736,2
5737,1
5738,2
5739,1
5740,1
5741,2
5742,1
5743,2
5744,2
5745,0
5746,2
5747,1
5748,1
5749,1
5750,0
5751,2
5752,2
5753,2
5754,2
5755,2
5756,1
5757,0
5758,1
5759,1
5760,0
5761,2
5762,1
5763,1
5764,1
5765,1
5766,2
5767,2
5768,0
5769,2
5770,1
5771,1
5772,2
5773,1
5774,1
5775,2
5776,2
5777,0
5778,1
5779,2
5780,1
5781,1
5782,2
5783,1
5784,1
5785,2
5786,1
5787,0
5788,0
5789,2
5790,2
5791,0
5792,2
5793,2
5794,1
5795,1
5796,1
5797,2
5798,1
5799,1
5800,1
5801,1
5802,2
5803,2
5804,1
5805,1
5806,1
5807,1
5808,1
5809,1
5810,0
5811,0
5812,2
5813,2
5814,1
5815,2
5816,2
5817,1
5818,1
5819,0
5820,2
5821,1
5822,0
5823,0
5824,1
5825,2
5826,0
5827,2
5828,1
5829,0
5830,1
5831,1
5832,0
5833,2
5834,1
5835,1
5836,2
5837,2
5838,0
5839,1
5840,1
5841,2
5842,1
5843,1
5844,2
5845,2
5846,2
5847,1
5848,1
5849,2
5850,1
5851,2
5852,1
5853,1
5854,1
5855,2
5856,2
5857,2
5858,1
5859,1
5860,2
5861,2
5862,1
5863,2
5864,1
5865,2
5866,1
5867,2
5868,1
5869,1
5870,0
5871,1
5872,2
5873,0
5874,2
5875,1
5876,2
5877,2
5878,0
5879,1
5880,0
5881,2
5882,2
5883,2
5884,2
5885,1
5886,1
5887,2
5888,2
5889,0
5890,0
5891,0
5892,0
5893,1
5894,2
5895,1
5896,2
5897,0
5898,0
5899,2
5900,0
5901,1
5902,1
5903,2
5904,2
5905,0
5906,1
5907,1
5908,1
5909,1
5910,1
5911,0
5912,2
5913,2
5914,2
5915,0
5916,1
5917,2
5918,2
5919,2
5920,2
5921,0
5922,2
5923,2
5924,1
5925,1
5926,1
5927,2
5928,0
5929,2
5930,1
5931,1
5932,1
5933,2
5934,1
5935,1
5936,2
5937,1
5938,1
5939,0
5940,0
5941,1
5942,1
5943,2
5944,2
5945,2
5946,0
5947,2
5948,2
5949,2
5950,2
5951,1
5952,1
5953,2
5954,1
5955,0
5956,2
5957,1
5958,2
5959,1
5960,1
5961,1
5962,1
5963,2
5964,2
5965,2
5966,1
5967,1
5968,2
5969,2
5970,2
5971,0
5972,1
5973,1
5974,2
5975,1
5976,1
5977,1
5978,1
5979,1
5980,0
5981,2
5982,2
5983,2
5984,1
5985,0
5986,1
5987,0
5988,1
5989,2
5990,2
5991,1
5992,0
5993,1
5994,1
5995,0
5996,1
5997,2
5998,2
5999,2
6000,1
6001,2
6002,0
6003,0
6004,2
6005,1
6006,2
6007,2
6008,1
6009,1
6010,1
6011,2
6012,1
6013,2
6014,0
6015,2
6016,1
6017,2
6018,2
6019,2
6020,2
6021,1
6022,2
6023,2
6024,1
6025,1
6026,1
6027,0
6028,2
6029,1
6030,2
6031,2
6032,2
6033,1
6034,0
6035,2
6036,1
6037,2
6038,2
6039,0
6040,0
6041,2
6042,2
6043,2
6044,1
6045,0
6046,2
6047,1
6048,2
6049,2
6050,0
6051,1
6052,1
6053,1
6054,1
6055,2
6056,0
6057,2
6058,1
6059,1
6060,2
6061,2
6062,2
6063,1
6064,0
6065,1
6066,0
6067,0
6068,2
6069,1
6070,2
6071,1
6072,2
6073,2
6074,2
6075,1
6076,1
6077,2
6078,1
6079,2
6080,2
6081,2
6082,1
6083,1
6084,2
6085,1
6086,1
6087,0
6088,0
6089,2
6090,1
6091,2
6092,0
6093,2
6094,2
6095,1
6096,2
6097,1
6098,1
6099,2
6100,1
6101,2
6102,1
6103,0
6104,2
6105,2
6106,1
6107,2
6108,1
6109,1
6110,0
6111,1
6112,2
6113,1
6114,0
6115,2
6116,2
6117,0
6118,2
6119,1
6120,0
6121,1
6122,1
6123,2
6124,1
6125,1
6126,1
6127,2
6128,2
6129,1
6130,2
6131,2
6132,2
6133,2
6134,2
6135,2
6136,1
6137,1
6138,1
6139,0
6140,1
6141,1
6142,1
6143,1
6144,1
6145,2
6146,1
6147,2
6148,2
6149,0
6150,1
6151,2
6152,1
6153,1
6154,1
6155,1
6156,2
6157,2
6158,1
6159,2
6160,1
6161,1
6162,0
6163,2
6164,0
6165,1
6166,1
6167,2
6168,1
6169,0
6170,2
6171,0
6172,1
6173,2
6174,2
6175,1
6176,1
6177,1
6178,2
6179,2
6180,2
6181,1
6182,1
6183,1
6184,1
6185,1
6186,1
6187,1
6188,1
6189,2
6190,1
6191,2
6192,2
6193,2
6194,2
6195,1
6196,2
6197,1
6198,2
6199,2
6200,2
6201,2
6202,1
6203,1
6204,2
6205,1
6206,1
6207,0
6208,1
6209,2
6210,0
6211,1
6212,1
6213,2
6214,2
6215,1
6216,1
6217,2
6218,1
6219,1
6220,1
6221,2
6222,0
6223,0
6224,1
6225,1
6226,2
6227,2
6228,0
6229,1
6230,1
6231,1
6232,1
6233,2
6234,2
6235,2
6236,2
6237,2
6238,2
6239,2
6240,1
6241,1
6242,2
6243,2
6244,2
6245,1
6246,1
6247,0
6248,2
6249,0
6250,0
6251,1
6252,1
6253,2
6254,1
6255,1
6256,1
6257,1
6258,2
6259,2
6260,1
6261,2
6262,0
6263,2
6264,1
6265,1
6266,1
6267,1
6268,1
6269,1
6270,2
6271,1
6272,2
6273,2
6274,0
6275,1
6276,1
6277,2
6278,1
6279,2
6280,2
6281,0
6282,1
6283,2
6284,0
6285,1
6286,1
6287,1
6288,0
6289,1
6290,2
6291,2
6292,0
6293,1
6294,1
6295,2
6296,0
6297,1
6298,2
6299,2
6300,1
6301,1
6302,1
6303,2
6304,1
6305,1
6306,1
6307,2
6308,2
6309,0
6310,1
6311,2
6312,1
6313,1
6314,1
6315,1
6316,2
6317,0
6318,2
6319,2
6320,1
6321,1
6322,1
6323,1
6324,2
6325,1
6326,1
6327,2
6328,1
6329,1
6330,2
6331,0
6332,2
6333,1
6334,0
6335,1
6336,2
6337,2
6338,1
6339,1
6340,2
6341,2
6342,0
6343,1
6344,0
6345,0
6346,1
6347,2
6348,1
6349,1
6350,2
6351,1
6352,2
6353,0
6354,2
6355,0
6356,1
6357,1
6358,1
6359,2
6360,1
6361,2
6362,0
6363,1
6364,1
6365,2
6366,1
6367,1
6368,0
6369,0
6370,0
6371,1
6372,2
6373,1
6374,0
6375,1
6376,1
6377,1
6378,1
6379,0
6380,0
6381,1
6382,1
6383,1
6384,0
6385,0
6386,0
6387,1
6388,1
6389,1
6390,1
6391,1
6392,1
6393,2
6394,1
6395,0
6396,2
6397,1
6398,1
6399,1
6400,1
6401,0
6402,2
6403,2
6404,0
6405,2
6406,1
6407,1
6408,1
6409,2
6410,1
6411,0
6412,1
6413,0
6414,1
6415,1
6416,1
6417,2
6418,1
6419,1
6420,2
6421,1
6422,2
6423,2
6424,0
6425,0
6426,2
6427,0
6428,1
6429,1
6430,1
6431,2
6432,2
6433,1
6434,1
6435,0
6436,0
6437,2
6438,2
6439,1
6440,0
6441,0
6442,1
6443,1
6444,2
6445,1
6446,2
6447,1
6448,1
6449,1
6450,2
6451,1
6452,1
6453,1
6454,1
6455,2
6456,1
6457,2
6458,1
6459,0
6460,2
6461,2
6462,1
6463,2
6464,0
6465,1
6466,1
6467,2
6468,1
6469,0
6470,0
6471,2
6472,2
6473,1
6474,1
6475,2
6476,1
6477,2
6478,1
6479,1
6480,2
6481,2
6482,1
6483,1
6484,0
6485,1
6486,1
6487,0
6488,2
6489,2
6490,1
6491,1
6492,2
6493,2
6494,2
6495,1
6496,1
6497,0
6498,0
6499,1
6500,1
6501,1
6502,2
6503,1
6504,0
6505,1
6506,2
6507,2
6508,1
6509,1
6510,1
6511,0
6512,1
6513,2
6514,1
6515,1
6516,1
6517,1
6518,0
6519,1
6520,0
6521,0
6522,2
6523,2
6524,2
6525,2
6526,1
6527,1
6528,1
6529,1
6530,2
6531,2
6532,1
6533,1
6534,0
6535,1
6536,2
6537,1
6538,0
6539,1
6540,1
6541,1
6542,1
6543,2
6544,2
6545,1
6546,2
6547,1
6548,2
6549,1
6550,0
6551,1
6552,2
6553,2
6554,2
6555,2
6556,2
6557,1
6558,2
6559,0
6560,1
6561,2
6562,1
6563,1
6564,1
6565,2
6566,1
6567,1
6568,2
6569,1
6570,1
6571,1
6572,0
6573,0
6574,1
6575,2
6576,1
6577,2
6578,1
6579,0
6580,0
6581,1
6582,1
6583,1
6584,1
6585,2
6586,1
6587,1
6588,1
6589,1
6590,1
6591,1
6592,0
6593,1
6594,1
6595,2
6596,2
6597,1
6598,2
6599,2
6600,1
6601,1
6602,2
6603,1
6604,2
6605,2
6606,0
6607,2
6608,1
6609,2
6610,0
6611,1
6612,2
6613,2
6614,1
6615,1
6616,1
6617,2
6618,2
6619,2
6620,2
6621,1
6622,2
6623,1
6624,0
6625,1
6626,1
6627,1
6628,2
6629,2
6630,0
6631,2
6632,0
6633,2
6634,0
6635,1
6636,2
6637,2
6638,1
6639,1
6640,1
6641,1
6642,1
6643,1
6644,2
6645,0
6646,2
6647,1
6648,2
6649,1
6650,2
6651,2
6652,1
6653,1
6654,0
6655,1
6656,1
6657,2
6658,2
6659,1
6660,2
6661,1
6662,0
6663,0
6664,2
6665,2
6666,2
6667,0
6668,1
6669,2
6670,2
6671,1
6672,1
6673,1
6674,1
6675,1
6676,2
6677,2
6678,0
6679,1
6680,2
6681,1
6682,0
6683,2
6684,2
6685,1
6686,2
6687,0
6688,1
6689,2
6690,1
6691,2
6692,2
6693,1
6694,2
6695,2
6696,1
6697,2
6698,2
6699,2
6700,2
6701,2
6702,1
6703,1
6704,1
6705,1
6706,2
6707,2
6708,2
6709,2
6710,1
6711,1
6712,1
6713,0
6714,2
6715,1
6716,2
6717,2
6718,1
6719,2
6720,1
6721,2
6722,0
6723,1
6724,1
6725,1
6726,2
6727,1
6728,2
6729,2
6730,2
6731,1
6732,2
6733,1
6734,1
6735,0
6736,2
6737,2
6738,2
6739,2
6740,0
6741,2
6742,1
6743,2
6744,1
6745,0
6746,2
6747,1
6748,1
6749,1
6750,0
6751,2
6752,2
6753,2
6754,1
6755,0
6756,2
6757,1
6758,0
6759,2
6760,1
6761,1
6762,0
6763,2
6764,0
6765,1
6766,1
6767,2
6768,0
6769,1
6770,2
6771,2
6772,2
6773,0
6774,1
6775,2
6776,2
6777,1
6778,1
6779,0
6780,0
6781,1
6782,2
6783,1
6784,1
6785,0
6786,1
6787,1
6788,1
6789,2
6790,0
6791,2
6792,1
6793,2
6794,1
6795,1
6796,1
6797,2
6798,2
6799,1
6800,0
6801,2
6802,2
6803,2
6804,2
6805,1
6806,1
6807,1
6808,1
6809,2
6810,0
6811,2
6812,2
6813,2
6814,0
6815,2
6816,2
6817,2
6818,1
6819,2
6820,2
6821,2
6822,0
6823,1
6824,1
6825,1
6826,1
6827,1
6828,0
6829,2
6830,1
6831,0
6832,1
6833,1
6834,0
6835,2
6836,2
6837,2
6838,1
6839,2
6840,2
6841,1
6842,1
6843,2
6844,2
6845,2
6846,0
6847,0
6848,1
6849,1
6850,2
6851,1
6852,1
6853,2
6854,1
6855,1
6856,0
6857,1
6858,1
6859,2
6860,0
6861,1
6862,1
6863,2
6864,2
6865,0
6866,2
6867,2
6868,1
6869,0
6870,1
6871,0
6872,1
6873,2
6874,2
6875,0
6876,2
6877,1
6878,2
6879,2
6880,0
6881,0
6882,2
6883,0
6884,0
6885,2
6886,1
6887,2
6888,1
6889,0
6890,1
6891,0
6892,2
6893,0
6894,1
6895,1
6896,2
6897,1
6898,1
6899,1
6900,1
6901,0
6902,1
6903,1
6904,1
6905,1
6906,1
6907,2
6908,2
6909,2
6910,2
6911,1
6912,2
6913,1
6914,1
6915,1
6916,2
6917,2
6918,1
6919,1
6920,2
6921,1
6922,2
6923,2
6924,1
6925,2
6926,1
6927,1
6928,2
6929,1
6930,0
6931,1
6932,1
6933,0
6934,2
6935,0
6936,2
6937,1
6938,1
6939,1
6940,1
6941,1
6942,1
6943,0
6944,1
6945,2
6946,2
6947,2
6948,1
6949,1
6950,2
6951,2
6952,1
6953,1
6954,1
6955,0
6956,1
6957,2
6958,1
6959,0
6960,1
6961,1
6962,2
6963,1
6964,2
6965,2
6966,0
6967,2
6968,1
6969,2
6970,1
6971,1
6972,1
6973,2
6974,1
6975,1
6976,2
6977,2
6978,1
6979,1
6980,1
6981,2
6982,0
6983,0
6984,2
6985,0
6986,2
6987,2
6988,2
6989,1
6990,1
6991,2
6992,2
6993,1
6994,2
6995,1
6996,2
6997,1
6998,2
6999,1
7000,2
7001,1
7002,2
7003,2
7004,1
7005,1
7006,1
7007,1
7008,1
7009,1
7010,1
7011,2
7012,0
7013,2
7014,2
7015,0
7016,2
7017,1
7018,0
7019,1
7020,1
7021,0
7022,1
7023,1
7024,1
7025,1
7026,1
7027,2
7028,2
7029,0
7030,2
7031,2
7032,1
7033,0
7034,1
7035,1
7036,1
7037,1
7038,2
7039,2
7040,1
7041,1
7042,1
7043,2
7044,0
7045,1
7046,2
7047,1
7048,2
7049,0
7050,0
7051,2
7052,1
7053,0
7054,0
7055,1
7056,0
7057,1
7058,2
7059,2
7060,1
7061,1
7062,1
7063,1
7064,2
7065,1
7066,1
7067,2
7068,1
7069,1
7070,1
7071,1
7072,2
7073,1
7074,1
7075,0
7076,2
7077,1
7078,2
7079,2
7080,2
7081,1
7082,2
7083,1
7084,2
7085,1
7086,2
7087,0
7088,2
7089,0
7090,1
7091,2
7092,2
7093,1
7094,0
7095,0
7096,2
7097,1
7098,2
7099,0
7100,2
7101,2
7102,1
7103,2
7104,2
7105,2
7106,2
7107,2
7108,1
7109,1
7110,1
7111,2
7112,1
7113,1
7114,2
7115,1
7116,2
7117,0
7118,2
7119,2
7120,1
7121,0
7122,1
7123,1
7124,2
7125,1
7126,1
7127,1
7128,1
7129,1
7130,0
7131,0
7132,2
7133,1
7134,1
7135,1
7136,1
7137,2
7138,2
7139,2
7140,1
7141,0
7142,1
7143,1
7144,1
7145,2
7146,2
7147,1
7148,2
7149,1
7150,2
7151,1
7152,0
7153,2
7154,2
7155,2
7156,0
7157,2
7158,1
7159,0
7160,1
7161,1
7162,2
7163,0
7164,1
7165,1
7166,1
7167,2
7168,0
7169,1
7170,1
7171,1
7172,2
7173,2
7174,2
7175,0
7176,2
7177,2
7178,2
7179,1
7180,1
7181,1
7182,1
7183,0
7184,2
7185,1
7186,1
7187,1
7188,2
7189,1
7190,2
7191,1
7192,1
7193,2
7194,2
7195,2
7196,1
7197,2
7198,1
7199,2
7200,1
7201,1
7202,1
7203,2
7204,2
7205,2
7206,2
7207,2
7208,0
7209,0
7210,0
7211,2
7212,1
7213,2
7214,1
7215,0
7216,2
7217,1
7218,2
7219,0
7220,0
7221,1
7222,2
7223,1
7224,1
7225,1
7226,0
7227,1
7228,2
7229,2
7230,1
7231,0
7232,2
7233,1
7234,1
7235,0
7236,1
7237,2
7238,2
7239,1
7240,2
7241,1
7242,1
7243,1
7244,1
7245,1
7246,2
7247,1
7248,1
7249,1
7250,1
7251,1
7252,2
7253,2
7254,1
7255,1
7256,1
7257,2
7258,1
7259,1
7260,0
7261,1
7262,0
7263,0
7264,2
7265,2
7266,0
7267,2
7268,1
7269,0
7270,2
7271,1
7272,1
7273,2
7274,2
7275,1
7276,0
7277,1
7278,1
7279,2
7280,0
7281,1
7282,1
7283,0
7284,1
7285,1
7286,0
7287,2
7288,2
7289,1
7290,1
7291,1
7292,2
7293,1
7294,2
7295,1
7296,1
7297,2
7298,1
7299,2
7300,2
7301,1
7302,2
7303,2
7304,0
7305,1
7306,2
7307,1
7308,2
7309,2
7310,2
7311,2
7312,1
7313,1
7314,1
7315,1
7316,1
7317,2
7318,0
7319,0
7320,0
7321,0
7322,1
7323,2
7324,0
7325,1
7326,2
7327,2
7328,2
7329,2
7330,1
7331,1
7332,1
7333,1
7334,1
7335,2
7336,1
7337,0
7338,1
7339,1
7340,1
7341,2
7342,2
7343,1
7344,1
7345,0
7346,1
7347,2
7348,1
7349,2
7350,1
7351,1
7352,0
7353,1
7354,1
7355,2
7356,0
7357,1
7358,1
7359,1
7360,2
7361,2
7362,1
7363,0
7364,1
7365,1
7366,0
7367,0
7368,2
7369,0
7370,2
7371,2
7372,1
7373,1
7374,2
7375,2
7376,1
7377,1
7378,1
7379,1
7380,2
7381,1
7382,0
7383,0
7384,0
7385,2
7386,1
7387,2
7388,1
7389,1
7390,2
7391,2
7392,1
7393,1
7394,1
7395,1
7396,2
7397,1
7398,0
7399,2
7400,1
7401,2
7402,0
7403,2
7404,2
7405,2
7406,2
7407,1
7408,1
7409,1
7410,1
7411,2
7412,1
7413,1
7414,1
7415,2
7416,0
7417,2
7418,0
7419,2
7420,1
7421,1
7422,2
7423,1
7424,0
7425,2
7426,1
7427,1
7428,2
7429,1
7430,1
7431,1
7432,1
7433,2
7434,0
7435,1
7436,1
7437,2
7438,2
7439,1
7440,1
7441,1
7442,1
7443,0
7444,0
7445,1
7446,2
7447,1
7448,1
7449,1
7450,1
7451,2
7452,2
7453,1
7454,2
7455,1
7456,1
7457,2
7458,2
7459,2
7460,2
7461,2
7462,1
7463,1
7464,1
7465,1
7466,1
7467,1
7468,1
7469,2
7470,1
7471,1
7472,1
7473,2
7474,0
7475,2
7476,1
7477,1
7478,1
7479,2
7480,1
7481,1
7482,0
7483,1
7484,1
7485,1
7486,0
7487,0
7488,1
7489,1
7490,0
7491,1
7492,0
7493,2
7494,2
7495,1
7496,0
7497,2
7498,2
7499,1
7500,2
7501,2
7502,1
7503,0
7504,1
7505,1
7506,1
7507,1
7508,2
7509,0
7510,0
7511,2
7512,1
7513,1
7514,1
7515,0
7516,1
7517,2
7518,1
7519,0
7520,1
7521,0
7522,2
7523,1
7524,0
7525,2
7526,2
7527,1
7528,1
7529,1
7530,2
7531,0
7532,1
7533,1
7534,1
7535,2
7536,1
7537,1
7538,2
7539,1
7540,1
7541,1
7542,2
7543,1
7544,1
7545,1
7546,0
7547,0
7548,0
7549,1
7550,0
7551,1
7552,1
7553,0
7554,1
7555,2
7556,2
7557,1
7558,2
7559,1
7560,1
7561,1
7562,1
7563,1
7564,1
7565,2
7566,2
7567,2
7568,2
7569,0
7570,0
7571,2
7572,2
7573,0
7574,0
7575,2
7576,2
7577,2
7578,1
7579,1
7580,0
7581,1
7582,2
7583,1
7584,1
7585,1
7586,2
7587,1
7588,2
7589,1
7590,2
7591,2
7592,2
7593,2
7594,1
7595,2
7596,1
7597,2
7598,2
7599,2
7600,0
7601,0
7602,0
7603,1
7604,2
7605,1
7606,2
7607,1
7608,2
7609,1
7610,2
7611,2
7612,1
7613,1
7614,1
7615,2
7616,1
7617,2
7618,2
7619,1
7620,0
7621,1
7622,1
7623,0
7624,1
7625,1
7626,1
7627,2
7628,1
7629,2
7630,1
7631,0
7632,2
7633,1
7634,2
7635,1
7636,1
7637,2
7638,1
7639,1
7640,1
7641,1
7642,1
7643,0
7644,2
7645,1
7646,1
7647,2
7648,2
7649,1
7650,1
7651,1
7652,1
7653,0
7654,1
7655,0
7656,2
7657,1
7658,2
7659,1
7660,1
7661,1
7662,1
7663,2
7664,1
7665,0
7666,1
7667,1
7668,2
7669,2
7670,1
7671,1
7672,1
7673,2
7674,0
7675,2
7676,0
7677,0
7678,1
7679,1
7680,2
7681,1
7682,2
7683,0
7684,1
7685,0
7686,1
7687,2
7688,1
7689,1
7690,1
7691,1
7692,2
7693,1
7694,1
7695,1
7696,1
7697,1
7698,2
7699,1
7700,1
7701,2
7702,2
7703,1
7704,0
7705,2
7706,0
7707,1
7708,2
7709,1
7710,1
7711,1
7712,2
7713,2
7714,1
7715,1
7716,2
7717,2
7718,0
7719,2
7720,1
7721,2
7722,1
7723,1
7724,1
7725,0
7726,1
7727,2
7728,1
7729,1
7730,2
7731,1
7732,1
7733,0
7734,1
7735,2
7736,1
7737,1
7738,2
7739,1
7740,2
7741,1
7742,1
7743,2
7744,1
7745,1
7746,1
7747,2
7748,1
7749,2
7750,1
7751,2
7752,0
7753,1
7754,1
7755,0
7756,1
7757,2
7758,2
7759,1
7760,0
7761,1
7762,1
7763,1
7764,1
7765,2
7766,2
7767,1
7768,1
7769,2
7770,0
7771,2
7772,1
7773,2
7774,2
7775,2
7776,2
7777,1
7778,0
7779,2
7780,1
7781,2
7782,1
7783,2
7784,0
7785,1
7786,1
7787,2
7788,0
7789,2
7790,1
7791,1
7792,1
7793,2
7794,1
7795,1
7796,1
7797,2
7798,2
7799,1
7800,1
7801,0
7802,1
7803,2
7804,1
7805,1
7806,1
7807,1
7808,1
7809,1
7810,0
7811,0
7812,0
7813,1
7814,2
7815,2
7816,0
7817,1
7818,2
7819,1
7820,1
7821,2
7822,1
7823,1
7824,0
7825,1
7826,1
7827,1
7828,1
7829,0
7830,0
7831,2
7832,1
7833,1
7834,1
7835,0
7836,1
7837,2
7838,1
7839,2
7840,2
7841,2
7842,2
7843,2
7844,0
7845,2
7846,2
7847,1
7848,1
7849,2
7850,0
7851,1
7852,0
7853,1
7854,1
7855,2
7856,1
7857,2
7858,2
7859,1
7860,1
7861,2
7862,1
7863,1
7864,1
7865,1
7866,2
7867,2
7868,2
7869,0
7870,2
7871,2
7872,2
7873,2
7874,2
7875,1
7876,1
7877,1
7878,0
7879,1
7880,1
7881,2
7882,0
7883,2
7884,1
7885,0
7886,1
7887,2
7888,1
7889,0
7890,1
7891,2
7892,1
7893,1
7894,2
7895,2
7896,1
7897,0
7898,2
7899,1
7900,0
7901,2
7902,1
7903,1
7904,2
7905,1
7906,1
7907,1
7908,1
7909,0
7910,1
7911,1
7912,1
7913,2
7914,2
7915,1
7916,1
7917,0
7918,1
7919,1
7920,0
7921,1
7922,1
7923,1
7924,1
7925,2
7926,1
7927,1
7928,1
7929,1
7930,2
7931,1
7932,0
7933,2
7934,1
7935,2
7936,0
7937,1
7938,0
7939,2
7940,0
7941,1
7942,1
7943,2
7944,2
7945,2
7946,2
7947,1
7948,2
7949,2
7950,2
7951,2
7952,1
7953,1
7954,1
7955,1
7956,2
7957,0
7958,1
7959,2
7960,1
7961,2
7962,1
7963,0
7964,2
7965,1
7966,2
7967,1
7968,2
7969,1
7970,2
7971,2
7972,2
7973,1
7974,2
7975,1
7976,1
7977,1
7978,1
7979,1
7980,2
7981,1
7982,0
7983,2
7984,1
7985,1
7986,0
7987,1
7988,2
7989,2
7990,2
7991,1
7992,1
7993,1
7994,2
7995,1
7996,2
7997,1
7998,2
7999,2
8000,2
8001,2
8002,2
8003,1
8004,1
8005,1
8006,2
8007,1
8008,2
8009,2
8010,1
8011,0
8012,2
8013,2
8014,1
8015,2
8016,1
8017,2
8018,1
8019,2
8020,2
8021,0
8022,2
8023,1
8024,1
8025,2
8026,0
8027,1
8028,1
8029,2
8030,1
8031,1
8032,1
8033,0
8034,0
8035,0
8036,1
8037,1
8038,2
8039,1
8040,2
8041,1
8042,1
8043,2
8044,1
8045,1
8046,1
8047,1
8048,2
8049,2
8050,1
8051,2
8052,1
8053,2
8054,2
8055,2
8056,0
8057,0
8058,2
8059,1
8060,1
8061,2
8062,2
8063,1
8064,1
8065,0
8066,1
8067,2
8068,1
8069,1
8070,1
8071,1
8072,1
8073,1
8074,1
8075,2
8076,0
8077,1
8078,2
8079,2
8080,0
8081,1
8082,1
8083,1
8084,1
8085,1
8086,1
8087,2
8088,2
8089,0
8090,1
8091,0
8092,1
8093,1
8094,1
8095,2
8096,2
8097,1
8098,2
8099,2
8100,0
8101,1
8102,2
8103,1
8104,2
8105,1
8106,1
8107,2
8108,1
8109,1
8110,1
8111,1
8112,1
8113,1
8114,1
8115,0
8116,0
8117,2
8118,2
8119,2
8120,2
8121,1
8122,2
8123,2
8124,0
8125,2
8126,1
8127,1
8128,0
8129,2
8130,2
8131,2
8132,0
8133,1
8134,1
8135,1
8136,1
8137,1
8138,2
8139,0
8140,1
8141,2
8142,0
8143,2
8144,2
8145,1
8146,1
8147,1
8148,1
8149,1
8150,2
8151,0
8152,1
8153,2
8154,1
8155,2
8156,1
8157,2
8158,1
8159,2
8160,1
8161,1
8162,1
8163,0
8164,2
8165,0
8166,2
8167,1
8168,1
8169,1
8170,1
8171,1
8172,1
8173,1
8174,2
8175,1
8176,2
8177,1
8178,2
8179,2
8180,1
8181,0
8182,2
8183,1
8184,1
8185,1
8186,0
8187,2
8188,1
8189,1
8190,2
8191,2
8192,1
8193,0
8194,2
8195,2
8196,2
8197,1
8198,2
8199,1
8200,2
8201,1
8202,2
8203,1
8204,2
8205,1
8206,1
8207,0
8208,2
8209,0
8210,1
8211,0
8212,2
8213,1
8214,1
8215,2
8216,1
8217,1
8218,2
8219,1
8220,2
8221,2
8222,1
8223,2
8224,0
8225,2
8226,0
8227,1
8228,1
8229,1
8230,1
8231,2
8232,2
8233,2
8234,2
8235,1
8236,1
8237,1
8238,1
8239,2
8240,1
8241,1
8242,1
8243,1
8244,2
8245,2
8246,2
8247,2
8248,2
8249,1
8250,2
8251,1
8252,2
8253,1
8254,1
8255,2
8256,2
8257,0
8258,1
8259,2
8260,2
8261,1
8262,2
8263,2
8264,2
8265,1
8266,1
8267,0
8268,1
8269,1
8270,2
8271,2
8272,2
8273,2
8274,2
8275,1
8276,2
8277,2
8278,0
8279,1
8280,2
8281,0
8282,2
8283,1
8284,2
8285,1
8286,0
8287,2
8288,2
8289,2
8290,0
8291,1
8292,2
8293,1
8294,2
8295,1
8296,1
8297,2
8298,1
8299,1
8300,2
8301,2
8302,0
8303,2
8304,1
8305,1
8306,2
8307,0
8308,1
8309,1
8310,1
8311,1
8312,1
8313,2
8314,2
8315,1
8316,1
8317,1
8318,1
8319,2
8320,2
8321,1
8322,1
8323,1
8324,2
8325,2
8326,1
8327,2
8328,2
8329,2
8330,1
8331,0
8332,1
8333,1
8334,0
8335,2
8336,1
8337,0
8338,2
8339,2
8340,2
8341,0
8342,0
8343,1
8344,1
8345,1
8346,1
8347,2
8348,1
8349,1
8350,2
8351,1
8352,1
8353,0
8354,1
8355,1
8356,2
8357,1
8358,1
8359,0
8360,1
8361,1
8362,2
8363,1
8364,1
8365,2
8366,0
8367,1
8368,2
8369,2
8370,1
8371,2
8372,1
8373,2
8374,2
8375,0
8376,2
8377,1
8378,2
8379,1
8380,2
8381,0
8382,1
8383,2
8384,2
8385,0
8386,2
8387,1
8388,2
8389,0
8390,0
8391,2
8392,1
8393,1
8394,0
8395,1
8396,2
8397,1
8398,0
8399,0
8400,2
8401,1
8402,2
8403,1
8404,2
8405,1
8406,1
8407,1
8408,2
8409,1
8410,0
8411,2
8412,0
8413,1
8414,2
8415,2
8416,2
8417,1
8418,1
8419,2
8420,2
8421,1
8422,2
8423,1
8424,1
8425,1
8426,2
8427,1
8428,2
8429,1
8430,1
8431,2
8432,2
8433,1
8434,0
8435,2
8436,0
8437,1
8438,1
8439,1
8440,2
8441,1
8442,2
8443,2
8444,1
8445,1
8446,2
8447,2
8448,2
8449,1
8450,1
8451,2
8452,1
8453,1
8454,1
8455,1
8456,2
8457,2
8458,2
8459,1
8460,2
8461,1
8462,2
8463,2
8464,0
8465,2
8466,1
8467,0
8468,0
8469,1
8470,1
8471,1
8472,1
8473,2
8474,2
8475,2
8476,1
8477,2
8478,2
8479,1
8480,1
8481,0
8482,2
8483,1
8484,1
8485,2
8486,2
8487,2
8488,1
8489,1
8490,2
8491,2
8492,1
8493,2
8494,2
8495,0
8496,1
8497,1
8498,1
8499,1
8500,0
8501,2
8502,0
8503,1
8504,2
8505,1
8506,0
8507,2
8508,2
8509,1
8510,2
8511,1
8512,1
8513,0
8514,2
8515,2
8516,2
8517,0
8518,2
8519,2
8520,0
8521,2
8522,0
8523,0
8524,2
8525,1
8526,2
8527,0
8528,1
8529,0
8530,1
8531,2
8532,2
8533,1
8534,1
8535,1
8536,2
8537,1
8538,0
8539,2
8540,2
8541,0
8542,1
8543,0
8544,1
8545,2
8546,1
8547,2
8548,1
8549,1
8550,1
8551,2
8552,0
8553,1
8554,0
8555,1
8556,2
8557,1
8558,1
8559,1
8560,2
8561,2
8562,2
8563,1
8564,1
8565,2
8566,0
8567,1
8568,1
8569,0
8570,1
8571,2
8572,1
8573,0
8574,1
8575,1
8576,2
8577,1
8578,2
8579,1
8580,2
8581,2
8582,1
8583,1
8584,2
8585,2
8586,2
8587,2
8588,2
8589,1
8590,1
8591,2
8592,2
8593,1
8594,1
8595,2
8596,2
8597,2
8598,0
8599,2
8600,2
8601,1
8602,2
8603,0
8604,2
8605,1
8606,1
8607,1
8608,0
8609,2
8610,1
8611,2
8612,0
8613,2
8614,2
8615,2
8616,2
8617,1
8618,2
8619,2
8620,0
8621,1
8622,1
8623,2
8624,2
8625,2
8626,1
8627,1
8628,2
8629,2
8630,2
8631,2
8632,0
8633,2
8634,0
8635,2
8636,1
8637,1
8638,1
8639,0
8640,0
8641,1
8642,1
8643,1
8644,1
8645,0
8646,2
8647,2
8648,1
8649,2
8650,2
8651,1
8652,1
8653,1
8654,1
8655,2
8656,2
8657,2
8658,2
8659,1
8660,2
8661,2
8662,1
8663,0
8664,2
8665,1
8666,2
8667,2
8668,1
8669,1
8670,1
8671,1
8672,2
8673,1
8674,0
8675,2
8676,1
8677,2
8678,2
8679,2
8680,0
8681,1
8682,1
8683,2
8684,2
8685,1
8686,0
8687,2
8688,0
8689,1
8690,1
8691,1
8692,1
8693,0
8694,2
8695,2
8696,2
8697,1
8698,2
8699,1
8700,2
8701,2
8702,2
8703,2
8704,2
8705,1
8706,2
8707,1
8708,2
8709,1
8710,2
8711,0
8712,2
8713,0
8714,0
8715,1
8716,1
8717,2
8718,0
8719,1
8720,0
8721,1
8722,0
8723,2
8724,1
8725,1
8726,2
8727,2
8728,1
8729,2
8730,2
8731,2
8732,1
8733,2
8734,1
8735,1
8736,2
8737,2
8738,2
8739,2
8740,1
8741,1
8742,1
8743,1
8744,1
8745,0
8746,2
8747,2
8748,0
8749,1
8750,1
8751,0
8752,2
8753,1
8754,0
8755,2
8756,1
8757,1
8758,2
8759,2
8760,1
8761,0
8762,1
8763,2
8764,2
8765,1
8766,1
8767,1
8768,1
8769,1
8770,0
8771,0
8772,2
8773,2
8774,1
8775,0
8776,1
8777,0
8778,1
8779,1
8780,0
8781,0
8782,0
8783,1
8784,1
8785,2
8786,0
8787,0
8788,0
8789,0
8790,1
8791,2
8792,1
8793,2
8794,2
8795,0
8796,2
8797,0
8798,1
8799,2
8800,1
8801,0
8802,2
8803,1
8804,2
8805,1
8806,2
8807,2
8808,0
8809,2
8810,1
8811,2
8812,2
8813,1
8814,1
8815,2
8816,1
8817,0
8818,2
8819,1
8820,1
8821,2
8822,2
8823,2
8824,1
8825,1
8826,2
8827,0
8828,2
8829,1
8830,2
8831,1
8832,1
8833,1
8834,0
8835,2
8836,1
8837,1
8838,1
8839,0
8840,1
8841,2
8842,1
8843,0
8844,2
8845,2
8846,1
8847,0
8848,0
8849,0
8850,1
8851,1
8852,2
8853,2
8854,1
8855,2
8856,0
8857,1
8858,2
8859,2
8860,2
8861,2
8862,1
8863,2
8864,0
8865,0
8866,2
8867,1
8868,1
8869,1
8870,0
8871,1
8872,1
8873,2
8874,0
8875,2
8876,1
8877,2
8878,2
8879,0
8880,0
8881,2
8882,1
8883,2
8884,1
8885,1
8886,1
8887,2
8888,1
8889,2
8890,1
8891,1
8892,2
8893,2
8894,2
8895,2
8896,1
8897,1
8898,1
8899,0
8900,2
8901,1
8902,2
8903,2
8904,1
8905,2
8906,2
8907,0
8908,2
8909,2
8910,2
8911,1
8912,1
8913,2
8914,2
8915,0
8916,1
8917,2
8918,1
8919,1
8920,1
8921,0
8922,2
8923,1
8924,0
8925,1
8926,1
8927,2
8928,1
8929,2
8930,0
8931,2
8932,1
8933,1
8934,1
8935,1
8936,2
8937,1
8938,0
8939,2
8940,0
8941,1
8942,2
8943,1
8944,1
8945,2
8946,2
8947,1
8948,0
8949,2
8950,2
8951,1
8952,1
8953,1
8954,0
8955,1
8956,2
8957,2
8958,1
8959,1
8960,2
8961,1
8962,1
8963,0
8964,1
8965,1
8966,1
8967,1
8968,2
8969,2
8970,0
8971,1
8972,2
8973,2
8974,1
8975,1
8976,1
8977,0
8978,0
8979,2
8980,1
8981,2
8982,1
8983,2
8984,1
8985,1
8986,1
8987,2
8988,1
8989,1
8990,1
8991,1
8992,2
8993,0
8994,1
8995,2
8996,1
8997,1
8998,1
8999,0
9000,0
9001,0
9002,1
9003,1
9004,1
9005,1
9006,2
9007,1
9008,1
9009,1
9010,1
9011,0
9012,1
9013,1
9014,2
9015,2
9016,0
9017,2
9018,1
9019,0
9020,2
9021,0
9022,1
9023,1
9024,1
9025,1
9026,2
9027,0
9028,1
9029,1
9030,1
9031,2
9032,2
9033,1
9034,2
9035,0
9036,2
9037,2
9038,0
9039,0
9040,1
9041,0
9042,1
9043,2
9044,1
9045,2
9046,1
9047,1
9048,1
9049,1
9050,1
9051,1
9052,2
9053,2
9054,2
9055,2
9056,1
9057,1
9058,1
9059,0
9060,2
9061,1
9062,1
9063,2
9064,1
9065,0
9066,1
9067,1
9068,0
9069,1
9070,0
9071,1
9072,2
9073,2
9074,2
9075,2
9076,1
9077,1
9078,1
9079,2
9080,1
9081,1
9082,1
9083,1
9084,1
9085,2
9086,2
9087,2
9088,0
9089,2
9090,1
9091,1
9092,0
9093,2
9094,1
9095,1
9096,2
9097,2
9098,2
9099,2
9100,1
9101,1
9102,1
9103,2
9104,1
9105,1
9106,1
9107,1
9108,2
9109,2
9110,1
9111,1
9112,1
9113,1
9114,0
9115,0
9116,2
9117,1
9118,2
9119,1
9120,2
9121,1
9122,1
9123,0
9124,1
9125,1
9126,1
9127,1
9128,1
9129,0
9130,2
9131,2
9132,2
9133,2
9134,1
9135,1
9136,1
9137,1
9138,1
9139,2
9140,1
9141,1
9142,2
9143,0
9144,1
9145,2
9146,2
9147,1
9148,0
9149,0
9150,2
9151,2
9152,2
9153,1
9154,2
9155,0
9156,2
9157,2
9158,1
9159,1
9160,1
9161,2
9162,1
9163,2
9164,2
9165,2
9166,1
9167,2
9168,1
9169,1
9170,1
9171,0
9172,1
9173,2
9174,1
9175,1
9176,2
9177,1
9178,2
9179,1
9180,2
9181,1
9182,2
9183,0
9184,1
9185,2
9186,2
9187,2
9188,2
9189,1
9190,1
9191,1
9192,1
9193,1
9194,1
9195,0
9196,2
9197,2
9198,1
9199,1
9200,2
9201,2
9202,0
9203,1
9204,1
9205,2
9206,1
9207,2
9208,0
9209,1
9210,1
9211,2
9212,2
9213,1
9214,0
9215,0
9216,1
9217,0
9218,1
9219,2
9220,1
9221,1
9222,1
9223,0
9224,1
9225,2
9226,2
9227,1
9228,0
9229,1
9230,0
9231,2
9232,1
9233,1
9234,1
9235,1
9236,1
9237,2
9238,1
9239,2
9240,1
9241,0
9242,2
9243,2
9244,1
9245,0
9246,2
9247,1
9248,2
9249,2
9250,2
9251,2
9252,2
9253,1
9254,2
9255,2
9256,1
9257,1
9258,0
9259,1
9260,2
9261,1
9262,1
9263,0
9264,2
9265,1
9266,1
9267,1
9268,1
9269,2
9270,2
9271,2
9272,1
9273,2
9274,1
9275,2
9276,2
9277,1
9278,2
9279,1
9280,2
9281,1
9282,1
9283,1
9284,2
9285,1
9286,1
9287,2
9288,1
9289,2
9290,1
9291,1
9292,1
9293,1
9294,1
9295,1
9296,2
9297,1
9298,1
9299,1
9300,1
9301,1
9302,1
9303,2
9304,2
9305,2
9306,2
9307,2
9308,2
9309,1
9310,2
9311,0
9312,2
9313,1
9314,2
9315,2
9316,0
9317,2
9318,1
9319,0
9320,1
9321,0
9322,1
9323,2
9324,2
9325,2
9326,2
9327,2
9328,2
9329,1
9330,0
9331,2
9332,2
9333,1
9334,2
9335,1
9336,1
9337,2
9338,1
9339,2
9340,2
9341,2
9342,1
9343,2
9344,1
9345,0
9346,0
9347,0
9348,1
9349,2
9350,1
9351,1
9352,2
9353,2
9354,1
9355,1
9356,1
9357,2
9358,1
9359,1
9360,1
9361,1
9362,2
9363,1
9364,1
9365,2
9366,1
9367,0
9368,1
9369,2
9370,0
9371,2
9372,1
9373,2
9374,2
9375,2
9376,0
9377,1
9378,1
9379,1
9380,0
9381,0
9382,1
9383,1
9384,0
9385,1
9386,1
9387,0
9388,2
9389,1
9390,2
9391,1
9392,0
9393,2
9394,1
9395,1
9396,0
9397,1
9398,2
9399,2
9400,1
9401,2
9402,1
9403,2
9404,0
9405,0
9406,2
9407,1
9408,0
9409,2
9410,1
9411,1
9412,2
9413,1
9414,0
9415,2
9416,2
9417,0
9418,2
9419,2
9420,1
9421,1
9422,1
9423,1
9424,2
9425,2
9426,1
9427,0
9428,0
9429,1
9430,2
9431,0
9432,2
9433,2
9434,2
9435,1
9436,0
9437,0
9438,2
9439,2
9440,2
9441,1
9442,0
9443,2
9444,0
9445,2
9446,0
9447,2
9448,1
9449,0
9450,1
9451,0
9452,2
9453,2
9454,2
9455,0
9456,2
9457,2
9458,0
9459,1
9460,2
9461,1
9462,1
9463,0
9464,2
9465,1
9466,1
9467,0
9468,2
9469,1
9470,2
9471,1
9472,1
9473,1
9474,1
9475,1
9476,0
9477,1
9478,1
9479,2
9480,0
9481,0
9482,2
9483,2
9484,2
9485,0
9486,1
9487,1
9488,1
9489,1
9490,2
9491,2
9492,1
9493,2
9494,1
9495,2
9496,2
9497,2
9498,1
9499,1
9500,0
9501,1
9502,0
9503,1
9504,2
9505,1
9506,1
9507,1
9508,0
9509,1
9510,1
9511,0
9512,2
9513,0
9514,2
9515,2
9516,0
9517,0
9518,1
9519,1
9520,1
9521,0
9522,1
9523,2
9524,1
9525,1
9526,2
9527,1
9528,2
9529,0
9530,1
9531,0
9532,2
9533,1
9534,1
9535,1
9536,2
9537,2
9538,1
9539,1
9540,1
9541,1
9542,2
9543,1
9544,2
9545,0
9546,2
9547,2
9548,1
9549,1
9550,0
9551,2
9552,1
9553,1
9554,2
9555,1
9556,1
9557,1
9558,2
9559,0
9560,2
9561,2
9562,1
9563,1
9564,1
9565,0
9566,1
9567,0
9568,1
9569,1
9570,0
9571,0
9572,2
9573,2
9574,1
9575,2
9576,1
9577,2
9578,1
9579,0
9580,2
9581,1
9582,1
9583,2
9584,1
9585,2
9586,2
9587,2
9588,0
9589,0
9590,1
9591,1
9592,2
9593,1
9594,1
9595,2
9596,1
9597,2
9598,1
9599,1
9600,2
9601,2
9602,2
9603,1
9604,1
9605,2
9606,1
9607,2
9608,2
9609,1
9610,0
9611,1
9612,1
9613,1
9614,0
9615,1
9616,1
9617,0
9618,2
9619,2
9620,1
9621,1
9622,2
9623,1
9624,1
9625,1
9626,1
9627,1
9628,2
9629,2
9630,2
9631,1
9632,0
9633,1
9634,0
9635,2
9636,2
9637,1
9638,2
9639,1
9640,0
9641,1
9642,1
9643,0
9644,0
9645,1
9646,0
9647,2
9648,0
9649,1
9650,2
9651,1
9652,1
9653,0
9654,0
9655,2
9656,2
9657,1
9658,1
9659,1
9660,1
9661,1
9662,2
9663,1
9664,1
9665,2
9666,0
9667,2
9668,2
9669,1
9670,2
9671,1
9672,1
9673,1
9674,1
9675,1
9676,2
9677,2
9678,0
9679,2
9680,2
9681,0
9682,0
9683,2
9684,2
9685,0
9686,0
9687,2
9688,1
9689,0
9690,1
9691,1
9692,1
9693,2
9694,1
9695,1
9696,2
9697,2
9698,2
9699,2
9700,1
9701,0
9702,1
9703,2
9704,2
9705,1
9706,2
9707,1
9708,0
9709,2
9710,1
9711,2
9712,2
9713,1
9714,2
9715,1
9716,1
9717,2
9718,1
9719,1
9720,2
9721,1
9722,1
9723,0
9724,2
9725,0
9726,1
9727,1
9728,0
9729,1
9730,1
9731,0
9732,1
9733,0
9734,2
9735,1
9736,1
9737,2
9738,2
9739,2
9740,1
9741,1
9742,2
9743,2
9744,2
9745,2
9746,2
9747,1
9748,2
9749,1
9750,2
9751,1
9752,0
9753,0
9754,1
9755,1
9756,1
9757,2
9758,1
9759,1
9760,1
9761,1
9762,2
9763,1
9764,2
9765,1
9766,1
9767,2
9768,1
9769,2
9770,0
9771,2
9772,1
9773,2
9774,1
9775,1
9776,1
9777,1
9778,1
9779,1
9780,2
9781,2
9782,2
9783,0
9784,1
9785,2
9786,2
9787,1
9788,0
9789,2
9790,0
9791,2
9792,1
9793,2
9794,2
9795,0
9796,2
9797,2
9798,2
9799,1
9800,0
9801,0
9802,2
9803,2
9804,2
9805,1
9806,1
9807,1
9808,1
9809,1
9810,1
9811,1
9812,2
9813,0
9814,1
9815,2
9816,1
9817,1
9818,2
9819,0
9820,1
9821,1
9822,1
9823,2
9824,2
9825,1
9826,1
9827,2
9828,0
9829,2
9830,1
9831,1
9832,2
9833,1
9834,2
9835,2
9836,0
9837,1
9838,1
9839,1
9840,1
9841,1
9842,1
9843,1
9844,2
9845,2
9846,2
9847,1
9848,0
9849,2
9850,0
9851,0
9852,2
9853,1
9854,2
9855,0
9856,2
9857,1
9858,2
9859,1
9860,1
9861,1
9862,2
9863,1
9864,1
9865,0
9866,2
9867,2
9868,2
9869,2
9870,1
9871,0
9872,1
9873,1
9874,2
9875,0
9876,1
9877,0
9878,1
9879,2
9880,1
9881,1
9882,1
9883,1
9884,2
9885,2
9886,2
9887,1
9888,2
9889,2
9890,1
9891,0
9892,1
9893,2
9894,1
9895,2
9896,1
9897,1
9898,1
9899,1
9900,2
9901,2
9902,0
9903,1
9904,1
9905,0
9906,1
9907,1
9908,1
9909,2
9910,1
9911,1
9912,2
9913,2
9914,0
9915,1
9916,2
9917,1
9918,1
9919,2
9920,1
9921,2
9922,1
9923,2
9924,1
9925,2
9926,1
9927,1
9928,0
9929,2
9930,0
9931,1
9932,0
9933,1
9934,0
9935,1
9936,1
9937,1
9938,1
9939,2
9940,1
9941,2
9942,2
9943,1
9944,1
9945,1
9946,2
9947,2
9948,1
9949,1
9950,1
9951,1
9952,1
9953,2
9954,2
9955,1
9956,0
9957,2
9958,2
9959,0
9960,1
9961,1
9962,2
9963,1
9964,1
9965,1
9966,1
9967,2
9968,2
9969,2
9970,1
9971,0
9972,2
9973,2
9974,2
9975,2
9976,0
9977,1
9978,1
9979,1
9980,2
9981,1
9982,2
9983,1
9984,0
9985,2
9986,0
9987,0
9988,1
9989,2
9990,2
9991,1
9992,0
9993,1
9994,0
9995,0
9996,2
9997,2
9998,0
9999,2
10000,2
10001,2
10002,1
10003,1
10004,0
10005,2
10006,1
10007,2
10008,1
10009,2
10010,2
10011,2
10012,0
10013,1
10014,1
10015,2
10016,2
10017,1
10018,2
10019,1
10020,1
10021,1
10022,0
10023,2
10024,2
10025,0
10026,0
10027,1
10028,1
10029,0
10030,2
10031,1
10032,0
10033,1
10034,0
10035,2
10036,0
10037,1
10038,0
10039,2
10040,1
10041,1
10042,1
10043,1
10044,2
10045,0
10046,1
10047,1
10048,2
10049,1
10050,0
10051,2
10052,0
10053,1
10054,0
10055,2
10056,1
10057,1
10058,2
10059,2
10060,1
10061,0
10062,1
10063,2
10064,1
10065,2
10066,1
10067,2
10068,1
10069,2
10070,2
10071,1
10072,1
10073,2
10074,1
10075,2
10076,2
10077,2
10078,0
10079,1
10080,0
10081,2
10082,1
10083,2
10084,2
10085,1
10086,0
10087,1
10088,2
10089,2
10090,1
10091,0
10092,2
10093,2
10094,2
10095,1
10096,1
10097,0
10098,2
10099,1
10100,1
10101,2
10102,2
10103,0
10104,1
10105,1
10106,2
10107,1
10108,1
10109,0
10110,1
10111,2
10112,1
10113,1
10114,0
10115,0
10116,1
10117,1
10118,2
10119,1
10120,2
10121,2
10122,0
10123,2
10124,0
10125,1
10126,0
10127,1
10128,0
10129,1
10130,1
10131,2
10132,0
10133,1
10134,1
10135,2
10136,2
10137,1
10138,2
10139,1
10140,1
10141,1
10142,1
10143,1
10144,1
10145,2
10146,2
10147,2
10148,2
10149,1
10150,2
10151,1
10152,1
10153,0
10154,0
10155,2
10156,2
10157,1
10158,1
10159,0
10160,1
10161,1
10162,2
10163,0
10164,0
10165,2
10166,2
10167,2
10168,2
10169,0
10170,1
10171,1
10172,1
10173,2
10174,1
10175,1
10176,1
10177,2
10178,1
10179,2
10180,2
10181,1
10182,2
10183,1
10184,1
10185,1
10186,2
10187,1
10188,2
10189,2
10190,2
10191,2
10192,2
10193,2
10194,1
10195,1
10196,1
10197,0
10198,2
10199,2
10200,2
10201,2
10202,2
10203,1
10204,2
10205,2
10206,2
10207,1
10208,1
10209,1
10210,2
10211,2
10212,2
10213,1
10214,1
10215,2
10216,0
10217,1
10218,1
10219,0
10220,2
10221,2
10222,1
10223,1
10224,1
10225,1
10226,2
10227,2
10228,1
10229,0
10230,2
10231,1
10232,0
10233,2
10234,1
10235,2
10236,2
10237,1
10238,1
10239,1
10240,1
10241,0
10242,2
10243,1
10244,2
10245,1
10246,2
10247,2
10248,1
10249,1
10250,1
10251,2
10252,1
10253,0
10254,1
10255,1
10256,1
10257,1
10258,1
10259,0
10260,0
10261,1
10262,0
10263,1
10264,2
10265,2
10266,2
10267,1
10268,1
10269,2
10270,1
10271,1
10272,1
10273,0
10274,0
10275,2
10276,1
10277,2
10278,2
10279,1
10280,2
10281,1
10282,1
10283,0
10284,2
10285,2
10286,2
10287,0
10288,1
10289,1
10290,2
10291,2
10292,0
10293,1
10294,0
10295,2
10296,2
10297,1
10298,2
10299,1
10300,2
10301,0
10302,1
10303,1
10304,1
10305,1
10306,1
10307,2
10308,1
10309,1
10310,1
10311,2
10312,2
10313,1
10314,2
10315,2
10316,1
10317,2
10318,1
10319,2
10320,1
10321,0
10322,1
10323,1
10324,0
10325,1
10326,1
10327,1
10328,1
10329,1
10330,1
10331,2
10332,1
10333,0
10334,1
10335,1
10336,2
10337,0
10338,2
10339,1
10340,1
10341,1
10342,0
10343,1
10344,1
10345,1
10346,2
10347,1
10348,1
10349,2
10350,0
10351,2
10352,1
10353,1
10354,1
10355,2
10356,2
10357,2
10358,2
10359,2
10360,2
10361,1
10362,1
10363,2
10364,1
10365,1
10366,1
10367,2
10368,1
10369,1
10370,0
10371,2
10372,1
10373,1
10374,2
10375,0
10376,2
10377,2
10378,0
10379,2
10380,1
10381,2
10382,2
10383,2
10384,2
10385,2
10386,0
10387,1
10388,0
10389,1
10390,0
10391,2
10392,1
10393,1
10394,1
10395,2
10396,1
10397,2
10398,2
10399,2
10400,1
10401,0
10402,0
10403,1
10404,0
10405,0
10406,0
10407,0
10408,1
10409,1
10410,0
10411,1
10412,0
10413,1
10414,0
10415,1
10416,1
10417,1
10418,2
10419,2
10420,2
10421,2
10422,2
10423,1
10424,1
10425,2
10426,1
10427,0
10428,0
10429,1
10430,1
10431,2
10432,2
10433,1
10434,2
10435,1
10436,2
10437,1
10438,2
10439,1
10440,2
10441,1
10442,1
10443,2
10444,0
10445,0
10446,2
10447,0
10448,2
10449,0
10450,1
10451,2
10452,2
10453,2
10454,2
10455,2
10456,1
10457,1
10458,2
10459,1
10460,1
10461,2
10462,0
10463,1
10464,2
10465,2
10466,2
10467,2
10468,0
10469,2
10470,1
10471,1
10472,1
10473,0
10474,1
10475,1
10476,1
10477,0
10478,1
10479,1
10480,1
10481,1
10482,2
10483,0
10484,2
10485,1
10486,2
10487,0
10488,0
10489,1
10490,0
10491,1
10492,1
10493,2
10494,1
10495,1
10496,1
10497,0
10498,1
10499,1
10500,2
10501,2
10502,2
10503,1
10504,2
10505,1
10506,1
10507,2
10508,2
10509,1
10510,1
10511,1
10512,1
10513,2
10514,2
10515,1
10516,1
10517,1
10518,1
10519,0
10520,1
10521,2
10522,0
10523,1
10524,2
10525,0
10526,1
10527,1
10528,1
10529,2
10530,1
10531,2
10532,0
10533,1
10534,1
10535,0
10536,2
10537,1
10538,2
10539,2
10540,2
10541,1
10542,1
10543,1
10544,1
10545,1
10546,0
10547,2
10548,1
10549,0
10550,0
10551,1
10552,2
10553,1
10554,1
10555,1
10556,1
10557,2
10558,1
10559,1
10560,1
10561,0
10562,2
10563,1
10564,2
10565,2
10566,1
10567,2
10568,0
10569,2
10570,1
10571,0
10572,0
10573,2
10574,1
10575,1
10576,1
10577,2
10578,2
10579,1
10580,0
10581,2
10582,0
10583,1
10584,2
10585,1
10586,2
10587,1
10588,1
10589,1
10590,1
10591,1
10592,2
10593,1
10594,1
10595,0
10596,1
10597,2
10598,1
10599,0
10600,1
10601,2
10602,1
10603,2
10604,2
10605,2
10606,0
10607,2
10608,2
10609,1
10610,1
10611,1
10612,2
10613,2
10614,1
10615,0
10616,1
10617,2
10618,1
10619,2
10620,2
10621,0
10622,2
10623,2
10624,2
10625,1
10626,0
10627,1
10628,1
10629,2
10630,1
10631,1
10632,1
10633,2
10634,1
10635,1
10636,1
10637,1
10638,0
10639,1
10640,0
10641,1
10642,2
10643,2
10644,2
10645,0
10646,1
10647,1
10648,1
10649,2
10650,1
10651,2
10652,1
10653,1
10654,2
10655,2
10656,1
10657,2
10658,1
10659,1
10660,0
10661,2
10662,1
10663,2
10664,1
10665,1
10666,1
10667,1
10668,0
10669,1
10670,0
10671,2
10672,2
10673,0
10674,1
10675,1
10676,1
10677,1
10678,1
10679,2
10680,2
10681,0
10682,0
10683,1
10684,2
10685,1
10686,2
10687,1
10688,1
10689,1
10690,2
10691,2
10692,1
10693,0
10694,2
10695,0
10696,2
10697,2
10698,1
10699,2
10700,0
10701,2
10702,0
10703,2
10704,2
10705,2
10706,1
10707,1
10708,1
10709,1
10710,2
10711,2
10712,0
10713,0
10714,1
10715,2
10716,2
10717,2
10718,1
10719,1
10720,1
10721,1
10722,0
10723,0
10724,1
10725,2
10726,2
10727,1
10728,0
10729,2
10730,2
10731,1
10732,1
10733,2
10734,1
10735,1
10736,2
10737,0
10738,2
10739,2
10740,1
10741,1
10742,2
10743,0
10744,2
10745,1
10746,0
10747,2
10748,0
10749,2
10750,2
10751,1
10752,2
10753,2
10754,1
10755,2
10756,2
10757,1
10758,2
10759,0
10760,1
10761,2
10762,1
10763,2
10764,0
10765,1
10766,2
10767,0
10768,1
10769,1
10770,1
10771,2
10772,1
10773,2
10774,1
10775,2
10776,2
10777,2
10778,2
10779,1
10780,1
10781,1
10782,1
10783,2
10784,1
10785,1
10786,1
10787,2
10788,2
10789,2
10790,1
10791,0
10792,2
10793,1
10794,2
10795,2
10796,2
10797,1
10798,1
10799,2
10800,1
10801,1
10802,2
10803,2
10804,2
10805,2
10806,1
10807,1
10808,1
10809,2
10810,1
10811,2
10812,1
10813,1
10814,0
10815,1
10816,1
10817,1
10818,1
10819,1
10820,2
10821,1
10822,1
10823,0
10824,1
10825,1
10826,0
10827,2
10828,0
10829,2
10830,1
10831,1
10832,1
10833,2
10834,1
10835,2
10836,2
10837,2
10838,1
10839,2
10840,1
10841,2
10842,0
10843,2
10844,2
10845,1
10846,0
10847,0
10848,1
10849,2
10850,2
10851,2
10852,1
10853,2
10854,1
10855,2
10856,0
10857,2
10858,1
10859,1
10860,1
10861,2
10862,2
10863,1
10864,2
10865,1
10866,0
10867,1
10868,0
10869,2
10870,1
10871,0
10872,1
10873,2
10874,1
10875,1
10876,1
10877,2
10878,1
10879,1
10880,0
10881,1
10882,1
10883,1
10884,1
10885,0
10886,2
10887,1
10888,0
10889,2
10890,1
10891,2
10892,1
10893,1
10894,2
10895,1
10896,0
10897,1
10898,2
10899,0
10900,2
10901,2
10902,2
10903,1
10904,2
10905,2
10906,1
10907,1
10908,2
10909,1
10910,2
10911,1
10912,1
10913,1
10914,2
10915,2
10916,2
10917,1
10918,1
10919,0
10920,1
10921,1
10922,1
10923,1
10924,1
10925,1
10926,2
10927,2
10928,1
10929,1
10930,1
10931,2
10932,0
10933,2
10934,0
10935,1
10936,2
10937,1
10938,2
10939,2
10940,0
10941,1
10942,2
10943,1
10944,2
10945,2
10946,0
10947,2
10948,2
10949,1
10950,1
10951,1
10952,1
10953,0
10954,2
10955,2
10956,2
10957,1
10958,2
10959,2
10960,2
10961,1
10962,1
10963,1
10964,0
10965,1
10966,2
10967,1
10968,2
10969,1
10970,1
10971,2
10972,1
10973,2
10974,1
10975,1
10976,1
10977,0
10978,1
10979,1
10980,2
10981,1
10982,0
10983,2
10984,1
10985,1
10986,2
10987,0
10988,1
10989,0
10990,0
10991,2
10992,1
10993,1
10994,0
10995,1
10996,1
10997,0
10998,2
10999,2
11000,1
11001,1
11002,0
11003,1
11004,2
11005,2
11006,1
11007,1
11008,0
11009,2
11010,0
11011,1
11012,0
11013,1
11014,0
11015,1
11016,2
11017,1
11018,1
11019,2
11020,2
11021,2
11022,2
11023,1
11024,2
11025,1
11026,0
11027,1
11028,1
11029,1
11030,0
11031,1
11032,2
11033,2
11034,2
11035,2
11036,2
11037,0
11038,1
11039,2
11040,1
11041,1
11042,1
11043,2
11044,0
11045,1
11046,1
11047,2
11048,1
11049,0
11050,0
11051,1
11052,2
11053,1
11054,1
11055,2
11056,1
11057,2
11058,2
11059,1
11060,1
11061,2
11062,1
11063,1
11064,2
11065,2
11066,1
11067,2
11068,2
11069,2
11070,2
11071,2
11072,0
11073,1
11074,2
11075,0
11076,0
11077,1
11078,1
11079,2
11080,2
11081,0
11082,1
11083,2
11084,1
11085,2
11086,1
11087,2
11088,2
11089,0
11090,0
11091,1
11092,2
11093,2
11094,1
11095,1
11096,1
11097,2
11098,1
11099,1
11100,1
11101,1
11102,1
11103,0
11104,2
11105,0
11106,2
11107,1
11108,1
11109,0
11110,2
11111,1
11112,0
11113,1
11114,2
11115,2
11116,1
11117,2
11118,0
11119,1
11120,1
11121,1
11122,2
11123,0
11124,2
11125,2
11126,2
11127,1
11128,1
11129,1
11130,2
11131,1
11132,1
11133,0
11134,1
11135,2
11136,0
11137,1
11138,2
11139,1
11140,0
11141,1
11142,1
11143,0
11144,0
11145,0
11146,1
11147,2
11148,2
11149,1
11150,2
11151,1
11152,1
11153,1
11154,1
11155,2
11156,2
11157,1
11158,1
11159,0
11160,0
11161,1
11162,2
11163,2
11164,1
11165,1
11166,1
11167,1
11168,1
11169,1
11170,1
11171,1
11172,1
11173,1
11174,2
11175,2
11176,0
11177,2
11178,1
11179,1
11180,1
11181,2
11182,1
11183,2
11184,1
11185,2
11186,2
11187,1
11188,2
11189,1
11190,2
11191,1
11192,2
11193,1
11194,1
11195,0
11196,2
11197,1
11198,1
11199,2
11200,1
11201,2
11202,2
11203,2
11204,2
11205,0
11206,2
11207,1
11208,1
11209,0
11210,1
11211,1
11212,0
11213,1
11214,1
11215,1
11216,1
11217,2
11218,1
11219,1
11220,1
11221,1
11222,1
11223,1
11224,1
11225,1
11226,1
11227,0
11228,1
11229,1
11230,0
11231,0
11232,1
11233,1
11234,2
11235,1
11236,1
11237,1
11238,1
11239,0
11240,1
11241,2
11242,2
11243,0
11244,2
11245,0
11246,1
11247,1
11248,2
11249,1
11250,0
11251,1
11252,2
11253,1
11254,0
11255,2
11256,1
11257,1
11258,1
11259,2
11260,1
11261,1
11262,2
11263,2
11264,1
11265,2
11266,2
11267,1
11268,1
11269,1
11270,2
11271,2
11272,1
11273,2
11274,2
11275,2
11276,2
11277,1
11278,1
11279,1
11280,1
11281,2
11282,1
11283,1
11284,2
11285,2
11286,2
11287,1
11288,2
11289,2
11290,1
11291,1
11292,1
11293,1
11294,1
11295,1
11296,1
11297,1
11298,1
11299,1
11300,2
11301,1
11302,1
11303,0
11304,2
11305,2
11306,1
11307,2
11308,1
11309,1
11310,1
11311,1
11312,2
11313,0
11314,2
11315,2
11316,1
11317,2
11318,1
11319,2
11320,0
11321,2
11322,1
11323,1
11324,2
11325,2
11326,1
11327,2
11328,1
11329,1
11330,2
11331,0
11332,2
11333,2
11334,2
11335,1
11336,2
11337,1
11338,2
11339,1
11340,2
11341,2
11342,2
11343,1
11344,2
11345,1
11346,2
11347,2
11348,1
11349,2
11350,2
11351,2
11352,1
11353,2
11354,1
11355,0
11356,0
11357,2
11358,2
11359,1
11360,1
11361,1
11362,0
11363,2
11364,0
11365,1
11366,2
11367,2
11368,1
11369,2
11370,0
11371,1
11372,1
11373,2
11374,2
11375,2
11376,1
11377,1
11378,1
11379,2
11380,2
11381,2
11382,1
11383,0
11384,0
11385,2
11386,0
11387,1
11388,1
11389,2
11390,1
11391,1
11392,1
11393,1
11394,1
11395,1
11396,1
11397,1
11398,1
11399,0
11400,2
11401,1
11402,1
11403,1
11404,1
11405,1
11406,1
11407,2
11408,1
11409,0
11410,2
11411,1
11412,1
11413,2
11414,0
11415,1
11416,1
11417,2
11418,2
11419,1
11420,1
11421,0
11422,1
11423,2
11424,0
11425,2
11426,1
11427,0
11428,2
11429,1
11430,0
11431,1
11432,2
11433,2
11434,2
11435,2
11436,2
11437,2
11438,2
11439,1
11440,1
11441,0
11442,1
11443,1
11444,1
11445,0
11446,2
11447,1
11448,1
11449,1
11450,1
11451,2
11452,1
11453,2
11454,2
11455,0
11456,1
11457,2
11458,1
11459,1
11460,0
11461,0
11462,0
11463,1
11464,1
11465,1
11466,1
11467,1
11468,2
11469,1
11470,1
11471,2
11472,2
11473,2
11474,2
11475,1
11476,1
11477,0
11478,0
11479,1
11480,0
11481,1
11482,2
11483,0
11484,0
11485,2
11486,0
11487,2
11488,1
11489,1
11490,2
11491,1
11492,1
11493,0
11494,1
11495,2
11496,2
11497,1
11498,1
11499,2
11500,2
11501,2
11502,2
11503,1
11504,0
11505,1
11506,1
11507,0
11508,2
11509,1
11510,2
11511,1
11512,1
11513,2
11514,2
11515,1
11516,2
11517,0
11518,1
11519,1
11520,1
11521,1
11522,1
11523,2
11524,2
11525,2
11526,2
11527,2
11528,1
11529,1
11530,2
11531,1
11532,2
11533,1
11534,1
11535,1
11536,1
11537,1
11538,0
11539,2
11540,1
11541,1
11542,1
11543,0
11544,2
11545,1
11546,1
11547,0
11548,1
11549,2
11550,1
11551,1
11552,1
11553,1
11554,1
11555,0
11556,1
11557,2
11558,2
11559,2
11560,0
11561,2
11562,0
11563,1
11564,2
11565,2
11566,2
11567,0
11568,1
11569,0
11570,0
11571,1
11572,2
11573,1
11574,1
11575,2
11576,2
11577,2
11578,1
11579,2
11580,1
11581,1
11582,0
11583,1
11584,2
11585,0
11586,2
11587,1
11588,1
11589,1
11590,1
11591,2
11592,1
11593,1
11594,1
11595,0
11596,0
11597,1
11598,1
11599,2
11600,2
11601,1
11602,2
11603,1
11604,1
11605,2
11606,0
11607,1
11608,1
11609,1
11610,0
11611,0
11612,1
11613,1
11614,1
11615,2
11616,1
11617,2
11618,1
11619,2
11620,2
11621,1
11622,1
11623,1
11624,0
11625,2
11626,1
11627,0
11628,2
11629,0
11630,1
11631,0
11632,2
11633,1
11634,2
11635,1
11636,1
11637,2
11638,1
11639,1
11640,1
11641,1
11642,1
11643,2
11644,1
11645,1
11646,2
11647,2
11648,2
11649,1
11650,0
11651,1
11652,1
11653,1
11654,2
11655,1
11656,2
11657,2
11658,2
11659,1
11660,1
11661,0
11662,2
11663,1
11664,1
11665,1
11666,2
11667,1
11668,0
11669,1
11670,2
11671,0
11672,0
11673,0
11674,0
11675,1
11676,2
11677,1
11678,2
11679,1
11680,2
11681,1
11682,0
11683,2
11684,0
11685,0
11686,1
11687,0
11688,1
11689,1
11690,1
11691,0
11692,1
11693,0
11694,0
11695,2
11696,1
11697,2
11698,2
11699,0
11700,1
11701,2
11702,0
11703,1
11704,0
11705,1
11706,2
11707,2
11708,1
11709,2
11710,1
11711,2
11712,0
11713,1
11714,2
11715,2
11716,0
11717,1
11718,1
11719,1
11720,1
11721,2
11722,2
11723,2
11724,0
11725,2
11726,2
11727,0
11728,1
11729,2
11730,0
11731,0
11732,1
11733,0
11734,1
11735,2
11736,1
11737,2
11738,1
11739,1
11740,2
11741,0
11742,1
11743,2
11744,1
11745,0
11746,1
11747,2
11748,1
11749,2
11750,1
11751,1
11752,2
11753,0
11754,1
11755,1
11756,2
11757,2
11758,2
11759,1
11760,2
11761,1
11762,1
11763,2
11764,0
11765,2
11766,2
11767,2
11768,1
11769,2
11770,1
11771,2
11772,2
11773,0
11774,1
11775,2
11776,1
11777,2
11778,1
11779,2
11780,2
11781,1
11782,1
11783,1
11784,1
11785,2
11786,1
11787,1
11788,1
11789,1
11790,2
11791,1
11792,0
11793,1
11794,0
11795,1
11796,0
11797,1
11798,1
11799,2
11800,1
11801,1
11802,2
11803,1
11804,0
11805,1
11806,0
11807,2
11808,0
11809,1
11810,1
11811,2
11812,2
11813,1
11814,0
11815,2
11816,1
11817,1
11818,0
11819,1
11820,2
11821,0
11822,1
11823,1
11824,0
11825,1
11826,2
11827,1
11828,2
11829,2
11830,0
11831,1
11832,2
11833,1
11834,1
11835,2
11836,2
11837,0
11838,0
11839,2
11840,1
11841,2
11842,1
11843,2
11844,2
11845,1
11846,1
11847,1
11848,1
11849,0
11850,1
11851,1
11852,2
11853,0
11854,1
11855,2
11856,1
11857,2
11858,1
11859,0
11860,2
11861,1
11862,2
11863,2
11864,0
11865,0
11866,2
11867,0
11868,1
11869,2
11870,1
11871,1
11872,2
11873,1
11874,1
11875,0
11876,2
11877,1
11878,1
11879,2
11880,2
11881,2
11882,1
11883,2
11884,2
11885,1
11886,2
11887,0
11888,1
11889,1
11890,2
11891,0
11892,1
11893,2
11894,1
11895,2
11896,2
11897,1
11898,1
11899,1
11900,1
11901,2
11902,1
11903,2
11904,2
11905,2
11906,1
11907,1
11908,1
11909,2
11910,1
11911,0
11912,1
11913,1
11914,0
11915,1
11916,1
11917,1
11918,2
11919,1
11920,2
11921,2
11922,1
11923,1
11924,1
11925,2
11926,2
11927,0
11928,1
11929,1
11930,1
11931,1
11932,1
11933,2
11934,0
11935,0
11936,2
11937,1
11938,1
11939,0
11940,1
11941,1
11942,1
11943,2
11944,2
11945,2
11946,0
11947,1
11948,2
11949,2
11950,1
11951,2
11952,1
11953,1
11954,1
11955,2
11956,1
11957,1
11958,1
11959,2
11960,2
11961,0
11962,1
11963,2
11964,2
11965,1
11966,1
11967,1
11968,2
11969,2
11970,1
11971,1
11972,2
11973,2
11974,2
11975,2
11976,1
11977,2
11978,1
11979,1
11980,1
11981,1
11982,0
11983,2
11984,0
11985,1
11986,1
11987,1
11988,2
11989,1
11990,2
11991,2
11992,2
11993,0
11994,1
11995,1
11996,1
11997,1
11998,2
11999,2
12000,1
12001,1
12002,2
12003,1
12004,1
12005,1
12006,2
12007,2
12008,1
12009,1
12010,1
12011,0
12012,1
12013,2
12014,2
12015,1
12016,2
12017,2
12018,0
12019,0
12020,1
12021,1
12022,2
12023,2
12024,2
12025,1
12026,2
12027,1
12028,0
12029,1
12030,1
12031,2
12032,1
12033,1
12034,1
12035,1
12036,0
12037,0
12038,1
12039,1
12040,2
12041,2
12042,2
12043,1
12044,1
12045,1
12046,1
12047,0
12048,0
12049,1
12050,1
12051,2
12052,1
12053,2
12054,2
12055,1
12056,1
12057,2
12058,1
12059,2
12060,1
12061,2
12062,1
12063,1
12064,1
12065,1
12066,2
12067,2
12068,2
12069,2
12070,1
12071,0
12072,0
12073,0
12074,1
12075,1
12076,0
12077,1
12078,0
12079,2
12080,1
12081,2
12082,1
12083,1
12084,2
12085,2
12086,2
12087,2
12088,0
12089,2
12090,1
12091,1
12092,0
12093,2
12094,0
12095,2
12096,1
12097,2
12098,2
12099,1
12100,2
12101,1
12102,1
12103,2
12104,1
12105,1
12106,0
12107,2
12108,2
12109,2
12110,0
12111,1
12112,2
12113,1
12114,1
12115,2
12116,1
12117,0
12118,1
12119,1
12120,2
12121,1
12122,2
12123,0
12124,1
12125,0
12126,2
12127,2
12128,2
12129,1
12130,2
12131,1
12132,1
12133,0
12134,2
12135,2
12136,2
12137,1
12138,1
12139,2
12140,1
12141,1
12142,2
12143,1
12144,1
12145,1
12146,2
12147,1
12148,1
12149,2
12150,2
12151,2
12152,2
12153,2
12154,1
12155,2
12156,0
12157,1
12158,1
12159,1
12160,1
12161,0
12162,2
12163,0
12164,0
12165,1
12166,2
12167,2
12168,0
12169,2
12170,2
12171,1
12172,1
12173,1
12174,0
12175,2
12176,2
12177,1
12178,2
12179,2
12180,2
12181,1
12182,0
12183,1
12184,2
12185,1
12186,1
12187,0
12188,2
12189,2
12190,2
12191,1
12192,1
12193,0
12194,1
12195,1
12196,1
12197,2
12198,1
12199,2
12200,2
12201,2
12202,2
12203,2
12204,2
12205,2
12206,0
12207,0
12208,2
12209,0
12210,1
12211,2
12212,1
12213,1
12214,1
12215,2
12216,2
12217,1
12218,2
12219,1
12220,2
12221,2
12222,0
12223,2
12224,2
12225,1
12226,0
12227,0
12228,0
12229,2
12230,2
12231,0
12232,1
12233,1
12234,1
12235,1
12236,2
12237,2
12238,2
12239,2
12240,2
12241,2
12242,1
12243,2
12244,0
12245,1
12246,1
12247,0
12248,2
12249,2
12250,1
12251,1
12252,0
12253,0
12254,2
12255,2
12256,1
12257,0
12258,1
12259,2
12260,2
12261,2
12262,2
12263,0
12264,2
12265,1
12266,2
12267,2
12268,2
12269,1
12270,1
12271,2
12272,1
12273,2
12274,1
12275,1
12276,1
12277,2
12278,2
12279,1
12280,1
12281,0
12282,1
12283,2
12284,1
12285,2
12286,1
12287,1
12288,2
12289,1
12290,0
12291,1
12292,1
12293,2
12294,2
12295,2
12296,1
12297,1
12298,1
12299,1
12300,1
12301,0
12302,2
12303,1
12304,0
12305,2
12306,2
12307,1
12308,0
12309,1
12310,1
12311,1
12312,2
12313,1
12314,2
12315,2
12316,2
12317,1
12318,1
12319,2
12320,1
12321,2
12322,0
12323,2
12324,0
12325,1
12326,0
12327,2
12328,1
12329,0
12330,1
12331,1
12332,2
12333,2
12334,1
12335,2
12336,0
12337,2
12338,2
12339,1
12340,1
12341,2
12342,2
12343,1
12344,0
12345,1
12346,1
12347,1
12348,2
12349,2
12350,1
12351,0
12352,1
12353,1
12354,1
12355,1
12356,0
12357,1
12358,0
12359,0
12360,1
12361,1
12362,0
12363,0
12364,1
12365,1
12366,2
12367,0
12368,0
12369,2
12370,1
12371,1
12372,2
12373,0
12374,1
12375,1
12376,2
12377,1
12378,2
12379,2
12380,0
12381,1
12382,1
12383,0
12384,0
12385,1
12386,0
12387,1
12388,2
12389,0
12390,1
12391,2
12392,1
12393,1
12394,1
12395,1
12396,2
12397,2
12398,1
12399,2
12400,2
12401,2
12402,1
12403,1
12404,1
12405,2
12406,1
12407,1
12408,0
12409,2
12410,1
12411,1
12412,2
12413,1
12414,0
12415,0
12416,2
12417,1
12418,1
12419,1
12420,2
12421,1
12422,1
12423,1
12424,0
12425,0
12426,1
12427,1
12428,2
12429,2
12430,0
12431,1
12432,2
12433,0
12434,1
12435,1
12436,1
12437,0
12438,1
12439,1
12440,2
12441,2
12442,1
12443,1
12444,1
12445,2
12446,1
12447,1
12448,2
12449,0
12450,2
12451,2
12452,2
12453,2
12454,2
12455,2
12456,0
12457,2
12458,0
12459,2
12460,2
12461,2
12462,2
12463,1
12464,1
12465,2
12466,1
12467,2
12468,2
12469,1
12470,1
12471,2
12472,2
12473,2
12474,0
12475,1
12476,0
12477,2
12478,2
12479,2
12480,1
12481,0
12482,0
12483,2
12484,1
12485,2
12486,2
12487,2
12488,2
12489,1
12490,0
12491,2
12492,0
12493,1
12494,2
12495,2
12496,2
12497,2
12498,2
12499,1
12500,2
12501,0
12502,1
12503,2
12504,1
12505,0
12506,0
12507,1
12508,1
12509,0
12510,2
12511,0
12512,2
12513,0
12514,2
12515,1
12516,1
12517,1
12518,1
12519,2
12520,1
12521,2
12522,2
12523,0
12524,1
12525,1
12526,2
12527,2
12528,1
12529,1
12530,2
12531,1
12532,2
12533,1
12534,1
12535,2
12536,0
12537,1
12538,2
12539,2
12540,2
12541,1
12542,2
12543,2
12544,1
12545,2
12546,2
12547,2
12548,2
12549,1
12550,1
12551,0
12552,2
12553,2
12554,2
12555,0
12556,1
12557,2
12558,1
12559,0
12560,1
12561,1
12562,0
12563,2
12564,2
12565,1
12566,1
12567,2
12568,2
12569,2
12570,0
12571,1
12572,1
12573,0
12574,1
12575,1
12576,1
12577,1
12578,1
12579,2
12580,1
12581,1
12582,1
12583,2
12584,0
12585,1
12586,2
12587,1
12588,1
12589,1
12590,2
12591,1
12592,1
12593,0
12594,2
12595,1
12596,2
12597,1
12598,1
12599,1
12600,0
12601,1
12602,2
12603,1
12604,1
12605,1
12606,0
12607,0
12608,1
12609,1
12610,2
12611,2
12612,1
12613,2
12614,2
12615,1
12616,2
12617,2
12618,2
12619,1
12620,0
12621,2
12622,0
12623,2
12624,1
12625,0
12626,1
12627,1
12628,1
12629,2
12630,1
12631,1
12632,2
12633,0
12634,1
12635,2
12636,2
12637,2
12638,0
12639,1
12640,0
12641,2
12642,1
12643,2
12644,2
12645,0
12646,1
12647,2
12648,0
12649,1
12650,1
12651,1
12652,1
12653,1
12654,1
12655,1
12656,2
12657,0
12658,2
12659,2
12660,0
12661,1
12662,2
12663,2
12664,0
12665,0
12666,2
12667,1
12668,2
12669,1
12670,1
12671,0
12672,2
12673,0
12674,1
12675,2
12676,1
12677,2
12678,1
12679,1
12680,2
12681,0
12682,1
12683,2
12684,1
12685,0
12686,1
12687,2
12688,1
12689,1
12690,2
12691,2
12692,2
12693,1
12694,1
12695,1
12696,0
12697,2
12698,2
12699,1
12700,0
12701,1
12702,2
12703,1
12704,2
12705,1
12706,1
12707,1
12708,1
12709,2
12710,2
12711,1
12712,1
12713,0
12714,0
12715,2
12716,2
12717,1
12718,2
12719,1
12720,2
12721,1
12722,2
12723,1
12724,2
12725,1
12726,2
12727,1
12728,2
12729,2
12730,1
12731,1
12732,1
12733,1
12734,2
12735,1
12736,2
12737,2
12738,2
12739,2
12740,2
12741,1
12742,2
12743,1
12744,1
12745,0
12746,2
12747,1
12748,2
12749,2
12750,1
12751,1
12752,1
12753,1
12754,1
12755,0
12756,2
12757,2
12758,1
12759,0
12760,2
12761,1
12762,1
12763,1
12764,1
12765,1
12766,0
12767,1
12768,1
12769,2
12770,2
12771,1
12772,1
12773,1
12774,1
12775,1
12776,1
12777,2
12778,1
12779,1
12780,2
12781,1
12782,1
12783,1
12784,1
12785,1
12786,1
12787,1
12788,2
12789,1
12790,2
12791,2
12792,1
12793,2
12794,0
12795,2
12796,1
12797,2
12798,2
12799,1
12800,2
12801,0
12802,0
12803,0
12804,1
12805,1
12806,1
12807,1
12808,2
12809,0
12810,1
12811,2
12812,1
12813,1
12814,2
12815,1
12816,0
12817,2
12818,1
12819,1
12820,1
12821,2
12822,2
12823,2
12824,2
12825,1
12826,1
12827,2
12828,2
12829,2
12830,2
12831,1
12832,2
12833,2
12834,2
12835,2
12836,1
12837,2
12838,1
12839,0
12840,2
12841,2
12842,1
12843,2
12844,2
12845,1
12846,1
12847,0
12848,0
12849,2
12850,1
12851,1
12852,1
12853,1
12854,1
12855,1
12856,1
12857,0
12858,2
12859,2
12860,2
12861,1
12862,1
12863,1
12864,2
12865,0
12866,1
12867,0
12868,1
12869,2
12870,2
12871,2
12872,2
12873,1
12874,1
12875,2
12876,1
12877,2
12878,2
12879,1
12880,2
12881,2
12882,0
12883,1
12884,1
12885,2
12886,1
12887,1
12888,2
12889,2
12890,1
12891,2
12892,1
12893,1
12894,1
12895,1
12896,2
12897,1
12898,2
12899,2
12900,0
12901,2
12902,2
12903,1
12904,2
12905,1
12906,1
12907,2
12908,1
12909,0
12910,0
12911,2
12912,0
12913,2
12914,1
12915,0
12916,1
12917,0
12918,2
12919,2
12920,2
12921,2
12922,1
12923,1
12924,0
12925,1
12926,1
12927,2
12928,1
12929,2
12930,2
12931,2
12932,0
12933,1
12934,2
12935,1
12936,1
12937,2
12938,2
12939,1
12940,1
12941,1
12942,1
12943,1
12944,1
12945,1
12946,1
12947,1
12948,0
12949,1
12950,1
12951,2
12952,1
12953,0
12954,1
12955,2
12956,1
12957,2
12958,1
12959,2
12960,1
12961,1
12962,1
12963,0
12964,2
12965,2
12966,0
12967,0
12968,1
12969,2
12970,2
12971,1
12972,1
12973,1
12974,1
12975,1
12976,2
12977,1
12978,0
12979,1
12980,2
12981,1
12982,1
12983,1
12984,0
12985,1
12986,1
12987,2
12988,1
12989,2
12990,0
12991,0
12992,2
12993,2
12994,1
12995,2
12996,1
12997,2
12998,1
12999,2
13000,1
13001,2
13002,2
13003,1
13004,2
13005,1
13006,1
13007,1
13008,2
13009,2
13010,1
13011,1
13012,1
13013,1
13014,1
13015,2
13016,0
13017,2
13018,1
13019,1
13020,1
13021,1
13022,2
13023,2
13024,1
13025,1
13026,0
13027,2
13028,0
13029,1
13030,1
13031,2
13032,2
13033,1
13034,0
13035,0
13036,1
13037,1
13038,0
13039,2
13040,0
13041,2
13042,0
13043,2
13044,2
13045,1
13046,1
13047,1
13048,2
13049,1
13050,1
13051,2
13052,2
13053,1
13054,2
13055,1
13056,2
13057,1
13058,1
13059,1
13060,2
13061,0
13062,0
13063,1
13064,1
13065,2
13066,1
13067,2
13068,0
13069,1
13070,2
13071,1
13072,1
13073,0
13074,1
13075,1
13076,2
13077,2
13078,2
13079,1
13080,1
13081,1
13082,2
13083,1
13084,0
13085,2
13086,1
13087,1
13088,1
13089,1
13090,1
13091,2
13092,2
13093,2
13094,0
13095,2
13096,1
13097,2
13098,2
13099,2
13100,2
13101,1
13102,2
13103,2
13104,1
13105,2
13106,2
13107,0
13108,2
13109,1
13110,2
13111,1
13112,1
13113,1
13114,0
13115,1
13116,2
13117,1
13118,2
13119,2
13120,2
13121,1
13122,2
13123,2
13124,0
13125,1
13126,0
13127,1
13128,2
13129,1
13130,1
13131,0
13132,1
13133,1
13134,2
13135,0
13136,0
13137,0
13138,1
13139,2
13140,2
13141,1
13142,2
13143,2
13144,1
13145,1
13146,0
13147,0
13148,0
13149,0
13150,2
13151,1
13152,2
13153,1
13154,2
13155,0
13156,1
13157,2
13158,2
13159,1
13160,1
13161,2
13162,1
13163,1
13164,1
13165,1
13166,1
13167,1
13168,2
13169,2
13170,1
13171,2
13172,2
13173,2
13174,1
13175,0
13176,2
13177,0
13178,2
13179,2
13180,2
13181,2
13182,1
13183,1
13184,2
13185,0
13186,1
13187,1
13188,1
13189,2
13190,0
13191,2
13192,2
13193,2
13194,1
13195,1
13196,2
13197,1
13198,2
13199,0
13200,1
13201,1
13202,1
13203,1
13204,1
13205,2
13206,0
13207,1
13208,0
13209,2
13210,1
13211,2
13212,1
13213,0
13214,2
13215,0
13216,2
13217,2
13218,2
13219,2
13220,1
13221,1
13222,1
13223,2
13224,2
13225,1
13226,2
13227,2
13228,1
13229,1
13230,0
13231,0
13232,0
13233,2
13234,2
13235,2
13236,1
13237,1
13238,1
13239,2
13240,2
13241,1
13242,1
13243,1
13244,0
13245,0
13246,2
13247,1
13248,2
13249,2
13250,1
13251,1
13252,0
13253,1
13254,2
13255,2
13256,0
13257,2
13258,2
13259,1
13260,0
13261,2
13262,0
13263,0
13264,1
13265,2
13266,1
13267,2
13268,2
13269,1
13270,1
13271,0
13272,2
13273,1
13274,2
13275,0
13276,2
13277,2
13278,1
13279,1
13280,0
13281,0
13282,0
13283,2
13284,1
13285,2
13286,0
13287,0
13288,2
13289,0
13290,2
13291,2
13292,0
13293,1
13294,1
13295,2
13296,2
13297,2
13298,2
13299,2
13300,1
13301,2
13302,2
13303,1
13304,0
13305,2
13306,2
13307,2
13308,1
13309,2
13310,2
13311,1
13312,2
13313,1
13314,0
13315,1
13316,2
13317,2
13318,1
13319,2
13320,1
13321,2
13322,2
13323,2
13324,0
13325,1
13326,2
13327,1
13328,1
13329,2
13330,1
13331,2
13332,0
13333,1
13334,2
13335,1
13336,0
13337,2
13338,1
13339,1
13340,2
13341,1
13342,1
13343,1
13344,0
13345,0
13346,2
13347,1
13348,2
13349,2
13350,1
13351,2
13352,2
13353,1
13354,2
13355,2
13356,0
13357,2
13358,0
13359,2
13360,1
13361,0
13362,1
13363,2
13364,1
13365,0
13366,1
13367,1
13368,2
13369,0
13370,1
13371,2
13372,2
13373,0
13374,1
13375,1
13376,1
13377,2
13378,1
13379,2
13380,1
13381,2
13382,1
13383,0
13384,2
13385,1
13386,1
13387,1
13388,1
13389,0
13390,2
13391,1
13392,2
13393,1
13394,2
13395,0
13396,0
13397,0
13398,0
13399,2
13400,0
13401,0
13402,1
13403,1
13404,2
13405,2
13406,2
13407,1
13408,1
13409,1
13410,1
13411,0
13412,2
13413,1
13414,1
13415,1
13416,1
13417,2
13418,2
13419,1
13420,1
13421,1
13422,0
13423,1
13424,2
13425,2
13426,2
13427,1
13428,1
13429,2
13430,1
13431,2
13432,0
13433,0
13434,2
13435,1
13436,2
13437,1
13438,1
13439,2
13440,2
13441,1
13442,1
13443,1
13444,1
13445,1
13446,2
13447,1
13448,1
13449,2
13450,1
13451,0
13452,1
13453,2
13454,1
13455,1
13456,1
13457,2
13458,1
13459,0
13460,1
13461,1
13462,1
13463,1
13464,2
13465,0
13466,1
13467,2
13468,1
13469,1
13470,2
13471,0
13472,1
13473,2
13474,1
13475,0
13476,1
13477,0
13478,1
13479,2
13480,2
13481,2
13482,2
13483,2
13484,2
13485,1
13486,1
13487,1
13488,2
13489,1
13490,2
13491,2
13492,2
13493,1
13494,2
13495,2
13496,1
13497,2
13498,1
13499,2
13500,2
13501,2
13502,1
13503,2
13504,1
13505,2
13506,1
13507,1
13508,2
13509,1
13510,2
13511,2
13512,2
13513,0
13514,0
13515,1
13516,1
13517,1
13518,1
13519,1
13520,2
13521,1
13522,1
13523,1
13524,2
13525,2
13526,2
13527,1
13528,1
13529,1
13530,1
13531,2
13532,1
13533,1
13534,2
13535,0
13536,1
13537,0
13538,0
13539,1
13540,2
13541,2
13542,1
13543,1
13544,2
13545,1
13546,2
13547,2
13548,1
13549,2
13550,1
13551,2
13552,1
13553,1
13554,1
13555,0
13556,0
13557,1
13558,2
13559,1
13560,2
13561,0
13562,2
13563,2
13564,1
13565,2
13566,1
13567,2
13568,1
13569,1
13570,0
13571,2
13572,1
13573,1
13574,0
13575,2
13576,1
13577,0
13578,1
13579,1
13580,1
13581,2
13582,0
13583,2
13584,1
13585,2
13586,2
13587,0
13588,2
13589,0
13590,2
13591,1
13592,2
13593,0
13594,1
13595,1
13596,2
13597,0
13598,1
13599,0
13600,0
13601,1
13602,0
13603,2
13604,2
13605,2
13606,2
13607,2
13608,1
13609,2
13610,1
13611,2
13612,0
13613,1
13614,1
13615,2
13616,2
13617,2
13618,0
13619,1
13620,2
13621,0
13622,2
13623,0
13624,2
13625,2
13626,1
13627,1
13628,1
13629,0
13630,1
13631,1
13632,1
13633,1
13634,2
13635,1
13636,1
13637,2
13638,0
13639,1
13640,2
13641,2
13642,1
13643,1
13644,2
13645,2
13646,0
13647,2
13648,2
13649,2
13650,1
13651,2
13652,1
13653,2
13654,2
13655,1
13656,1
13657,2
13658,2
13659,2
13660,2
13661,0
13662,2
13663,2
13664,1
13665,1
13666,0
13667,1
13668,2
13669,0
13670,0
13671,2
13672,0
13673,1
13674,2
13675,0
13676,0
13677,2
13678,0
13679,1
13680,2
13681,0
13682,0
13683,2
13684,0
13685,1
13686,0
13687,1
13688,0
13689,2
13690,2
13691,0
13692,2
13693,2
13694,1
13695,1
13696,2
13697,0
13698,1
13699,2
13700,2
13701,1
13702,1
13703,2
13704,1
13705,0
13706,1
13707,2
13708,0
13709,1
13710,1
13711,2
13712,1
13713,0
13714,2
13715,2
13716,1
13717,0
13718,2
13719,1
13720,1
13721,0
13722,0
13723,2
13724,2
13725,2
13726,1
13727,2
13728,2
13729,0
13730,2
13731,0
13732,2
13733,1
13734,1
13735,2
13736,2
13737,2
13738,2
13739,2
13740,2
13741,0
13742,2
13743,1
13744,0
13745,1
13746,1
13747,1
13748,0
13749,1
13750,1
13751,1
13752,2
13753,0
13754,0
13755,0
13756,1
13757,1
13758,1
13759,1
13760,2
13761,1
13762,1
13763,2
13764,1
13765,1
13766,2
13767,1
13768,1
13769,1
13770,1
13771,1
13772,0
13773,0
13774,2
13775,2
13776,2
13777,0
13778,1
13779,2
13780,2
13781,2
13782,2
13783,1
13784,1
13785,1
13786,1
13787,2
13788,2
13789,1
13790,0
13791,1
13792,2
13793,1
13794,2
13795,2
13796,0
13797,1
13798,0
13799,1
13800,2
13801,0
13802,1
13803,2
13804,0
13805,2
13806,1
13807,1
13808,0
13809,2
13810,2
13811,1
13812,2
13813,2
13814,1
13815,1
13816,1
13817,1
13818,1
13819,2
13820,0
13821,2
13822,2
13823,1
13824,2
13825,2
13826,2
13827,1
13828,1
13829,1
13830,2
13831,1
13832,1
13833,2
13834,0
13835,2
13836,1
13837,1
13838,2
13839,1
13840,1
13841,2
13842,2
13843,1
13844,1
13845,1
13846,1
13847,2
13848,1
13849,1
13850,0
13851,1
13852,2
13853,2
13854,1
13855,0
13856,2
13857,2
13858,2
13859,1
13860,2
13861,1
13862,1
13863,1
13864,2
13865,1
13866,2
13867,0
13868,0
13869,1
13870,1
13871,2
13872,2
13873,0
13874,0
13875,2
13876,2
13877,0
13878,1
13879,2
13880,0
13881,2
13882,0
13883,1
13884,1
13885,2
13886,1
13887,0
13888,1
13889,2
13890,2
13891,2
13892,1
13893,2
13894,0
13895,2
13896,2
13897,2
13898,1
13899,1
13900,2
13901,1
13902,1
13903,2
13904,1
13905,2
13906,0
13907,1
13908,1
13909,2
13910,1
13911,1
13912,0
13913,2
13914,2
13915,1
13916,1
13917,1
13918,1
13919,2
13920,2
13921,2
13922,2
13923,2
13924,2
13925,1
13926,2
13927,1
13928,1
13929,1
13930,2
13931,2
13932,1
13933,2
13934,1
13935,1
13936,2
13937,1
13938,1
13939,1
13940,1
13941,0
13942,2
13943,2
13944,1
13945,1
13946,2
13947,1
13948,0
13949,1
13950,2
13951,1
13952,1
13953,1
13954,2
13955,1
13956,0
13957,0
13958,2
13959,1
13960,2
13961,1
13962,2
13963,2
13964,2
13965,2
13966,2
13967,2
13968,2
13969,2
13970,1
13971,2
13972,2
13973,2
13974,2
13975,2
13976,1
13977,2
13978,1
13979,1
13980,1
13981,2
13982,0
13983,2
13984,0
13985,2
13986,0
13987,2
13988,2
13989,1
13990,2
13991,1
13992,2
13993,2
13994,2
13995,2
13996,2
13997,1
13998,2
13999,2
14000,1
14001,1
14002,1
14003,0
14004,1
14005,0
14006,2
14007,2
14008,2
14009,1
14010,2
14011,0
14012,1
14013,1
14014,1
14015,1
14016,0
14017,1
14018,1
14019,0
14020,1
14021,0
14022,1
14023,2
14024,2
14025,0
14026,2
14027,1
14028,1
14029,0
14030,1
14031,0
14032,1
14033,2
14034,2
14035,1
14036,2
14037,1
14038,1
14039,0
14040,1
14041,2
14042,2
14043,2
14044,1
14045,1
14046,2
14047,1
14048,2
14049,1
14050,1
14051,1
14052,1
14053,1
14054,0
14055,1
14056,1
14057,2
14058,1
14059,2
14060,2
14061,1
14062,1
14063,2
14064,1
14065,1
14066,2
14067,1
14068,1
14069,0
14070,1
14071,1
14072,1
14073,1
14074,1
14075,0
14076,1
14077,0
14078,1
14079,1
14080,1
14081,1
14082,1
14083,1
14084,2
14085,2
14086,1
14087,1
14088,2
14089,2
14090,0
14091,2
14092,2
14093,1
14094,1
14095,1
14096,2
14097,2
14098,0
14099,2
14100,0
14101,0
14102,0
14103,0
14104,2
14105,2
14106,0
14107,1
14108,0
14109,1
14110,1
14111,2
14112,0
14113,1
14114,1
14115,0
14116,2
14117,0
14118,1
14119,2
14120,1
14121,2
14122,2
14123,2
14124,1
14125,1
14126,2
14127,0
14128,2
14129,2
14130,0
14131,2
14132,2
14133,2
14134,0
14135,2
14136,1
14137,2
14138,2
14139,1
14140,0
14141,2
14142,1
14143,1
14144,2
14145,0
14146,2
14147,2
14148,2
14149,2
14150,1
14151,2
14152,1
14153,1
14154,2
14155,1
14156,1
14157,0
14158,1
14159,0
14160,2
14161,2
14162,2
14163,2
14164,2
14165,2
14166,1
14167,2
14168,2
14169,2
14170,1
14171,1
14172,0
14173,1
14174,2
14175,0
14176,1
14177,1
14178,1
14179,0
14180,1
14181,1
14182,2
14183,1
14184,2
14185,0
14186,1
14187,2
14188,1
14189,1
14190,1
14191,2
14192,1
14193,1
14194,1
14195,1
14196,1
14197,2
14198,2
14199,2
14200,2
14201,1
14202,2
14203,1
14204,2
14205,2
14206,2
14207,0
14208,1
14209,2
14210,0
14211,2
14212,1
14213,2
14214,1
14215,2
14216,0
14217,1
14218,1
14219,1
14220,1
14221,2
14222,2
14223,1
14224,2
14225,1
14226,1
14227,1
14228,0
14229,2
14230,0
14231,2
14232,1
14233,2
14234,1
14235,2
14236,1
14237,2
14238,0
14239,1
14240,1
14241,2
14242,1
14243,2
14244,2
14245,1
14246,2
14247,2
14248,0
14249,0
14250,1
14251,1
14252,1
14253,1
14254,1
14255,2
14256,0
14257,0
14258,0
14259,1
14260,1
14261,2
14262,1
14263,1
14264,1
14265,1
14266,1
14267,1
14268,1
14269,2
14270,1
14271,1
14272,1
14273,1
14274,1
14275,1
14276,1
14277,2
14278,1
14279,1
14280,2
14281,0
14282,1
14283,1
14284,2
14285,1
14286,2
14287,2
14288,2
14289,0
14290,2
14291,0
14292,2
14293,1
14294,0
14295,1
14296,1
14297,2
14298,2
14299,1
14300,0
14301,2
14302,1
14303,0
14304,2
14305,2
14306,2
14307,0
14308,2
14309,2
14310,0
14311,1
14312,2
14313,0
14314,2
14315,1
14316,1
14317,2
14318,1
14319,1
14320,1
14321,0
14322,0
14323,1
14324,1
14325,0
14326,1
14327,1
14328,2
14329,1
14330,1
14331,1
14332,0
14333,2
14334,2
14335,2
14336,2
14337,2
14338,2
14339,0
14340,2
14341,2
14342,1
14343,2
14344,0
14345,1
14346,0
14347,1
14348,2
14349,1
14350,0
14351,0
14352,1
14353,2
14354,1
14355,2
14356,0
14357,0
14358,0
14359,2
14360,1
14361,2
14362,1
14363,0
14364,1
14365,1
14366,2
14367,1
14368,2
14369,2
14370,2
14371,1
14372,2
14373,0
14374,1
14375,1
14376,1
14377,1
14378,1
14379,1
14380,2
14381,1
14382,1
14383,1
14384,1
14385,1
14386,0
14387,0
14388,0
14389,2
14390,2
14391,2
14392,1
14393,1
14394,2
14395,1
14396,2
14397,2
14398,1
14399,1
14400,2
14401,2
14402,2
14403,2
14404,1
14405,2
14406,1
14407,1
14408,1
14409,1
14410,1
14411,1
14412,1
14413,0
14414,2
14415,1
14416,2
14417,1
14418,1
14419,1
14420,1
14421,0
14422,2
14423,2
14424,1
14425,2
14426,2
14427,2
14428,1
14429,1
14430,2
14431,1
14432,0
14433,1
14434,0
14435,2
14436,1
14437,2
14438,2
14439,2
14440,0
14441,0
14442,1
14443,0
14444,1
14445,1
14446,1
14447,1
14448,0
14449,1
14450,1
14451,1
14452,2
14453,1
14454,1
14455,1
14456,0
14457,2
14458,2
14459,0
14460,2
14461,2
14462,1
14463,2
14464,2
14465,1
14466,1
14467,2
14468,2
14469,2
14470,2
14471,0
14472,2
14473,2
14474,2
14475,0
14476,2
14477,2
14478,0
14479,2
14480,2
14481,1
14482,1
14483,2
14484,2
14485,2
14486,1
14487,1
14488,1
14489,0
14490,2
14491,2
14492,1
14493,1
14494,0
14495,1
14496,2
14497,2
14498,2
14499,2
14500,1
14501,2
14502,1
14503,2
14504,2
14505,1
14506,1
14507,0
14508,0
14509,0
14510,2
14511,2
14512,1
14513,0
14514,1
14515,1
14516,2
14517,0
14518,2
14519,2
14520,1
14521,1
14522,2
14523,1
14524,2
14525,2
14526,1
14527,1
14528,1
14529,1
14530,2
14531,0
14532,0
14533,0
14534,2
14535,1
14536,0
14537,1
14538,2
14539,1
14540,0
14541,1
14542,1
14543,2
14544,0
14545,2
14546,1
14547,1
14548,1
14549,0
14550,2
14551,0
14552,2
14553,2
14554,2
14555,1
14556,1
14557,2
14558,2
14559,2
14560,2
14561,1
14562,2
14563,1
14564,1
14565,2
14566,2
14567,1
14568,1
14569,1
14570,1
14571,1
14572,1
14573,2
14574,0
14575,0
14576,0
14577,1
14578,0
14579,2
14580,2
14581,1
14582,2
14583,1
14584,0
14585,2
14586,2
14587,2
14588,2
14589,1
14590,1
14591,2
14592,2
14593,0
14594,1
14595,2
14596,0
14597,1
14598,1
14599,1
14600,2
14601,2
14602,0
14603,2
14604,2
14605,1
14606,0
14607,1
14608,1
14609,1
14610,1
14611,1
14612,2
14613,0
14614,1
14615,2
14616,2
14617,2
14618,1
14619,0
14620,2
14621,0
14622,1
14623,1
14624,1
14625,2
14626,2
14627,1
14628,1
14629,1
14630,1
14631,2
14632,2
14633,2
14634,1
14635,1
14636,2
14637,2
14638,1
14639,1
14640,1
14641,1
14642,2
14643,1
14644,1
14645,2
14646,2
14647,1
14648,1
14649,2
14650,2
14651,1
14652,2
14653,1
14654,1
14655,1
14656,1
14657,2
14658,1
14659,0
14660,2
14661,1
14662,1
14663,1
14664,2
14665,2
14666,2
14667,1
14668,2
14669,1
14670,1
14671,2
14672,2
14673,1
14674,1
14675,1
14676,0
14677,1
14678,1
14679,1
14680,1
14681,1
14682,0
14683,2
14684,2
14685,1
14686,1
14687,2
14688,2
14689,2
14690,0
14691,2
14692,1
14693,1
14694,1
14695,2
14696,1
14697,2
14698,2
14699,1
14700,2
14701,1
14702,2
14703,1
14704,0
14705,1
14706,2
14707,1
14708,1
14709,1
14710,1
14711,1
14712,0
14713,1
14714,2
14715,2
14716,1
14717,1
14718,1
14719,1
14720,1
14721,2
14722,0
14723,1
14724,1
14725,1
14726,1
14727,1
14728,1
14729,2
14730,1
14731,2
14732,2
14733,1
14734,0
14735,1
14736,1
14737,1
14738,1
14739,1
14740,0
14741,0
14742,2
14743,1
14744,1
14745,1
14746,2
14747,2
14748,1
14749,2
14750,1
14751,2
14752,1
14753,2
14754,0
14755,2
14756,2
14757,0
14758,0
14759,2
14760,1
14761,0
14762,2
14763,2
14764,1
14765,1
14766,2
14767,0
14768,2
14769,1
14770,0
14771,0
14772,1
14773,0
14774,0
14775,2
14776,2
14777,2
14778,1
14779,2
14780,2
14781,1
14782,1
14783,2
14784,1
14785,1
14786,2
14787,1
14788,0
14789,1
14790,1
14791,2
14792,2
14793,1
14794,2
14795,0
14796,1
14797,2
14798,2
14799,1
14800,2
14801,2
14802,2
14803,0
14804,2
14805,2
14806,2
14807,1
14808,2
14809,2
14810,2
14811,0
14812,2
14813,2
14814,2
14815,2
14816,2
14817,2
14818,0
14819,1
14820,1
14821,1
14822,1
14823,0
14824,2
14825,1
14826,0
14827,2
14828,2
14829,1
14830,0
14831,0
14832,1
14833,2
14834,1
14835,1
14836,2
14837,1
14838,1
14839,0
14840,1
14841,2
14842,1
14843,0
14844,1
14845,1
14846,2
14847,1
14848,1
14849,1
14850,0
14851,1
14852,0
14853,2
14854,2
14855,1
14856,2
14857,2
14858,2
14859,0
14860,1
14861,2
14862,1
14863,1
14864,1
14865,1
14866,1
14867,1
14868,1
14869,1
14870,1
14871,1
14872,1
14873,1
14874,1
14875,0
14876,1
14877,1
14878,1
14879,1
14880,1
14881,2
14882,1
14883,2
14884,1
14885,2
14886,1
14887,2
14888,1
14889,1
14890,1
14891,1
14892,1
14893,1
14894,1
14895,2
14896,1
14897,1
14898,2
14899,1
14900,1
14901,1
14902,0
14903,1
14904,1
14905,2
14906,1
14907,1
14908,2
14909,1
14910,1
14911,1
14912,1
14913,2
14914,2
14915,1
14916,0
14917,2
14918,1
14919,1
14920,1
14921,2
14922,2
14923,2
14924,2
14925,1
14926,1
14927,1
14928,0
14929,1
14930,1
14931,1
14932,1
14933,1
14934,1
14935,0
14936,0
14937,1
14938,1
14939,1
14940,1
14941,0
14942,2
14943,1
14944,2
14945,0
14946,1
14947,2
14948,1
14949,0
14950,1
14951,1
14952,1
14953,1
14954,1
14955,1
14956,2
14957,2
14958,2
14959,2
14960,1
14961,2
14962,1
14963,2
14964,1
14965,1
14966,1
14967,0
14968,2
14969,1
14970,1
14971,2
14972,1
14973,0
14974,1
14975,2
14976,1
14977,1
14978,1
14979,0
14980,1
14981,1
14982,1
14983,2
14984,0
14985,1
14986,1
14987,1
14988,1
14989,1
14990,1
14991,2
14992,2
14993,2
14994,2
14995,2
14996,1
14997,0
14998,2
14999,1
15000,1
15001,1
15002,1
15003,1
15004,2
15005,1
15006,0
15007,1
15008,2
15009,0
15010,1
15011,1
15012,1
15013,0
15014,0
15015,1
15016,1
15017,1
15018,0
15019,2
15020,1
15021,0
15022,0
15023,2
15024,2
15025,2
15026,2
15027,0
15028,2
15029,1
15030,1
15031,0
15032,2
15033,1
15034,0
15035,0
15036,2
15037,2
15038,1
15039,2
15040,2
15041,1
15042,2
15043,2
15044,1
15045,2
15046,1
15047,1
15048,1
15049,1
15050,1
15051,1
15052,1
15053,2
15054,0
15055,1
15056,1
15057,0
15058,0
15059,0
15060,1
15061,2
15062,2
15063,2
15064,1
15065,2
15066,1
15067,1
15068,1
15069,1
15070,1
15071,1
15072,2
15073,0
15074,2
15075,2
15076,2
15077,1
15078,2
15079,2
15080,2
15081,1
15082,0
15083,1
15084,1
15085,0
15086,0
15087,1
15088,2
15089,2
15090,1
15091,0
15092,1
15093,1
15094,0
15095,0
15096,2
15097,1
15098,1
15099,1
15100,0
15101,0
15102,0
15103,0
15104,0
15105,0
15106,1
15107,1
15108,1
15109,1
15110,0
15111,0
15112,0
15113,0
15114,0
15115,1
15116,0
15117,1
15118,1
15119,1
15120,2
15121,2
15122,0
15123,2
15124,1
15125,1
15126,0
15127,2
15128,1
15129,1
15130,1
15131,1
15132,1
15133,1
15134,1
15135,2
15136,1
15137,2
15138,2
15139,1
15140,1
15141,1
15142,2
15143,0
15144,1
15145,2
15146,1
15147,1
15148,0
15149,0
15150,2
15151,1
15152,1
15153,1
15154,2
15155,1
15156,2
15157,2
15158,2
15159,1
15160,1
15161,2
15162,0
15163,1
15164,1
15165,0
15166,1
15167,2
15168,1
15169,0
15170,2
15171,1
15172,2
15173,1
15174,2
15175,0
15176,1
15177,2
15178,1
15179,0
15180,1
15181,1
15182,1
15183,0
15184,2
15185,2
15186,0
15187,2
15188,1
15189,1
15190,2
15191,0
15192,2
15193,2
15194,0
15195,1
15196,1
15197,0
15198,1
15199,1
15200,1
15201,1
15202,1
15203,2
15204,1
15205,0
15206,0
15207,0
15208,1
15209,1
15210,0
15211,1
15212,0
15213,1
15214,1
15215,1
15216,1
15217,0
15218,1
15219,0
15220,1
15221,0
15222,1
15223,1
15224,1
15225,1
15226,0
15227,1
15228,2
15229,2
15230,2
15231,1
15232,2
15233,2
15234,1
15235,2
15236,1
15237,1
15238,1
15239,2
15240,1
15241,1
15242,1
15243,2
15244,2
15245,2
15246,2
15247,1
15248,1
15249,2
15250,1
15251,0
15252,2
15253,2
15254,0
15255,1
15256,2
15257,2
15258,1
15259,1
15260,2
15261,2
15262,1
15263,2
15264,1
15265,0
15266,2
15267,1
15268,2
15269,2
15270,2
15271,1
15272,0
15273,1
15274,1
15275,2
15276,1
15277,0
15278,1
15279,1
15280,1
15281,2
15282,0
15283,1
15284,2
15285,2
15286,1
15287,2
15288,0
15289,1
15290,1
15291,1
15292,2
15293,2
15294,2
15295,0
15296,1
15297,2
15298,0
15299,1
15300,1
15301,1
15302,0
15303,1
15304,1
15305,1
15306,1
15307,2
15308,2
15309,2
15310,1
15311,0
15312,1
15313,2
15314,1
15315,2
15316,1
15317,0
15318,2
15319,1
15320,2
15321,1
15322,1
15323,2
15324,1
15325,1
15326,2
15327,1
15328,1
15329,1
15330,2
15331,1
15332,1
15333,2
15334,1
15335,2
15336,1
15337,2
15338,1
15339,2
15340,1
15341,1
15342,1
15343,1
15344,0
15345,1
15346,1
15347,1
15348,1
15349,1
15350,1
15351,1
15352,1
15353,2
15354,1
15355,0
15356,2
15357,1
15358,0
15359,1
15360,1
15361,1
15362,1
15363,1
15364,0
15365,0
15366,2
15367,2
15368,2
15369,1
15370,0
15371,1
15372,2
15373,2
15374,1
15375,2
15376,2
15377,2
15378,2
15379,2
15380,1
15381,1
15382,0
15383,1
15384,2
15385,1
15386,1
15387,1
15388,1
15389,1
15390,2
15391,1
15392,2
15393,2
15394,1
15395,2
15396,1
15397,1
15398,1
15399,2
15400,2
15401,0
15402,1
15403,0
15404,1
15405,1
15406,1
15407,2
15408,1
15409,2
15410,2
15411,1
15412,1
15413,2
15414,2
15415,1
15416,1
15417,2
15418,1
15419,1
15420,2
15421,1
15422,0
15423,1
15424,1
15425,1
15426,1
15427,2
15428,1
15429,2
15430,2
15431,1
15432,1
15433,1
15434,2
15435,1
15436,1
15437,2
15438,1
15439,2
15440,1
15441,2
15442,0
15443,1
15444,1
15445,1
15446,2
15447,2
15448,2
15449,1
15450,2
15451,0
15452,0
15453,1
15454,2
15455,1
15456,1
15457,2
15458,1
15459,0
15460,0
15461,2
15462,1
15463,0
15464,1
15465,1
15466,0
15467,0
15468,1
15469,1
15470,1
15471,1
15472,1
15473,1
15474,1
15475,2
15476,1
15477,1
15478,1
15479,2
15480,1
15481,1
15482,1
15483,1
15484,2
15485,1
15486,2
15487,1
15488,1
15489,0
15490,1
15491,1
15492,1
15493,1
15494,1
15495,2
15496,1
15497,1
15498,1
15499,1
15500,0
15501,2
15502,1
15503,1
15504,2
15505,1
15506,2
15507,1
15508,1
15509,1
15510,2
15511,1
15512,1
15513,2
15514,2
15515,2
15516,0
15517,1
15518,1
15519,1
15520,1
15521,1
15522,2
15523,1
15524,1
15525,1
15526,2
15527,1
15528,2
15529,1
15530,2
15531,1
15532,1
15533,1
15534,1
15535,1
15536,1
15537,1
15538,1
15539,1
15540,1
15541,1
15542,2
15543,2
15544,2
15545,1
15546,1
15547,1
15548,1
15549,1
15550,1
15551,1
15552,2
15553,2
15554,1
15555,1
15556,1
15557,1
15558,2
15559,2
15560,1
15561,2
15562,2
15563,1
15564,1
15565,2
15566,2
15567,1
15568,2
15569,1
15570,0
15571,0
15572,2
15573,2
15574,2
15575,1
15576,1
15577,1
15578,1
15579,1
15580,1
15581,1
15582,2
15583,1
15584,1
15585,2
15586,1
15587,1
15588,1
15589,1
15590,1
15591,2
15592,1
15593,1
15594,2
15595,0
15596,1
15597,2
15598,1
15599,0
15600,1
15601,0
15602,1
15603,2
15604,0
15605,1
15606,2
15607,1
15608,1
15609,1
15610,2
15611,1
15612,2
15613,1
15614,1
15615,2
15616,1
15617,1
15618,1
15619,1
15620,1
15621,1
15622,1
15623,1
15624,1
15625,1
15626,1
15627,1
15628,1
15629,1
15630,1
15631,0
15632,1
15633,2
15634,2
15635,0
15636,1
15637,2
15638,1
15639,1
15640,1
15641,0
15642,1
15643,2
15644,2
15645,2
15646,1
15647,0
15648,1
15649,1
15650,2
15651,2
15652,1
15653,1
15654,1
15655,1
15656,0
15657,1
15658,1
15659,0
15660,1
15661,0
15662,2
15663,1
15664,1
15665,0
15666,1
15667,1
15668,1
15669,0
15670,0
15671,1
15672,0
15673,1
15674,1
15675,0
15676,1
15677,1
15678,2
15679,0
15680,1
15681,0
15682,1
15683,1
15684,2
15685,2
15686,2
15687,1
15688,2
15689,1
15690,1
15691,1
15692,1
15693,1
15694,1
15695,1
15696,2
15697,1
15698,1
15699,1
15700,2
15701,0
15702,1
15703,1
15704,0
15705,1
15706,2
15707,1
15708,1
15709,2
15710,2
15711,2
15712,0
15713,0
15714,1
15715,1
15716,0
15717,1
15718,2
15719,1
15720,1
15721,0
15722,1
15723,0
15724,1
15725,1
15726,1
15727,0
15728,0
15729,0
15730,0
15731,2
15732,1
15733,1
15734,2
15735,0
15736,1
15737,2
15738,1
15739,0
15740,1
15741,0
15742,1
15743,1
15744,1
15745,0
15746,0
15747,1
15748,1
15749,1
15750,1
15751,1
15752,1
15753,1
15754,2
15755,1
15756,1
15757,1
15758,0
15759,1
15760,1
15761,0
15762,1
15763,1
15764,0
15765,1
15766,2
15767,1
15768,1
15769,1
15770,1
15771,0
15772,1
15773,1
15774,1
15775,1
15776,1
15777,2
15778,1
15779,2
15780,1
15781,1
15782,1
15783,1
15784,1
15785,1
15786,1
15787,2
15788,0
15789,1
15790,0
15791,1
15792,1
15793,1
15794,1
15795,2
15796,1
15797,1
15798,1
15799,1
15800,1
15801,0
15802,1
15803,0
15804,1
15805,1
15806,1
15807,1
15808,2
15809,1
15810,0
15811,1
15812,1
15813,1
15814,1
15815,1
15816,0
15817,1
15818,0
15819,1
15820,1
15821,2
15822,1
15823,0
15824,0
15825,1
15826,1
15827,0
15828,0
15829,1
15830,1
15831,1
15832,0
15833,0
15834,1
15835,2
15836,1
15837,1
15838,1
15839,1
15840,1
15841,1
15842,1
15843,2
15844,1
15845,1
15846,1
15847,1
15848,0
15849,0
15850,0
15851,1
15852,1
15853,2
15854,0
15855,1
15856,1
15857,1
15858,2
15859,2
15860,1
15861,1
15862,1
15863,1
15864,2
15865,2
15866,0
15867,2
15868,2
15869,2
15870,1
15871,2
15872,1
15873,0
15874,0
15875,1
15876,1
15877,2
15878,1
15879,0
15880,0
15881,1
15882,2
15883,1
15884,0
15885,2
15886,1
15887,1
15888,0
15889,1
15890,0
15891,2
15892,1
15893,2
15894,1
15895,1
15896,0
15897,1
15898,1
15899,1
15900,1
15901,1
15902,2
15903,2
15904,2
15905,2
15906,2
15907,0
15908,1
15909,0
15910,1
15911,1
15912,0
15913,1
15914,1
15915,1
15916,1
15917,2
15918,2
15919,1
15920,1
15921,1
15922,1
15923,0
15924,2
15925,0
15926,2
15927,1
15928,0
15929,1
15930,1
15931,1
15932,1
15933,2
15934,1
15935,2
15936,1
15937,1
15938,1
15939,1
15940,2
15941,2
15942,1
15943,1
15944,0
15945,1
15946,0
15947,1
15948,1
15949,1
15950,0
15951,1
15952,1
15953,1
15954,2
15955,1
15956,0
15957,0
15958,2
15959,1
15960,2
15961,2
15962,1
15963,1
15964,0
15965,1
15966,1
15967,1
15968,1
15969,2
15970,1
15971,1
15972,0
15973,1
15974,1
15975,1
15976,1
15977,2
15978,0
15979,0
15980,0
15981,1
15982,0
15983,1
15984,0
15985,1
15986,2
15987,1
15988,1
15989,1
15990,1
15991,1
15992,1
15993,1
15994,0
15995,1
15996,1
15997,0
15998,1
15999,0
16000,0
16001,1
16002,0
16003,0
16004,1
16005,1
16006,2
16007,1
16008,1
16009,1
16010,2
16011,0
16012,1
16013,1
16014,1
16015,1
16016,1
16017,1
16018,2
16019,1
16020,2
16021,1
16022,1
16023,0
16024,2
16025,2
16026,1
16027,0
16028,2
16029,1
16030,2
16031,2
16032,1
16033,0
16034,2
16035,1
16036,2
16037,1
16038,0
16039,1
16040,2
16041,0
16042,2
16043,2
16044,1
16045,2
16046,1
16047,2
16048,2
16049,0
16050,2
16051,2
16052,2
16053,1
16054,0
16055,1
16056,2
16057,1
16058,1
16059,2
16060,2
16061,0
16062,2
16063,1
16064,2
16065,0
16066,2
16067,1
16068,2
16069,1
16070,2
16071,1
16072,1
16073,1
16074,0
16075,1
16076,1
16077,2
16078,1
16079,0
16080,0
16081,0
16082,0
16083,1
16084,0
16085,1
16086,1
16087,1
16088,1
16089,2
16090,0
16091,2
16092,2
16093,1
16094,1
16095,1
16096,2
16097,2
16098,1
16099,1
16100,2
16101,2
16102,1
16103,1
16104,0
16105,0
16106,1
16107,0
16108,2
16109,0
16110,1
16111,0
16112,0
16113,0
16114,0
16115,1
16116,2
16117,0
16118,0
16119,1
16120,0
16121,0
16122,0
16123,1
16124,1
16125,0
16126,2
16127,0
16128,1
16129,2
16130,1
16131,1
16132,0
16133,1
16134,1
16135,1
16136,0
16137,2
16138,0
16139,1
16140,2
16141,0
16142,1
16143,1
16144,0
16145,0
16146,0
16147,0
16148,1
16149,0
16150,2
16151,2
16152,0
16153,0
16154,1
16155,0
16156,0
16157,1
16158,0
16159,0
16160,0
16161,0
16162,0
16163,0
16164,2
16165,0
16166,1
16167,1
16168,1
16169,1
16170,1
16171,2
16172,0
16173,1
16174,0
16175,1
16176,2
16177,1
16178,1
16179,1
16180,1
16181,1
16182,0
16183,0
16184,1
16185,1
16186,1
16187,2
16188,2
16189,0
16190,1
16191,2
16192,2
16193,1
16194,1
16195,1
16196,1
16197,1
16198,1
16199,1
16200,1
16201,0
16202,1
16203,2
16204,2
16205,2
16206,1
16207,2
16208,1
16209,1
16210,1
16211,1
16212,2
16213,2
16214,1
16215,2
16216,2
16217,1
16218,1
16219,1
16220,0
16221,0
16222,1
16223,2
16224,2
16225,1
16226,2
16227,1
16228,1
16229,1
16230,1
16231,2
16232,1
16233,1
16234,2
16235,2
16236,2
16237,1
16238,1
16239,2
16240,1
16241,1
16242,1
16243,1
16244,1
16245,1
16246,1
16247,1
16248,1
16249,1
16250,1
16251,1
16252,2
16253,2
16254,2
16255,2
16256,2
16257,1
16258,1
16259,2
16260,1
16261,2
16262,1
16263,1
16264,1
16265,0
16266,2
16267,1
16268,1
16269,1
16270,1
16271,1
16272,0
16273,1
16274,1
16275,2
16276,0
16277,1
16278,1
16279,1
16280,2
16281,0
16282,1
16283,2
16284,2
16285,1
16286,2
16287,0
16288,1
16289,1
16290,2
16291,1
16292,2
16293,2
16294,1
16295,1
16296,0
16297,2
16298,2
16299,2
16300,1
16301,2
16302,1
16303,0
16304,1
16305,0
16306,1
16307,1
16308,1
16309,2
16310,1
16311,0
16312,1
16313,0
16314,1
16315,1
16316,2
16317,2
16318,2
16319,0
16320,1
16321,0
16322,2
16323,0
16324,1
16325,2
16326,1
16327,1
16328,1
16329,2
16330,2
16331,2
16332,1
16333,1
16334,2
16335,2
16336,0
16337,1
16338,2
16339,1
16340,0
16341,1
16342,1
16343,2
16344,1
16345,0
16346,2
16347,1
16348,1
16349,0
16350,2
16351,1
16352,1
16353,1
16354,0
16355,0
16356,1
16357,0
16358,1
16359,1
16360,1
16361,0
16362,1
16363,1
16364,1
16365,1
16366,2
16367,0
16368,1
16369,0
16370,0
16371,0
16372,1
16373,0
16374,0
16375,0
16376,1
16377,0
16378,1
16379,1
16380,2
16381,1
16382,2
16383,0
16384,1
16385,0
16386,2
16387,1
16388,0
16389,1
16390,1
16391,0
16392,2
16393,1
16394,0
16395,2
16396,1
16397,1
16398,2
16399,0
16400,1
16401,1
16402,0
16403,0
16404,1
16405,0
16406,0
16407,0
16408,1
16409,1
16410,1
16411,2
16412,0
16413,1
16414,2
16415,0
16416,1
16417,1
16418,1
16419,2
16420,0
16421,1
16422,1
16423,2
16424,1
16425,1
16426,2
16427,1
16428,1
16429,1
16430,1
16431,1
16432,1
16433,0
16434,1
16435,0
16436,1
16437,2
16438,1
16439,1
16440,0
16441,1
16442,1
16443,1
16444,1
16445,0
16446,0
16447,1
16448,0
16449,0
16450,2
16451,0
16452,1
16453,2
16454,1
16455,1
16456,1
16457,1
16458,2
16459,1
16460,1
16461,0
16462,0
16463,2
16464,1
16465,1
16466,2
16467,1
16468,1
16469,1
16470,1
16471,1
16472,1
16473,1
16474,2
16475,1
16476,0
16477,1
16478,2
16479,1
16480,1
16481,0
16482,1
16483,1
16484,2
16485,0
16486,1
16487,1
16488,0
16489,1
16490,1
16491,0
16492,0
16493,1
16494,1
16495,1
16496,1
16497,1
16498,2
16499,1
16500,2
16501,1
16502,0
16503,1
16504,1
16505,2
16506,2
16507,0
16508,2
16509,1
16510,2
16511,2
16512,1
16513,0
16514,1
16515,2
16516,1
16517,2
16518,1
16519,0
16520,2
16521,1
16522,1
16523,1
16524,2
16525,1
16526,1
16527,2
16528,2
16529,2
16530,0
16531,2
16532,2
16533,2
16534,2
16535,0
16536,1
16537,2
16538,1
16539,1
16540,1
16541,0
16542,1
16543,2
16544,1
16545,2
16546,0
16547,1
16548,1
16549,1
16550,1
16551,0
16552,1
16553,2
16554,1
16555,1
16556,1
16557,1
16558,1
16559,2
16560,1
16561,2
16562,1
16563,2
16564,2
16565,1
16566,0
16567,2
16568,2
16569,0
16570,1
16571,0
16572,0
16573,2
16574,0
16575,2
16576,2
16577,1
16578,0
16579,1
16580,1
16581,0
16582,1
16583,1
16584,2
16585,0
16586,1
16587,2
16588,0
16589,1
16590,1
16591,1
16592,1
16593,1
16594,0
16595,0
16596,1
16597,2
16598,1
16599,1
16600,0
16601,0
16602,2
16603,1
16604,1
16605,0
16606,0
16607,0
16608,2
16609,0
16610,2
16611,0
16612,1
16613,1
16614,0
16615,0
16616,2
16617,1
16618,1
16619,0
16620,1
16621,0
16622,1
16623,0
16624,2
16625,1
16626,0
16627,0
16628,1
16629,0
16630,2
16631,1
16632,2
16633,2
16634,2
16635,1
16636,0
16637,2
16638,0
16639,0
16640,2
16641,1
16642,1
16643,0
16644,2
16645,1
16646,2
16647,0
16648,0
16649,2
16650,2
16651,0
16652,1
16653,2
16654,2
16655,2
16656,2
16657,0
16658,1
16659,1
16660,2
16661,1
16662,1
16663,0
16664,1
16665,1
16666,2
16667,1
16668,1
16669,1
16670,0
16671,2
16672,1
16673,2
16674,0
16675,2
16676,1
16677,2
16678,1
16679,1
16680,2
16681,2
16682,1
16683,2
16684,2
16685,1
16686,1
16687,2
16688,1
16689,2
16690,1
16691,2
16692,0
16693,1
16694,1
16695,2
16696,1
16697,1
16698,2
16699,0
16700,2
16701,1
16702,1
16703,2
16704,1
16705,2
16706,1
16707,1
16708,1
16709,0
16710,2
16711,1
16712,1
16713,1
16714,1
16715,1
16716,1
16717,0
16718,1
16719,1
16720,0
16721,1
16722,0
16723,1
16724,1
16725,1
16726,0
16727,2
16728,2
16729,2
16730,1
16731,1
16732,1
16733,1
16734,2
16735,1
16736,1
16737,2
16738,1
16739,1
16740,1
16741,1
16742,1
16743,1
16744,1
16745,1
16746,1
16747,2
16748,2
16749,1
16750,1
16751,2
16752,2
16753,2
16754,1
16755,1
16756,1
16757,1
16758,1
16759,2
16760,2
16761,1
16762,1
16763,1
16764,1
16765,1
16766,1
16767,1
16768,2
16769,0
16770,1
16771,0
16772,2
16773,1
16774,1
16775,1
16776,1
16777,1
16778,2
16779,2
16780,1
16781,2
16782,1
16783,0
16784,1
16785,1
16786,1
16787,2
16788,1
16789,1
16790,2
16791,1
16792,1
16793,1
16794,1
16795,2
16796,2
16797,0
16798,1
16799,2
16800,0
16801,2
16802,1
16803,0
16804,1
16805,1
16806,1
16807,1
16808,2
16809,2
16810,1
16811,2
16812,2
16813,2
16814,2
16815,2
16816,1
16817,1
16818,0
16819,1
16820,1
16821,1
16822,1
16823,1
16824,1
16825,0
16826,0
16827,0
16828,2
16829,2
16830,2
16831,0
16832,0
16833,1
16834,1
16835,2
16836,1
16837,2
16838,1
16839,1
16840,1
16841,2
16842,2
16843,2
16844,0
16845,1
16846,1
16847,2
16848,2
16849,2
16850,0
16851,1
16852,2
16853,1
16854,0
16855,2
16856,1
16857,1
16858,1
16859,2
16860,1
16861,2
16862,2
16863,2
16864,1
16865,1
16866,1
16867,1
16868,0
16869,2
16870,2
16871,2
16872,1
16873,1
16874,1
16875,0
16876,1
16877,0
16878,1
16879,1
16880,1
16881,1
16882,1
16883,2
16884,2
16885,1
16886,1
16887,1
16888,0
16889,1
16890,2
16891,2
16892,1
16893,1
16894,1
16895,0
16896,1
16897,0
16898,0
16899,0
16900,1
16901,1
16902,1
16903,1
16904,1
16905,1
16906,2
16907,1
16908,2
16909,1
16910,0
16911,0
16912,1
16913,2
16914,0
16915,0
16916,1
16917,0
16918,1
16919,0
16920,0
16921,1
16922,0
16923,1
16924,1
16925,0
16926,1
16927,0
16928,1
16929,1
16930,1
16931,0
16932,0
16933,2
16934,2
16935,2
16936,1
16937,1
16938,1
16939,1
16940,0
16941,0
16942,2
16943,2
16944,0
16945,0
16946,1
16947,1
16948,0
16949,1
16950,1
16951,2
16952,1
16953,0
16954,2
16955,1
16956,0
16957,1
16958,1
16959,0
16960,2
16961,1
16962,1
16963,1
16964,1
16965,1
16966,1
16967,2
16968,2
16969,2
16970,0
16971,0
16972,1
16973,0
16974,2
16975,0
16976,1
16977,1
16978,2
16979,1
16980,0
16981,1
16982,2
16983,1
16984,0
16985,1
16986,1
16987,1
16988,1
16989,2
16990,0
16991,1
16992,1
16993,2
16994,0
16995,1
16996,0
16997,2
16998,0
16999,2
17000,0
17001,2
17002,1
17003,2
17004,1
17005,1
17006,1
17007,1
17008,1
17009,0
17010,1
17011,1
17012,1
17013,0
17014,0
17015,0
17016,2
17017,1
17018,1
17019,1
17020,1
17021,1
17022,2
17023,2
17024,1
17025,0
17026,1
17027,1
17028,0
17029,1
17030,2
17031,0
17032,1
17033,1
17034,2
17035,1
17036,0
17037,1
17038,2
17039,1
17040,2
17041,1
17042,1
17043,1
17044,1
17045,2
17046,2
17047,1
17048,1
17049,0
17050,1
17051,2
17052,2
17053,1
17054,1
17055,2
17056,1
17057,0
17058,1
17059,1
17060,1
17061,0
17062,2
17063,1
17064,0
17065,1
17066,0
17067,1
17068,1
17069,0
17070,0
17071,1
17072,0
17073,1
17074,1
17075,1
17076,1
17077,2
17078,0
17079,1
17080,1
17081,1
17082,1
17083,1
17084,1
17085,2
17086,2
17087,1
17088,1
17089,0
17090,2
17091,2
17092,1
17093,2
17094,2
17095,1
17096,1
17097,1
17098,1
17099,1
17100,1
17101,1
17102,1
17103,2
17104,1
17105,1
17106,1
17107,1
17108,2
17109,1
17110,0
17111,0
17112,1
17113,0
17114,2
17115,1
17116,0
17117,1
17118,1
17119,2
17120,1
17121,2
17122,1
17123,0
17124,1
17125,1
17126,2
17127,1
17128,0
17129,2
17130,0
17131,2
17132,1
17133,2
17134,0
17135,2
17136,1
17137,1
17138,1
17139,0
17140,0
17141,1
17142,0
17143,1
17144,2
17145,1
17146,0
17147,1
17148,2
17149,0
17150,1
17151,1
17152,1
17153,0
17154,1
17155,1
17156,2
17157,2
17158,2
17159,2
17160,1
17161,1
17162,1
17163,2
17164,1
17165,1
17166,2
17167,1
17168,1
17169,1
17170,1
17171,1
17172,1
17173,2
17174,2
17175,0
17176,0
17177,0
17178,1
17179,1
17180,1
17181,1
17182,0
17183,1
17184,0
17185,0
17186,1
17187,1
17188,1
17189,0
17190,0
17191,1
17192,1
17193,1
17194,1
17195,1
17196,1
17197,1
17198,1
17199,1
17200,0
17201,0
17202,1
17203,1
17204,1
17205,1
17206,1
17207,1
17208,1
17209,1
17210,2
17211,1
17212,1
17213,1
17214,2
17215,2
17216,2
17217,1
17218,1
17219,0
17220,2
17221,1
17222,1
17223,2
17224,2
17225,1
17226,0
17227,1
17228,0
17229,2
17230,0
17231,0
17232,1
17233,1
17234,1
17235,1
17236,0
17237,0
17238,2
17239,1
17240,1
17241,2
17242,0
17243,0
17244,2
17245,0
17246,1
17247,2
17248,1
17249,2
17250,1
17251,0
17252,1
17253,1
17254,0
17255,1
17256,0
17257,1
17258,2
17259,1
17260,0
17261,1
17262,2
17263,1
17264,1
17265,2
17266,0
17267,1
17268,2
17269,2
17270,2
17271,2
17272,2
17273,2
17274,1
17275,2
17276,2
17277,2
17278,1
17279,1
17280,2
17281,1
17282,1
17283,2
17284,1
17285,2
17286,1
17287,1
17288,1
17289,2
17290,2
17291,2
17292,2
17293,1
17294,1
17295,2
17296,2
17297,0
17298,2
17299,2
17300,0
17301,1
17302,1
17303,2
17304,1
17305,1
17306,2
17307,2
17308,0
17309,1
17310,1
17311,1
17312,1
17313,1
17314,0
17315,1
17316,1
17317,1
17318,1
17319,1
17320,2
17321,1
17322,2
17323,1
17324,2
17325,1
17326,1
17327,2
17328,2
17329,2
17330,1
17331,2
17332,2
17333,2
17334,0
17335,2
17336,0
17337,1
17338,1
17339,2
17340,2
17341,2
17342,2
17343,2
17344,0
17345,1
17346,1
17347,1
17348,1
17349,1
17350,2
17351,2
17352,1
17353,1
17354,1
17355,2
17356,1
17357,2
17358,2
17359,2
17360,2
17361,2
17362,2
17363,2
17364,1
17365,2
17366,0
17367,2
17368,1
17369,1
17370,2
17371,1
17372,2
17373,2
17374,2
17375,1
17376,0
17377,1
17378,2
17379,2
17380,1
17381,1
17382,2
17383,0
17384,0
17385,1
17386,0
17387,1
17388,0
17389,1
17390,0
17391,2
17392,0
17393,0
17394,1
17395,1
17396,1
17397,2
17398,1
17399,0
17400,0
17401,0
17402,1
17403,0
17404,1
17405,0
17406,0
17407,0
17408,1
17409,0
17410,0
17411,0
17412,1
17413,2
17414,0
17415,0
17416,1
17417,0
17418,0
17419,0
17420,2
17421,1
17422,0
17423,0
17424,0
17425,1
17426,1
17427,0
17428,0
17429,1
17430,1
17431,0
17432,2
17433,0
17434,1
17435,1
17436,2
17437,1
17438,1
17439,0
17440,1
17441,1
17442,1
17443,0
17444,1
17445,2
17446,1
17447,2
17448,0
17449,2
17450,2
17451,2
17452,1
17453,0
17454,2
17455,1
17456,1
17457,1
17458,1
17459,1
17460,1
17461,1
17462,1
17463,1
17464,0
17465,1
17466,1
17467,1
17468,0
17469,1
17470,1
17471,1
17472,2
17473,0
17474,1
17475,1
17476,2
17477,0
17478,2
17479,1
17480,1
17481,2
17482,1
17483,1
17484,1
17485,0
17486,1
17487,0
17488,1
17489,1
17490,1
17491,1
17492,1
17493,1
17494,0
17495,1
17496,2
17497,1
17498,1
17499,2
17500,1
17501,1
17502,2
17503,1
17504,2
17505,1
17506,1
17507,2
17508,1
17509,1
17510,1
17511,1
17512,1
17513,2
17514,1
17515,1
17516,2
17517,1
17518,2
17519,1
17520,1
17521,2
17522,2
17523,2
17524,1
17525,1
17526,1
17527,0
17528,2
17529,1
17530,1
17531,0
17532,1
17533,2
17534,2
17535,2
17536,1
17537,1
17538,2
17539,1
17540,2
17541,2
17542,1
17543,2
17544,1
17545,2
17546,1
17547,1
17548,1
17549,0
17550,1
17551,1
17552,0
17553,1
17554,1
17555,1
17556,0
17557,1
17558,1
17559,1
17560,0
17561,2
17562,2
17563,0
17564,1
17565,1
17566,2
17567,1
17568,1
17569,1
17570,0
17571,0
17572,1
17573,1
17574,1
17575,2
17576,1
17577,1
17578,1
17579,2
17580,2
17581,2
17582,0
17583,1
17584,2
17585,2
17586,1
17587,1
17588,1
17589,0
17590,1
17591,2
17592,1
17593,1
17594,1
17595,0
17596,0
17597,1
17598,1
17599,1
17600,0
17601,1
17602,0
17603,0
17604,1
17605,1
17606,2
17607,2
17608,2
17609,2
17610,1
17611,0
17612,2
17613,1
17614,2
17615,2
17616,1
17617,1
17618,0
17619,1
17620,2
17621,1
17622,1
17623,1
17624,1
17625,1
17626,0
17627,1
17628,0
17629,1
17630,2
17631,0
17632,2
17633,2
17634,0
17635,1
17636,1
17637,0
17638,1
17639,2
17640,0
17641,2
17642,2
17643,0
17644,2
17645,2
17646,1
17647,1
17648,1
17649,1
17650,1
17651,1
17652,1
17653,2
17654,1
17655,1
17656,0
17657,0
17658,1
17659,1
17660,2
17661,1
17662,1
17663,0
17664,0
17665,2
17666,1
17667,1
17668,1
17669,2
17670,2
17671,0
17672,2
17673,2
17674,0
17675,1
17676,1
17677,1
17678,2
17679,1
17680,2
17681,1
17682,0
17683,1
17684,2
17685,1
17686,0
17687,1
17688,1
17689,1
17690,1
17691,2
17692,0
17693,0
17694,1
17695,1
17696,0
17697,1
17698,2
17699,1
17700,1
17701,2
17702,1
17703,0
17704,2
17705,1
17706,1
17707,0
17708,2
17709,0
17710,2
17711,2
17712,1
17713,2
17714,1
17715,0
17716,1
17717,1
17718,0
17719,2
17720,0
17721,1
17722,1
17723,2
17724,1
17725,0
17726,1
17727,2
17728,2
17729,2
17730,1
17731,0
17732,1
17733,1
17734,1
17735,2
17736,2
17737,0
17738,0
17739,2
17740,2
17741,2
17742,0
17743,1
17744,2
17745,1
17746,2
17747,2
17748,2
17749,0
17750,1
17751,2
17752,2
17753,0
17754,1
17755,2
17756,2
17757,2
17758,0
17759,2
17760,1
17761,0
17762,1
17763,1
17764,2
17765,2
17766,1
17767,1
17768,1
17769,2
17770,0
17771,2
17772,0
17773,1
17774,2
17775,2
17776,2
17777,2
17778,2
17779,2
17780,2
17781,2
17782,2
17783,2
17784,2
17785,2
17786,2
17787,2
17788,1
17789,0
17790,2
17791,2
17792,2
17793,1
17794,2
17795,2
17796,2
17797,0
17798,2
17799,2
17800,2
17801,1
17802,1
17803,2
17804,1
17805,2
17806,2
17807,1
17808,1
17809,1
17810,2
17811,1
17812,0
17813,2
17814,2
17815,1
17816,1
17817,1
17818,1
17819,0
17820,1
17821,2
17822,1
17823,2
17824,1
17825,1
17826,2
17827,1
17828,1
17829,1
17830,1
17831,1
17832,0
17833,2
17834,0
17835,1
17836,1
17837,0
17838,1
17839,1
17840,1
17841,1
17842,1
17843,2
17844,2
17845,1
17846,2
17847,2
17848,2
17849,2
17850,2
17851,0
17852,1
17853,1
17854,2
17855,1
17856,2
17857,1
17858,0
17859,1
17860,1
17861,2
17862,2
17863,0
17864,1
17865,1
17866,1
17867,1
17868,1
17869,1
17870,0
17871,0
17872,1
17873,0
17874,0
17875,0
17876,0
17877,0
17878,2
17879,1
17880,2
17881,0
17882,1
17883,0
17884,1
17885,2
17886,0
17887,0
17888,2
17889,0
17890,2
17891,0
17892,1
17893,1
17894,2
17895,2
17896,2
17897,1
17898,0
17899,0
17900,1
17901,2
17902,1
17903,2
17904,2
17905,2
17906,1
17907,0
17908,0
17909,1
17910,2
17911,2
17912,2
17913,1
17914,1
17915,0
17916,1
17917,2
17918,2
17919,1
17920,0
17921,1
17922,2
17923,2
17924,0
17925,1
17926,2
17927,1
17928,1
17929,2
17930,1
17931,0
17932,2
17933,0
17934,0
17935,1
17936,2
17937,1
17938,0
17939,0
17940,1
17941,2
17942,0
17943,0
17944,2
17945,0
17946,2
17947,1
17948,2
17949,0
17950,1
17951,1
17952,1
17953,2
17954,1
17955,1
17956,1
17957,1
17958,1
17959,1
17960,1
17961,1
17962,1
17963,1
17964,2
17965,2
17966,2
17967,1
17968,2
17969,2
17970,2
17971,1
17972,1
17973,1
17974,0
17975,2
17976,1
17977,2
17978,1
17979,2
17980,1
17981,1
17982,0
17983,2
17984,1
17985,1
17986,1
17987,2
17988,2
17989,1
17990,1
17991,2
17992,0
17993,1
17994,1
17995,2
17996,1
17997,1
17998,2
17999,2
18000,2
18001,1
18002,1
18003,1
18004,1
18005,1
18006,1
18007,2
18008,1
18009,2
18010,1
18011,1
18012,2
18013,0
18014,1
18015,2
18016,1
18017,2
18018,2
18019,1
18020,2
18021,2
18022,0
18023,1
18024,1
18025,0
18026,1
18027,0
18028,0
18029,2
18030,2
18031,0
18032,2
18033,2
18034,2
18035,1
18036,2
18037,1
18038,1
18039,2
18040,1
18041,1
18042,1
18043,1
18044,1
18045,1
18046,0
18047,1
18048,2
18049,2
18050,2
18051,1
18052,1
18053,1
18054,1
18055,1
18056,0
18057,2
18058,1
18059,1
18060,1
18061,1
18062,1
18063,1
18064,1
18065,1
18066,2
18067,1
18068,1
18069,1
18070,1
18071,2
18072,1
18073,1
18074,0
18075,0
18076,1
18077,2
18078,0
18079,0
18080,2
18081,0
18082,1
18083,1
18084,1
18085,1
18086,2
18087,1
18088,0
18089,0
18090,1
18091,1
18092,2
18093,1
18094,2
18095,2
18096,0
18097,1
18098,1
18099,1
18100,2
18101,1
18102,2
18103,1
18104,1
18105,1
18106,2
18107,2
18108,0
18109,1
18110,2
18111,2
18112,2
18113,2
18114,1
18115,1
18116,1
18117,1
18118,1
18119,1
18120,1
18121,1
18122,1
18123,2
18124,2
18125,0
18126,1
18127,1
18128,0
18129,1
18130,1
18131,2
18132,1
18133,1
18134,1
18135,2
18136,2
18137,1
18138,2
18139,1
18140,0
18141,2
18142,1
18143,1
18144,0
18145,0
18146,1
18147,2
18148,1
18149,2
18150,2
18151,1
18152,1
18153,1
18154,1
18155,1
18156,1
18157,0
18158,1
18159,2
18160,1
18161,1
18162,1
18163,2
18164,0
18165,1
18166,1
18167,1
18168,2
18169,2
18170,1
18171,1
18172,0
18173,1
18174,2
18175,0
18176,1
18177,1
18178,1
18179,1
18180,1
18181,1
18182,1
18183,1
18184,1
18185,1
18186,1
18187,1
18188,1
18189,2
18190,1
18191,2
18192,2
18193,1
18194,1
18195,2
18196,1
18197,2
18198,1
18199,0
18200,1
18201,1
18202,1
18203,2
18204,2
18205,1
18206,2
18207,0
18208,1
18209,1
18210,2
18211,1
18212,1
18213,2
18214,2
18215,2
18216,1
18217,1
18218,1
18219,2
18220,2
18221,2
18222,0
18223,1
18224,0
18225,1
18226,2
18227,2
18228,0
18229,1
18230,2
18231,2
18232,1
18233,1
18234,0
18235,2
18236,2
18237,1
18238,2
18239,1
18240,2
18241,2
18242,2
18243,2
18244,2
18245,2
18246,1
18247,2
18248,2
18249,2
18250,2
18251,2
18252,2
18253,1
18254,0
18255,0
18256,1
18257,1
18258,2
18259,2
18260,1
18261,1
18262,2
18263,0
18264,1
18265,2
18266,1
18267,2
18268,2
18269,1
18270,1
18271,2
18272,1
18273,1
18274,2
18275,1
18276,2
18277,1
18278,2
18279,0
18280,1
18281,2
18282,2
18283,1
18284,2
18285,1
18286,2
18287,2
18288,1
18289,1
18290,1
18291,2
18292,0
18293,1
18294,1
18295,1
18296,1
18297,1
18298,2
18299,1
18300,2
18301,1
18302,1
18303,1
18304,1
18305,1
18306,1
18307,0
18308,2
18309,1
18310,1
18311,2
18312,2
18313,1
18314,2
18315,2
18316,1
18317,2
18318,1
18319,2
18320,1
18321,1
18322,0
18323,1
18324,1
18325,1
18326,2
18327,1
18328,2
18329,2
18330,1
18331,2
18332,2
18333,1
18334,2
18335,2
18336,1
18337,2
18338,2
18339,2
18340,1
18341,0
18342,1
18343,2
18344,1
18345,1
18346,2
18347,2
18348,2
18349,2
18350,1
18351,1
18352,2
18353,1
18354,1
18355,1
18356,1
18357,1
18358,1
18359,1
18360,0
18361,1
18362,1
18363,1
18364,1
18365,1
18366,2
18367,1
18368,1
18369,1
18370,2
18371,1
18372,1
18373,2
18374,2
18375,1
18376,0
18377,2
18378,1
18379,1
18380,1
18381,1
18382,1
18383,1
18384,1
18385,1
18386,1
18387,2
18388,1
18389,1
18390,2
18391,1
18392,2
18393,1
18394,2
18395,2
18396,1
18397,2
18398,2
18399,2
18400,2
18401,1
18402,2
18403,1
18404,1
18405,0
18406,1
18407,1
18408,1
18409,2
18410,2
18411,2
18412,1
18413,2
18414,0
18415,2
18416,2
18417,2
18418,1
18419,2
18420,2
18421,2
18422,1
18423,1
18424,1
18425,1
18426,1
18427,1
18428,2
18429,1
18430,1
18431,0
18432,1
18433,2
18434,2
18435,1
18436,1
18437,2
18438,2
18439,2
18440,0
18441,1
18442,2
18443,2
18444,2
18445,2
18446,1
18447,1
18448,2
18449,1
18450,1
18451,1
18452,1
18453,0
18454,1
18455,2
18456,1
18457,1
18458,2
18459,1
18460,0
18461,2
18462,2
18463,2
18464,2
18465,0
18466,1
18467,1
18468,0
18469,1
18470,1
18471,2
18472,1
18473,2
18474,1
18475,1
18476,1
18477,2
18478,2
18479,1
18480,1
18481,1
18482,0
18483,2
18484,1
18485,1
18486,0
18487,2
18488,2
18489,2
18490,2
18491,2
18492,1
18493,0
18494,1
18495,2
18496,2
18497,1
18498,2
18499,1
18500,1
18501,1
18502,2
18503,1
18504,0
18505,2
18506,1
18507,2
18508,2
18509,1
18510,2
18511,1
18512,2
18513,2
18514,1
18515,2
18516,2
18517,2
18518,1
18519,1
18520,1
18521,0
18522,1
18523,2
18524,1
18525,2
18526,1
18527,1
18528,1
18529,1
18530,0
18531,2
18532,1
18533,2
18534,1
18535,2
18536,2
18537,1
18538,2
18539,1
18540,2
18541,2
18542,2
18543,2
18544,1
18545,1
18546,1
18547,2
18548,1
18549,2
18550,1
18551,2
18552,1
18553,1
18554,1
18555,1
18556,1
18557,2
18558,2
18559,2
18560,1
18561,2
18562,1
18563,0
18564,1
18565,1
18566,2
18567,1
18568,0
18569,2
18570,1
18571,2
18572,1
18573,2
18574,2
18575,1
18576,1
18577,0
18578,1
18579,1
18580,0
18581,2
18582,1
18583,2
18584,1
18585,0
18586,1
18587,2
18588,1
18589,2
18590,2
18591,1
18592,1
18593,1
18594,2
18595,2
18596,1
18597,0
18598,2
18599,2
18600,2
18601,2
18602,2
18603,2
18604,2
18605,2
18606,2
18607,2
18608,1
18609,1
18610,1
18611,0
18612,1
18613,1
18614,2
18615,1
18616,2
18617,2
18618,1
18619,1
18620,1
18621,2
18622,1
18623,2
18624,1
18625,1
18626,1
18627,1
18628,2
18629,2
18630,2
18631,2
18632,2
18633,1
18634,1
18635,1
18636,2
18637,0
18638,2
18639,0
18640,0
18641,2
18642,0
18643,0
18644,0
18645,1
18646,1
18647,2
18648,2
18649,2
18650,1
18651,1
18652,1
18653,1
18654,1
18655,1
18656,1
18657,1
18658,2
18659,0
18660,1
18661,1
18662,1
18663,1
18664,1
18665,1
18666,1
18667,2
18668,0
18669,1
18670,1
18671,1
18672,2
18673,1
18674,2
18675,1
18676,2
18677,2
18678,1
18679,2
18680,1
18681,0
18682,1
18683,0
18684,1
18685,2
18686,2
18687,1
18688,1
18689,0
18690,2
18691,2
18692,1
18693,1
18694,1
18695,1
18696,1
18697,0
18698,2
18699,0
18700,1
18701,1
18702,2
18703,2
18704,1
18705,0
18706,0
18707,2
18708,2
18709,2
18710,0
18711,0
18712,0
18713,2
18714,1
18715,0
18716,1
18717,2
18718,0
18719,1
18720,1
18721,0
18722,1
18723,1
18724,1
18725,2
18726,2
18727,2
18728,0
18729,1
18730,1
18731,1
18732,1
18733,1
18734,2
18735,0
18736,1
18737,2
18738,0
18739,1
18740,2
18741,2
18742,1
18743,0
18744,0
18745,0
18746,0
18747,1
18748,1
18749,1
18750,1
18751,2
18752,1
18753,1
18754,1
18755,2
18756,0
18757,0
18758,2
18759,1
18760,0
18761,1
18762,2
18763,1
18764,0
18765,0
18766,1
18767,1
18768,1
18769,0
18770,2
18771,1
18772,0
18773,2
18774,0
18775,0
18776,0
18777,2
18778,1
18779,1
18780,0
18781,1
18782,1
18783,2
18784,2
18785,0
18786,0
18787,1
18788,1
18789,1
18790,1
18791,0
18792,1
18793,2
18794,1
18795,0
18796,1
18797,0
18798,1
18799,0
18800,1
18801,0
18802,0
18803,1
18804,1
18805,0
18806,1
18807,1
18808,2
18809,0
18810,1
18811,2
18812,1
18813,1
18814,1
18815,1
18816,0
18817,1
18818,1
18819,2
18820,2
18821,1
18822,2
18823,2
18824,1
18825,1
18826,1
18827,1
18828,1
18829,1
18830,1
18831,1
18832,2
18833,1
18834,1
18835,1
18836,2
18837,1
18838,2
18839,1
18840,2
18841,1
18842,2
18843,1
18844,2
18845,1
18846,0
18847,1
18848,0
18849,2
18850,2
18851,0
18852,1
18853,0
18854,1
18855,2
18856,1
18857,0
18858,1
18859,0
18860,0
18861,2
18862,2
18863,1
18864,2
18865,2
18866,1
18867,0
18868,1
18869,1
18870,1
18871,0
18872,1
18873,1
18874,1
18875,2
18876,2
18877,1
18878,2
18879,2
18880,1
18881,1
18882,1
18883,2
18884,2
18885,2
18886,1
18887,2
18888,1
18889,2
18890,1
18891,0
18892,1
18893,1
18894,0
18895,0
18896,0
18897,1
18898,1
18899,2
18900,1
18901,2
18902,2
18903,0
18904,1
18905,1
18906,1
18907,2
18908,2
18909,1
18910,2
18911,2
18912,1
18913,1
18914,1
18915,2
18916,1
18917,1
18918,1
18919,2
18920,1
18921,1
18922,1
18923,0
18924,0
18925,2
18926,1
18927,1
18928,2
18929,2
18930,2
18931,1
18932,2
18933,0
18934,2
18935,2
18936,1
18937,2
18938,1
18939,1
18940,0
18941,1
18942,1
18943,1
18944,1
18945,1
18946,2
18947,0
18948,1
18949,1
18950,0
18951,0
18952,0
18953,2
18954,0
18955,0
18956,0
18957,0
18958,1
18959,1
18960,0
18961,0
18962,0
18963,1
18964,1
18965,0
18966,2
18967,0
18968,1
18969,0
18970,1
18971,2
18972,1
18973,1
18974,1
18975,1
18976,1
18977,0
18978,1
18979,2
18980,0
18981,2
18982,1
18983,1
18984,1
18985,0
18986,0
18987,0
18988,1
18989,0
18990,1
18991,1
18992,1
18993,0
18994,1
18995,1
18996,1
18997,0
18998,1
18999,0
19000,1
19001,1
19002,1
19003,2
19004,1
19005,1
19006,1
19007,2
19008,1
19009,0
19010,1
19011,1
19012,1
19013,2
19014,1
19015,2
19016,1
19017,0
19018,2
19019,1
19020,2
19021,1
19022,2
19023,1
19024,1
19025,1
19026,1
19027,1
19028,2
19029,1
19030,1
19031,1
19032,2
19033,2
19034,1
19035,2
19036,2
19037,2
19038,2
19039,0
19040,2
19041,2
19042,2
19043,1
19044,2
19045,2
19046,2
19047,1
19048,1
19049,1
19050,1
19051,0
19052,1
19053,2
19054,1
19055,1
19056,1
19057,1
19058,1
19059,2
19060,2
19061,1
19062,2
19063,2
19064,1
19065,2
19066,0
19067,2
19068,0
19069,2
19070,2
19071,1
19072,2
19073,1
19074,2
19075,2
19076,2
19077,2
19078,2
19079,2
19080,1
19081,1
19082,1
19083,1
19084,1
19085,2
19086,1
19087,1
19088,0
19089,0
19090,1
19091,2
19092,1
19093,1
19094,1
19095,2
19096,1
19097,1
19098,1
19099,1
19100,2
19101,0
19102,1
19103,1
19104,2
19105,1
19106,1
19107,0
19108,2
19109,2
19110,1
19111,2
19112,2
19113,1
19114,1
19115,0
19116,2
19117,2
19118,2
19119,0
19120,2
19121,2
19122,2
19123,0
19124,2
19125,2
19126,1
19127,1
19128,1
19129,1
19130,0
19131,1
19132,2
19133,2
19134,2
19135,1
19136,2
19137,2
19138,2
19139,1
19140,1
19141,1
19142,2
19143,2
19144,1
19145,1
19146,1
19147,1
19148,0
19149,1
19150,1
19151,2
19152,1
19153,1
19154,0
19155,2
19156,0
19157,1
19158,2
19159,2
19160,2
19161,2
19162,1
19163,1
19164,0
19165,0
19166,1
19167,1
19168,1
19169,2
19170,2
19171,0
19172,1
19173,0
19174,1
19175,1
19176,1
19177,2
19178,1
19179,0
19180,2
19181,1
19182,0
19183,2
19184,0
19185,1
19186,1
19187,1
19188,0
19189,1
19190,0
19191,1
19192,1
19193,1
19194,0
19195,2
19196,1
19197,1
19198,1
19199,1
19200,1
19201,2
19202,1
19203,1
19204,2
19205,2
19206,1
19207,1
19208,2
19209,1
19210,1
19211,2
19212,1
19213,2
19214,2
19215,1
19216,1
19217,2
19218,2
19219,2
19220,2
19221,2
19222,1
19223,1
19224,2
19225,2
19226,1
19227,1
19228,0
19229,1
19230,1
19231,1
19232,2
19233,1
19234,2
19235,1
19236,2
19237,1
19238,0
19239,1
19240,0
19241,1
19242,2
19243,1
19244,1
19245,1
19246,1
19247,1
19248,1
19249,1
19250,1
19251,2
19252,2
19253,0
19254,1
19255,1
19256,2
19257,0
19258,0
19259,2
19260,2
19261,2
19262,2
19263,2
19264,1
19265,2
19266,1
19267,1
19268,2
19269,1
19270,1
19271,1
19272,1
19273,2
19274,0
19275,2
19276,2
19277,1
19278,2
19279,1
19280,0
19281,1
19282,2
19283,1
19284,1
19285,0
19286,1
19287,0
19288,1
19289,1
19290,1
19291,1
19292,1
19293,1
19294,2
19295,2
19296,0
19297,2
19298,1
19299,1
19300,1
19301,1
19302,1
19303,0
19304,0
19305,2
19306,1
19307,0
19308,2
19309,2
19310,1
19311,1
19312,0
19313,1
19314,1
19315,0
19316,2
19317,1
19318,1
19319,0
19320,0
19321,2
19322,2
19323,0
19324,1
19325,1
19326,1
19327,1
19328,2
19329,1
19330,0
19331,2
19332,2
19333,2
19334,2
19335,1
19336,2
19337,0
19338,2
19339,2
19340,0
19341,0
19342,2
19343,2
19344,1
19345,1
19346,0
19347,1
19348,2
19349,1
19350,0
19351,1
19352,1
19353,1
19354,2
19355,2
19356,2
19357,1
19358,0
19359,1
19360,1
19361,2
19362,1
19363,1
19364,2
19365,0
19366,1
19367,2
19368,1
19369,1
19370,1
19371,1
19372,1
19373,2
19374,2
19375,1
19376,2
19377,1
19378,2
19379,2
19380,1
19381,1
19382,0
19383,1
19384,0
19385,1
19386,2
19387,0
19388,0
19389,0
19390,0
19391,0
19392,1
19393,0
19394,2
19395,1
19396,2
19397,1
19398,0
19399,2
19400,1
19401,1
19402,1
19403,1
19404,1
19405,2
19406,2
19407,2
19408,2
19409,1
19410,2
19411,0
19412,2
19413,0
19414,1
19415,1
19416,1
19417,2
19418,1
19419,0
19420,1
19421,0
19422,1
19423,1
19424,1
19425,2
19426,1
19427,1
19428,0
19429,0
19430,2
19431,1
19432,1
19433,0
19434,0
19435,1
19436,2
19437,1
19438,0
19439,1
19440,1
19441,0
19442,1
19443,1
19444,1
19445,1
19446,0
19447,1
19448,2
19449,0
19450,1
19451,1
19452,1
19453,0
19454,1
19455,1
19456,0
19457,1
19458,1
19459,1
19460,2
19461,2
19462,2
19463,2
19464,2
19465,1
19466,1
19467,2
19468,2
19469,0
19470,1
19471,1
19472,2
19473,1
19474,1
19475,2
19476,2
19477,2
19478,2
19479,0
19480,1
19481,1
19482,0
19483,2
19484,1
19485,1
19486,2
19487,1
19488,2
19489,1
19490,2
19491,1
19492,1
19493,1
19494,0
19495,1
19496,1
19497,2
19498,2
19499,1
19500,2
19501,1
19502,1
19503,2
19504,1
19505,2
19506,2
19507,0
19508,0
19509,1
19510,0
19511,2
19512,1
19513,1
19514,1
19515,0
19516,1
19517,2
19518,1
19519,0
19520,1
19521,1
19522,2
19523,1
19524,2
19525,1
19526,1
19527,1
19528,2
19529,1
19530,1
19531,1
19532,0
19533,1
19534,0
19535,2
19536,1
19537,1
19538,2
19539,0
19540,1
19541,1
19542,1
19543,1
19544,2
19545,0
19546,1
19547,0
19548,1
19549,1
19550,0
19551,2
19552,2
19553,1
19554,1
19555,2
19556,2
19557,1
19558,2
19559,2
19560,1
19561,1
19562,2
19563,2
19564,1
19565,1
19566,0
19567,1
19568,1
19569,0
19570,0
19571,1
19572,2
19573,1
19574,1
19575,2
19576,1
19577,1
19578,0
19579,1
19580,1
19581,2
19582,0
19583,2
19584,1
19585,2
19586,2
19587,2
19588,2
19589,1
19590,1
19591,2
19592,2
19593,1
19594,2
19595,2
19596,1
19597,1
19598,1
19599,2
19600,1
19601,1
19602,0
19603,2
19604,1
19605,2
19606,2
19607,2
19608,1
19609,1
19610,1
19611,2
19612,1
19613,1
19614,1
19615,1
19616,1
19617,1
19618,2
19619,2
19620,2
19621,2
19622,2
19623,2
19624,1
19625,1
19626,2
19627,2
19628,1
19629,0
19630,2
19631,2
19632,0
19633,2
19634,2
19635,1
19636,1
19637,2
19638,2
19639,0
19640,1
19641,2
19642,0
19643,1
19644,2
19645,2
19646,2
19647,1
19648,0
19649,1
19650,0
19651,1
19652,0
19653,2
19654,1
19655,1
19656,1
19657,1
19658,1
19659,1
19660,1
19661,1
19662,0
19663,2
19664,1
19665,2
19666,1
19667,0
19668,1
19669,2
19670,2
19671,2
19672,1
19673,2
19674,1
19675,1
19676,2
19677,2
19678,2
19679,2
19680,1
19681,2
19682,2
19683,1
19684,2
19685,2
19686,2
19687,1
19688,2
19689,2
19690,1
19691,2
19692,2
19693,2
19694,1
19695,1
19696,1
19697,0
19698,2
19699,1
19700,0
19701,0
19702,1
19703,1
19704,1
19705,2
19706,2
19707,1
19708,2
19709,1
19710,1
19711,1
19712,2
19713,2
19714,1
19715,0
19716,1
19717,2
19718,1
19719,1
19720,2
19721,1
19722,1
19723,1
19724,2
19725,2
19726,2
19727,1
19728,2
19729,2
19730,1
19731,1
19732,2
19733,0
19734,1
19735,1
19736,1
19737,1
19738,1
19739,0
19740,1
19741,2
19742,2
19743,1
19744,1
19745,1
19746,0
19747,1
19748,1
19749,1
19750,2
19751,0
19752,2
19753,1
19754,0
19755,0
19756,2
19757,1
19758,1
19759,1
19760,0
19761,1
19762,1
19763,2
19764,1
19765,1
19766,1
19767,0
19768,1
19769,1
19770,2
19771,2
19772,1
19773,1
19774,1
19775,1
19776,2
19777,2
19778,1
19779,1
19780,2
19781,1
19782,1
19783,1
19784,2
19785,1
19786,2
19787,1
19788,1
19789,1
19790,2
19791,1
19792,2
19793,2
19794,2
19795,2
19796,0
19797,1
19798,2
19799,2
19800,2
19801,1
19802,2
19803,2
19804,2
19805,2
19806,1
19807,0
19808,0
19809,2
19810,1
19811,1
19812,2
19813,1
19814,2
19815,1
19816,0
19817,2
19818,2
19819,1
19820,0
19821,0
19822,1
19823,1
19824,0
19825,0
19826,1
19827,0
19828,1
19829,2
19830,1
19831,1
19832,2
19833,1
19834,0
19835,1
19836,0
19837,1
19838,0
19839,0
19840,0
19841,1
19842,1
19843,0
19844,2
19845,0
19846,1
19847,0
19848,0
19849,1
19850,0
19851,1
19852,1
19853,1
19854,0
19855,0
19856,2
19857,0
19858,2
19859,0
19860,0
19861,1
19862,1
19863,0
19864,1
19865,1
19866,0
19867,0
19868,2
19869,1
19870,0
19871,1
19872,0
19873,1
19874,1
19875,0
19876,0
19877,0
19878,0
19879,0
19880,1
19881,0
19882,2
19883,1
19884,2
19885,1
19886,0
19887,2
19888,0
19889,2
19890,0
19891,0
19892,1
19893,2
19894,1
19895,0
19896,0
19897,1
19898,1
19899,0
19900,2
19901,2
19902,2
19903,0
19904,2
19905,1
19906,0
19907,1
19908,0
19909,2
19910,0
19911,0
19912,1
19913,0
19914,2
19915,1
19916,1
19917,1
19918,0
19919,1
19920,0
19921,0
19922,0
19923,2
19924,0
19925,1
19926,0
19927,0
19928,1
19929,2
19930,2
19931,1
19932,0
19933,1
19934,0
19935,1
19936,2
19937,2
19938,1
19939,1
19940,0
19941,0
19942,0
19943,0
19944,0
19945,1
19946,1
19947,0
19948,0
19949,0
19950,0
19951,1
19952,1
19953,0
19954,0
19955,0
19956,1
19957,1
19958,2
19959,1
19960,0
19961,2
19962,1
19963,1
19964,2
19965,1
19966,0
19967,1
19968,1
19969,2
19970,2
19971,2
19972,2
19973,1
19974,2
19975,1
19976,1
19977,1
19978,2
19979,2
19980,0
19981,1
19982,1
19983,1
19984,0
19985,1
19986,1
19987,2
19988,1
19989,0
19990,1
19991,1
19992,1
19993,0
19994,0
19995,2
19996,2
19997,1
19998,1
19999,1
20000,1
20001,1
20002,0
20003,1
20004,1
20005,1
20006,2
20007,1
20008,1
20009,1
20010,1
20011,1
20012,2
20013,0
20014,1
20015,1
20016,1
20017,0
20018,2
20019,1
20020,2
20021,2
20022,1
20023,1
20024,0
20025,0
20026,0
20027,0
20028,2
20029,2
20030,1
20031,1
20032,2
20033,2
20034,1
20035,0
20036,1
20037,2
20038,1
20039,1
20040,2
20041,1
20042,0
20043,1
20044,1
20045,1
20046,0
20047,1
20048,1
20049,1
20050,0
20051,1
20052,1
20053,2
20054,0
20055,2
20056,2
20057,0
20058,1
20059,1
20060,1
20061,1
20062,2
20063,0
20064,2
20065,2
20066,2
20067,1
20068,2
20069,2
20070,2
20071,1
20072,2
20073,2
20074,2
20075,1
20076,2
20077,0
20078,1
20079,1
20080,0
20081,0
20082,1
20083,2
20084,1
20085,2
20086,1
20087,1
20088,1
20089,1
20090,1
20091,0
20092,2
20093,0
20094,1
20095,2
20096,0
20097,0
20098,1
20099,0
20100,2
20101,1
20102,2
20103,0
20104,1
20105,1
20106,1
20107,2
20108,2
20109,1
20110,0
20111,1
20112,1
20113,1
20114,2
20115,0
20116,2
20117,1
20118,1
20119,0
20120,1
20121,1
20122,2
20123,1
20124,0
20125,1
20126,2
20127,2
20128,1
20129,1
20130,1
20131,1
20132,2
20133,1
20134,1
20135,1
20136,1
20137,1
20138,1
20139,2
20140,2
20141,2
20142,1
20143,1
20144,1
20145,1
20146,2
20147,1
20148,1
20149,2
20150,0
20151,2
20152,1
20153,2
20154,2
20155,1
20156,1
20157,2
20158,0
20159,2
20160,2
20161,2
20162,2
20163,2
20164,1
20165,1
20166,0
20167,1
20168,1
20169,1
20170,0
20171,0
20172,0
20173,1
20174,1
20175,1
20176,1
20177,2
20178,0
20179,0
20180,2
20181,2
20182,1
20183,1
20184,1
20185,1
20186,0
20187,1
20188,1
20189,0
20190,2
20191,1
20192,2
20193,2
20194,2
20195,2
20196,1
20197,1
20198,2
20199,1
20200,0
20201,1
20202,0
20203,1
20204,0
20205,1
20206,2
20207,1
20208,0
20209,1
20210,2
20211,1
20212,2
20213,2
20214,2
20215,2
20216,1
20217,2
20218,2
20219,2
20220,1
20221,1
20222,0
20223,2
20224,1
20225,1
20226,0
20227,0
20228,1
20229,2
20230,1
20231,0
20232,1
20233,2
20234,1
20235,2
20236,2
20237,2
20238,1
20239,1
20240,1
20241,2
20242,0
20243,1
20244,1
20245,2
20246,1
20247,1
20248,2
20249,1
20250,2
20251,0
20252,1
20253,0
20254,0
20255,1
20256,1
20257,1
20258,1
20259,1
20260,1
20261,0
20262,1
20263,0
20264,1
20265,1
20266,0
20267,2
20268,2
20269,1
20270,0
20271,1
20272,2
20273,1
20274,2
20275,2
20276,1
20277,1
20278,1
20279,1
20280,0
20281,0
20282,0
20283,1
20284,0
20285,0
20286,1
20287,1
20288,2
20289,1
20290,1
20291,1
20292,2
20293,2
20294,1
20295,2
20296,0
20297,1
20298,1
20299,1
20300,1
20301,1
20302,0
20303,0
20304,1
20305,0
20306,2
20307,1
20308,1
20309,1
20310,1
20311,2
20312,1
20313,2
20314,1
20315,1
20316,1
20317,0
20318,1
20319,2
20320,0
20321,1
20322,1
20323,0
20324,0
20325,2
20326,2
20327,0
20328,0
20329,1
20330,1
20331,1
20332,1
20333,0
20334,2
20335,0
20336,1
20337,1
20338,2
20339,1
20340,2
20341,0
20342,1
20343,2
20344,0
20345,1
20346,1
20347,2
20348,2
20349,1
20350,1
20351,1
20352,1
20353,1
20354,1
20355,1
20356,2
20357,0
20358,0
20359,1
20360,1
20361,1
20362,2
20363,2
20364,1
20365,1
20366,1
20367,1
20368,1
20369,2
20370,1
20371,0
20372,2
20373,0
20374,1
20375,2
20376,0
20377,2
20378,2
20379,0
20380,2
20381,2
20382,2
20383,1
20384,0
20385,2
20386,2
20387,2
20388,2
20389,1
20390,2
20391,1
20392,2
20393,1
20394,0
20395,1
20396,1
20397,2
20398,1
20399,2
20400,1
20401,1
20402,1
20403,1
20404,1
20405,1
20406,2
20407,1
20408,1
20409,1
20410,1
20411,1
20412,0
20413,2
20414,0
20415,1
20416,0
20417,2
20418,0
20419,1
20420,1
20421,1
20422,1
20423,1
20424,2
20425,2
20426,0
20427,1
20428,1
20429,2
20430,2
20431,0
20432,2
20433,1
20434,0
20435,2
20436,1
20437,2
20438,1
20439,0
20440,0
20441,1
20442,2
20443,2
20444,2
20445,0
20446,2
20447,2
20448,2
20449,0
20450,0
20451,1
20452,1
20453,2
20454,2
20455,1
20456,1
20457,1
20458,1
20459,0
20460,2
20461,1
20462,2
20463,1
20464,1
20465,1
20466,1
20467,1
20468,1
20469,1
20470,0
20471,1
20472,2
20473,2
20474,0
20475,2
20476,0
20477,2
20478,2
20479,2
20480,0
20481,1
20482,1
20483,2
20484,2
20485,1
20486,2
20487,2
20488,1
20489,2
20490,2
20491,2
20492,1
20493,2
20494,2
20495,2
20496,2
20497,1
20498,2
20499,1
20500,2
20501,1
20502,0
20503,1
20504,0
20505,1
20506,1
20507,1
20508,2
20509,2
20510,2
20511,2
20512,1
20513,1
20514,1
20515,1
20516,0
20517,2
20518,2
20519,2
20520,0
20521,1
20522,1
20523,1
20524,2
20525,2
20526,2
20527,2
20528,1
20529,1
20530,1
20531,0
20532,0
20533,2
20534,0
20535,1
20536,1
20537,1
20538,0
20539,1
20540,0
20541,1
20542,1
20543,2
20544,1
20545,0
20546,2
20547,1
20548,1
20549,2
20550,2
20551,0
20552,1
20553,1
20554,1
20555,1
20556,2
20557,1
20558,2
20559,2
20560,2
20561,2
20562,1
20563,2
20564,2
20565,2
20566,1
20567,2
20568,1
20569,0
20570,1
20571,0
20572,0
20573,2
20574,0
20575,1
20576,1
20577,1
20578,1
20579,2
20580,2
20581,1
20582,1
20583,2
20584,1
20585,2
20586,1
20587,2
20588,2
20589,0
20590,2
20591,2
20592,1
20593,1
20594,1
20595,1
20596,1
20597,0
20598,1
20599,0
20600,1
20601,1
20602,1
20603,2
20604,0
20605,1
20606,0
20607,1
20608,1
20609,1
20610,0
20611,0
20612,1
20613,1
20614,2
20615,1
20616,1
20617,1
20618,2
20619,2
20620,2
20621,0
20622,1
20623,2
20624,1
20625,1
20626,1
20627,0
20628,1
20629,1
20630,0
20631,1
20632,1
20633,2
20634,0
20635,0
20636,1
20637,0
20638,0
20639,1
20640,2
20641,1
20642,0
20643,0
20644,1
20645,1
20646,1
20647,1
20648,1
20649,0
20650,1
20651,1
20652,0
20653,0
20654,2
20655,1
20656,1
20657,2
20658,0
20659,1
20660,1
20661,2
20662,2
20663,2
20664,1
20665,1
20666,2
20667,2
20668,2
20669,2
20670,1
20671,1
20672,2
20673,2
20674,2
20675,2
20676,1
20677,1
20678,1
20679,2
20680,2
20681,2
20682,2
20683,2
20684,1
20685,1
20686,0
20687,1
20688,0
20689,2
20690,0
20691,0
20692,1
20693,2
20694,1
20695,2
20696,2
20697,2
20698,2
20699,0
20700,1
20701,1
20702,1
20703,1
20704,0
20705,1
20706,2
20707,1
20708,1
20709,0
20710,1
20711,1
20712,2
20713,1
20714,2
20715,2
20716,1
20717,2
20718,2
20719,1
20720,1
20721,1
20722,1
20723,1
20724,2
20725,2
20726,2
20727,1
20728,2
20729,1
20730,2
20731,0
20732,2
20733,0
20734,2
20735,2
20736,1
20737,2
20738,0
20739,1
20740,2
20741,1
20742,0
20743,1
20744,1
20745,1
20746,1
20747,0
20748,2
20749,1
20750,2
20751,2
20752,2
20753,2
20754,2
20755,1
20756,1
20757,1
20758,0
20759,0
20760,2
20761,1
20762,2
20763,2
20764,2
20765,1
20766,2
20767,2
20768,1
20769,0
20770,0
20771,2
20772,2
20773,1
20774,0
20775,1
20776,0
20777,2
20778,1
20779,2
20780,1
20781,1
20782,0
20783,2
20784,2
20785,1
20786,2
20787,1
20788,2
20789,1
20790,1
20791,1
20792,1
20793,1
20794,1
20795,1
20796,0
20797,2
20798,1
20799,2
20800,2
20801,2
20802,1
20803,2
20804,1
20805,2
20806,1
20807,1
20808,1
20809,2
20810,0
20811,1
20812,2
20813,1
20814,1
20815,1
20816,1
20817,1
20818,2
20819,1
20820,1
20821,1
20822,1
20823,1
20824,2
20825,1
20826,2
20827,2
20828,2
20829,2
20830,0
20831,1
20832,2
20833,0
20834,1
20835,2
20836,0
20837,2
20838,0
20839,2
20840,1
20841,2
20842,0
20843,1
20844,2
20845,0
20846,2
20847,1
20848,2
20849,1
20850,1
20851,1
20852,0
20853,1
20854,0
20855,2
20856,2
20857,0
20858,0
20859,0
20860,0
20861,1
20862,1
20863,0
20864,1
20865,0
20866,1
20867,2
20868,2
20869,1
20870,0
20871,0
20872,0
20873,1
20874,1
20875,1
20876,0
20877,1
20878,1
20879,0
20880,2
20881,0
20882,0
20883,0
20884,1
20885,0
20886,0
20887,2
20888,1
20889,1
20890,2
20891,1
20892,1
20893,1
20894,2
20895,1
20896,1
20897,1
20898,1
20899,1
20900,2
20901,2
20902,0
20903,1
20904,1
20905,0
20906,2
20907,0
20908,0
20909,0
20910,0
20911,0
20912,0
20913,0
20914,2
20915,2
20916,1
20917,1
20918,2
20919,2
20920,2
20921,2
20922,2
20923,0
20924,2
20925,0
20926,1
20927,1
20928,1
20929,2
20930,2
20931,1
20932,1
20933,0
20934,0
20935,0
20936,0
20937,0
20938,2
20939,1
20940,1
20941,0
20942,2
20943,2
20944,1
20945,2
20946,2
20947,1
20948,0
20949,0
20950,2
20951,0
20952,0
20953,1
20954,0
20955,1
20956,2
20957,2
20958,1
20959,1
20960,2
20961,1
20962,1
20963,1
20964,0
20965,1
20966,1
20967,1
20968,1
20969,0
20970,1
20971,1
20972,1
20973,2
20974,1
20975,2
20976,1
20977,1
20978,1
20979,2
20980,2
20981,2
20982,2
20983,2
20984,2
20985,2
20986,0
20987,1
20988,2
20989,2
20990,2
20991,2
20992,1
20993,0
20994,1
20995,2
20996,1
20997,0
20998,1
20999,1
21000,1
21001,1
21002,0
21003,0
21004,2
21005,1
21006,0
21007,0
21008,1
21009,2
21010,0
21011,2
21012,1
21013,1
21014,0
21015,1
21016,2
21017,2
21018,1
21019,1
21020,1
21021,1
21022,2
21023,1
21024,2
21025,2
21026,2
21027,2
21028,0
21029,0
21030,0
21031,2
21032,1
21033,1
21034,1
21035,2
21036,0
21037,1
21038,2
21039,2
21040,1
21041,2
21042,2
21043,2
21044,2
21045,1
21046,1
21047,0
21048,2
21049,0
21050,2
21051,1
21052,1
21053,0
21054,1
21055,2
21056,1
21057,1
21058,2
21059,2
21060,1
21061,2
21062,1
21063,1
21064,2
21065,1
21066,2
21067,1
21068,1
21069,0
21070,1
21071,2
21072,2
21073,1
21074,2
21075,1
21076,2
21077,1
21078,1
21079,2
21080,2
21081,2
21082,2
21083,1
21084,1
21085,1
21086,1
21087,1
21088,1
21089,2
21090,1
21091,1
21092,2
21093,1
21094,2
21095,2
21096,1
21097,2
21098,2
21099,1
21100,1
21101,1
21102,1
21103,2
21104,1
21105,1
21106,1
21107,1
21108,1
21109,1
21110,0
21111,2
21112,1
21113,1
21114,1
21115,2
21116,1
21117,0
21118,2
21119,2
21120,2
21121,1
21122,1
21123,1
21124,1
21125,0
21126,1
21127,2
21128,1
21129,1
21130,1
21131,2
21132,1
21133,1
21134,1
21135,2
21136,1
21137,0
21138,1
21139,1
21140,1
21141,0
21142,1
21143,1
21144,1
21145,2
21146,1
21147,1
21148,2
21149,2
21150,2
21151,0
21152,1
21153,1
21154,1
21155,0
21156,1
21157,0
21158,2
21159,2
21160,2
21161,2
21162,1
21163,2
21164,1
21165,1
21166,0
21167,2
21168,1
21169,2
21170,2
21171,1
21172,0
21173,1
21174,1
21175,2
21176,1
21177,1
21178,1
21179,2
21180,2
21181,1
21182,1
21183,1
21184,1
21185,1
21186,2
21187,2
21188,2
21189,1
21190,1
21191,1
21192,0
21193,1
21194,2
21195,1
21196,1
21197,0
21198,1
21199,2
21200,1
21201,0
21202,1
21203,1
21204,1
21205,1
21206,1
21207,1
21208,1
21209,1
21210,1
21211,1
21212,2
21213,2
21214,2
21215,1
21216,1
21217,2
21218,2
21219,1
21220,1
21221,1
21222,2
21223,0
21224,0
21225,0
21226,1
21227,0
21228,2
21229,1
21230,2
21231,1
21232,1
21233,2
21234,2
21235,1
21236,1
21237,1
21238,2
21239,2
21240,1
21241,1
21242,2
21243,2
21244,2
21245,2
21246,2
21247,1
21248,1
21249,1
21250,2
21251,1
21252,2
21253,2
21254,2
21255,1
21256,1
21257,2
21258,0
21259,1
21260,1
21261,1
21262,0
21263,1
21264,1
21265,2
21266,2
21267,1
21268,1
21269,1
21270,2
21271,1
21272,1
21273,1
21274,2
21275,1
21276,1
21277,2
21278,0
21279,1
21280,2
21281,0
21282,2
21283,0
21284,1
21285,1
21286,2
21287,2
21288,1
21289,0
21290,1
21291,1
21292,2
21293,0
21294,0
21295,2
21296,2
21297,1
21298,1
21299,0
21300,2
21301,0
21302,1
21303,1
21304,0
21305,2
21306,1
21307,1
21308,1
21309,2
21310,2
21311,1
21312,0
21313,1
21314,2
21315,1
21316,0
21317,1
21318,2
21319,2
21320,2
21321,0
21322,2
21323,0
21324,2
21325,1
21326,0
21327,2
21328,1
21329,1
21330,1
21331,2
21332,2
21333,2
21334,2
21335,1
21336,1
21337,1
21338,1
21339,2
21340,1
21341,2
21342,2
21343,1
21344,2
21345,2
21346,1
21347,1
21348,1
21349,2
21350,1
21351,2
21352,2
21353,1
21354,0
21355,1
21356,0
21357,2
21358,1
21359,2
21360,2
21361,2
21362,1
21363,1
21364,1
21365,1
21366,2
21367,1
21368,2
21369,2
21370,2
21371,0
21372,1
21373,1
21374,2
21375,2
21376,1
21377,2
21378,0
21379,1
21380,0
21381,2
21382,1
21383,1
21384,1
21385,1
21386,2
21387,2
21388,2
21389,0
21390,0
21391,0
21392,2
21393,2
21394,1
21395,1
21396,1
21397,0
21398,1
21399,2
21400,2
21401,1
21402,1
21403,2
21404,2
21405,1
21406,2
21407,2
21408,0
21409,1
21410,2
21411,0
21412,2
21413,2
21414,2
21415,1
21416,1
21417,2
21418,2
21419,1
21420,1
21421,1
21422,2
21423,0
21424,1
21425,1
21426,1
21427,1
21428,1
21429,1
21430,2
21431,1
21432,1
21433,2
21434,1
21435,2
21436,2
21437,0
21438,1
21439,1
21440,1
21441,1
21442,2
21443,0
21444,0
21445,2
21446,1
21447,2
21448,2
21449,2
21450,1
21451,1
21452,2
21453,2
21454,2
21455,0
21456,1
21457,1
21458,2
21459,1
21460,1
21461,1
21462,2
21463,2
21464,1
21465,1
21466,0
21467,0
21468,0
21469,2
21470,2
21471,2
21472,1
21473,1
21474,2
21475,1
21476,2
21477,1
21478,1
21479,1
21480,1
21481,1
21482,1
21483,2
21484,2
21485,1
21486,2
21487,2
21488,2
21489,0
21490,1
21491,1
21492,1
21493,1
21494,1
21495,1
21496,2
21497,1
21498,1
21499,2
21500,1
21501,1
21502,1
21503,1
21504,1
21505,2
21506,1
21507,1
21508,1
21509,1
21510,1
21511,2
21512,2
21513,2
21514,0
21515,1
21516,2
21517,2
21518,1
21519,1
21520,2
21521,2
21522,1
21523,1
21524,2
21525,1
21526,2
21527,1
21528,1
21529,0
21530,0
21531,2
21532,0
21533,2
21534,0
21535,2
21536,1
21537,2
21538,1
21539,2
21540,2
21541,1
21542,2
21543,1
21544,2
21545,1
21546,2
21547,1
21548,1
21549,1
21550,1
21551,2
21552,1
21553,1
21554,1
21555,1
21556,1
21557,1
21558,1
21559,2
21560,1
21561,1
21562,0
21563,1
21564,2
21565,0
21566,1
21567,2
21568,2
21569,1
21570,2
21571,1
21572,2
21573,1
21574,2
21575,2
21576,1
21577,2
21578,2
21579,1
21580,1
21581,1
21582,2
21583,1
21584,2
21585,2
21586,2
21587,2
21588,2
21589,1
21590,2
21591,1
21592,1
21593,1
21594,2
21595,1
21596,2
21597,1
21598,2
21599,1
21600,1
21601,1
21602,1
21603,2
21604,1
21605,2
21606,2
21607,1
21608,2
21609,2
21610,2
21611,2
21612,2
21613,1
21614,2
21615,2
21616,1
21617,2
21618,1
21619,0
21620,0
21621,2
21622,0
21623,2
21624,2
21625,0
21626,2
21627,2
21628,1
21629,1
21630,1
21631,2
21632,1
21633,1
21634,0
21635,2
21636,2
21637,1
21638,2
21639,1
21640,0
21641,2
21642,1
21643,2
21644,1
21645,0
21646,2
21647,2
21648,2
21649,1
21650,1
21651,1
21652,2
21653,1
21654,1
21655,2
21656,1
21657,2
21658,1
21659,1
21660,1
21661,2
21662,2
21663,2
21664,2
21665,2
21666,1
21667,1
21668,1
21669,2
21670,1
21671,1
21672,2
21673,2
21674,1
21675,2
21676,1
21677,2
21678,2
21679,1
21680,1
21681,0
21682,2
21683,1
21684,1
21685,1
21686,2
21687,1
21688,1
21689,1
21690,2
21691,1
21692,1
21693,1
21694,2
21695,2
21696,2
21697,2
21698,1
21699,1
21700,1
21701,1
21702,1
21703,1
21704,1
21705,2
21706,1
21707,2
21708,1
21709,0
21710,1
21711,0
21712,2
21713,2
21714,1
21715,2
21716,1
21717,1
21718,1
21719,2
21720,2
21721,2
21722,2
21723,1
21724,2
21725,2
21726,1
21727,2
21728,1
21729,2
21730,1
21731,2
21732,1
21733,1
21734,1
21735,2
21736,2
21737,2
21738,2
21739,2
21740,1
21741,0
21742,2
21743,1
21744,2
21745,2
21746,2
21747,1
21748,1
21749,1
21750,2
21751,1
21752,1
21753,0
21754,1
21755,1
21756,1
21757,1
21758,2
21759,2
21760,1
21761,1
21762,0
21763,0
21764,1
21765,2
21766,2
21767,0
21768,1
21769,2
21770,1
21771,2
21772,2
21773,2
21774,2
21775,1
21776,1
21777,1
21778,1
21779,2
21780,2
21781,1
21782,1
21783,1
21784,1
21785,2
21786,1
21787,1
21788,1
21789,2
21790,2
21791,1
21792,1
21793,2
21794,2
21795,2
21796,2
21797,2
21798,2
21799,2
21800,2
21801,1
21802,2
21803,2
21804,2
21805,2
21806,1
21807,1
21808,0
21809,1
21810,0
21811,1
21812,2
21813,2
21814,1
21815,2
21816,1
21817,2
21818,0
21819,1
21820,1
21821,2
21822,2
21823,0
21824,1
21825,1
21826,0
21827,1
21828,1
21829,0
21830,1
21831,2
21832,2
21833,2
21834,0
21835,2
21836,1
21837,2
21838,2
21839,2
21840,1
21841,1
21842,1
21843,2
21844,2
21845,2
21846,2
21847,2
21848,2
21849,1
21850,1
21851,0
21852,0
21853,2
21854,0
21855,1
21856,1
21857,2
21858,1
21859,2
21860,0
21861,1
21862,1
21863,2
21864,1
21865,1
21866,2
21867,1
21868,1
21869,1
21870,2
21871,2
21872,2
21873,2
21874,2
21875,1
21876,1
21877,2
21878,1
21879,1
21880,1
21881,0
21882,1
21883,1
21884,2
21885,1
21886,1
21887,0
21888,1
21889,0
21890,2
21891,2
21892,2
21893,0
21894,2
21895,1
21896,2
21897,1
21898,2
21899,0
21900,1
21901,2
21902,1
21903,2
21904,0
21905,2
21906,1
21907,2
21908,2
21909,2
21910,2
21911,1
21912,1
21913,1
21914,2
21915,1
21916,2
21917,1
21918,1
21919,2
21920,2
21921,2
21922,2
21923,1
21924,1
21925,2
21926,2
21927,1
21928,2
21929,1
21930,1
21931,1
21932,1
21933,2
21934,1
21935,1
21936,1
21937,2
21938,1
21939,1
21940,1
21941,2
21942,1
21943,2
21944,1
21945,1
21946,2
21947,1
21948,0
21949,2
21950,1
21951,1
21952,2
21953,1
21954,2
21955,2
21956,1
21957,1
21958,1
21959,2
21960,2
21961,2
21962,1
21963,2
21964,1
21965,2
21966,2
21967,1
21968,1
21969,2
21970,1
21971,0
21972,2
21973,2
21974,0
21975,1
21976,2
21977,1
21978,2
21979,1
21980,1
21981,1
21982,0
21983,2
21984,1
21985,1
21986,1
21987,1
21988,1
21989,0
21990,1
21991,0
21992,1
21993,1
21994,1
21995,1
21996,2
21997,1
21998,2
21999,0
22000,1
22001,1
22002,1
22003,2
22004,1
22005,2
22006,0
22007,0
22008,0
22009,2
22010,1
22011,1
22012,0
22013,1
22014,1
22015,1
22016,0
22017,1
22018,2
22019,0
22020,2
22021,1
22022,1
22023,1
22024,1
22025,1
22026,1
22027,2
22028,0
22029,1
22030,1
22031,0
22032,2
22033,1
22034,1
22035,1
22036,1
22037,1
22038,0
22039,1
22040,1
22041,1
22042,0
22043,0
22044,0
22045,1
22046,0
22047,1
22048,1
22049,0
22050,0
22051,1
22052,2
22053,0
22054,2
22055,0
22056,0
22057,1
22058,0
22059,1
22060,0
22061,2
22062,1
22063,1
22064,0
22065,0
22066,0
22067,0
22068,0
22069,1
22070,1
22071,1
22072,2
22073,1
22074,1
22075,1
22076,2
22077,1
22078,1
22079,1
22080,0
22081,1
22082,1
22083,1
22084,1
22085,1
22086,1
22087,1
22088,0
22089,0
22090,2
22091,0
22092,1
22093,1
22094,2
22095,2
22096,1
22097,0
22098,0
22099,0
22100,2
22101,0
22102,0
22103,1
22104,2
22105,2
22106,1
22107,1
22108,1
22109,2
22110,1
22111,1
22112,1
22113,1
22114,1
22115,2
22116,2
22117,2
22118,1
22119,2
22120,2
22121,0
22122,2
22123,0
22124,2
22125,1
22126,0
22127,1
22128,1
22129,1
22130,0
22131,2
22132,1
22133,1
22134,2
22135,2
22136,2
22137,1
22138,2
22139,1
22140,2
22141,2
22142,2
22143,1
22144,1
22145,2
22146,1
22147,2
22148,0
22149,1
22150,0
22151,2
22152,1
22153,2
22154,1
22155,2
22156,0
22157,2
22158,0
22159,1
22160,0
22161,2
22162,2
22163,1
22164,1
22165,0
22166,1
22167,0
22168,0
22169,0
22170,1
22171,1
22172,1
22173,1
22174,1
22175,2
22176,1
22177,1
22178,1
22179,0
22180,1
22181,2
22182,0
22183,2
22184,1
22185,1
22186,1
22187,2
22188,0
22189,1
22190,1
22191,2
22192,0
22193,1
22194,2
22195,1
22196,2
22197,1
22198,0
22199,0
22200,0
22201,2
22202,2
22203,1
22204,1
22205,0
22206,0
22207,2
22208,2
22209,1
22210,1
22211,0
22212,1
22213,1
22214,0
22215,1
22216,1
22217,1
22218,2
22219,1
22220,1
22221,0
22222,2
22223,1
22224,2
22225,0
22226,0
22227,0
22228,0
22229,2
22230,2
22231,2
22232,0
22233,0
22234,0
22235,1
22236,1
22237,1
22238,2
22239,0
22240,2
22241,1
22242,2
22243,1
22244,2
22245,2
22246,0
22247,1
22248,1
22249,2
22250,1
22251,1
22252,1
22253,2
22254,1
22255,2
22256,1
22257,0
22258,2
22259,2
22260,2
22261,1
22262,1
22263,1
22264,2
22265,1
22266,0
22267,1
22268,1
22269,1
22270,2
22271,1
22272,0
22273,1
22274,0
22275,0
22276,1
22277,0
22278,2
22279,1
22280,0
22281,1
22282,0
22283,1
22284,1
22285,1
22286,1
22287,1
22288,2
22289,2
22290,0
22291,0
22292,1
22293,2
22294,2
22295,1
22296,0
22297,2
22298,2
22299,0
22300,2
22301,2
22302,2
22303,1
22304,1
22305,1
22306,2
22307,1
22308,1
22309,1
22310,1
22311,0
22312,0
22313,2
22314,1
22315,1
22316,1
22317,0
22318,1
22319,1
22320,1
22321,0
22322,2
22323,2
22324,1
22325,0
22326,1
22327,1
22328,1
22329,1
22330,2
22331,0
22332,2
22333,2
22334,0
22335,1
22336,1
22337,1
22338,2
22339,1
22340,2
22341,2
22342,0
22343,1
22344,1
22345,0
22346,0
22347,1
22348,0
22349,1
22350,1
22351,0
22352,1
22353,2
22354,2
22355,1
22356,1
22357,2
22358,1
22359,1
22360,2
22361,2
22362,2
22363,2
22364,2
22365,2
22366,1
22367,2
22368,1
22369,1
22370,0
22371,0
22372,1
22373,2
22374,1
22375,1
22376,2
22377,1
22378,2
22379,0
22380,2
22381,2
22382,0
22383,1
22384,1
22385,2
22386,2
22387,2
22388,0
22389,0
22390,2
22391,1
22392,2
22393,2
22394,1
22395,2
22396,2
22397,1
22398,2
22399,1
22400,0
22401,1
22402,0
22403,0
22404,1
22405,1
22406,0
22407,1
22408,2
22409,1
22410,2
22411,1
22412,0
22413,1
22414,0
22415,0
22416,2
22417,0
22418,1
22419,0
22420,1
22421,1
22422,1
22423,2
22424,2
22425,1
22426,0
22427,1
22428,0
22429,1
22430,1
22431,1
22432,0
22433,2
22434,0
22435,2
22436,2
22437,0
22438,0
22439,1
22440,0
22441,0
22442,2
22443,2
22444,2
22445,1
22446,2
22447,2
22448,2
22449,2
22450,1
22451,1
22452,2
22453,1
22454,2
22455,1
22456,1
22457,1
22458,1
22459,1
22460,0
22461,1
22462,1
22463,2
22464,1
22465,1
22466,1
22467,2
22468,2
22469,1
22470,1
22471,2
22472,0
22473,0
22474,1
22475,1
22476,2
22477,1
22478,1
22479,2
22480,1
22481,2
22482,1
22483,2
22484,1
22485,0
22486,1
22487,2
22488,1
22489,2
22490,1
22491,1
22492,2
22493,1
22494,2
22495,1
22496,1
22497,1
22498,0
22499,1
22500,2
22501,0
22502,1
22503,1
22504,1
22505,1
22506,1
22507,1
22508,1
22509,0
22510,2
22511,1
22512,1
22513,0
22514,0
22515,1
22516,2
22517,0
22518,1
22519,2
22520,1
22521,2
22522,2
22523,1
22524,2
22525,2
22526,2
22527,1
22528,1
22529,2
22530,2
22531,1
22532,1
22533,1
22534,1
22535,1
22536,2
22537,1
22538,1
22539,1
22540,1
22541,1
22542,2
22543,1
22544,2
22545,1
22546,2
22547,2
22548,2
22549,0
22550,1
22551,1
22552,1
22553,2
22554,1
22555,2
22556,2
22557,1
22558,0
22559,1
22560,1
22561,2
22562,0
22563,2
22564,2
22565,1
22566,1
22567,2
22568,0
22569,1
22570,1
22571,1
22572,1
22573,2
22574,1
22575,2
22576,2
22577,1
22578,0
22579,2
22580,1
22581,1
22582,2
22583,1
22584,1
22585,1
22586,2
22587,2
22588,1
22589,2
22590,2
22591,0
22592,0
22593,1
22594,1
22595,1
22596,2
22597,1
22598,2
22599,1
22600,0
22601,2
22602,2
22603,2
22604,1
22605,0
22606,2
22607,1
22608,2
22609,1
22610,1
22611,2
22612,2
22613,1
22614,2
22615,1
22616,2
22617,2
22618,2
22619,0
22620,2
22621,2
22622,1
22623,1
22624,2
22625,2
22626,1
22627,1
22628,2
22629,2
22630,2
22631,0
22632,2
22633,2
22634,2
22635,0
22636,1
22637,1
22638,1
22639,2
22640,2
22641,2
22642,1
22643,1
22644,1
22645,1
22646,1
22647,1
22648,0
22649,1
22650,1
22651,0
22652,1
22653,2
22654,1
22655,0
22656,1
22657,2
22658,0
22659,0
22660,2
22661,0
22662,1
22663,2
22664,2
22665,1
22666,1
22667,1
22668,1
22669,1
22670,1
22671,0
22672,1
22673,0
22674,2
22675,0
22676,0
22677,1
22678,1
22679,0
22680,1
22681,1
22682,1
22683,1
22684,1
22685,0
22686,2
22687,0
22688,1
22689,1
22690,0
22691,0
22692,0
22693,1
22694,2
22695,2
22696,1
22697,0
22698,1
22699,1
22700,1
22701,1
22702,0
22703,2
22704,1
22705,1
22706,1
22707,1
22708,2
22709,1
22710,1
22711,1
22712,0
22713,1
22714,2
22715,0
22716,1
22717,0
22718,2
22719,1
22720,1
22721,0
22722,0
22723,2
22724,1
22725,1
22726,1
22727,2
22728,1
22729,1
22730,1
22731,1
22732,1
22733,0
22734,2
22735,1
22736,2
22737,0
22738,1
22739,1
22740,1
22741,1
22742,2
22743,1
22744,2
22745,1
22746,2
22747,1
22748,0
22749,0
22750,0
22751,1
22752,0
22753,1
22754,1
22755,1
22756,1
22757,1
22758,1
22759,2
22760,1
22761,2
22762,0
22763,0
22764,1
22765,1
22766,1
22767,2
22768,1
22769,2
22770,1
22771,1
22772,0
22773,1
22774,0
22775,0
22776,1
22777,0
22778,2
22779,2
22780,2
22781,1
22782,0
22783,2
22784,1
22785,2
22786,2
22787,1
22788,1
22789,0
22790,1
22791,1
22792,2
22793,1
22794,2
22795,0
22796,2
22797,1
22798,0
22799,2
22800,0
22801,0
22802,1
22803,0
22804,1
22805,1
22806,1
22807,2
22808,1
22809,2
22810,0
22811,1
22812,1
22813,1
22814,1
22815,2
22816,1
22817,2
22818,1
22819,2
22820,2
22821,1
22822,1
22823,1
22824,1
22825,0
22826,0
22827,1
22828,1
22829,0
22830,2
22831,1
22832,1
22833,1
22834,1
22835,1
22836,0
22837,2
22838,1
22839,0
22840,0
22841,0
22842,0
22843,0
22844,2
22845,1
22846,1
22847,1
22848,1
22849,2
22850,1
22851,1
22852,0
22853,0
22854,1
22855,1
22856,1
22857,1
22858,1
22859,1
22860,0
22861,2
22862,1
22863,0
22864,1
22865,1
22866,0
22867,2
22868,2
22869,1
22870,1
22871,2
22872,1
22873,1
22874,2
22875,1
22876,0
22877,0
22878,2
22879,1
22880,2
22881,1
22882,2
22883,2
22884,1
22885,1
22886,2
22887,2
22888,2
22889,1
22890,1
22891,1
22892,1
22893,0
22894,2
22895,2
22896,1
22897,1
22898,2
22899,2
22900,2
22901,1
22902,1
22903,2
22904,0
22905,2
22906,1
22907,1
22908,2
22909,0
22910,0
22911,1
22912,0
22913,0
22914,1
22915,2
22916,2
22917,1
22918,0
22919,1
22920,2
22921,0
22922,2
22923,1
22924,2
22925,2
22926,1
22927,1
22928,1
22929,0
22930,1
22931,2
22932,2
22933,1
22934,1
22935,2
22936,1
22937,1
22938,2
22939,1
22940,0
22941,2
22942,1
22943,2
22944,0
22945,0
22946,1
22947,1
22948,1
22949,1
22950,0
22951,1
22952,0
22953,2
22954,1
22955,0
22956,2
22957,0
22958,2
22959,1
22960,1
22961,1
22962,0
22963,1
22964,1
22965,1
22966,1
22967,1
22968,1
22969,2
22970,2
22971,1
22972,1
22973,2
22974,1
22975,0
22976,2
22977,2
22978,1
22979,1
22980,0
22981,1
22982,2
22983,1
22984,2
22985,1
22986,1
22987,2
22988,1
22989,1
22990,1
22991,0
22992,2
22993,1
22994,2
22995,1
22996,1
22997,1
22998,1
22999,1
23000,0
23001,0
23002,0
23003,2
23004,1
23005,1
23006,2
23007,1
23008,2
23009,2
23010,0
23011,1
23012,1
23013,2
23014,2
23015,2
23016,1
23017,1
23018,1
23019,2
23020,0
23021,1
23022,0
23023,2
23024,0
23025,2
23026,2
23027,0
23028,2
23029,2
23030,1
23031,2
23032,1
23033,2
23034,2
23035,1
23036,1
23037,1
23038,2
23039,2
23040,2
23041,2
23042,1
23043,2
23044,0
23045,1
23046,2
23047,2
23048,1
23049,2
23050,2
23051,1
23052,2
23053,1
23054,1
23055,1
23056,2
23057,1
23058,2
23059,2
23060,2
23061,2
23062,2
23063,1
23064,2
23065,2
23066,1
23067,2
23068,1
23069,1
23070,2
23071,2
23072,1
23073,1
23074,1
23075,0
23076,1
23077,1
23078,2
23079,1
23080,2
23081,1
23082,1
23083,0
23084,1
23085,2
23086,1
23087,2
23088,1
23089,2
23090,2
23091,1
23092,2
23093,1
23094,2
23095,2
23096,0
23097,2
23098,2
23099,1
23100,1
23101,1
23102,2
23103,1
23104,2
23105,0
23106,1
23107,1
23108,2
23109,1
23110,1
23111,2
23112,1
23113,2
23114,1
23115,0
23116,2
23117,1
23118,2
23119,2
23120,1
23121,1
23122,1
23123,1
23124,1
23125,2
23126,1
23127,1
23128,1
23129,1
23130,2
23131,2
23132,1
23133,1
23134,2
23135,1
23136,2
23137,0
23138,2
23139,1
23140,2
23141,2
23142,2
23143,0
23144,1
23145,2
23146,1
23147,1
23148,1
23149,1
23150,1
23151,1
23152,1
23153,1
23154,1
23155,2
23156,2
23157,2
23158,2
23159,1
23160,2
23161,2
23162,0
23163,2
23164,1
23165,2
23166,1
23167,0
23168,2
23169,0
23170,0
23171,1
23172,1
23173,2
23174,0
23175,1
23176,1
23177,0
23178,1
23179,1
23180,1
23181,0
23182,0
23183,2
23184,1
23185,2
23186,1
23187,1
23188,1
23189,1
23190,2
23191,2
23192,1
23193,1
23194,2
23195,1
23196,2
23197,2
23198,0
23199,1
23200,2
23201,2
23202,2
23203,1
23204,2
23205,1
23206,2
23207,1
23208,1
23209,1
23210,2
23211,0
23212,0
23213,0
23214,2
23215,1
23216,1
23217,2
23218,1
23219,1
23220,1
23221,2
23222,1
23223,2
23224,2
23225,0
23226,0
23227,2
23228,1
23229,1
23230,0
23231,2
23232,1
23233,0
23234,2
23235,1
23236,0
23237,0
23238,2
23239,1
23240,1
23241,0
23242,0
23243,2
23244,0
23245,1
23246,1
23247,0
23248,2
23249,0
23250,1
23251,0
23252,0
23253,1
23254,1
23255,1
23256,1
23257,2
23258,1
23259,1
23260,0
23261,1
23262,0
23263,2
23264,0
23265,0
23266,2
23267,0
23268,0
23269,0
23270,0
23271,0
23272,0
23273,0
23274,0
23275,1
23276,2
23277,0
23278,1
23279,1
23280,1
23281,0
23282,0
23283,1
23284,2
23285,0
23286,1
23287,1
23288,1
23289,2
23290,1
23291,1
23292,1
23293,0
23294,1
23295,0
23296,1
23297,0
23298,0
23299,2
23300,0
23301,0
23302,1
23303,2
23304,1
23305,1
23306,0
23307,0
23308,1
23309,2
23310,2
23311,2
23312,2
23313,2
23314,2
23315,1
23316,2
23317,1
23318,0
23319,0
23320,2
23321,1
23322,1
23323,2
23324,0
23325,0
23326,0
23327,1
23328,0
23329,2
23330,1
23331,1
23332,0
23333,0
23334,1
23335,0
23336,0
23337,1
23338,1
23339,1
23340,1
23341,0
23342,1
23343,0
23344,0
23345,0
23346,1
23347,2
23348,1
23349,0
23350,0
23351,0
23352,1
23353,2
23354,2
23355,1
23356,1
23357,1
23358,2
23359,0
23360,1
23361,0
23362,0
23363,0
23364,1
23365,1
23366,2
23367,1
23368,0
23369,2
23370,2
23371,0
23372,1
23373,1
23374,1
23375,2
23376,0
23377,1
23378,2
23379,0
23380,0
23381,0
23382,2
23383,2
23384,1
23385,0
23386,1
23387,1
23388,0
23389,1
23390,0
23391,2
23392,1
23393,2
23394,2
23395,1
23396,1
23397,1
23398,0
23399,1
23400,2
23401,1
23402,1
23403,2
23404,1
23405,2
23406,2
23407,2
23408,1
23409,2
23410,1
23411,2
23412,1
23413,1
23414,1
23415,1
23416,1
23417,1
23418,2
23419,1
23420,2
23421,1
23422,2
23423,2
23424,2
23425,1
23426,2
23427,0
23428,2
23429,2
23430,1
23431,1
23432,2
23433,0
23434,1
23435,2
23436,1
23437,0
23438,2
23439,1
23440,0
23441,1
23442,1
23443,1
23444,1
23445,1
23446,2
23447,1
23448,0
23449,1
23450,1
23451,1
23452,2
23453,1
23454,1
23455,2
23456,2
23457,1
23458,2
23459,0
23460,1
23461,2
23462,2
23463,1
23464,1
23465,0
23466,0
23467,1
23468,1
23469,1
23470,1
23471,1
23472,0
23473,1
23474,0
23475,1
23476,1
23477,1
23478,1
23479,1
23480,1
23481,0
23482,0
23483,1
23484,1
23485,2
23486,1
23487,1
23488,1
23489,0
23490,1
23491,0
23492,1
23493,1
23494,0
23495,1
23496,1
23497,1
23498,2
23499,1
23500,1
23501,2
23502,1
23503,1
23504,2
23505,1
23506,1
23507,2
23508,1
23509,1
23510,1
23511,1
23512,2
23513,1
23514,2
23515,2
23516,1
23517,1
23518,2
23519,1
23520,2
23521,2
23522,2
23523,1
23524,1
23525,1
23526,0
23527,1
23528,1
23529,1
23530,1
23531,1
23532,1
23533,1
23534,0
23535,1
23536,0
23537,1
23538,1
23539,1
23540,1
23541,1
23542,1
23543,0
23544,2
23545,1
23546,1
23547,1
23548,0
23549,0
23550,1
23551,0
23552,1
23553,0
23554,2
23555,1
23556,1
23557,0
23558,1
23559,1
23560,1
23561,2
23562,1
23563,2
23564,1
23565,2
23566,2
23567,1
23568,2
23569,1
23570,1
23571,1
23572,1
23573,2
23574,2
23575,2
23576,1
23577,2
23578,1
23579,1
23580,1
23581,2
23582,0
23583,2
23584,2
23585,2
23586,2
23587,1
23588,1
23589,1
23590,1
23591,1
23592,2
23593,0
23594,0
23595,0
23596,0
23597,1
23598,2
23599,1
23600,0
23601,0
23602,1
23603,1
23604,1
23605,1
23606,2
23607,1
23608,2
23609,1
23610,0
23611,1
23612,1
23613,1
23614,2
23615,2
23616,1
23617,2
23618,2
23619,2
23620,1
23621,2
23622,2
23623,1
23624,2
23625,1
23626,2
23627,2
23628,2
23629,1
23630,2
23631,2
23632,1
23633,0
23634,2
23635,2
23636,1
23637,0
23638,1
23639,1
23640,1
23641,1
23642,2
23643,1
23644,0
23645,1
23646,2
23647,1
23648,1
23649,1
23650,1
23651,1
23652,2
23653,2
23654,1
23655,2
23656,1
23657,1
23658,0
23659,0
23660,2
23661,2
23662,2
23663,1
23664,2
23665,2
23666,2
23667,2
23668,0
23669,1
23670,1
23671,1
23672,1
23673,2
23674,2
23675,1
23676,2
23677,1
23678,0
23679,1
23680,0
23681,2
23682,2
23683,1
23684,2
23685,2
23686,1
23687,2
23688,2
23689,2
23690,1
23691,0
23692,1
23693,2
23694,2
23695,2
23696,2
23697,1
23698,1
23699,2
23700,2
23701,0
23702,1
23703,2
23704,2
23705,2
23706,1
23707,1
23708,1
23709,2
23710,2
23711,0
23712,1
23713,1
23714,0
23715,1
23716,2
23717,1
23718,1
23719,2
23720,2
23721,2
23722,1
23723,2
23724,1
23725,1
23726,2
23727,2
23728,1
23729,1
23730,1
23731,1
23732,2
23733,0
23734,1
23735,1
23736,1
23737,1
23738,1
23739,1
23740,2
23741,0
23742,2
23743,1
23744,2
23745,2
23746,2
23747,0
23748,0
23749,1
23750,1
23751,2
23752,2
23753,2
23754,2
23755,0
23756,2
23757,2
23758,0
23759,2
23760,0
23761,1
23762,2
23763,1
23764,1
23765,2
23766,1
23767,2
23768,1
23769,2
23770,2
23771,1
23772,2
23773,2
23774,2
23775,0
23776,1
23777,2
23778,0
23779,2
23780,2
23781,1
23782,1
23783,2
23784,0
23785,1
23786,2
23787,2
23788,1
23789,1
23790,2
23791,1
23792,2
23793,1
23794,2
23795,2
23796,1
23797,1
23798,1
23799,2
23800,1
23801,2
23802,1
23803,1
23804,2
23805,1
23806,1
23807,2
23808,1
23809,1
23810,0
23811,1
23812,1
23813,1
23814,2
23815,2
23816,1
23817,2
23818,2
23819,1
23820,2
23821,1
23822,1
23823,0
23824,2
23825,2
23826,1
23827,1
23828,2
23829,2
23830,1
23831,2
23832,1
23833,2
23834,2
23835,1
23836,0
23837,0
23838,0
23839,1
23840,1
23841,1
23842,1
23843,2
23844,2
23845,1
23846,0
23847,1
23848,1
23849,1
23850,2
23851,2
23852,2
23853,0
23854,1
23855,1
23856,1
23857,0
23858,2
23859,0
23860,2
23861,1
23862,2
23863,2
23864,0
23865,0
23866,0
23867,1
23868,1
23869,1
23870,1
23871,2
23872,2
23873,1
23874,1
23875,0
23876,1
23877,1
23878,0
23879,2
23880,1
23881,0
23882,2
23883,1
23884,1
23885,1
23886,1
23887,1
23888,2
23889,1
23890,1
23891,1
23892,0
23893,1
23894,2
23895,2
23896,1
23897,2
23898,1
23899,2
23900,2
23901,1
23902,1
23903,1
23904,1
23905,2
23906,2
23907,0
23908,2
23909,1
23910,0
23911,2
23912,1
23913,0
23914,1
23915,2
23916,1
23917,1
23918,0
23919,1
23920,1
23921,2
23922,2
23923,2
23924,1
23925,1
23926,0
23927,2
23928,2
23929,2
23930,2
23931,0
23932,1
23933,0
23934,2
23935,1
23936,2
23937,0
23938,2
23939,0
23940,1
23941,2
23942,0
23943,1
23944,2
23945,0
23946,1
23947,1
23948,1
23949,2
23950,1
23951,1
23952,1
23953,0
23954,1
23955,1
23956,0
23957,2
23958,0
23959,2
23960,1
23961,1
23962,1
23963,1
23964,2
23965,1
23966,2
23967,0
23968,1
23969,0
23970,2
23971,1
23972,2
23973,2
23974,0
23975,1
23976,2
23977,1
23978,2
23979,2
23980,2
23981,1
23982,2
23983,2
23984,2
23985,2
23986,2
23987,0
23988,1
23989,2
23990,0
23991,1
23992,2
23993,0
23994,1
23995,0
23996,0
23997,1
23998,1
23999,1
24000,1
24001,0
24002,1
24003,2
24004,0
24005,1
24006,2
24007,2
24008,1
24009,1
24010,1
24011,1
24012,2
24013,2
24014,1
24015,2
24016,2
24017,2
24018,0
24019,2
24020,1
24021,1
24022,2
24023,0
24024,1
24025,2
24026,1
24027,1
24028,0
24029,1
24030,1
24031,0
24032,1
24033,0
24034,1
24035,1
24036,2
24037,2
24038,0
24039,2
24040,1
24041,2
24042,2
24043,1
24044,1
24045,2
24046,1
24047,2
24048,1
24049,1
24050,2
24051,2
24052,0
24053,1
24054,1
24055,2
24056,0
24057,1
24058,1
24059,1
24060,2
24061,0
24062,1
24063,1
24064,2
24065,2
24066,1
24067,2
24068,2
24069,1
24070,2
24071,1
24072,2
24073,1
24074,0
24075,1
24076,1
24077,1
24078,1
24079,0
24080,2
24081,1
24082,0
24083,2
24084,1
24085,2
24086,1
24087,0
24088,0
24089,2
24090,1
24091,2
24092,2
24093,2
24094,2
24095,0
24096,0
24097,1
24098,2
24099,1
24100,0
24101,1
24102,0
24103,1
24104,2
24105,0
24106,2
24107,2
24108,1
24109,1
24110,1
24111,1
24112,2
24113,2
24114,2
24115,2
24116,2
24117,2
24118,1
24119,1
24120,1
24121,1
24122,1
24123,2
24124,1
24125,1
24126,1
24127,2
24128,2
24129,1
24130,2
24131,1
24132,2
24133,1
24134,0
24135,1
24136,2
24137,1
24138,1
24139,0
24140,1
24141,1
24142,0
24143,2
24144,2
24145,2
24146,2
24147,1
24148,0
24149,2
24150,1
24151,0
24152,1
24153,2
24154,1
24155,0
24156,1
24157,2
24158,2
24159,1
24160,2
24161,2
24162,1
24163,1
24164,1
24165,2
24166,0
24167,2
24168,1
24169,1
24170,1
24171,2
24172,1
24173,1
24174,1
24175,2
24176,1
24177,2
24178,1
24179,2
24180,0
24181,2
24182,1
24183,1
24184,2
24185,1
24186,1
24187,2
24188,1
24189,1
24190,2
24191,1
24192,1
24193,1
24194,1
24195,2
24196,2
24197,2
24198,2
24199,1
24200,1
24201,2
24202,2
24203,2
24204,2
24205,2
24206,1
24207,1
24208,1
24209,0
24210,1
24211,2
24212,2
24213,0
24214,2
24215,1
24216,2
24217,2
24218,2
24219,2
24220,1
24221,1
24222,1
24223,0
24224,0
24225,0
24226,1
24227,2
24228,1
24229,1
24230,1
24231,1
24232,2
24233,2
24234,0
24235,1
24236,2
24237,2
24238,2
24239,2
24240,2
24241,0
24242,2
24243,2
24244,1
24245,0
24246,0
24247,1
24248,1
24249,1
24250,1
24251,1
24252,0
24253,1
24254,0
24255,1
24256,1
24257,2
24258,2
24259,1
24260,1
24261,0
24262,2
24263,1
24264,0
24265,2
24266,2
24267,2
24268,2
24269,2
24270,1
24271,1
24272,1
24273,1
24274,1
24275,1
24276,1
24277,2
24278,1
24279,1
24280,0
24281,1
24282,2
24283,1
24284,0
24285,2
24286,1
24287,1
24288,1
24289,2
24290,0
24291,1
24292,0
24293,1
24294,1
24295,1
24296,0
24297,1
24298,1
24299,1
24300,1
24301,2
24302,1
24303,0
24304,1
24305,1
24306,2
24307,2
24308,1
24309,2
24310,1
24311,2
24312,1
24313,2
24314,2
24315,1
24316,0
24317,2
24318,2
24319,2
24320,1
24321,1
24322,2
24323,1
24324,2
24325,1
24326,2
24327,2
24328,1
24329,0
24330,1
24331,1
24332,0
24333,0
24334,1
24335,1
24336,1
24337,2
24338,0
24339,1
24340,2
24341,1
24342,1
24343,0
24344,0
24345,0
24346,0
24347,1
24348,1
24349,1
24350,1
24351,0
24352,2
24353,1
24354,2
24355,2
24356,2
24357,0
24358,2
24359,1
24360,1
24361,1
24362,0
24363,1
24364,0
24365,1
24366,2
24367,2
24368,1
24369,2
24370,2
24371,1
24372,2
24373,1
24374,1
24375,0
24376,1
24377,2
24378,2
24379,1
24380,2
24381,2
24382,2
24383,1
24384,1
24385,1
24386,1
24387,1
24388,2
24389,1
24390,2
24391,2
24392,1
24393,1
24394,1
24395,1
24396,1
24397,2
24398,1
24399,2
24400,1
24401,2
24402,2
24403,1
24404,1
24405,2
24406,1
24407,1
24408,2
24409,2
24410,1
24411,1
24412,2
24413,2
24414,2
24415,1
24416,2
24417,1
24418,2
24419,0
24420,1
24421,2
24422,1
24423,1
24424,2
24425,2
24426,1
24427,1
24428,0
24429,1
24430,2
24431,1
24432,0
24433,1
24434,2
24435,2
24436,1
24437,1
24438,0
24439,2
24440,2
24441,0
24442,2
24443,2
24444,1
24445,2
24446,2
24447,1
24448,1
24449,2
24450,2
24451,2
24452,2
24453,2
24454,2
24455,1
24456,1
24457,1
24458,2
24459,1
24460,1
24461,2
24462,0
24463,0
24464,1
24465,2
24466,2
24467,2
24468,2
24469,2
24470,1
24471,1
24472,2
24473,2
24474,2
24475,1
24476,2
24477,1
24478,2
24479,2
24480,2
24481,1
24482,2
24483,1
24484,1
24485,2
24486,0
24487,1
24488,2
24489,1
24490,2
24491,2
24492,1
24493,2
24494,0
24495,2
24496,1
24497,2
24498,0
24499,2
24500,1
24501,1
24502,1
24503,2
24504,1
24505,2
24506,1
24507,1
24508,1
24509,1
24510,2
24511,2
24512,2
24513,1
24514,0
24515,1
24516,0
24517,1
24518,2
24519,2
24520,2
24521,1
24522,2
24523,2
24524,1
24525,0
24526,1
24527,0
24528,0
24529,1
24530,2
24531,1
24532,1
24533,0
24534,0
24535,2
24536,0
24537,1
24538,0
24539,1
24540,2
24541,1
24542,2
24543,2
24544,1
24545,1
24546,1
24547,2
24548,0
24549,0
24550,0
24551,1
24552,0
24553,0
24554,2
24555,2
24556,1
24557,2
24558,0
24559,0
24560,1
24561,1
24562,0
24563,1
24564,1
24565,0
24566,2
24567,1
24568,2
24569,2
24570,0
24571,1
24572,1
24573,1
24574,0
24575,1
24576,2
24577,1
24578,0
24579,0
24580,0
24581,0
24582,1
24583,1
24584,0
24585,1
24586,1
24587,0
24588,2
24589,2
24590,2
24591,0
24592,0
24593,2
24594,0
24595,1
24596,2
24597,0
24598,1
24599,2
24600,1
24601,1
24602,2
24603,1
24604,2
24605,2
24606,2
24607,1
24608,2
24609,2
24610,2
24611,0
24612,1
24613,2
24614,1
24615,2
24616,2
24617,2
24618,2
24619,2
24620,2
24621,1
24622,2
24623,0
24624,0
24625,0
24626,0
24627,2
24628,0
24629,0
24630,2
24631,1
24632,2
24633,1
24634,2
24635,2
24636,1
24637,1
24638,0
24639,0
24640,0
24641,0
24642,1
24643,2
24644,1
24645,2
24646,1
24647,2
24648,0
24649,2
24650,2
24651,1
24652,0
24653,2
24654,2
24655,2
24656,0
24657,2
24658,2
24659,2
24660,0
24661,2
24662,2
24663,1
24664,0
24665,2
24666,0
24667,1
24668,0
24669,2
24670,1
24671,0
24672,0
24673,1
24674,0
24675,2
24676,1
24677,0
24678,1
24679,1
24680,2
24681,0
24682,1
24683,1
24684,1
24685,0
24686,1
24687,1
24688,1
24689,2
24690,2
24691,2
24692,0
24693,1
24694,1
24695,2
24696,0
24697,1
24698,0
24699,1
24700,2
24701,1
24702,1
24703,2
24704,1
24705,1
24706,0
24707,2
24708,0
24709,1
24710,1
24711,1
24712,1
24713,1
24714,1
24715,2
24716,0
24717,1
24718,1
24719,1
24720,2
24721,1
24722,1
24723,1
24724,1
24725,1
24726,2
24727,1
24728,1
24729,1
24730,1
24731,2
24732,1
24733,2
24734,2
24735,1
24736,1
24737,1
24738,2
24739,0
24740,2
24741,1
24742,2
24743,1
24744,2
24745,1
24746,1
24747,2
24748,1
24749,2
24750,0
24751,1
24752,2
24753,1
24754,1
24755,1
24756,2
24757,1
24758,0
24759,2
24760,1
24761,1
24762,1
24763,1
24764,2
24765,0
24766,1
24767,2
24768,1
24769,2
24770,1
24771,2
24772,1
24773,2
24774,1
24775,1
24776,1
24777,1
24778,1
24779,1
24780,2
24781,1
24782,0
24783,2
24784,1
24785,0
24786,2
24787,1
24788,1
24789,2
24790,2
24791,1
24792,1
24793,1
24794,1
24795,1
24796,1
24797,1
24798,1
24799,1
24800,1
24801,0
24802,1
24803,0
24804,2
24805,0
24806,1
24807,2
24808,1
24809,0
24810,0
24811,1
24812,1
24813,1
24814,1
24815,2
24816,2
24817,2
24818,2
24819,1
24820,1
24821,1
24822,1
24823,1
24824,1
24825,2
24826,1
24827,2
24828,0
24829,1
24830,1
24831,2
24832,2
24833,2
24834,1
24835,1
24836,2
24837,2
24838,1
24839,1
24840,2
24841,2
24842,1
24843,0
24844,2
24845,2
24846,1
24847,1
24848,0
24849,2
24850,1
24851,0
24852,0
24853,2
24854,1
24855,0
24856,1
24857,2
24858,1
24859,2
24860,0
24861,0
24862,2
24863,2
24864,1
24865,1
24866,1
24867,2
24868,1
24869,1
24870,0
24871,1
24872,2
24873,1
24874,2
24875,1
24876,2
24877,1
24878,2
24879,2
24880,2
24881,2
24882,1
24883,1
24884,2
24885,0
24886,1
24887,1
24888,1
24889,2
24890,1
24891,1
24892,1
24893,2
24894,2
24895,2
24896,2
24897,2
24898,1
24899,2
24900,1
24901,0
24902,2
24903,2
24904,1
24905,2
24906,0
24907,1
24908,1
24909,1
24910,1
24911,2
24912,2
24913,2
24914,0
24915,2
24916,2
24917,1
24918,2
24919,2
24920,0
24921,2
24922,2
24923,1
24924,2
24925,1
24926,2
24927,2
24928,2
24929,1
24930,1
24931,2
24932,2
24933,2
24934,1
24935,2
24936,2
24937,2
24938,2
24939,1
24940,1
24941,1
24942,0
24943,2
24944,2
24945,2
24946,1
24947,1
24948,2
24949,2
24950,2
24951,1
24952,1
24953,1
24954,0
24955,2
24956,2
24957,1
24958,2
24959,2
24960,1
24961,2
24962,2
24963,2
24964,2
24965,1
24966,1
24967,2
24968,2
24969,2
24970,1
24971,1
24972,2
24973,1
24974,0
24975,1
24976,2
24977,1
24978,2
24979,1
24980,1
24981,1
24982,0
24983,2
24984,1
24985,2
24986,1
24987,1
24988,1
24989,2
24990,2
24991,2
24992,1
24993,0
24994,1
24995,1
24996,1
24997,0
24998,1
24999,2
25000,0
25001,2
25002,2
25003,2
25004,1
25005,0
25006,2
25007,1
25008,0
25009,2
25010,2
25011,1
25012,1
25013,2
25014,2
25015,0
25016,1
25017,2
25018,1
25019,0
25020,0
25021,0
25022,1
25023,2
25024,0
25025,2
25026,2
25027,2
25028,1
25029,1
25030,1
25031,1
25032,2
25033,2
25034,1
25035,2
25036,1
25037,2
25038,2
25039,2
25040,1
25041,0
25042,2
25043,1
25044,2
25045,2
25046,2
25047,1
25048,1
25049,2
25050,2
25051,1
25052,2
25053,0
25054,1
25055,2
25056,2
25057,1
25058,1
25059,2
25060,0
25061,2
25062,1
25063,1
25064,0
25065,0
25066,2
25067,2
25068,1
25069,2
25070,1
25071,0
25072,1
25073,1
25074,2
25075,1
25076,1
25077,0
25078,1
25079,1
25080,0
25081,2
25082,1
25083,2
25084,2
25085,1
25086,1
25087,2
25088,2
25089,1
25090,1
25091,2
25092,0
25093,1
25094,1
25095,1
25096,0
25097,2
25098,1
25099,0
25100,0
25101,2
25102,0
25103,2
25104,1
25105,1
25106,0
25107,1
25108,1
25109,1
25110,2
25111,1
25112,1
25113,1
25114,2
25115,1
25116,0
25117,1
25118,1
25119,2
25120,0
25121,0
25122,0
25123,0
25124,0
25125,1
25126,2
25127,0
25128,2
25129,2
25130,1
25131,2
25132,2
25133,1
25134,1
25135,2
25136,1
25137,1
25138,1
25139,2
25140,2
25141,1
25142,2
25143,1
25144,1
25145,0
25146,2
25147,2
25148,1
25149,1
25150,2
25151,1
25152,2
25153,1
25154,2
25155,2
25156,0
25157,2
25158,0
25159,2
25160,2
25161,1
25162,2
25163,2
25164,1
25165,1
25166,2
25167,1
25168,2
25169,1
25170,1
25171,2
25172,2
25173,2
25174,1
25175,2
25176,2
25177,1
25178,2
25179,2
25180,2
25181,1
25182,1
25183,1
25184,1
25185,0
25186,1
25187,1
25188,1
25189,2
25190,2
25191,1
25192,1
25193,2
25194,1
25195,0
25196,1
25197,2
25198,1
25199,0
25200,1
25201,1
25202,1
25203,0
25204,1
25205,1
25206,0
25207,1
25208,2
25209,1
25210,1
25211,1
25212,2
25213,0
25214,0
25215,2
25216,2
25217,0
25218,1
25219,1
25220,0
25221,2
25222,2
25223,0
25224,2
25225,2
25226,2
25227,2
25228,2
25229,0
25230,1
25231,2
25232,0
25233,2
25234,1
25235,1
25236,1
25237,1
25238,1
25239,1
25240,2
25241,1
25242,1
25243,1
25244,2
25245,2
25246,2
25247,2
25248,1
25249,0
25250,2
25251,0
25252,0
25253,0
25254,2
25255,2
25256,1
25257,1
25258,1
25259,2
25260,1
25261,2
25262,1
25263,1
25264,2
25265,2
25266,1
25267,1
25268,1
25269,2
25270,0
25271,1
25272,2
25273,0
25274,1
25275,0
25276,1
25277,1
25278,0
25279,1
25280,1
25281,2
25282,2
25283,2
25284,2
25285,2
25286,2
25287,2
25288,1
25289,2
25290,2
25291,2
25292,2
25293,1
25294,1
25295,1
25296,2
25297,1
25298,1
25299,1
25300,0
25301,1
25302,0
25303,2
25304,1
25305,1
25306,1
25307,1
25308,2
25309,2
25310,1
25311,1
25312,2
25313,2
25314,1
25315,1
25316,1
25317,2
25318,2
25319,0
25320,0
25321,1
25322,0
25323,2
25324,1
25325,2
25326,1
25327,1
25328,0
25329,2
25330,2
25331,2
25332,2
25333,2
25334,2
25335,1
25336,2
25337,1
25338,2
25339,2
25340,1
25341,1
25342,2
25343,1
25344,1
25345,1
25346,1
25347,2
25348,1
25349,1
25350,1
25351,2
25352,1
25353,1
25354,1
25355,1
25356,2
25357,0
25358,0
25359,2
25360,1
25361,0
25362,1
25363,1
25364,1
25365,0
25366,1
25367,1
25368,0
25369,0
25370,1
25371,1
25372,2
25373,1
25374,1
25375,2
25376,1
25377,1
25378,2
25379,1
25380,2
25381,2
25382,1
25383,2
25384,2
25385,1
25386,1
25387,2
25388,2
25389,1
25390,1
25391,1
25392,2
25393,2
25394,2
25395,2
25396,1
25397,1
25398,1
25399,1
25400,1
25401,1
25402,0
25403,1
25404,1
25405,0
25406,2
25407,1
25408,0
25409,0
25410,1
25411,1
25412,1
25413,2
25414,1
25415,1
25416,0
25417,1
25418,1
25419,2
25420,1
25421,1
25422,1
25423,2
25424,0
25425,1
25426,2
25427,1
25428,2
25429,0
25430,2
25431,2
25432,1
25433,2
25434,1
25435,1
25436,1
25437,2
25438,2
25439,1
25440,2
25441,2
25442,2
25443,1
25444,0
25445,1
25446,1
25447,2
25448,1
25449,2
25450,0
25451,2
25452,2
25453,1
25454,1
25455,1
25456,2
25457,2
25458,2
25459,1
25460,1
25461,1
25462,2
25463,1
25464,0
25465,1
25466,2
25467,2
25468,2
25469,1
25470,2
25471,1
25472,2
25473,0
25474,0
25475,2
25476,2
25477,2
25478,0
25479,2
25480,1
25481,1
25482,1
25483,0
25484,1
25485,2
25486,1
25487,1
25488,1
25489,0
25490,2
25491,0
25492,2
25493,1
25494,0
25495,1
25496,0
25497,1
25498,1
25499,1
25500,1
25501,1
25502,0
25503,1
25504,1
25505,1
25506,2
25507,2
25508,1
25509,2
25510,1
25511,0
25512,1
25513,1
25514,1
25515,1
25516,2
25517,1
25518,2
25519,1
25520,1
25521,1
25522,1
25523,1
25524,2
25525,2
25526,1
25527,0
25528,2
25529,1
25530,1
25531,2
25532,1
25533,0
25534,1
25535,1
25536,1
25537,0
25538,2
25539,0
25540,2
25541,0
25542,2
25543,1
25544,2
25545,2
25546,2
25547,1
25548,1
25549,1
25550,2
25551,2
25552,1
25553,2
25554,1
25555,0
25556,1
25557,0
25558,2
25559,0
25560,0
25561,1
25562,1
25563,0
25564,1
25565,1
25566,2
25567,2
25568,0
25569,1
25570,2
25571,2
25572,2
25573,2
25574,2
25575,2
25576,1
25577,0
25578,0
25579,2
25580,1
25581,2
25582,2
25583,0
25584,1
25585,1
25586,2
25587,1
25588,0
25589,1
25590,1
25591,1
25592,0
25593,1
25594,1
25595,0
25596,2
25597,1
25598,1
25599,0
25600,2
25601,2
25602,1
25603,0
25604,2
25605,2
25606,1
25607,2
25608,1
25609,1
25610,2
25611,1
25612,0
25613,1
25614,0
25615,2
25616,1
25617,2
25618,1
25619,2
25620,1
25621,1
25622,2
25623,1
25624,1
25625,2
25626,1
25627,1
25628,1
25629,2
25630,0
25631,1
25632,2
25633,1
25634,1
25635,1
25636,1
25637,1
25638,0
25639,2
25640,0
25641,0
25642,1
25643,2
25644,1
25645,0
25646,2
25647,0
25648,2
25649,2
25650,1
25651,0
25652,2
25653,1
25654,2
25655,1
25656,0
25657,2
25658,1
25659,2
25660,1
25661,0
25662,0
25663,0
25664,2
25665,2
25666,1
25667,1
25668,2
25669,0
25670,1
25671,2
25672,0
25673,1
25674,2
25675,1
25676,2
25677,1
25678,2
25679,2
25680,1
25681,1
25682,1
25683,1
25684,1
25685,1
25686,2
25687,0
25688,2
25689,2
25690,1
25691,1
25692,2
25693,1
25694,1
25695,2
25696,1
25697,2
25698,1
25699,2
25700,2
25701,2
25702,1
25703,0
25704,0
25705,2
25706,1
25707,0
25708,1
25709,1
25710,2
25711,1
25712,1
25713,2
25714,2
25715,1
25716,1
25717,0
25718,2
25719,1
25720,1
25721,2
25722,2
25723,2
25724,2
25725,1
25726,2
25727,1
25728,1
25729,2
25730,1
25731,0
25732,2
25733,1
25734,1
25735,1
25736,2
25737,1
25738,1
25739,0
25740,0
25741,0
25742,2
25743,0
25744,0
25745,1
25746,1
25747,1
25748,1
25749,1
25750,1
25751,2
25752,2
25753,2
25754,1
25755,1
25756,1
25757,2
25758,2
25759,2
25760,2
25761,1
25762,1
25763,1
25764,2
25765,2
25766,2
25767,0
25768,2
25769,2
25770,2
25771,1
25772,0
25773,1
25774,2
25775,1
25776,0
25777,1
25778,0
25779,0
25780,1
25781,2
25782,2
25783,2
25784,1
25785,1
25786,0
25787,1
25788,2
25789,1
25790,1
25791,0
25792,1
25793,0
25794,2
25795,2
25796,0
25797,1
25798,1
25799,1
25800,2
25801,1
25802,1
25803,1
25804,0
25805,2
25806,1
25807,1
25808,2
25809,0
25810,1
25811,1
25812,2
25813,1
25814,2
25815,2
25816,2
25817,2
25818,0
25819,1
25820,2
25821,0
25822,1
25823,0
25824,0
25825,1
25826,1
25827,1
25828,2
25829,2
25830,2
25831,2
25832,1
25833,2
25834,2
25835,1
25836,1
25837,1
25838,2
25839,2
25840,2
25841,2
25842,2
25843,2
25844,1
25845,1
25846,1
25847,2
25848,1
25849,1
25850,2
25851,2
25852,2
25853,2
25854,1
25855,2
25856,0
25857,2
25858,1
25859,1
25860,0
25861,1
25862,0
25863,1
25864,2
25865,0
25866,2
25867,2
25868,2
25869,1
25870,1
25871,1
25872,0
25873,2
25874,1
25875,0
25876,1
25877,1
25878,2
25879,0
25880,1
25881,2
25882,2
25883,1
25884,1
25885,1
25886,1
25887,1
25888,0
25889,1
25890,2
25891,0
25892,2
25893,2
25894,1
25895,1
25896,2
25897,1
25898,1
25899,2
25900,2
25901,0
25902,2
25903,1
25904,1
25905,0
25906,2
25907,2
25908,2
25909,2
25910,2
25911,1
25912,2
25913,2
25914,1
25915,1
25916,1
25917,1
25918,2
25919,1
25920,2
25921,1
25922,2
25923,2
25924,2
25925,1
25926,1
25927,1
25928,1
25929,2
25930,2
25931,1
25932,1
25933,2
25934,2
25935,2
25936,2
25937,0
25938,1
25939,2
25940,2
25941,2
25942,1
25943,2
25944,2
25945,0
25946,0
25947,1
25948,2
25949,1
25950,1
25951,2
25952,1
25953,1
25954,1
25955,1
25956,2
25957,0
25958,1
25959,0
25960,0
25961,1
25962,2
25963,0
25964,0
25965,1
25966,1
25967,1
25968,0
25969,0
25970,0
25971,1
25972,1
25973,0
25974,1
25975,0
25976,1
25977,0
25978,0
25979,0
25980,1
25981,0
25982,0
25983,2
25984,1
25985,1
25986,0
25987,1
25988,2
25989,0
25990,0
25991,0
25992,0
25993,0
25994,1
25995,1
25996,0
25997,2
25998,1
25999,2
26000,2
26001,1
26002,0
26003,0
26004,0
26005,0
26006,0
26007,0
26008,0
26009,1
26010,0
26011,2
26012,2
26013,0
26014,0
26015,0
26016,0
26017,1
26018,1
26019,1
26020,1
26021,2
26022,0
26023,2
26024,1
26025,0
26026,0
26027,1
26028,1
26029,1
26030,0
26031,1
26032,1
26033,1
26034,0
26035,0
26036,1
26037,0
26038,0
26039,1
26040,0
26041,2
26042,1
26043,0
26044,0
26045,1
26046,1
26047,1
26048,0
26049,1
26050,0
26051,0
26052,0
26053,1
26054,0
26055,1
26056,1
26057,2
26058,2
26059,0
26060,0
26061,2
26062,0
26063,1
26064,0
26065,0
26066,0
26067,0
26068,0
26069,0
26070,0
26071,0
26072,0
26073,2
26074,0
26075,0
26076,2
26077,1
26078,0
26079,0
26080,1
26081,2
26082,1
26083,0
26084,1
26085,1
26086,2
26087,1
26088,2
26089,1
26090,2
26091,0
26092,1
26093,1
26094,1
26095,0
26096,2
26097,1
26098,2
26099,1
26100,1
26101,2
26102,0
26103,1
26104,1
26105,2
26106,2
26107,1
26108,2
26109,1
26110,1
26111,1
26112,1
26113,1
26114,1
26115,1
26116,0
26117,1
26118,1
26119,1
26120,1
26121,1
26122,2
26123,1
26124,1
26125,1
26126,2
26127,1
26128,1
26129,0
26130,1
26131,1
26132,0
26133,2
26134,2
26135,1
26136,2
26137,2
26138,2
26139,2
26140,2
26141,2
26142,2
26143,1
26144,0
26145,1
26146,1
26147,2
26148,2
26149,1
26150,1
26151,1
26152,1
26153,2
26154,0
26155,2
26156,0
26157,1
26158,1
26159,1
26160,1
26161,1
26162,1
26163,2
26164,1
26165,1
26166,0
26167,2
26168,1
26169,1
26170,2
26171,1
26172,2
26173,0
26174,0
26175,2
26176,1
26177,2
26178,1
26179,2
26180,0
26181,2
26182,2
26183,2
26184,1
26185,1
26186,1
26187,2
26188,1
26189,0
26190,2
26191,1
26192,2
26193,1
26194,0
26195,1
26196,1
26197,1
26198,0
26199,1
26200,2
26201,2
26202,2
26203,2
26204,1
26205,2
26206,1
26207,1
26208,2
26209,0
26210,0
26211,2
26212,0
26213,2
26214,2
26215,1
26216,2
26217,2
26218,1
26219,1
26220,1
26221,1
26222,2
26223,2
26224,2
26225,2
26226,2
26227,1
26228,0
26229,2
26230,2
26231,1
26232,2
26233,2
26234,2
26235,1
26236,2
26237,1
26238,2
26239,0
26240,0
26241,0
26242,1
26243,1
26244,2
26245,2
26246,2
26247,1
26248,1
26249,2
26250,2
26251,2
26252,0
26253,1
26254,2
26255,1
26256,0
26257,1
26258,1
26259,2
26260,1
26261,2
26262,2
26263,2
26264,2
26265,1
26266,2
26267,1
26268,2
26269,2
26270,2
26271,1
26272,1
26273,1
26274,2
26275,1
26276,2
26277,2
26278,1
26279,2
26280,2
26281,0
26282,2
26283,1
26284,1
26285,2
26286,2
26287,2
26288,0
26289,1
26290,2
26291,1
26292,1
26293,2
26294,1
26295,2
26296,2
26297,2
26298,2
26299,2
26300,2
26301,1
26302,2
26303,2
26304,2
26305,2
26306,2
26307,2
26308,1
26309,1
26310,1
26311,1
26312,2
26313,1
26314,2
26315,1
26316,2
26317,2
26318,2
26319,2
26320,1
26321,2
26322,2
26323,2
26324,2
26325,0
26326,2
26327,2
26328,0
26329,1
26330,2
26331,2
26332,0
26333,2
26334,2
26335,2
26336,1
26337,0
26338,2
26339,2
26340,2
26341,1
26342,2
26343,2
26344,2
26345,1
26346,0
26347,1
26348,2
26349,2
26350,1
26351,1
26352,2
26353,0
26354,2
26355,2
26356,1
26357,0
26358,2
26359,1
26360,0
26361,0
26362,2
26363,1
26364,2
26365,2
26366,1
26367,1
26368,1
26369,2
26370,2
26371,1
26372,0
26373,2
26374,2
26375,1
26376,0
26377,1
26378,2
26379,2
26380,2
26381,2
26382,2
26383,0
26384,0
26385,1
26386,2
26387,1
26388,1
26389,1
26390,1
26391,2
26392,0
26393,1
26394,0
26395,2
26396,0
26397,2
26398,2
26399,1
26400,1
26401,1
26402,1
26403,1
26404,1
26405,2
26406,2
26407,2
26408,1
26409,1
26410,0
26411,2
26412,1
26413,2
26414,1
26415,2
26416,1
26417,0
26418,2
26419,2
26420,1
26421,2
26422,2
26423,1
26424,0
26425,1
26426,0
26427,1
26428,0
26429,2
26430,1
26431,2
26432,1
26433,2
26434,1
26435,1
26436,0
26437,2
26438,0
26439,1
26440,1
26441,1
26442,2
26443,2
26444,2
26445,2
26446,1
26447,2
26448,2
26449,1
26450,1
26451,1
26452,2
26453,1
26454,1
26455,1
26456,0
26457,2
26458,0
26459,1
26460,2
26461,2
26462,1
26463,0
26464,1
26465,2
26466,1
26467,2
26468,1
26469,1
26470,1
26471,0
26472,2
26473,1
26474,2
26475,2
26476,2
26477,2
26478,1
26479,0
26480,2
26481,1
26482,2
26483,1
26484,1
26485,2
26486,1
26487,1
26488,1
26489,2
26490,2
26491,2
26492,1
26493,2
26494,1
26495,1
26496,1
26497,2
26498,1
26499,1
26500,0
26501,2
26502,2
26503,1
26504,2
26505,1
26506,2
26507,1
26508,0
26509,2
26510,1
26511,2
26512,1
26513,1
26514,0
26515,1
26516,2
26517,2
26518,2
26519,1
26520,0
26521,1
26522,2
26523,2
26524,0
26525,1
26526,2
26527,2
26528,0
26529,1
26530,2
26531,1
26532,1
26533,0
26534,2
26535,2
26536,2
26537,2
26538,1
26539,0
26540,1
26541,0
26542,2
26543,2
26544,0
26545,1
26546,2
26547,0
26548,0
26549,0
26550,0
26551,1
26552,0
26553,2
26554,1
26555,1
26556,0
26557,1
26558,0
26559,2
26560,1
26561,1
26562,0
26563,2
26564,1
26565,2
26566,2
26567,2
26568,0
26569,2
26570,0
26571,1
26572,1
26573,1
26574,2
26575,1
26576,2
26577,1
26578,1
26579,2
26580,0
26581,1
26582,0
26583,0
26584,1
26585,1
26586,1
26587,0
26588,1
26589,2
26590,0
26591,1
26592,1
26593,2
26594,2
26595,1
26596,0
26597,1
26598,1
26599,2
26600,1
26601,1
26602,0
26603,1
26604,0
26605,1
26606,1
26607,0
26608,0
26609,1
26610,2
26611,1
26612,0
26613,0
26614,2
26615,0
26616,1
26617,2
26618,2
26619,2
26620,2
26621,2
26622,2
26623,2
26624,2
26625,1
26626,2
26627,2
26628,2
26629,0
26630,1
26631,1
26632,0
26633,0
26634,1
26635,2
26636,1
26637,1
26638,2
26639,1
26640,0
26641,0
26642,1
26643,2
26644,0
26645,2
26646,2
26647,2
26648,0
26649,1
26650,1
26651,0
26652,1
26653,2
26654,1
26655,0
26656,0
26657,0
26658,1
26659,2
26660,1
26661,1
26662,0
26663,1
26664,2
26665,2
26666,1
26667,2
26668,2
26669,0
26670,1
26671,1
26672,2
26673,2
26674,0
26675,2
26676,0
26677,2
26678,2
26679,2
26680,1
26681,1
26682,2
26683,0
26684,2
26685,1
26686,2
26687,2
26688,2
26689,2
26690,1
26691,2
26692,0
26693,0
26694,1
26695,2
26696,2
26697,1
26698,1
26699,0
26700,0
26701,1
26702,1
26703,1
26704,2
26705,1
26706,2
26707,0
26708,2
26709,2
26710,1
26711,2
26712,2
26713,0
26714,0
26715,0
26716,2
26717,1
26718,2
26719,2
26720,0
26721,1
26722,2
26723,2
26724,1
26725,1
26726,2
26727,0
26728,2
26729,2
26730,2
26731,2
26732,1
26733,1
26734,0
26735,2
26736,2
26737,1
26738,1
26739,0
26740,1
26741,2
26742,0
26743,2
26744,1
26745,2
26746,0
26747,1
26748,0
26749,2
26750,0
26751,0
26752,0
26753,2
26754,2
26755,2
26756,0
26757,1
26758,0
26759,1
26760,2
26761,2
26762,1
26763,1
26764,0
26765,2
26766,2
26767,2
26768,2
26769,1
26770,2
26771,1
26772,2
26773,1
26774,1
26775,2
26776,0
26777,2
26778,2
26779,2
26780,2
26781,2
26782,1
26783,2
26784,1
26785,2
26786,2
26787,0
26788,1
26789,2
26790,0
26791,0
26792,2
26793,2
26794,1
26795,1
26796,2
26797,2
26798,2
26799,0
26800,1
26801,1
26802,0
26803,2
26804,1
26805,1
26806,2
26807,2
26808,2
26809,1
26810,0
26811,0
26812,2
26813,0
26814,2
26815,2
26816,1
26817,0
26818,1
26819,1
26820,1
26821,0
26822,2
26823,0
26824,1
26825,1
26826,1
26827,1
26828,1
26829,1
26830,1
26831,0
26832,2
26833,1
26834,2
26835,0
26836,2
26837,2
26838,1
26839,2
26840,1
26841,1
26842,2
26843,1
26844,2
26845,1
26846,1
26847,1
26848,0
26849,2
26850,2
26851,2
26852,1
26853,1
26854,1
26855,1
26856,2
26857,1
26858,0
26859,2
26860,1
26861,1
26862,1
26863,2
26864,2
26865,2
26866,2
26867,2
26868,1
26869,1
26870,0
26871,1
26872,0
26873,0
26874,0
26875,2
26876,2
26877,1
26878,1
26879,1
26880,1
26881,2
26882,2
26883,2
26884,2
26885,1
26886,1
26887,1
26888,0
26889,1
26890,0
26891,1
26892,1
26893,0
26894,2
26895,1
26896,2
26897,2
26898,0
26899,0
26900,0
26901,1
26902,1
26903,1
26904,2
26905,0
26906,1
26907,1
26908,1
26909,1
26910,2
26911,0
26912,2
26913,1
26914,1
26915,1
26916,0
26917,1
26918,1
26919,1
26920,2
26921,0
26922,1
26923,1
26924,1
26925,2
26926,2
26927,1
26928,2
26929,1
26930,1
26931,2
26932,2
26933,2
26934,1
26935,2
26936,2
26937,2
26938,2
26939,0
26940,0
26941,1
26942,2
26943,2
26944,1
26945,1
26946,1
26947,1
26948,2
26949,2
26950,1
26951,0
26952,1
26953,2
26954,1
26955,0
26956,0
26957,0
26958,1
26959,1
26960,0
26961,2
26962,0
26963,1
26964,1
26965,1
26966,1
26967,0
26968,2
26969,2
26970,1
26971,0
26972,0
26973,2
26974,1
26975,2
26976,0
26977,0
26978,2
26979,1
26980,2
26981,0
26982,0
26983,2
26984,0
26985,1
26986,0
26987,0
26988,1
26989,2
26990,0
26991,0
26992,1
26993,1
26994,0
26995,2
26996,0
26997,1
26998,1
26999,2
27000,1
27001,1
27002,0
27003,1
27004,1
27005,1
27006,0
27007,2
27008,0
27009,1
27010,0
27011,1
27012,1
27013,2
27014,1
27015,0
27016,1
27017,0
27018,1
27019,1
27020,1
27021,1
27022,1
27023,0
27024,0
27025,0
27026,1
27027,1
27028,0
27029,2
27030,1
27031,0
27032,0
27033,0
27034,2
27035,0
27036,0
27037,1
27038,0
27039,0
27040,1
27041,0
27042,0
27043,1
27044,0
27045,1
27046,0
27047,1
27048,0
27049,1
27050,0
27051,2
27052,0
27053,0
27054,2
27055,0
27056,1
27057,0
27058,2
27059,1
27060,0
27061,1
27062,1
27063,2
27064,1
27065,2
27066,2
27067,0
27068,1
27069,2
27070,0
27071,1
27072,2
27073,2
27074,0
27075,1
27076,2
27077,1
27078,0
27079,2
27080,0
27081,0
27082,2
27083,1
27084,0
27085,1
27086,2
27087,1
27088,1
27089,2
27090,2
27091,1
27092,2
27093,2
27094,1
27095,2
27096,1
27097,1
27098,1
27099,1
27100,0
27101,2
27102,1
27103,2
27104,1
27105,1
27106,1
27107,1
27108,1
27109,2
27110,1
27111,0
27112,1
27113,1
27114,1
27115,2
27116,2
27117,2
27118,1
27119,1
27120,1
27121,0
27122,1
27123,1
27124,1
27125,2
27126,1
27127,2
27128,1
27129,1
27130,1
27131,1
27132,2
27133,1
27134,2
27135,1
27136,1
27137,1
27138,1
27139,0
27140,1
27141,2
27142,0
27143,2
27144,2
27145,1
27146,0
27147,1
27148,1
27149,1
27150,1
27151,2
27152,1
27153,1
27154,1
27155,1
27156,0
27157,0
27158,1
27159,2
27160,2
27161,1
27162,1
27163,1
27164,1
27165,2
27166,1
27167,1
27168,1
27169,2
27170,0
27171,1
27172,2
27173,1
27174,2
27175,1
27176,1
27177,1
27178,2
27179,1
27180,1
27181,1
27182,2
27183,2
27184,0
27185,2
27186,0
27187,2
27188,2
27189,1
27190,1
27191,1
27192,2
27193,1
27194,2
27195,2
27196,1
27197,1
27198,2
27199,1
27200,1
27201,1
27202,1
27203,2
27204,1
27205,1
27206,2
27207,0
27208,2
27209,1
27210,2
27211,1
27212,2
27213,2
27214,1
27215,0
27216,1
27217,2
27218,1
27219,1
27220,1
27221,1
27222,2
27223,1
27224,2
27225,1
27226,1
27227,2
27228,1
27229,0
27230,1
27231,2
27232,0
27233,1
27234,2
27235,2
27236,2
27237,2
27238,0
27239,1
27240,1
27241,2
27242,2
27243,1
27244,2
27245,2
27246,1
27247,1
27248,1
27249,1
27250,0
27251,0
27252,1
27253,1
27254,1
27255,1
27256,1
27257,2
27258,1
27259,2
27260,0
27261,1
27262,1
27263,2
27264,1
27265,1
27266,1
27267,2
27268,2
27269,1
27270,2
27271,1
27272,2
27273,2
27274,1
27275,1
27276,1
27277,2
27278,1
27279,2
27280,1
27281,2
27282,1
27283,0
27284,1
27285,0
27286,2
27287,1
27288,1
27289,2
27290,1
27291,2
27292,2
27293,1
27294,1
27295,1
27296,1
27297,2
27298,0
27299,1
27300,1
27301,1
27302,1
27303,1
27304,2
27305,1
27306,2
27307,1
27308,1
27309,2
27310,2
27311,1
27312,1
27313,1
27314,2
27315,1
27316,2
27317,1
27318,1
27319,2
27320,0
27321,1
27322,1
27323,2
27324,0
27325,1
27326,1
27327,2
27328,2
27329,2
27330,2
27331,2
27332,0
27333,2
27334,1
27335,1
27336,2
27337,0
27338,2
27339,0
27340,2
27341,2
27342,0
27343,2
27344,1
27345,1
27346,1
27347,1
27348,0
27349,1
27350,2
27351,2
27352,1
27353,0
27354,2
27355,1
27356,0
27357,2
27358,2
27359,0
27360,1
27361,1
27362,2
27363,1
27364,2
27365,1
27366,2
27367,2
27368,0
27369,2
27370,2
27371,1
27372,1
27373,0
27374,2
27375,1
27376,1
27377,2
27378,1
27379,1
27380,2
27381,2
27382,1
27383,2
27384,2
27385,0
27386,0
27387,1
27388,2
27389,0
27390,2
27391,0
27392,1
27393,2
27394,2
27395,1
27396,1
27397,2
27398,2
27399,1
27400,2
27401,1
27402,2
27403,2
27404,2
27405,2
27406,0
27407,2
27408,2
27409,2
27410,2
27411,2
27412,1
27413,2
27414,2
27415,2
27416,2
27417,1
27418,1
27419,2
27420,2
27421,1
27422,2
27423,1
27424,1
27425,1
27426,1
27427,2
27428,1
27429,2
27430,2
27431,2
27432,2
27433,1
27434,0
27435,2
27436,2
27437,2
27438,1
27439,1
27440,2
27441,0
27442,1
27443,2
27444,2
27445,2
27446,1
27447,1
27448,2
27449,1
27450,0
27451,1
27452,1
27453,2
27454,2
27455,2
27456,1
27457,1
27458,1
27459,2
27460,2
27461,0
27462,0
27463,2
27464,2
27465,2
27466,2
27467,2
27468,0
27469,1
27470,2
27471,2
27472,1
27473,2
27474,2
27475,1
27476,1
27477,2
27478,1
27479,1
27480,2
27481,1
27482,1
27483,2
27484,2
27485,1
27486,0
27487,1
27488,2
27489,2
27490,2
27491,1
27492,2
27493,1
27494,1
27495,2
27496,2
27497,1
27498,0
27499,2
27500,1
27501,1
27502,1
27503,1
27504,1
27505,1
27506,1
27507,1
27508,2
27509,1
27510,1
27511,0
27512,2
27513,1
27514,1
27515,1
27516,1
27517,0
27518,1
27519,2
27520,2
27521,0
27522,2
27523,2
27524,1
27525,2
27526,1
27527,2
27528,2
27529,0
27530,2
27531,2
27532,2
27533,1
27534,1
27535,2
27536,2
27537,1
27538,1
27539,1
27540,1
27541,2
27542,0
27543,0
27544,0
27545,1
27546,2
27547,2
27548,0
27549,1
27550,1
27551,0
27552,2
27553,1
27554,1
27555,2
27556,1
27557,0
27558,0
27559,1
27560,2
27561,0
27562,2
27563,1
27564,1
27565,0
27566,0
27567,2
27568,1
27569,1
27570,1
27571,0
27572,1
27573,1
27574,2
27575,1
27576,0
27577,0
27578,1
27579,0
27580,1
27581,1
27582,2
27583,1
27584,1
27585,2
27586,2
27587,2
27588,2
27589,1
27590,2
27591,2
27592,1
27593,2
27594,1
27595,0
27596,1
27597,1
27598,0
27599,1
27600,0
27601,2
27602,1
27603,2
27604,2
27605,2
27606,1
27607,2
27608,1
27609,1
27610,1
27611,1
27612,2
27613,2
27614,0
27615,0
27616,1
27617,0
27618,1
27619,2
27620,0
27621,0
27622,0
27623,0
27624,2
27625,2
27626,0
27627,0
27628,2
27629,1
27630,1
27631,1
27632,2
27633,0
27634,0
27635,0
27636,2
27637,2
27638,2
27639,1
27640,1
27641,0
27642,1
27643,0
27644,2
27645,0
27646,2
27647,0
27648,2
27649,2
27650,2
27651,1
27652,1
27653,2
27654,1
27655,1
27656,1
27657,2
27658,1
27659,1
27660,1
27661,2
27662,0
27663,2
27664,1
27665,1
27666,2
27667,1
27668,1
27669,2
27670,2
27671,2
27672,1
27673,1
27674,0
27675,1
27676,2
27677,0
27678,0
27679,0
27680,1
27681,1
27682,1
27683,2
27684,2
27685,0
27686,2
27687,1
27688,0
27689,2
27690,1
27691,1
27692,1
27693,1
27694,2
27695,2
27696,0
27697,2
27698,0
27699,0
27700,0
27701,1
27702,1
27703,2
27704,2
27705,0
27706,2
27707,1
27708,0
27709,1
27710,2
27711,1
27712,1
27713,0
27714,1
27715,1
27716,0
27717,2
27718,0
27719,1
27720,0
27721,0
27722,2
27723,1
27724,1
27725,1
27726,1
27727,1
27728,2
27729,1
27730,2
27731,2
27732,1
27733,2
27734,0
27735,1
27736,0
27737,0
27738,2
27739,0
27740,1
27741,1
27742,0
27743,1
27744,1
27745,1
27746,0
27747,2
27748,0
27749,1
27750,1
27751,1
27752,1
27753,0
27754,0
27755,2
27756,1
27757,1
27758,0
27759,0
27760,0
27761,1
27762,0
27763,1
27764,1
27765,1
27766,0
27767,1
27768,1
27769,1
27770,1
27771,1
27772,1
27773,0
27774,2
27775,2
27776,1
27777,1
27778,2
27779,1
27780,1
27781,1
27782,1
27783,0
27784,1
27785,1
27786,1
27787,0
27788,1
27789,1
27790,1
27791,2
27792,0
27793,0
27794,2
27795,0
27796,1
27797,2
27798,1
27799,1
27800,0
27801,1
27802,1
27803,0
27804,0
27805,1
27806,2
27807,1
27808,1
27809,1
27810,2
27811,1
27812,0
27813,2
27814,1
27815,0
27816,2
27817,0
27818,1
27819,0
27820,1
27821,0
27822,1
27823,1
27824,1
27825,0
27826,1
27827,0
27828,0
27829,2
27830,1
27831,0
27832,0
27833,1
27834,2
27835,1
27836,1
27837,1
27838,1
27839,0
27840,2
27841,2
27842,2
27843,0
27844,1
27845,1
27846,0
27847,2
27848,1
27849,1
27850,0
27851,0
27852,2
27853,1
27854,1
27855,1
27856,1
27857,1
27858,0
27859,1
27860,1
27861,0
27862,0
27863,1
27864,0
27865,0
27866,1
27867,0
27868,2
27869,2
27870,1
27871,0
27872,1
27873,1
27874,1
27875,0
27876,1
27877,0
27878,2
27879,2
27880,2
27881,1
27882,2
27883,1
27884,2
27885,2
27886,1
27887,1
27888,2
27889,0
27890,1
27891,1
27892,1
27893,2
27894,0
27895,1
27896,2
27897,2
27898,1
27899,2
27900,1
27901,1
27902,2
27903,2
27904,2
27905,1
27906,2
27907,1
27908,2
27909,1
27910,1
27911,2
27912,2
27913,0
27914,1
27915,1
27916,0
27917,2
27918,2
27919,0
27920,1
27921,2
27922,1
27923,1
27924,1
27925,1
27926,1
27927,1
27928,1
27929,0
27930,1
27931,1
27932,1
27933,2
27934,1
27935,0
27936,0
27937,0
27938,0
27939,1
27940,1
27941,1
27942,2
27943,1
27944,1
27945,2
27946,0
27947,1
27948,1
27949,1
27950,0
27951,1
27952,0
27953,0
27954,1
27955,1
27956,1
27957,0
27958,1
27959,1
27960,2
27961,2
27962,1
27963,1
27964,0
27965,0
27966,0
27967,1
27968,1
27969,1
27970,0
27971,0
27972,0
27973,2
27974,1
27975,2
27976,1
27977,1
27978,0
27979,1
27980,2
27981,1
27982,1
27983,1
27984,0
27985,1
27986,1
27987,1
27988,2
27989,1
27990,0
27991,2
27992,1
27993,2
27994,1
27995,2
27996,1
27997,1
27998,0
27999,1
28000,1
28001,0
28002,1
28003,2
28004,2
28005,1
28006,1
28007,1
28008,1
28009,0
28010,1
28011,2
28012,0
28013,1
28014,1
28015,0
28016,2
28017,1
28018,2
28019,1
28020,0
28021,2
28022,2
28023,1
28024,1
28025,1
28026,0
28027,2
28028,1
28029,2
28030,1
28031,1
28032,2
28033,0
28034,1
28035,1
28036,1
28037,2
28038,2
28039,2
28040,1
28041,1
28042,0
28043,2
28044,2
28045,2
28046,0
28047,0
28048,2
28049,2
28050,1
28051,1
28052,0
28053,2
28054,1
28055,1
28056,1
28057,2
28058,2
28059,1
28060,2
28061,2
28062,0
28063,0
28064,1
28065,2
28066,2
28067,2
28068,0
28069,0
28070,2
28071,1
28072,2
28073,1
28074,0
28075,1
28076,0
28077,2
28078,2
28079,0
28080,1
28081,0
28082,0
28083,0
28084,1
28085,1
28086,1
28087,1
28088,0
28089,0
28090,0
28091,0
28092,2
28093,2
28094,0
28095,1
28096,1
28097,0
28098,0
28099,1
28100,1
28101,0
28102,2
28103,1
28104,2
28105,1
28106,2
28107,2
28108,1
28109,1
28110,1
28111,0
28112,1
28113,2
28114,0
28115,1
28116,2
28117,0
28118,2
28119,1
28120,1
28121,2
28122,2
28123,1
28124,1
28125,1
28126,0
28127,1
28128,0
28129,0
28130,1
28131,0
28132,2
28133,0
28134,0
28135,1
28136,0
28137,2
28138,2
28139,0
28140,1
28141,0
28142,1
28143,1
28144,2
28145,2
28146,2
28147,1
28148,2
28149,0
28150,2
28151,1
28152,1
28153,2
28154,2
28155,2
28156,2
28157,1
28158,1
28159,2
28160,1
28161,2
28162,2
28163,2
28164,1
28165,1
28166,1
28167,1
28168,1
28169,1
28170,2
28171,0
28172,1
28173,0
28174,2
28175,1
28176,0
28177,2
28178,1
28179,0
28180,1
28181,2
28182,2
28183,0
28184,2
28185,1
28186,0
28187,2
28188,0
28189,1
28190,2
28191,1
28192,2
28193,2
28194,1
28195,2
28196,0
28197,2
28198,1
28199,1
28200,1
28201,1
28202,1
28203,2
28204,2
28205,1
28206,2
28207,1
28208,1
28209,0
28210,1
28211,2
28212,2
28213,0
28214,2
28215,1
28216,1
28217,1
28218,2
28219,2
28220,2
28221,2
28222,1
28223,2
28224,1
28225,2
28226,2
28227,2
28228,1
28229,1
28230,1
28231,1
28232,1
28233,2
28234,1
28235,2
28236,1
28237,1
28238,1
28239,0
28240,2
28241,2
28242,1
28243,2
28244,0
28245,1
28246,2
28247,1
28248,0
28249,2
28250,2
28251,2
28252,1
28253,2
28254,2
28255,1
28256,1
28257,2
28258,0
28259,1
28260,0
28261,0
28262,2
28263,0
28264,1
28265,2
28266,0
28267,2
28268,0
28269,0
28270,1
28271,2
28272,1
28273,1
28274,2
28275,2
28276,1
28277,0
28278,1
28279,2
28280,2
28281,2
28282,2
28283,0
28284,2
28285,0
28286,2
28287,2
28288,2
28289,2
28290,1
28291,2
28292,1
28293,2
28294,1
28295,1
28296,2
28297,2
28298,1
28299,0
28300,1
28301,2
28302,1
28303,1
28304,1
28305,1
28306,1
28307,1
28308,0
28309,1
28310,2
28311,2
28312,1
28313,1
28314,2
28315,2
28316,0
28317,0
28318,1
28319,2
28320,2
28321,2
28322,1
28323,1
28324,0
28325,2
28326,1
28327,0
28328,2
28329,0
28330,0
28331,2
28332,2
28333,1
28334,2
28335,1
28336,0
28337,2
28338,1
28339,2
28340,2
28341,2
28342,1
28343,2
28344,2
28345,1
28346,2
28347,0
28348,1
28349,1
28350,2
28351,1
28352,2
28353,2
28354,0
28355,2
28356,1
28357,2
28358,0
28359,0
28360,1
28361,1
28362,0
28363,0
28364,0
28365,0
28366,0
28367,0
28368,1
28369,1
28370,1
28371,2
28372,1
28373,1
28374,2
28375,1
28376,2
28377,2
28378,1
28379,1
28380,2
28381,1
28382,2
28383,2
28384,1
28385,1
28386,2
28387,2
28388,1
28389,1
28390,2
28391,1
28392,2
28393,2
28394,1
28395,2
28396,2
28397,0
28398,1
28399,0
28400,0
28401,1
28402,1
28403,0
28404,2
28405,2
28406,1
28407,2
28408,0
28409,2
28410,1
28411,2
28412,2
28413,2
28414,1
28415,2
28416,1
28417,2
28418,2
28419,1
28420,0
28421,0
28422,2
28423,2
28424,1
28425,0
28426,0
28427,2
28428,2
28429,1
28430,2
28431,2
28432,2
28433,2
28434,1
28435,1
28436,2
28437,2
28438,2
28439,2
28440,1
28441,1
28442,0
28443,2
28444,2
28445,2
28446,1
28447,1
28448,1
28449,1
28450,1
28451,2
28452,2
28453,1
28454,2
28455,0
28456,2
28457,2
28458,0
28459,2
28460,1
28461,2
28462,1
28463,1
28464,1
28465,2
28466,1
28467,0
28468,2
28469,0
28470,1
28471,0
28472,0
28473,2
28474,1
28475,0
28476,0
28477,1
28478,1
28479,1
28480,2
28481,1
28482,1
28483,2
28484,2
28485,1
28486,1
28487,2
28488,2
28489,1
28490,1
28491,2
28492,2
28493,2
28494,1
28495,1
28496,2
28497,1
28498,2
28499,2
28500,2
28501,2
28502,1
28503,2
28504,2
28505,0
28506,1
28507,0
28508,2
28509,0
28510,2
28511,2
28512,2
28513,0
28514,0
28515,1
28516,0
28517,1
28518,1
28519,1
28520,0
28521,0
28522,2
28523,0
28524,1
28525,0
28526,1
28527,1
28528,1
28529,0
28530,0
28531,1
28532,0
28533,0
28534,0
28535,0
28536,2
28537,0
28538,1
28539,0
28540,0
28541,0
28542,1
28543,2
28544,0
28545,1
28546,0
28547,1
28548,1
28549,2
28550,0
28551,1
28552,0
28553,1
28554,1
28555,2
28556,2
28557,2
28558,0
28559,2
28560,0
28561,0
28562,0
28563,1
28564,1
28565,1
28566,1
28567,1
28568,0
28569,2
28570,0
28571,0
28572,0
28573,1
28574,0
28575,1
28576,1
28577,1
28578,2
28579,0
28580,2
28581,1
28582,0
28583,2
28584,0
28585,0
28586,0
28587,1
28588,0
28589,1
28590,0
28591,1
28592,0
28593,2
28594,1
28595,0
28596,0
28597,1
28598,0
28599,2
28600,0
28601,1
28602,0
28603,1
28604,2
28605,2
28606,2
28607,2
28608,0
28609,1
28610,0
28611,1
28612,1
28613,0
28614,2
28615,2
28616,1
28617,2
28618,1
28619,0
28620,0
28621,1
28622,1
28623,0
28624,1
28625,0
28626,2
28627,1
28628,0
28629,0
28630,2
28631,1
28632,0
28633,1
28634,0
28635,1
28636,0
28637,0
28638,2
28639,0
28640,0
28641,1
28642,0
28643,0
28644,2
28645,1
28646,0
28647,1
28648,0
28649,0
28650,1
28651,1
28652,0
28653,2
28654,2
28655,2
28656,0
28657,1
28658,1
28659,1
28660,2
28661,0
28662,1
28663,2
28664,0
28665,1
28666,1
28667,0
28668,1
28669,0
28670,1
28671,0
28672,1
28673,0
28674,0
28675,1
28676,1
28677,1
28678,2
28679,2
28680,1
28681,1
28682,1
28683,1
28684,1
28685,2
28686,1
28687,0
28688,1
28689,1
28690,1
28691,2
28692,1
28693,2
28694,1
28695,1
28696,2
28697,1
28698,1
28699,1
28700,1
28701,2
28702,1
28703,1
28704,1
28705,1
28706,1
28707,1
28708,1
28709,0
28710,1
28711,1
28712,2
28713,1
28714,1
28715,1
28716,2
28717,1
28718,0
28719,1
28720,1
28721,1
28722,1
28723,1
28724,1
28725,1
28726,0
28727,1
28728,1
28729,2
28730,1
28731,1
28732,0
28733,0
28734,2
28735,1
28736,1
28737,1
28738,1
28739,1
28740,0
28741,1
28742,1
28743,1
28744,2
28745,1
28746,0
28747,1
28748,1
28749,2
28750,2
28751,0
28752,2
28753,2
28754,2
28755,1
28756,1
28757,1
28758,1
28759,2
28760,0
28761,2
28762,1
28763,2
28764,1
28765,1
28766,2
28767,1
28768,1
28769,1
28770,1
28771,2
28772,2
28773,1
28774,1
28775,0
28776,1
28777,2
28778,1
28779,1
28780,0
28781,1
28782,0
28783,1
28784,1
28785,0
28786,0
28787,1
28788,0
28789,2
28790,1
28791,1
28792,2
28793,0
28794,1
28795,0
28796,2
28797,2
28798,0
28799,2
28800,2
28801,1
28802,1
28803,2
28804,1
28805,1
28806,1
28807,1
28808,2
28809,0
28810,1
28811,1
28812,1
28813,2
28814,1
28815,2
28816,1
28817,2
28818,2
28819,2
28820,1
28821,0
28822,1
28823,1
28824,2
28825,2
28826,2
28827,2
28828,2
28829,1
28830,0
28831,2
28832,1
28833,2
28834,1
28835,1
28836,1
28837,1
28838,1
28839,1
28840,0
28841,2
28842,1
28843,1
28844,2
28845,2
28846,1
28847,2
28848,2
28849,1
28850,1
28851,2
28852,0
28853,1
28854,1
28855,2
28856,2
28857,2
28858,1
28859,0
28860,2
28861,2
28862,0
28863,1
28864,1
28865,2
28866,2
28867,1
28868,1
28869,2
28870,2
28871,2
28872,1
28873,0
28874,1
28875,1
28876,1
28877,0
28878,1
28879,1
28880,0
28881,2
28882,1
28883,1
28884,1
28885,1
28886,1
28887,1
28888,1
28889,0
28890,1
28891,2
28892,1
28893,2
28894,1
28895,0
28896,1
28897,1
28898,2
28899,1
28900,1
28901,2
28902,2
28903,1
28904,2
28905,2
28906,2
28907,2
28908,1
28909,2
28910,1
28911,0
28912,2
28913,1
28914,1
28915,0
28916,2
28917,2
28918,2
28919,1
28920,1
28921,2
28922,2
28923,1
28924,2
28925,0
28926,1
28927,2
28928,1
28929,0
28930,2
28931,1
28932,2
28933,2
28934,2
28935,2
28936,1
28937,2
28938,1
28939,2
28940,1
28941,1
28942,2
28943,0
28944,2
28945,1
28946,0
28947,2
28948,1
28949,2
28950,0
28951,1
28952,1
28953,2
28954,0
28955,0
28956,0
28957,1
28958,2
28959,1
28960,1
28961,2
28962,1
28963,1
28964,2
28965,1
28966,2
28967,1
28968,2
28969,0
28970,2
28971,1
28972,1
28973,1
28974,2
28975,2
28976,1
28977,1
28978,2
28979,1
28980,1
28981,0
28982,0
28983,1
28984,1
28985,1
28986,0
28987,0
28988,2
28989,1
28990,0
28991,1
28992,0
28993,1
28994,1
28995,1
28996,1
28997,2
28998,1
28999,2
29000,2
29001,1
29002,2
29003,1
29004,1
29005,0
29006,1
29007,1
29008,0
29009,1
29010,1
29011,0
29012,2
29013,1
29014,2
29015,2
29016,1
29017,2
29018,2
29019,2
29020,1
29021,2
29022,2
29023,0
29024,1
29025,1
29026,2
29027,1
29028,0
29029,0
29030,1
29031,0
29032,1
29033,1
29034,0
29035,2
29036,1
29037,2
29038,2
29039,0
29040,1
29041,1
29042,1
29043,2
29044,1
29045,2
29046,1
29047,1
29048,2
29049,0
29050,1
29051,0
29052,1
29053,1
29054,1
29055,2
29056,2
29057,2
29058,0
29059,2
29060,0
29061,1
29062,1
29063,1
29064,1
29065,2
29066,1
29067,1
29068,1
29069,0
29070,2
29071,1
29072,2
29073,1
29074,2
29075,0
29076,1
29077,1
29078,2
29079,1
29080,2
29081,0
29082,1
29083,2
29084,0
29085,0
29086,0
29087,1
29088,1
29089,1
29090,2
29091,1
29092,1
29093,1
29094,2
29095,1
29096,1
29097,1
29098,1
29099,2
29100,1
29101,2
29102,0
29103,1
29104,2
29105,1
29106,2
29107,2
29108,2
29109,2
29110,1
29111,1
29112,1
29113,2
29114,2
29115,1
29116,0
29117,0
29118,0
29119,1
29120,1
29121,1
29122,1
29123,0
29124,1
29125,2
29126,2
29127,1
29128,2
29129,2
29130,1
29131,0
29132,1
29133,1
29134,2
29135,1
29136,2
29137,0
29138,0
29139,0
29140,0
29141,1
29142,1
29143,0
29144,1
29145,0
29146,2
29147,1
29148,2
29149,2
29150,0
29151,2
29152,1
29153,0
29154,2
29155,2
29156,2
29157,2
29158,1
29159,1
29160,1
29161,2
29162,1
29163,2
29164,1
29165,1
29166,1
29167,2
29168,2
29169,2
29170,0
29171,1
29172,0
29173,1
29174,2
29175,1
29176,1
29177,1
29178,1
29179,1
29180,0
29181,0
29182,0
29183,0
29184,0
29185,1
29186,1
29187,2
29188,2
29189,1
29190,2
29191,2
29192,2
29193,1
29194,0
29195,1
29196,1
29197,1
29198,0
29199,1
29200,2
29201,1
29202,1
29203,1
29204,2
29205,1
29206,1
29207,1
29208,2
29209,2
29210,2
29211,1
29212,0
29213,0
29214,2
29215,2
29216,2
29217,0
29218,0
29219,0
29220,2
29221,2
29222,2
29223,1
29224,2
29225,1
29226,0
29227,0
29228,0
29229,1
29230,1
29231,1
29232,1
29233,0
29234,2
29235,1
29236,2
29237,2
29238,0
29239,2
29240,1
29241,1
29242,2
29243,0
29244,1
29245,1
29246,1
29247,1
29248,0
29249,0
29250,1
29251,2
29252,2
29253,2
29254,1
29255,1
29256,1
29257,2
29258,1
29259,1
29260,1
29261,1
29262,2
29263,1
29264,1
29265,0
29266,1
29267,1
29268,1
29269,2
29270,0
29271,0
29272,0
29273,1
29274,0
29275,1
29276,2
29277,1
29278,1
29279,1
29280,1
29281,1
29282,2
29283,1
29284,2
29285,2
29286,1
29287,0
29288,2
29289,1
29290,1
29291,2
29292,1
29293,1
29294,1
29295,1
29296,0
29297,0
29298,2
29299,1
29300,0
29301,2
29302,2
29303,2
29304,0
29305,2
29306,1
29307,1
29308,0
29309,1
29310,1
29311,0
29312,1
29313,1
29314,1
29315,1
29316,0
29317,0
29318,1
29319,0
29320,1
29321,2
29322,2
29323,1
29324,2
29325,1
29326,2
29327,1
29328,2
29329,2
29330,1
29331,1
29332,1
29333,1
29334,1
29335,2
29336,2
29337,2
29338,1
29339,0
29340,1
29341,1
29342,1
29343,0
29344,2
29345,0
29346,0
29347,1
29348,1
29349,0
29350,1
29351,2
29352,0
29353,2
29354,2
29355,1
29356,2
29357,0
29358,0
29359,1
29360,2
29361,1
29362,1
29363,0
29364,2
29365,0
29366,0
29367,0
29368,2
29369,2
29370,2
29371,1
29372,1
29373,2
29374,2
29375,2
29376,1
29377,1
29378,2
29379,2
29380,0
29381,0
29382,2
29383,1
29384,2
29385,1
29386,2
29387,0
29388,2
29389,1
29390,0
29391,1
29392,1
29393,0
29394,0
29395,1
29396,1
29397,0
29398,2
29399,1
29400,0
29401,1
29402,1
29403,0
29404,1
29405,1
29406,1
29407,2
29408,0
29409,2
29410,2
29411,2
29412,2
29413,1
29414,2
29415,1
29416,2
29417,2
29418,1
29419,0
29420,2
29421,1
29422,2
29423,1
29424,2
29425,2
29426,1
29427,0
29428,1
29429,1
29430,1
29431,2
29432,0
29433,2
29434,1
29435,1
29436,1
29437,1
29438,2
29439,1
29440,2
29441,0
29442,1
29443,1
29444,1
29445,1
29446,2
29447,2
29448,2
29449,2
29450,1
29451,1
29452,0
29453,2
29454,1
29455,0
29456,0
29457,1
29458,0
29459,1