node_id,group_id
0,0
1,3
2,3
3,1
4,3
5,2
6,4
7,6
8,4
9,3
10,6
11,3
12,3
13,0
14,1
15,2
16,1
17,1
18,2
19,2
20,3
21,0
22,3
23,3
24,3
25,5
26,6
27,2
28,5
29,5
30,6
31,6
32,6
33,0
34,0
35,0
36,3
37,2
38,5
39,0
40,5
41,3
42,4
43,5
44,5
45,4
46,5
47,2
48,5
49,2
50,3
51,0
52,3
53,4
54,0
55,4
56,5
57,3
58,4
59,5
60,5
61,2
62,1
63,1
64,3
65,5
66,2
67,6
68,2
69,0
70,1
71,5
72,5
73,6
74,5
75,0
76,5
77,3
78,6
79,2
80,0
81,0
82,3
83,5
84,5
85,3
86,1
87,5
88,2
89,3
90,5
91,6
92,6
93,2
94,1
95,4
96,5
97,5
98,4
99,1
100,6
101,0
102,6
103,5
104,5
105,3
106,1
107,3
108,6
109,6
110,5
111,0
112,3
113,2
114,5
115,3
116,5
117,6
118,6
119,0
120,3
121,3
122,3
123,3
124,5
125,5
126,1
127,4
128,0
129,4
130,1
131,4
132,6
133,1
134,5
135,5
136,0
137,0
138,3
139,2
140,5
141,6
142,5
143,0
144,3
145,0
146,0
147,3
148,5
149,0
150,2
151,6
152,3
153,6
154,6
155,2
156,6
157,6
158,4
159,3
160,5
161,2
162,2
163,2
164,3
165,1
166,3
167,6
168,6
169,5
170,3
171,3
172,5
173,5
174,3
175,2
176,3
177,1
178,3
179,2
180,3
181,1
182,2
183,5
184,0
185,5
186,1
187,3
188,0
189,5
190,4
191,2
192,5
193,5
194,2
195,0
196,3
197,2
198,2
199,1
200,3
201,1
202,3
203,6
204,2
205,5
206,5
207,4
208,0
209,5
210,2
211,5
212,5
213,6
214,4
215,0
216,6
217,6
218,0
219,3
220,3
221,6
222,1
223,0
224,2
225,5
226,5
227,5
228,0
229,0
230,4
231,4
232,0
233,3
234,5
235,4
236,0
237,3
238,3
239,5
240,3
241,4
242,5
243,2
244,5
245,6
246,4
247,3
248,3
249,3
250,4
251,0
252,1
253,4
254,6
255,3
256,2
257,2
258,6
259,3
260,3
261,1
262,3
263,2
264,5
265,1
266,5
267,5
268,5
269,0
270,3
271,5
272,2
273,3
274,3
275,2
276,3
277,0
278,2
279,4
280,1
281,0
282,2
283,2
284,2
285,1
286,2
287,3
288,6
289,3
290,5
291,3
292,4
293,0
294,4
295,4
296,3
297,5
298,3
299,6
300,3
301,3
302,4
303,6
304,3
305,1
306,6
307,0
308,5
309,0
310,5
311,5
312,3
313,4
314,5
315,2
316,3
317,1
318,2
319,3
320,2
321,1
322,6
323,1
324,4
325,4
326,5
327,3
328,2
329,3
330,3
331,2
332,3
333,5
334,3
335,3
336,4
337,3
338,2
339,5
340,4
341,3
342,2
343,6
344,0
345,3
346,4
347,2
348,5
349,0
350,1
351,4
352,5
353,3
354,5
355,5
356,3
357,2
358,0
359,0
360,3
361,5
362,3
363,0
364,5
365,5
366,3
367,2
368,2
369,3
370,2
371,2
372,3
373,2
374,3
375,6
376,1
377,5
378,2
379,5
380,6
381,2
382,5
383,6
384,0
385,0
386,5
387,1
388,6
389,3
390,5
391,3
392,5
393,3
394,2
395,4
396,3
397,0
398,5
399,2
400,3
401,3
402,3
403,5
404,0
405,5
406,1
407,3
408,3
409,2
410,3
411,0
412,2
413,0
414,0
415,0
416,2
417,3
418,3
419,5
420,0
421,0
422,0
423,5
424,0
425,2
426,1
427,4
428,6
429,3
430,5
431,2
432,5
433,4
434,6
435,4
436,2
437,4
438,5
439,6
440,4
441,5
442,2
443,5
444,2
445,6
446,4
447,0
448,0
449,0
450,0
451,2
452,5
453,5
454,4
455,3
456,4
457,0
458,0
459,1
460,2
461,3
462,5
463,2
464,3
465,3
466,1
467,4
468,0
469,5
470,4
471,4
472,3
473,5
474,0
475,2
476,6
477,0
478,5
479,6
480,3
481,3
482,0
483,6
484,1
485,5
486,5
487,4
488,4
489,6
490,5
491,2
492,2
493,2
494,5
495,3
496,4
497,5
498,4
499,1
500,5
501,2
502,2
503,3
504,3
505,5
506,5
507,6
508,5
509,3
510,0
511,3
512,5
513,2
514,3
515,6
516,0
517,0
518,6
519,6
520,2
521,2
522,1
523,1
524,3
525,6
526,3
527,3
528,5
529,3
530,3
531,3
532,1
533,2
534,3
535,3
536,3
537,0
538,1
539,5
540,6
541,2
542,4
543,5
544,3
545,4
546,5
547,3
548,5
549,0
550,5
551,2
552,1
553,5
554,0
555,0
556,3
557,0
558,0
559,1
560,0
561,1
562,0
563,5
564,5
565,1
566,3
567,6
568,5
569,5
570,4
571,4
572,2
573,0
574,3
575,3
576,3
577,3
578,5
579,6
580,5
581,0
582,6
583,4
584,6
585,5
586,5
587,0
588,0
589,1
590,4
591,4
592,5
593,3
594,5
595,4
596,2
597,4
598,5
599,3
600,5
601,2
602,2
603,3
604,5
605,5
606,3
607,0
608,2
609,3
610,1
611,3
612,0
613,5
614,5
615,1
616,3
617,0
618,4
619,2
620,5
621,4
622,4
623,3
624,6
625,2
626,4
627,0
628,6
629,4
630,5
631,5
632,1
633,0
634,5
635,4
636,5
637,5
638,6
639,5
640,0
641,3
642,0
643,3
644,4
645,5
646,5
647,3
648,2
649,3
650,3
651,3
652,0
653,2
654,6
655,3
656,0
657,5
658,5
659,5
660,0
661,6
662,3
663,5
664,1
665,2
666,5
667,5
668,2
669,3
670,5
671,3
672,3
673,3
674,3
675,4
676,3
677,5
678,4
679,5
680,0
681,4
682,5
683,4
684,3
685,2
686,0
687,3
688,4
689,5
690,5
691,5
692,3
693,0
694,5
695,3
696,0
697,0
698,2
699,5
700,2
701,1
702,2
703,5
704,2
705,5
706,5
707,0
708,3
709,5
710,2
711,5
712,5
713,5
714,3
715,2
716,5
717,3
718,1
719,0
720,5
721,0
722,0
723,0
724,3
725,2
726,3
727,5
728,2
729,4
730,6
731,4
732,3
733,0
734,5
735,0
736,0
737,3
738,5
739,6
740,3
741,0
742,0
743,4
744,2
745,1
746,0
747,3
748,5
749,4
750,2
751,0
752,4
753,5
754,3
755,2
756,5
757,0
758,2
759,4
760,0
761,0
762,3
763,5
764,4
765,5
766,5
767,5
768,6
769,3
770,0
771,6
772,6
773,4
774,2
775,0
776,6
777,2
778,3
779,3
780,1
781,3
782,4
783,1
784,1
785,5
786,2
787,0
788,4
789,2
790,2
791,5
792,3
793,2
794,2
795,6
796,3
797,6
798,2
799,1
800,0
801,3
802,4
803,5
804,3
805,1
806,6
807,5
808,3
809,5
810,3
811,3
812,3
813,5
814,3
815,2
816,6
817,0
818,3
819,2
820,5
821,5
822,1
823,5
824,3
825,4
826,4
827,5
828,2
829,5
830,2
831,3
832,2
833,3
834,2
835,2
836,3
837,2
838,4
839,5
840,6
841,4
842,2
843,5
844,3
845,2
846,3
847,3
848,4
849,5
850,0
851,1
852,1
853,1
854,0
855,5
856,5
857,4
858,1
859,6
860,5
861,1
862,4
863,5
864,6
865,3
866,4
867,4
868,6
869,5
870,2
871,3
872,3
873,3
874,5
875,1
876,0
877,5
878,2
879,3
880,3
881,2
882,5
883,0
884,6
885,3
886,4
887,5
888,4
889,5
890,6
891,1
892,2
893,3
894,4
895,3
896,2
897,1
898,1
899,4
900,4
901,0
902,1
903,5
904,0
905,4
906,2
907,2
908,3
909,6
910,1
911,0
912,4
913,3
914,2
915,3
916,0
917,2
918,1
919,3
920,0
921,2
922,2
923,1
924,5
925,5
926,3
927,2
928,2
929,3
930,0
931,3
932,1
933,3
934,2
935,3
936,2
937,5
938,5
939,4
940,5
941,2
942,3
943,0
944,3
945,5
946,2
947,0
948,3
949,1
950,3
951,6
952,3
953,2
954,2
955,4
956,6
957,0
958,2
959,0
960,3
961,6
962,4
963,2
964,0
965,6
966,5
967,0
968,4
969,5
970,2
971,6
972,2
973,5
974,2
975,1
976,1
977,5
978,3
979,0
980,5
981,0
982,5
983,5
984,1
985,5
986,1
987,4
988,5
989,0
990,3
991,3
992,2
993,1
994,2
995,1
996,3
997,1
998,2
999,6
1000,0
1001,3
1002,6
1003,1
1004,5
1005,3
1006,2
1007,3
1008,0
1009,3
1010,5
1011,5
1012,3
1013,5
1014,2
1015,0
1016,0
1017,0
1018,3
1019,2
1020,0
1021,4
1022,4
1023,3
1024,0
1025,4
1026,2
1027,3
1028,3
1029,3
1030,0
1031,3
1032,3
1033,0
1034,5
1035,4
1036,4
1037,4
1038,0
1039,3
1040,4
1041,3
1042,3
1043,5
1044,3
1045,0
1046,0
1047,5
1048,1
1049,0
1050,4
1051,1
1052,4
1053,0
1054,3
1055,0
1056,3
1057,3
1058,5
1059,4
1060,2
1061,0
1062,0
1063,5
1064,4
1065,0
1066,6
1067,0
1068,1
1069,0
1070,2
1071,5
1072,5
1073,0
1074,4
1075,5
1076,6
1077,5
1078,0
1079,2
1080,0
1081,3
1082,3
1083,3
1084,3
1085,1
1086,0
1087,4
1088,0
1089,1
1090,2
1091,4
1092,5
1093,5
1094,4
1095,2
1096,4
1097,0
1098,3
1099,4
1100,0
1101,1
1102,3
1103,6
1104,6
1105,5
1106,0
1107,5
1108,2
1109,4
1110,5
1111,0
1112,1
1113,5
1114,5
1115,4
1116,3
1117,5
1118,2
1119,5
1120,2
1121,6
1122,2
1123,0
1124,4
1125,3
1126,5
1127,3
1128,5
1129,2
1130,5
1131,3
1132,0
1133,2
1134,2
1135,2
1136,3
1137,1
1138,3
1139,2
1140,0
1141,2
1142,2
1143,4
1144,0
1145,5
1146,3
1147,4
1148,2
1149,5
1150,2
1151,3
1152,5
1153,4
1154,3
1155,3
1156,5
1157,0
1158,3
1159,4
1160,6
1161,2
1162,3
1163,3
1164,5
1165,0
1166,4
1167,0
1168,1
1169,4
1170,3
1171,3
1172,3
1173,3
1174,4
1175,2
1176,0
1177,1
1178,2
1179,4
1180,1
1181,1
1182,4
1183,3
1184,4
1185,3
1186,5
1187,1
1188,3
1189,2
1190,0
1191,1
1192,1
1193,5
1194,1
1195,6
1196,2
1197,5
1198,1
1199,6
1200,4
1201,0
1202,1
1203,5
1204,1
1205,2
1206,0
1207,2
1208,5
1209,5
1210,2
1211,4
1212,3
1213,0
1214,4
1215,5
1216,6
1217,3
1218,3
1219,5
1220,5
1221,3
1222,2
1223,3
1224,2
1225,1
1226,5
1227,2
1228,3
1229,0
1230,0
1231,4
1232,1
1233,4
1234,3
1235,0
1236,3
1237,2
1238,1
1239,2
1240,3
1241,2
1242,3
1243,1
1244,5
1245,0
1246,3
1247,4
1248,5
1249,0
1250,5
1251,0
1252,4
1253,3
1254,5
1255,0
1256,5
1257,5
1258,3
1259,0
1260,4
1261,0
1262,0
1263,3
1264,3
1265,1
1266,1
1267,5
1268,1
1269,3
1270,4
1271,2
1272,5
1273,3
1274,1
1275,2
1276,3
1277,3
1278,1
1279,3
1280,2
1281,3
1282,1
1283,0
1284,5
1285,2
1286,2
1287,2
1288,3
1289,0
1290,6
1291,0
1292,4
1293,4
1294,1
1295,0
1296,4
1297,3
1298,2
1299,5
1300,1
1301,5
1302,3
1303,5
1304,4
1305,5
1306,6
1307,0
1308,3
1309,1
1310,5
1311,5
1312,1
1313,3
1314,5
1315,2
1316,5
1317,5
1318,3
1319,5
1320,0
1321,2
1322,1
1323,4
1324,5
1325,5
1326,1
1327,2
1328,3
1329,5
1330,1
1331,2
1332,5
1333,1
1334,2
1335,4
1336,1
1337,4
1338,5
1339,1
1340,1
1341,2
1342,3
1343,1
1344,3
1345,0
1346,2
1347,5
1348,3
1349,2
1350,4
1351,0
1352,5
1353,3
1354,2
1355,6
1356,0
1357,3
1358,2
1359,1
1360,2
1361,2
1362,1
1363,4
1364,5
1365,1
1366,2
1367,2
1368,5
1369,1
1370,1
1371,0
1372,3
1373,2
1374,2
1375,3
1376,2
1377,3
1378,3
1379,3
1380,0
1381,2
1382,3
1383,4
1384,3
1385,0
1386,4
1387,0
1388,3
1389,1
1390,5
1391,3
1392,2
1393,1
1394,3
1395,0
1396,1
1397,1
1398,5
1399,1
1400,0
1401,4
1402,5
1403,4
1404,3
1405,3
1406,2
1407,5
1408,5
1409,0
1410,1
1411,2
1412,4
1413,0
1414,5
1415,2
1416,1
1417,2
1418,3
1419,4
1420,3
1421,2
1422,2
1423,0
1424,4
1425,3
1426,1
1427,0
1428,0
1429,5
1430,1
1431,0
1432,2
1433,1
1434,4
1435,3
1436,0
1437,1
1438,5
1439,4
1440,3
1441,5
1442,2
1443,2
1444,3
1445,0
1446,1
1447,2
1448,5
1449,4
1450,5
1451,0
1452,2
1453,2
1454,3
1455,2
1456,1
1457,3
1458,2
1459,3
1460,5
1461,5
1462,5
1463,5
1464,3
1465,3
1466,3
1467,5
1468,0
1469,5
1470,3
1471,2
1472,2
1473,0
1474,2
1475,5
1476,4
1477,6
1478,2
1479,2
1480,4
1481,5
1482,1
1483,1
1484,1
1485,3
1486,3
1487,5
1488,5
1489,3
1490,0
1491,4
1492,3
1493,3
1494,4
1495,4
1496,1
1497,2
1498,3
1499,1
1500,3
1501,3
1502,0
1503,2
1504,2
1505,3
1506,4
1507,2
1508,3
1509,2
1510,4
1511,2
1512,1
1513,5
1514,0
1515,5
1516,5
1517,3
1518,5
1519,3
1520,3
1521,2
1522,4
1523,4
1524,5
1525,3
1526,5
1527,1
1528,5
1529,5
1530,5
1531,5
1532,3
1533,3
1534,5
1535,3
1536,4
1537,3
1538,3
1539,3
1540,5
1541,0
1542,3
1543,5
1544,3
1545,5
1546,5
1547,2
1548,5
1549,5
1550,2
1551,5
1552,3
1553,4
1554,2
1555,4
1556,5
1557,4
1558,4
1559,1
1560,0
1561,1
1562,5
1563,4
1564,1
1565,3
1566,5
1567,4
1568,2
1569,1
1570,5
1571,3
1572,3
1573,3
1574,5
1575,5
1576,3
1577,2
1578,5
1579,2
1580,3
1581,3
1582,4
1583,0
1584,4
1585,4
1586,0
1587,5
1588,3
1589,2
1590,2
1591,3
1592,3
1593,5
1594,3
1595,5
1596,1
1597,3
1598,4
1599,3
1600,3
1601,3
1602,3
1603,3
1604,0
1605,4
1606,2
1607,5
1608,5
1609,2
1610,0
1611,2
1612,0
1613,3
1614,5
1615,3
1616,2
1617,3
1618,3
1619,3
1620,2
1621,2
1622,5
1623,5
1624,5
1625,2
1626,2
1627,1
1628,3
1629,4
1630,3
1631,3
1632,2
1633,3
1634,2
1635,0
1636,3
1637,5
1638,2
1639,0
1640,2
1641,3
1642,1
1643,5
1644,5
1645,5
1646,2
1647,5
1648,5
1649,3
1650,4
1651,0
1652,3
1653,1
1654,0
1655,4
1656,2
1657,3
1658,0
1659,2
1660,1
1661,2
1662,4
1663,3
1664,2
1665,3
1666,5
1667,3
1668,2
1669,2
1670,4
1671,0
1672,5
1673,4
1674,3
1675,5
1676,5
1677,3
1678,3
1679,3
1680,0
1681,3
1682,5
1683,2
1684,3
1685,6
1686,5
1687,3
1688,5
1689,3
1690,4
1691,1
1692,2
1693,1
1694,3
1695,3
1696,0
1697,0
1698,2
1699,2
1700,4
1701,6
1702,2
1703,0
1704,4
1705,5
1706,5
1707,5
1708,3
1709,2
1710,3
1711,4
1712,5
1713,1
1714,3
1715,3
1716,3
1717,3
1718,3
1719,4
1720,2
1721,2
1722,3
1723,4
1724,3
1725,2
1726,5
1727,4
1728,0
1729,3
1730,2
1731,5
1732,4
1733,5
1734,4
1735,2
1736,3
1737,0
1738,0
1739,4
1740,5
1741,3
1742,3
1743,3
1744,3
1745,3
1746,3
1747,3
1748,5
1749,4
1750,5
1751,3
1752,3
1753,5
1754,0
1755,3
1756,2
1757,3
1758,3
1759,3
1760,1
1761,0
1762,5
1763,3
1764,3
1765,3
1766,3
1767,0
1768,3
1769,3
1770,5
1771,4
1772,1
1773,2
1774,4
1775,4
1776,4
1777,3
1778,3
1779,1
1780,4
1781,5
1782,2
1783,4
1784,0
1785,0
1786,2
1787,2
1788,0
1789,4
1790,2
1791,5
1792,2
1793,0
1794,4
1795,5
1796,2
1797,5
1798,5
1799,2
1800,2
1801,4
1802,3
1803,3
1804,3
1805,3
1806,0
1807,6
1808,0
1809,5
1810,2
1811,2
1812,5
1813,4
1814,3
1815,0
1816,5
1817,5
1818,3
1819,1
1820,5
1821,3
1822,5
1823,3
1824,5
1825,5
1826,2
1827,5
1828,5
1829,5
1830,5
1831,3
1832,5
1833,5
1834,5
1835,5
1836,5
1837,0
1838,5
1839,2
1840,0
1841,5
1842,3
1843,2
1844,6
1845,1
1846,2
1847,2
1848,4
1849,3
1850,5
1851,3
1852,3
1853,5
1854,0
1855,5
1856,4
1857,3
1858,0
1859,4
1860,5
1861,3
1862,5
1863,2
1864,3
1865,6
1866,0
1867,5
1868,2
1869,0
1870,2
1871,5
1872,4
1873,2
1874,5
1875,5
1876,5
1877,0
1878,3
1879,3
1880,2
1881,5
1882,5
1883,1
1884,2
1885,4
1886,4
1887,3
1888,5
1889,3
1890,2
1891,5
1892,5
1893,3
1894,5
1895,5
1896,2
1897,3
1898,4
1899,3
1900,2
1901,0
1902,2
1903,4
1904,2
1905,3
1906,2
1907,2
1908,3
1909,3
1910,2
1911,4
1912,3
1913,2
1914,4
1915,2
1916,3
1917,3
1918,2
1919,3
1920,2
1921,5
1922,3
1923,3
1924,1
1925,2
1926,2
1927,4
1928,5
1929,0
1930,3
1931,0
1932,4
1933,1
1934,3
1935,3
1936,2
1937,3
1938,2
1939,4
1940,0
1941,2
1942,3
1943,3
1944,5
1945,3
1946,5
1947,3
1948,0
1949,6
1950,3
1951,5
1952,0
1953,6
1954,1
1955,3
1956,3
1957,6
1958,5
1959,2
1960,3
1961,2
1962,2
1963,4
1964,4
1965,2
1966,0
1967,4
1968,2
1969,6
1970,3
1971,1
1972,6
1973,0
1974,3
1975,0
1976,4
1977,4
1978,3
1979,3
1980,4
1981,5
1982,3
1983,2
1984,0
1985,1
1986,3
1987,0
1988,2
1989,4
1990,0
1991,2
1992,4
1993,5
1994,5
1995,1
1996,3
1997,4
1998,3
1999,0
2000,5
2001,5
2002,5
2003,4
2004,3
2005,4
2006,6
2007,3
2008,4
2009,1
2010,6
2011,3
2012,1
2013,5
2014,5
2015,3
2016,2
2017,3
2018,5
2019,4
2020,3
2021,0
2022,0
2023,3
2024,2
2025,1
2026,3
2027,1
2028,5
2029,5
2030,4
2031,0
2032,5
2033,4
2034,3
2035,3
2036,5
2037,5
2038,3
2039,3
2040,3
2041,3
2042,5
2043,4
2044,1
2045,0
2046,6
2047,2
2048,3
2049,3
2050,3
2051,4
2052,5
2053,0
2054,5
2055,5
2056,3
2057,5
2058,3
2059,5
2060,3
2061,0
2062,0
2063,4
2064,5
2065,4
2066,5
2067,5
2068,5
2069,5
2070,3
2071,5
2072,0
2073,3
2074,0
2075,0
2076,5
2077,5
2078,0
2079,3
2080,5
2081,5
2082,0
2083,0
2084,3
2085,5
2086,5
2087,3
2088,0
2089,4
2090,3
2091,2
2092,2
2093,5
2094,2
2095,5
2096,5
2097,4
2098,3
2099,3
2100,4
2101,5
2102,6
2103,5
2104,6
2105,3
2106,2
2107,4
2108,3
2109,4
2110,5
2111,5
2112,2
2113,2
2114,2
2115,3
2116,2
2117,5
2118,5
2119,4
2120,4
2121,3
2122,0
2123,5
2124,2
2125,2
2126,1
2127,3
2128,3
2129,3
2130,0
2131,0
2132,3
2133,2
2134,0
2135,2
2136,1
2137,2
2138,2
2139,2
2140,0
2141,2
2142,5
2143,2
2144,2
2145,0
2146,4
2147,5
2148,0
2149,0
2150,5
2151,2
2152,5
2153,5
2154,0
2155,3
2156,3
2157,1
2158,3
2159,2
2160,3
2161,2
2162,2
2163,2
2164,0
2165,3
2166,3
2167,5
2168,4
2169,3
2170,4
2171,4
2172,4
2173,4
2174,1
2175,5
2176,3
2177,5
2178,3
2179,3
2180,1
2181,4
2182,2
2183,5
2184,2
2185,5
2186,0
2187,2
2188,2
2189,2
2190,4
2191,2
2192,5
2193,5
2194,5
2195,3
2196,1
2197,3
2198,1
2199,3
2200,1
2201,0
2202,3
2203,2
2204,3
2205,2
2206,2
2207,3
2208,0
2209,0
2210,6
2211,3
2212,2
2213,3
2214,3
2215,4
2216,0
2217,5
2218,0
2219,3
2220,5
2221,3
2222,3
2223,6
2224,5
2225,3
2226,6
2227,0
2228,2
2229,0
2230,2
2231,4
2232,1
2233,2
2234,5
2235,3
2236,5
2237,3
2238,0
2239,2
2240,5
2241,0
2242,3
2243,2
2244,3
2245,3
2246,2
2247,4
2248,2
2249,6
2250,2
2251,3
2252,5
2253,3
2254,5
2255,4
2256,2
2257,2
2258,4
2259,0
2260,5
2261,5
2262,4
2263,1
2264,5
2265,3
2266,2
2267,0
2268,0
2269,2
2270,2
2271,2
2272,1
2273,3
2274,3
2275,5
2276,3
2277,0
2278,2
2279,3
2280,0
2281,4
2282,5
2283,5
2284,5
2285,0
2286,3
2287,5
2288,5
2289,5
2290,0
2291,2
2292,5
2293,5
2294,2
2295,3
2296,1
2297,1
2298,0
2299,2
2300,4
2301,0
2302,3
2303,0
2304,3
2305,0
2306,1
2307,5
2308,0
2309,3
2310,4
2311,5
2312,4
2313,0
2314,4
2315,2
2316,3
2317,2
2318,5
2319,5
2320,3
2321,3
2322,3
2323,4
2324,2
2325,3
2326,0
2327,6
2328,6
2329,5
2330,2
2331,5
2332,5
2333,2
2334,4
2335,3
2336,2
2337,3
2338,5
2339,2
2340,2
2341,4
2342,1
2343,4
2344,4
2345,1
2346,5
2347,5
2348,3
2349,5
2350,2
2351,3
2352,5
2353,4
2354,2
2355,0
2356,5
2357,5
2358,4
2359,0
2360,5
2361,5
2362,3
2363,2
2364,4
2365,5
2366,5
2367,5
2368,1
2369,3
2370,5
2371,3
2372,5
2373,5
2374,2
2375,2
2376,3
2377,6
2378,6
2379,6
2380,4
2381,6
2382,3
2383,2
2384,4
2385,4
2386,4
2387,2
2388,5
2389,5
2390,2
2391,3
2392,4
2393,4
2394,6
2395,3
2396,0
2397,5
2398,4
2399,4
2400,5
2401,3
2402,2
2403,5
2404,3
2405,3
2406,5
2407,0
2408,2
2409,6
2410,6
2411,0
2412,3
2413,6
2414,3
2415,0
2416,3
2417,5
2418,5
2419,1
2420,4
2421,5
2422,3
2423,3
2424,1
2425,0
2426,0
2427,3
2428,0
2429,4
2430,0
2431,5
2432,0
2433,6
2434,2
2435,2
2436,5
2437,5
2438,0
2439,5
2440,3
2441,5
2442,1
2443,0
2444,1
2445,4
2446,4
2447,2
2448,5
2449,5
2450,5
2451,0
2452,4
2453,6
2454,0
2455,4
2456,6
2457,2
2458,5
2459,2
2460,5
2461,2
2462,4
2463,0
2464,2
2465,5
2466,1
2467,5
2468,3
2469,3
2470,0
2471,2
2472,2
2473,3
2474,4
2475,0
2476,2
2477,2
2478,5
2479,5
2480,1
2481,1
2482,0
2483,3
2484,0
2485,5
2486,5
2487,3
2488,6
2489,3
2490,2
2491,5
2492,5
2493,4
2494,3
2495,4
2496,2
2497,6
2498,3
2499,6
2500,2
2501,6
2502,5
2503,5
2504,0
2505,4
2506,2
2507,2
2508,0
2509,2
2510,3
2511,3
2512,4
2513,5
2514,2
2515,2
2516,4
2517,2
2518,5
2519,1
2520,6
2521,2
2522,4
2523,3
2524,0
2525,0
2526,1
2527,2
2528,2
2529,4
2530,3
2531,2
2532,3
2533,0
2534,3
2535,0
2536,3
2537,0
2538,0
2539,3
2540,3
2541,2
2542,1
2543,2
2544,3
2545,5
2546,2
2547,2
2548,3
2549,6
2550,3
2551,3
2552,2
2553,3
2554,3
2555,0
2556,5
2557,1
2558,5
2559,2
2560,4
2561,5
2562,3
2563,3
2564,4
2565,0
2566,6
2567,5
2568,3
2569,3
2570,5
2571,6
2572,6
2573,3
2574,4
2575,3
2576,3
2577,5
2578,1
2579,1
2580,3
2581,1
2582,5
2583,0
2584,5
2585,2
2586,0
2587,0
2588,3
2589,3
2590,4
2591,5
2592,4
2593,2
2594,3
2595,5
2596,0
2597,3
2598,5
2599,3
2600,3
2601,5
2602,5
2603,6
2604,3
2605,6
2606,3
2607,4
2608,3
2609,5
2610,0
2611,2
2612,3
2613,0
2614,2
2615,4
2616,4
2617,6
2618,5
2619,0
2620,2
2621,2
2622,3
2623,4
2624,0
2625,3
2626,1
2627,4
2628,3
2629,3
2630,2
2631,6
2632,3
2633,2
2634,2
2635,2
2636,0
2637,6
2638,2
2639,1
2640,4
2641,5
2642,3
2643,3
2644,3
2645,5
2646,3
2647,3
2648,4
2649,3
2650,4
2651,0
2652,5
2653,1
2654,5
2655,6
2656,4
2657,2
2658,5
2659,5
2660,2
2661,2
2662,1
2663,5
2664,4
2665,3
2666,3
2667,5
2668,0
2669,2
2670,5
2671,3
2672,3
2673,6
2674,5
2675,5
2676,3
2677,4
2678,2
2679,5
2680,6
2681,6
2682,2
2683,3
2684,0
2685,5
2686,6
2687,3
2688,0
2689,5
2690,3
2691,5
2692,6
2693,5
2694,5
2695,0
2696,5
2697,1
2698,2
2699,2
2700,5
2701,3
2702,3
2703,1
2704,4
2705,2
2706,6
2707,2
2708,2
2709,2
2710,3
2711,5
2712,5
2713,3
2714,1
2715,3
2716,4
2717,0
2718,2
2719,0
2720,0
2721,0
2722,3
2723,6
2724,0
2725,2
2726,1
2727,0
2728,5
2729,2
2730,4
2731,3
2732,3
2733,2
2734,5
2735,1
2736,5
2737,4
2738,3
2739,2
2740,3
2741,3
2742,2
2743,2
2744,3
2745,5
2746,3
2747,5
2748,3
2749,5
2750,2
2751,3
2752,5
2753,1
2754,3
2755,0
2756,5
2757,0
2758,6
2759,3
2760,5
2761,1
2762,4
2763,2
2764,2
2765,3
2766,3
2767,3
2768,0
2769,3
2770,2
2771,2
2772,1
2773,3
2774,2
2775,3
2776,2
2777,1
2778,5
2779,5
2780,1
2781,4
2782,4
2783,2
2784,2
2785,3
2786,3
2787,5
2788,3
2789,5
2790,0
2791,3
2792,3
2793,2
2794,2
2795,0
2796,0
2797,2
2798,3
2799,0
2800,4
2801,4
2802,3
2803,2
2804,1
2805,2
2806,2
2807,1
2808,4
2809,3
2810,2
2811,1
2812,2
2813,5
2814,3
2815,0
2816,3
2817,3
2818,5
2819,1
2820,0
2821,4
2822,5
2823,3
2824,5
2825,5
2826,2
2827,0
2828,2
2829,5
2830,0
2831,4
2832,1
2833,2
2834,2
2835,5
2836,4
2837,2
2838,3
2839,3
2840,0
2841,4
2842,3
2843,3
2844,4
2845,3
2846,5
2847,3
2848,3
2849,1
2850,1
2851,0
2852,6
2853,3
2854,5
2855,3
2856,3
2857,3
2858,3
2859,2
2860,5
2861,5
2862,3
2863,2
2864,5
2865,1
2866,1
2867,5
2868,4
2869,2
2870,3
2871,5
2872,0
2873,4
2874,0
2875,6
2876,0
2877,4
2878,5
2879,2
2880,0
2881,0
2882,2
2883,5
2884,3
2885,2
2886,2
2887,3
2888,1
2889,4
2890,4
2891,1
2892,1
2893,3
2894,4
2895,3
2896,4
2897,2
2898,2
2899,5
2900,2
2901,1
2902,0
2903,3
2904,5
2905,1
2906,1
2907,5
2908,5
2909,3
2910,5
2911,5
2912,6
2913,5
2914,0
2915,4
2916,2
2917,2
2918,5
2919,3
2920,2
2921,0
2922,3
2923,3
2924,5
2925,3
2926,5
2927,3
2928,3
2929,3
2930,3
2931,2
2932,5
2933,2
2934,3
2935,3
2936,0
2937,5
2938,3
2939,0
2940,5
2941,2
2942,4
2943,5
2944,2
2945,3
2946,2
2947,2
2948,2
2949,2
2950,4
2951,2
2952,4
2953,4
2954,4
2955,2
2956,3
2957,3
2958,2
2959,2
2960,5
2961,5
2962,4
2963,0
2964,2
2965,2
2966,2
2967,3
2968,5
2969,2
2970,1
2971,2
2972,3
2973,3
2974,3
2975,3
2976,0
2977,2
2978,2
2979,4
2980,5
2981,3
2982,4
2983,2
2984,4
2985,3
2986,2
2987,3
2988,3
2989,5
2990,3
2991,4
2992,2
2993,5
2994,4
2995,2
2996,4
2997,0
2998,4
2999,0
3000,4
3001,4
3002,2
3003,3
3004,2
3005,1
3006,6
3007,3
3008,2
3009,0
3010,5
3011,6
3012,3
3013,0
3014,3
3015,3
3016,2
3017,5
3018,6
3019,5
3020,3
3021,0
3022,3
3023,0
3024,3
3025,2
3026,1
3027,3
3028,3
3029,2
3030,5
3031,2
3032,5
3033,0
3034,0
3035,2
3036,5
3037,3
3038,6
3039,3
3040,5
3041,0
3042,3
3043,6
3044,4
3045,5
3046,4
3047,4
3048,1
3049,3
3050,2
3051,3
3052,0
3053,2
3054,5
3055,5
3056,5
3057,3
3058,2
3059,3
3060,5
3061,3
3062,0
3063,5
3064,3
3065,5
3066,5
3067,4
3068,2
3069,5
3070,4
3071,4
3072,0
3073,1
3074,0
3075,5
3076,2
3077,6
3078,3
3079,3
3080,3
3081,2
3082,2
3083,1
3084,6
3085,2
3086,3
3087,5
3088,1
3089,3
3090,0
3091,0
3092,2
3093,1
3094,5
3095,1
3096,0
3097,5
3098,4
3099,5
3100,2
3101,4
3102,5
3103,5
3104,3
3105,0
3106,2
3107,3
3108,1
3109,2
3110,5
3111,2
3112,5
3113,2
3114,4
3115,2
3116,6
3117,3
3118,3
3119,2
3120,5
3121,5
3122,4
3123,0
3124,3
3125,0
3126,2
3127,2
3128,4
3129,4
3130,3
3131,1
3132,6
3133,3
3134,3
3135,3
3136,2
3137,1
3138,2
3139,4
3140,1
3141,4
3142,1
3143,3
3144,2
3145,0
3146,0
3147,4
3148,5
3149,2
3150,5
3151,0
3152,3
3153,0
3154,2
3155,4
3156,4
3157,3
3158,0
3159,0
3160,3
3161,3
3162,5
3163,5
3164,3
3165,0
3166,6
3167,0
3168,6
3169,6
3170,3
3171,6
3172,2
3173,0
3174,1
3175,4
3176,3
3177,2
3178,3
3179,4
3180,1
3181,0
3182,5
3183,3
3184,3
3185,2
3186,2
3187,2
3188,0
3189,3
3190,3
3191,1
3192,1
3193,0
3194,5
3195,2
3196,5
3197,1
3198,0
3199,5
3200,2
3201,6
3202,5
3203,3
3204,3
3205,3
3206,0
3207,6
3208,5
3209,3
3210,1
3211,0
3212,5
3213,3
3214,2
3215,0
3216,0
3217,1
3218,2
3219,2
3220,1
3221,4
3222,3
3223,1
3224,3
3225,3
3226,2
3227,4
3228,3
3229,2
3230,5
3231,1
3232,2
3233,3
3234,4
3235,3
3236,0
3237,0
3238,5
3239,5
3240,1
3241,5
3242,0
3243,3
3244,5
3245,3
3246,1
3247,2
3248,3
3249,3
3250,0
3251,2
3252,0
3253,5
3254,2
3255,0
3256,3
3257,6
3258,2
3259,0
3260,5
3261,1
3262,3
3263,5
3264,2
3265,4
3266,0
3267,6
3268,3
3269,6
3270,0
3271,3
3272,2
3273,3
3274,6
3275,2
3276,5
3277,0
3278,5
3279,0
3280,4
3281,3
3282,3
3283,0
3284,2
3285,1
3286,4
3287,3
3288,1
3289,2
3290,2
3291,0
3292,3
3293,5
3294,2
3295,2
3296,4
3297,1
3298,4
3299,3
3300,0
3301,5
3302,0
3303,5
3304,5
3305,4
3306,0
3307,3
3308,2
3309,5
3310,5
3311,6
3312,0
3313,0
3314,5
3315,3
3316,5
3317,3
3318,3
3319,5
3320,2
3321,0
3322,5
3323,2
3324,5
3325,3
3326,0
3327,1
3328,2
3329,4
3330,5
3331,4
3332,5
3333,2
3334,0
3335,3
3336,6
3337,5
3338,5
3339,4
3340,5
3341,1
3342,3
3343,0
3344,4
3345,3
3346,6
3347,1
3348,4
3349,5
3350,0
3351,2
3352,3
3353,2
3354,2
3355,5
3356,2
3357,2
3358,0
3359,2
3360,2
3361,0
3362,2
3363,2
3364,1
3365,0
3366,6
3367,1
3368,1
3369,3
3370,3
3371,0
3372,6
3373,5
3374,5
3375,0
3376,6
3377,6
3378,5
3379,4
3380,3
3381,4
3382,4
3383,4
3384,6
3385,4
3386,1
3387,0
3388,4
3389,4
3390,3
3391,6
3392,0
3393,5
3394,3
3395,5
3396,5
3397,2
3398,3
3399,0
3400,2
3401,1
3402,0
3403,5
3404,4
3405,2
3406,3
3407,1
3408,5
3409,5
3410,4
3411,2
3412,5
3413,3
3414,5
3415,4
3416,5
3417,0
3418,0
3419,0
3420,5
3421,5
3422,2
3423,5
3424,5
3425,2
3426,5
3427,2
3428,5
3429,5
3430,2
3431,4
3432,2
3433,0
3434,3
3435,4
3436,3
3437,1
3438,5
3439,2
3440,5
3441,2
3442,6
3443,2
3444,5
3445,0
3446,3
3447,1
3448,3
3449,5
3450,5
3451,6
3452,5
3453,2
3454,5
3455,0
3456,4
3457,1
3458,0
3459,3
3460,5
3461,4
3462,6
3463,3
3464,4
3465,5
3466,3
3467,5
3468,3
3469,5
3470,6
3471,4
3472,5
3473,3
3474,2
3475,2
3476,2
3477,2
3478,3
3479,1
3480,0
3481,3
3482,0
3483,4
3484,1
3485,2
3486,5
3487,5
3488,1
3489,3
3490,0
3491,5
3492,3
3493,5
3494,4
3495,3
3496,2
3497,3
3498,3
3499,0
3500,2
3501,0
3502,2
3503,3
3504,3
3505,3
3506,3
3507,2
3508,4
3509,0
3510,0
3511,4
3512,3
3513,2
3514,3
3515,1
3516,5
3517,2
3518,3
3519,5
3520,6
3521,2
3522,2
3523,2
3524,3
3525,2
3526,2
3527,3
3528,5
3529,2
3530,5
3531,5
3532,1
3533,3
3534,1
3535,5
3536,6
3537,4
3538,3
3539,3
3540,3
3541,5
3542,3
3543,2
3544,3
3545,3
3546,4
3547,0
3548,4
3549,2
3550,5
3551,3
3552,5
3553,2
3554,2
3555,4
3556,3
3557,3
3558,3
3559,5
3560,0
3561,6
3562,3
3563,5
3564,3
3565,5
3566,5
3567,3
3568,6
3569,5
3570,1
3571,3
3572,1
3573,3
3574,0
3575,2
3576,5
3577,0
3578,0
3579,5
3580,4
3581,1
3582,0
3583,5
3584,2
3585,5
3586,3
3587,5
3588,3
3589,5
3590,5
3591,0
3592,0
3593,3
3594,6
3595,5
3596,3
3597,3
3598,4
3599,0
3600,0
3601,2
3602,5
3603,4
3604,1
3605,6
3606,0
3607,4
3608,2
3609,0
3610,3
3611,4
3612,0
3613,2
3614,3
3615,2
3616,3
3617,2
3618,2
3619,3
3620,6
3621,4
3622,5
3623,3
3624,0
3625,5
3626,4
3627,3
3628,5
3629,0
3630,2
3631,5
3632,3
3633,5
3634,4
3635,3
3636,5
3637,2
3638,6
3639,0
3640,3
3641,3
3642,2
3643,5
3644,1
3645,4
3646,0
3647,3
3648,0
3649,2
3650,5
3651,6
3652,0
3653,3
3654,3
3655,1
3656,5
3657,3
3658,0
3659,0
3660,5
3661,3
3662,5
3663,3
3664,0
3665,5
3666,3
3667,0
3668,3
3669,3
3670,5
3671,5
3672,2
3673,5
3674,3
3675,5
3676,3
3677,3
3678,1
3679,4
3680,3
3681,2
3682,5
3683,0
3684,2
3685,2
3686,2
3687,4
3688,1
3689,3
3690,0
3691,2
3692,4
3693,3
3694,1
3695,2
3696,2
3697,5
3698,2
3699,2
3700,4
3701,1
3702,5
3703,5
3704,4
3705,5
3706,2
3707,0
3708,0
3709,0
3710,0
3711,6
3712,5
3713,0
3714,5
3715,3
3716,0
3717,3
3718,3
3719,2
3720,2
3721,5
3722,2
3723,4
3724,2
3725,5
3726,3
3727,0
3728,2
3729,5
3730,2
3731,5
3732,2
3733,3
3734,1
3735,4
3736,5
3737,2
3738,3
3739,2
3740,5
3741,5
3742,2
3743,5
3744,5
3745,3
3746,3
3747,3
3748,3
3749,3
3750,2
3751,5
3752,2
3753,6
3754,3
3755,5
3756,0
3757,2
3758,6
3759,5
3760,3
3761,0
3762,2
3763,2
3764,3
3765,2
3766,3
3767,5
3768,3
3769,0
3770,2
3771,1
3772,5
3773,4
3774,3
3775,0
3776,3
3777,4
3778,2
3779,4
3780,3
3781,2
3782,5
3783,4
3784,5
3785,5
3786,5
3787,3
3788,5
3789,5
3790,2
3791,0
3792,0
3793,5
3794,5
3795,2
3796,4
3797,5
3798,3
3799,2
3800,2
3801,1
3802,2
3803,1
3804,0
3805,3
3806,0
3807,5
3808,2
3809,6
3810,5
3811,2
3812,5
3813,1
3814,3
3815,5
3816,2
3817,3
3818,5
3819,2
3820,4
3821,2
3822,2
3823,5
3824,4
3825,3
3826,3
3827,3
3828,3
3829,6
3830,1
3831,3
3832,0
3833,3
3834,1
3835,2
3836,3
3837,2
3838,5
3839,3
3840,2
3841,1
3842,5
3843,5
3844,4
3845,2
3846,5
3847,5
3848,3
3849,5
3850,2
3851,3
3852,2
3853,3
3854,3
3855,2
3856,3
3857,2
3858,5
3859,0
3860,3
3861,2
3862,3
3863,5
3864,3
3865,2
3866,4
3867,5
3868,2
3869,3
3870,2
3871,0
3872,3
3873,5
3874,0
3875,5
3876,5
3877,5
3878,2
3879,6
3880,1
3881,5
3882,2
3883,4
3884,5
3885,3
3886,5
3887,2
3888,2
3889,5
3890,2
3891,2
3892,0
3893,5
3894,3
3895,6
3896,0
3897,3
3898,5
3899,2
3900,3
3901,0
3902,5
3903,0
3904,5
3905,4
3906,2
3907,3
3908,3
3909,0
3910,3
3911,1
3912,5
3913,3
3914,0
3915,0
3916,2
3917,4
3918,5
3919,4
3920,1
3921,0
3922,3
3923,3
3924,0
3925,5
3926,6
3927,5
3928,3
3929,4
3930,1
3931,4
3932,0
3933,2
3934,3
3935,3
3936,4
3937,5
3938,0
3939,0
3940,1
3941,2
3942,3
3943,6
3944,5
3945,3
3946,4
3947,3
3948,4
3949,1
3950,6
3951,5
3952,3
3953,0
3954,4
3955,4
3956,5
3957,2
3958,0
3959,1
3960,0
3961,4
3962,1
3963,3
3964,2
3965,0
3966,2
3967,4
3968,0
3969,3
3970,5
3971,5
3972,1
3973,1
3974,3
3975,5
3976,2
3977,2
3978,3
3979,4
3980,5
3981,0
3982,5
3983,3
3984,0
3985,2
3986,0
3987,5
3988,6
3989,0
3990,1
3991,0
3992,2
3993,1
3994,3
3995,1
3996,2
3997,2
3998,3
3999,0
4000,1
4001,5
4002,5
4003,5
4004,1
4005,2
4006,1
4007,5
4008,2
4009,5
4010,2
4011,5
4012,2
4013,4
4014,5
4015,2
4016,1
4017,2
4018,3
4019,6
4020,2
4021,3
4022,5
4023,4
4024,4
4025,1
4026,3
4027,5
4028,3
4029,0
4030,3
4031,0
4032,3
4033,3
4034,2
4035,2
4036,2
4037,2
4038,5
4039,2
4040,3
4041,2
4042,1
4043,0
4044,4
4045,0
4046,0
4047,2
4048,5
4049,3
4050,3
4051,5
4052,4
4053,3
4054,0
4055,5
4056,5
4057,5
4058,0
4059,0
4060,0
4061,4
4062,5
4063,5
4064,0
4065,4
4066,0
4067,3
4068,2
4069,2
4070,4
4071,4
4072,5
4073,2
4074,3
4075,2
4076,4
4077,5
4078,2
4079,3
4080,3
4081,5
4082,5
4083,0
4084,5
4085,2
4086,2
4087,3
4088,2
4089,2
4090,5
4091,3
4092,4
4093,3
4094,4
4095,3
4096,0
4097,1
4098,4
4099,5
4100,2
4101,1
4102,2
4103,2
4104,2
4105,3
4106,2
4107,5
4108,2
4109,5
4110,3
4111,3
4112,2
4113,2
4114,5
4115,3
4116,3
4117,3
4118,5
4119,5
4120,2
4121,2
4122,4
4123,5
4124,3
4125,5
4126,4
4127,3
4128,4
4129,5
4130,4
4131,0
4132,3
4133,0
4134,2
4135,5
4136,0
4137,2
4138,5
4139,0
4140,5
4141,2
4142,2
4143,3
4144,3
4145,5
4146,0
4147,4
4148,3
4149,4
4150,3
4151,3
4152,1
4153,4
4154,1
4155,2
4156,3
4157,5
4158,3
4159,4
4160,5
4161,4
4162,4
4163,0
4164,3
4165,3
4166,1
4167,3
4168,4
4169,4
4170,2
4171,3
4172,2
4173,0
4174,4
4175,2
4176,0
4177,0
4178,1
4179,4
4180,0
4181,4
4182,4
4183,5
4184,4
4185,1
4186,2
4187,5
4188,5
4189,2
4190,6
4191,5
4192,2
4193,4
4194,5
4195,2
4196,3
4197,6
4198,0
4199,5
4200,3
4201,5
4202,3
4203,2
4204,4
4205,0
4206,3
4207,3
4208,2
4209,4
4210,2
4211,5
4212,3
4213,1
4214,3
4215,4
4216,4
4217,2
4218,5
4219,3
4220,6
4221,1
4222,4
4223,2
4224,4
4225,0
4226,2
4227,4
4228,3
4229,4
4230,3
4231,5
4232,4
4233,5
4234,2
4235,2
4236,3
4237,5
4238,3
4239,5
4240,5
4241,3
4242,4
4243,0
4244,0
4245,6
4246,5
4247,5
4248,6
4249,3
4250,4
4251,3
4252,1
4253,0
4254,0
4255,2
4256,6
4257,3
4258,0
4259,0
4260,0
4261,5
4262,2
4263,3
4264,3
4265,5
4266,3
4267,0
4268,6
4269,5
4270,3
4271,5
4272,2
4273,3
4274,5
4275,0
4276,0
4277,5
4278,0
4279,2
4280,4
4281,4
4282,3
4283,0
4284,6
4285,1
4286,3
4287,4
4288,3
4289,0
4290,6
4291,5
4292,3
4293,3
4294,0
4295,2
4296,3
4297,2
4298,3
4299,4
4300,4
4301,2
4302,6
4303,6
4304,4
4305,2
4306,2
4307,4
4308,3
4309,6
4310,2
4311,5
4312,3
4313,3
4314,3
4315,2
4316,3
4317,5
4318,1
4319,2
4320,5
4321,1
4322,6
4323,2
4324,2
4325,2
4326,0
4327,0
4328,0
4329,3
4330,5
4331,0
4332,5
4333,2
4334,5
4335,4
4336,5
4337,4
4338,1
4339,4
4340,2
4341,3
4342,2
4343,6
4344,5
4345,4
4346,6
4347,3
4348,2
4349,3
4350,2
4351,3
4352,3
4353,0
4354,5
4355,3
4356,1
4357,2
4358,0
4359,3
4360,4
4361,5
4362,6
4363,4
4364,5
4365,3
4366,5
4367,6
4368,3
4369,2
4370,2
4371,0
4372,1
4373,2
4374,5
4375,5
4376,2
4377,1
4378,6
4379,5
4380,5
4381,1
4382,3
4383,6
4384,3
4385,3
4386,0
4387,1
4388,2
4389,5
4390,3
4391,3
4392,4
4393,3
4394,3
4395,0
4396,5
4397,3
4398,5
4399,3
4400,3
4401,2
4402,3
4403,2
4404,2
4405,5
4406,2
4407,4
4408,3
4409,5
4410,0
4411,2
4412,2
4413,3
4414,2
4415,0
4416,1
4417,3
4418,3
4419,2
4420,5
4421,6
4422,6
4423,5
4424,5
4425,1
4426,3
4427,5
4428,5
4429,5
4430,4
4431,2
4432,3
4433,2
4434,4
4435,5
4436,2
4437,0
4438,1
4439,2
4440,5
4441,5
4442,2
4443,3
4444,3
4445,2
4446,5
4447,2
4448,5
4449,1
4450,5
4451,3
4452,2
4453,3
4454,6
4455,4
4456,5
4457,3
4458,2
4459,3
4460,0
4461,2
4462,4
4463,5
4464,4
4465,3
4466,1
4467,4
4468,2
4469,2
4470,0
4471,4
4472,5
4473,2
4474,3
4475,2
4476,1
4477,3
4478,4
4479,0
4480,2
4481,4
4482,4
4483,4
4484,0
4485,2
4486,4
4487,0
4488,2
4489,5
4490,2
4491,0
4492,4
4493,2
4494,0
4495,2
4496,2
4497,6
4498,0
4499,0
4500,5
4501,2
4502,4
4503,3
4504,1
4505,3
4506,4
4507,4
4508,3
4509,3
4510,1
4511,0
4512,0
4513,0
4514,3
4515,2
4516,4
4517,1
4518,5
4519,3
4520,2
4521,5
4522,1
4523,0
4524,3
4525,4
4526,1
4527,0
4528,2
4529,0
4530,2
4531,3
4532,6
4533,2
4534,3
4535,5
4536,4
4537,4
4538,5
4539,3
4540,5
4541,5
4542,5
4543,3
4544,0
4545,2
4546,5
4547,2
4548,5
4549,5
4550,2
4551,3
4552,3
4553,3
4554,5
4555,3
4556,5
4557,0
4558,2
4559,6
4560,1
4561,2
4562,2
4563,4
4564,3
4565,3
4566,5
4567,6
4568,4
4569,3
4570,1
4571,5
4572,2
4573,3
4574,0
4575,5
4576,4
4577,2
4578,4
4579,0
4580,2
4581,5
4582,4
4583,3
4584,2
4585,3
4586,3
4587,6
4588,0
4589,2
4590,3
4591,4
4592,2
4593,0
4594,0
4595,5
4596,3
4597,1
4598,5
4599,0
4600,0
4601,2
4602,3
4603,0
4604,3
4605,0
4606,5
4607,0
4608,3
4609,3
4610,3
4611,0
4612,3
4613,3
4614,4
4615,5
4616,3
4617,2
4618,5
4619,3
4620,0
4621,5
4622,3
4623,3
4624,3
4625,3
4626,1
4627,5
4628,2
4629,3
4630,2
4631,5
4632,1
4633,2
4634,1
4635,0
4636,0
4637,5
4638,0
4639,1
4640,5
4641,1
4642,4
4643,2
4644,5
4645,3
4646,3
4647,3
4648,1
4649,2
4650,2
4651,2
4652,5
4653,3
4654,0
4655,3
4656,4
4657,3
4658,5
4659,5
4660,5
4661,0
4662,0
4663,0
4664,5
4665,3
4666,3
4667,5
4668,2
4669,0
4670,3
4671,3
4672,4
4673,5
4674,3
4675,4
4676,4
4677,4
4678,3
4679,0
4680,2
4681,2
4682,0
4683,5
4684,4
4685,5
4686,5
4687,2
4688,2
4689,2
4690,6
4691,3
4692,4
4693,5
4694,2
4695,3
4696,2
4697,4
4698,3
4699,0
4700,4
4701,2
4702,5
4703,5
4704,0
4705,2
4706,3
4707,2
4708,3
4709,5
4710,3
4711,4
4712,5
4713,4
4714,3
4715,3
4716,5
4717,3
4718,2
4719,5
4720,2
4721,0
4722,2
4723,5
4724,5
4725,2
4726,2
4727,2
4728,2
4729,0
4730,2
4731,5
4732,1
4733,4
4734,5
4735,0
4736,2
4737,5
4738,0
4739,2
4740,5
4741,3
4742,3
4743,3
4744,5
4745,4
4746,5
4747,3
4748,0
4749,4
4750,5
4751,2
4752,5
4753,2
4754,2
4755,1
4756,4
4757,3
4758,0
4759,1
4760,5
4761,3
4762,3
4763,2
4764,0
4765,5
4766,0
4767,3
4768,5
4769,1
4770,4
4771,2
4772,5
4773,0
4774,5
4775,0
4776,2
4777,5
4778,1
4779,3
4780,0
4781,2
4782,3
4783,4
4784,0
4785,0
4786,3
4787,2
4788,4
4789,3
4790,0
4791,3
4792,6
4793,4
4794,1
4795,3
4796,5
4797,3
4798,4
4799,4
4800,3
4801,3
4802,0
4803,0
4804,3
4805,6
4806,5
4807,3
4808,3
4809,2
4810,2
4811,3
4812,5
4813,2
4814,3
4815,5
4816,0
4817,3
4818,2
4819,2
4820,3
4821,3
4822,3
4823,4
4824,3
4825,2
4826,2
4827,5
4828,4
4829,4
4830,5
4831,3
4832,4
4833,3
4834,3
4835,0
4836,3
4837,4
4838,3
4839,2
4840,2
4841,2
4842,2
4843,0
4844,5
4845,2
4846,4
4847,3
4848,2
4849,3
4850,3
4851,0
4852,4
4853,3
4854,4
4855,3
4856,5
4857,4
4858,5
4859,0
4860,4
4861,5
4862,5
4863,0
4864,3
4865,2
4866,3
4867,2
4868,4
4869,5
4870,2
4871,3
4872,5
4873,1
4874,3
4875,5
4876,5
4877,3
4878,4
4879,1
4880,0
4881,3
4882,5
4883,0
4884,5
4885,2
4886,4
4887,2
4888,5
4889,5
4890,0
4891,4
4892,3
4893,2
4894,5
4895,3
4896,1
4897,2
4898,2
4899,5
4900,2
4901,2
4902,5
4903,1
4904,3
4905,1
4906,3
4907,4
4908,2
4909,4
4910,4
4911,2
4912,5
4913,5
4914,3
4915,5
4916,2
4917,3
4918,4
4919,2
4920,3
4921,5
4922,4
4923,3
4924,3
4925,3
4926,0
4927,2
4928,3
4929,5
4930,3
4931,5
4932,5
4933,3
4934,2
4935,5
4936,3
4937,1
4938,5
4939,0
4940,2
4941,5
4942,3
4943,1
4944,3
4945,3
4946,3
4947,3
4948,3
4949,4
4950,1
4951,5
4952,5
4953,5
4954,5
4955,2
4956,3
4957,3
4958,5
4959,3
4960,5
4961,1
4962,5
4963,0
4964,4
4965,3
4966,5
4967,4
4968,1
4969,2
4970,2
4971,0
4972,5
4973,2
4974,2
4975,3
4976,5
4977,2
4978,1
4979,3
4980,2
4981,3
4982,6
4983,3
4984,3
4985,3
4986,5
4987,2
4988,0
4989,1
4990,5
4991,3
4992,0
4993,6
4994,3
4995,3
4996,3
4997,2
4998,3
4999,4
5000,1
5001,3
5002,5
5003,1
5004,3
5005,5
5006,3
5007,2
5008,4
5009,1
5010,5
5011,3
5012,3
5013,3
5014,6
5015,3
5016,5
5017,3
5018,0
5019,3
5020,4
5021,1
5022,1
5023,1
5024,6
5025,5
5026,0
5027,3
5028,4
5029,5
5030,4
5031,2
5032,4
5033,4
5034,3
5035,0
5036,0
5037,0
5038,3
5039,6
5040,0
5041,0
5042,0
5043,2
5044,3
5045,3
5046,2
5047,5
5048,6
5049,1
5050,5
5051,0
5052,4
5053,3
5054,5
5055,1
5056,5
5057,1
5058,3
5059,3
5060,4
5061,1
5062,1
5063,2
5064,0
5065,1
5066,6
5067,3
5068,3
5069,3
5070,5
5071,5
5072,1
5073,3
5074,0
5075,5
5076,4
5077,3
5078,2
5079,3
5080,3
5081,0
5082,0
5083,5
5084,4
5085,2
5086,2
5087,3
5088,0
5089,3
5090,3
5091,2
5092,0
5093,4
5094,2
5095,2
5096,4
5097,2
5098,2
5099,0
5100,0
5101,3
5102,3
5103,5
5104,2
5105,2
5106,6
5107,1
5108,2
5109,5
5110,3
5111,3
5112,1
5113,0
5114,5
5115,0
5116,0
5117,0
5118,5
5119,5
5120,3
5121,3
5122,1
5123,2
5124,4
5125,5
5126,2
5127,4
5128,0
5129,3
5130,0
5131,3
5132,3
5133,0
5134,5
5135,2
5136,5
5137,3
5138,6
5139,5
5140,5
5141,2
5142,5
5143,2
5144,5
5145,5
5146,2
5147,6
5148,3
5149,5
5150,5
5151,5
5152,3
5153,5
5154,2
5155,5
5156,5
5157,3
5158,0
5159,0
5160,5
5161,2
5162,1
5163,4
5164,3
5165,0
5166,5
5167,2
5168,6
5169,2
5170,3
5171,4
5172,4
5173,4
5174,3
5175,0
5176,5
5177,5
5178,4
5179,0
5180,3
5181,3
5182,1
5183,5
5184,1
5185,3
5186,3
5187,5
5188,4
5189,5
5190,3
5191,3
5192,2
5193,4
5194,6
5195,0
5196,5
5197,1
5198,0
5199,5
5200,5
5201,3
5202,1
5203,6
5204,2
5205,3
5206,2
5207,0
5208,4
5209,5
5210,4
5211,2
5212,5
5213,6
5214,3
5215,2
5216,5
5217,2
5218,5
5219,3
5220,2
5221,5
5222,0
5223,5
5224,2
5225,5
5226,6
5227,5
5228,2
5229,0
5230,2
5231,4
5232,5
5233,2
5234,4
5235,1
5236,1
5237,2
5238,2
5239,2
5240,2
5241,6
5242,4
5243,6
5244,2
5245,5
5246,5
5247,3
5248,5
5249,2
5250,3
5251,2
5252,3
5253,5
5254,1
5255,0
5256,0
5257,6
5258,3
5259,5
5260,1
5261,3
5262,0
5263,5
5264,5
5265,2
5266,3
5267,2
5268,1
5269,2
5270,5
5271,1
5272,3
5273,4
5274,5
5275,3
5276,3
5277,5
5278,5
5279,2
5280,5
5281,4
5282,5
5283,5
5284,2
5285,1
5286,5
5287,5
5288,1
5289,4
5290,1
5291,1
5292,1
5293,0
5294,3
5295,5
5296,3
5297,5
5298,1
5299,3
5300,2
5301,3
5302,0
5303,0
5304,2
5305,3
5306,1
5307,5
5308,1
5309,3
5310,1
5311,4
5312,5
5313,0
5314,4
5315,5
5316,1
5317,3
5318,1
5319,3
5320,5
5321,6
5322,2
5323,4
5324,4
5325,0
5326,2
5327,5
5328,4
5329,3
5330,5
5331,2
5332,2
5333,2
5334,1
5335,2
5336,3
5337,2
5338,4
5339,3
5340,1
5341,1
5342,2
5343,0
5344,0
5345,0
5346,6
5347,5
5348,5
5349,1
5350,4
5351,3
5352,4
5353,5
5354,1
5355,3
5356,6
5357,5
5358,2
5359,3
5360,1
5361,0
5362,2
5363,3
5364,3
5365,2
5366,5
5367,5
5368,4
5369,5
5370,4
5371,0
5372,6
5373,3
5374,5
5375,6
5376,5
5377,5
5378,3
5379,4
5380,5
5381,3
5382,3
5383,5
5384,3
5385,5
5386,4
5387,3
5388,3
5389,5
5390,3
5391,0
5392,5
5393,5
5394,0
5395,6
5396,2
5397,6
5398,3
5399,6
5400,2
5401,3
5402,3
5403,4
5404,2
5405,5
5406,5
5407,3
5408,3
5409,0
5410,5
5411,1
5412,0
5413,6
5414,0
5415,3
5416,2
5417,4
5418,6
5419,0
5420,2
5421,1
5422,3
5423,1
5424,4
5425,3
5426,2
5427,5
5428,2
5429,3
5430,4
5431,5
5432,3
5433,2
5434,4
5435,6
5436,3
5437,0
5438,4
5439,3
5440,2
5441,3
5442,4
5443,0
5444,3
5445,4
5446,2
5447,5
5448,2
5449,5
5450,0
5451,5
5452,2
5453,3
5454,5
5455,0
5456,1
5457,0
5458,3
5459,5
5460,3
5461,3
5462,3
5463,5
5464,5
5465,3
5466,1
5467,2
5468,4
5469,2
5470,5
5471,2
5472,4
5473,2
5474,2
5475,5
5476,4
5477,5
5478,2
5479,1
5480,3
5481,5
5482,4
5483,6
5484,2
5485,5
5486,4
5487,5
5488,3
5489,4
5490,5
5491,3
5492,3
5493,5
5494,6
5495,3
5496,5
5497,3
5498,4
5499,3
5500,6
5501,0
5502,3
5503,4
5504,0
5505,5
5506,0
5507,2
5508,2
5509,5
5510,2
5511,3
5512,5
5513,2
5514,2
5515,2
5516,3
5517,3
5518,5
5519,2
5520,4
5521,3
5522,1
5523,2
5524,0
5525,2
5526,1
5527,2
5528,0
5529,5
5530,2
5531,3
5532,4
5533,3
5534,5
5535,3
5536,5
5537,4
5538,2
5539,5
5540,6
5541,5
5542,4
5543,5
5544,0
5545,3
5546,0
5547,3
5548,4
5549,2
5550,4
5551,3
5552,1
5553,1
5554,2
5555,1
5556,5
5557,4
5558,3
5559,3
5560,3
5561,2
5562,2
5563,5
5564,6
5565,3
5566,3
5567,4
5568,5
5569,3
5570,2
5571,0
5572,4
5573,4
5574,0
5575,5
5576,5
5577,1
5578,4
5579,5
5580,0
5581,6
5582,5
5583,6
5584,1
5585,6
5586,3
5587,2
5588,2
5589,3
5590,5
5591,3
5592,3
5593,5
5594,2
5595,2
5596,3
5597,1
5598,3
5599,5
5600,6
5601,5
5602,1
5603,3
5604,3
5605,2
5606,2
5607,5
5608,2
5609,5
5610,3
5611,3
5612,4
5613,2
5614,3
5615,5
5616,5
5617,5
5618,5
5619,0
5620,2
5621,5
5622,3
5623,3
5624,0
5625,3
5626,5
5627,5
5628,3
5629,3
5630,1
5631,0
5632,6
5633,2
5634,4
5635,5
5636,3
5637,3
5638,4
5639,3
5640,2
5641,3
5642,5
5643,0
5644,3
5645,3
5646,0
5647,4
5648,0
5649,6
5650,3
5651,3
5652,3
5653,6
5654,5
5655,6
5656,5
5657,3
5658,3
5659,3
5660,3
5661,3
5662,4
5663,0
5664,5
5665,3
5666,2
5667,0
5668,0
5669,2
5670,4
5671,5
5672,1
5673,3
5674,6
5675,5
5676,5
5677,1
5678,3
5679,4
5680,2
5681,2
5682,3
5683,1
5684,1
5685,2
5686,3
5687,5
5688,1
5689,2
5690,5
5691,3
5692,3
5693,5
5694,2
5695,4
5696,5
5697,2
5698,5
5699,0
5700,5
5701,5
5702,5
5703,3
5704,5
5705,3
5706,3
5707,0
5708,5
5709,3
5710,1
5711,2
5712,0
5713,4
5714,2
5715,3
5716,5
5717,3
5718,3
5719,3
5720,5
5721,3
5722,3
5723,5
5724,4
5725,3
5726,5
5727,1
5728,1
5729,3
5730,2
5731,2
5732,5
5733,1
5734,5
5735,4
5736,3
5737,3
5738,3
5739,2
5740,6
5741,5
5742,3
5743,5
5744,3
5745,5
5746,4
5747,2
5748,2
5749,3
5750,5
5751,5
5752,5
5753,3
5754,4
5755,3
5756,0
5757,3
5758,3
5759,1
5760,0
5761,2
5762,5
5763,3
5764,2
5765,4
5766,4
5767,5
5768,6
5769,0
5770,0
5771,2
5772,3
5773,5
5774,5
5775,4
5776,2
5777,2
5778,3
5779,5
5780,1
5781,2
5782,5
5783,3
5784,1
5785,1
5786,1
5787,6
5788,2
5789,4
5790,2
5791,1
5792,3
5793,3
5794,3
5795,4
5796,3
5797,2
5798,3
5799,1
5800,5
5801,6
5802,4
5803,4
5804,3
5805,5
5806,3
5807,6
5808,3
5809,2
5810,5
5811,3
5812,1
5813,0
5814,2
5815,5
5816,3
5817,5
5818,3
5819,4
5820,2
5821,4
5822,2
5823,6
5824,2
5825,3
5826,5
5827,3
5828,5
5829,2
5830,1
5831,5
5832,5
5833,2
5834,2
5835,5
5836,4
5837,2
5838,5
5839,4
5840,2
5841,3
5842,3
5843,5
5844,4
5845,3
5846,5
5847,5
5848,6
5849,0
5850,0
5851,2
5852,3
5853,5
5854,5
5855,1
5856,2
5857,5
5858,0
5859,4
5860,3
5861,3
5862,2
5863,5
5864,3
5865,3
5866,2
5867,4
5868,3
5869,4
5870,2
5871,3
5872,3
5873,5
5874,2
5875,4
5876,5
5877,3
5878,3
5879,3
5880,5
5881,1
5882,3
5883,5
5884,2
5885,2
5886,3
5887,0
5888,0
5889,0
5890,4
5891,4
5892,2
5893,5
5894,5
5895,1
5896,0
5897,3
5898,0
5899,6
5900,2
5901,3
5902,2
5903,5
5904,3
5905,3
5906,4
5907,4
5908,2
5909,2
5910,3
5911,4
5912,3
5913,4
5914,0
5915,3
5916,6
5917,1
5918,3
5919,3
5920,5
5921,1
5922,5
5923,1
5924,0
5925,5
5926,3
5927,4
5928,5
5929,1
5930,3
5931,2
5932,5
5933,5
5934,3
5935,3
5936,2
5937,6
5938,4
5939,3
5940,3
5941,6
5942,0
5943,1
5944,0
5945,2
5946,2
5947,6
5948,3
5949,4
5950,4
5951,5
5952,3
5953,2
5954,3
5955,4
5956,5
5957,6
5958,1
5959,3
5960,2
5961,3
5962,5
5963,0
5964,4
5965,2
5966,2
5967,1
5968,2
5969,2
5970,3
5971,5
5972,2
5973,2
5974,0
5975,0
5976,4
5977,4
5978,5
5979,3
5980,0
5981,3
5982,3
5983,3
5984,3
5985,2
5986,4
5987,3
5988,1
5989,5
5990,2
5991,5
5992,2
5993,3
5994,2
5995,3
5996,0
5997,5
5998,5
5999,1
6000,4
6001,0
6002,1
6003,5
6004,3
6005,2
6006,5
6007,1
6008,4
6009,3
6010,3
6011,2
6012,4
6013,4
6014,3
6015,3
6016,3
6017,2
6018,5
6019,3
6020,3
6021,5
6022,1
6023,2
6024,2
6025,1
6026,0
6027,2
6028,4
6029,3
6030,2
6031,0
6032,4
6033,2
6034,4
6035,0
6036,2
6037,3
6038,0
6039,0
6040,0
6041,5
6042,2
6043,1
6044,0
6045,4
6046,3
6047,3
6048,0
6049,3
6050,1
6051,1
6052,2
6053,5
6054,2
6055,4
6056,2
6057,4
6058,3
6059,0
6060,4
6061,0
6062,5
6063,0
6064,2
6065,3
6066,5
6067,0
6068,5
6069,0
6070,3
6071,2
6072,3
6073,2
6074,3
6075,3
6076,3
6077,0
6078,1
6079,3
6080,2
6081,2
6082,1
6083,2
6084,5
6085,3
6086,2
6087,0
6088,3
6089,2
6090,4
6091,5
6092,1
6093,5
6094,3
6095,4
6096,3
6097,2
6098,3
6099,4
6100,5
6101,3
6102,3
6103,3
6104,5
6105,0
6106,5
6107,2
6108,5
6109,0
6110,1
6111,5
6112,3
6113,0
6114,0
6115,1
6116,3
6117,3
6118,6
6119,2
6120,5
6121,2
6122,5
6123,3
6124,4
6125,0
6126,4
6127,2
6128,3
6129,3
6130,0
6131,2
6132,3
6133,4
6134,2
6135,2
6136,1
6137,2
6138,0
6139,5
6140,3
6141,5
6142,2
6143,5
6144,5
6145,2
6146,0
6147,5
6148,5
6149,5
6150,4
6151,2
6152,5
6153,3
6154,2
6155,4
6156,3
6157,1
6158,4
6159,3
6160,2
6161,4
6162,2
6163,5
6164,3
6165,3
6166,2
6167,0
6168,5
6169,1
6170,5
6171,0
6172,0
6173,5
6174,2
6175,4
6176,4
6177,5
6178,3
6179,5
6180,2
6181,6
6182,3
6183,4
6184,3
6185,2
6186,4
6187,3
6188,2
6189,0
6190,4
6191,3
6192,3
6193,3
6194,2
6195,5
6196,4
6197,3
6198,4
6199,3
6200,1
6201,1
6202,3
6203,0
6204,5
6205,5
6206,3
6207,3
6208,3
6209,4
6210,2
6211,1
6212,4
6213,0
6214,2
6215,2
6216,2
6217,3
6218,2
6219,5
6220,3
6221,3
6222,2
6223,5
6224,1
6225,5
6226,5
6227,3
6228,3
6229,3
6230,5
6231,3
6232,3
6233,3
6234,3
6235,4
6236,0
6237,4
6238,3
6239,4
6240,6
6241,0
6242,3
6243,2
6244,5
6245,4
6246,4
6247,3
6248,2
6249,0
6250,3
6251,2
6252,3
6253,4
6254,3
6255,4
6256,1
6257,6
6258,2
6259,2
6260,5
6261,3
6262,2
6263,5
6264,4
6265,2
6266,5
6267,2
6268,5
6269,2
6270,4
6271,5
6272,4
6273,0
6274,3
6275,5
6276,0
6277,3
6278,3
6279,2
6280,4
6281,4
6282,5
6283,5
6284,3
6285,2
6286,3
6287,1
6288,6
6289,2
6290,5
6291,0
6292,0
6293,3
6294,3
6295,5
6296,2
6297,0
6298,1
6299,3
6300,4
6301,3
6302,4
6303,3
6304,1
6305,4
6306,0
6307,5
6308,2
6309,3
6310,5
6311,1
6312,5
6313,3
6314,0
6315,2
6316,5
6317,6
6318,2
6319,3
6320,5
6321,2
6322,3
6323,0
6324,3
6325,5
6326,0
6327,5
6328,5
6329,5
6330,1
6331,3
6332,0
6333,2
6334,2
6335,5
6336,2
6337,3
6338,3
6339,1
6340,4
6341,4
6342,3
6343,5
6344,3
6345,0
6346,0
6347,2
6348,4
6349,5
6350,5
6351,3
6352,6
6353,0
6354,0
6355,2
6356,5
6357,5
6358,1
6359,3
6360,3
6361,1
6362,3
6363,2
6364,2
6365,2
6366,5
6367,6
6368,5
6369,3
6370,5
6371,3
6372,3
6373,2
6374,3
6375,1
6376,5
6377,3
6378,3
6379,5
6380,4
6381,6
6382,2
6383,5
6384,5
6385,3
6386,5
6387,3
6388,2
6389,4
6390,3
6391,3
6392,2
6393,2
6394,1
6395,3
6396,2
6397,3
6398,4
6399,0
6400,0
6401,2
6402,5
6403,1
6404,5
6405,2
6406,6
6407,3
6408,4
6409,0
6410,3
6411,3
6412,5
6413,2
6414,3
6415,3
6416,3
6417,5
6418,0
6419,3
6420,0
6421,3
6422,3
6423,5
6424,5
6425,3
6426,3
6427,5
6428,3
6429,3
6430,3
6431,2
6432,5
6433,5
6434,6
6435,2
6436,3
6437,2
6438,1
6439,2
6440,2
6441,5
6442,1
6443,2
6444,2
6445,0
6446,5
6447,2
6448,3
6449,3
6450,4
6451,2
6452,0
6453,2
6454,3
6455,0
6456,3
6457,5
6458,4
6459,0
6460,3
6461,3
6462,0
6463,1
6464,5
6465,2
6466,0
6467,3
6468,0
6469,5
6470,2
6471,4
6472,3
6473,5
6474,3
6475,2
6476,1
6477,1
6478,0
6479,4
6480,2
6481,5
6482,2
6483,1
6484,2
6485,3
6486,3
6487,4
6488,2
6489,0
6490,4
6491,4
6492,4
6493,0
6494,0
6495,5
6496,5
6497,2
6498,5
6499,5
6500,5
6501,5
6502,4
6503,3
6504,3
6505,4
6506,0
6507,3
6508,2
6509,3
6510,5
6511,3
6512,4
6513,5
6514,2
6515,3
6516,3
6517,3
6518,5
6519,2
6520,0
6521,3
6522,5
6523,5
6524,5
6525,3
6526,3
6527,2
6528,5
6529,2
6530,2
6531,5
6532,2
6533,0
6534,5
6535,3
6536,3
6537,5
6538,3
6539,4
6540,3
6541,3
6542,2
6543,5
6544,3
6545,3
6546,3
6547,5
6548,4
6549,3
6550,1
6551,3
6552,2
6553,2
6554,0
6555,4
6556,2
6557,1
6558,3
6559,1
6560,4
6561,5
6562,3
6563,4
6564,3
6565,2
6566,2
6567,2
6568,3
6569,0
6570,2
6571,3
6572,0
6573,2
6574,3
6575,5
6576,2
6577,1
6578,2
6579,2
6580,2
6581,5
6582,5
6583,0
6584,5
6585,2
6586,3
6587,3
6588,1
6589,0
6590,3
6591,3
6592,5
6593,0
6594,5
6595,1
6596,1
6597,5
6598,2
6599,2
6600,5
6601,3
6602,6
6603,3
6604,0
6605,1
6606,3
6607,2
6608,5
6609,0
6610,0
6611,3
6612,5
6613,5
6614,3
6615,3
6616,1
6617,5
6618,2
6619,2
6620,5
6621,2
6622,5
6623,2
6624,4
6625,1
6626,5
6627,4
6628,3
6629,6
6630,2
6631,6
6632,0
6633,0
6634,3
6635,6
6636,1
6637,3
6638,5
6639,5
6640,0
6641,1
6642,0
6643,1
6644,0
6645,5
6646,0
6647,4
6648,2
6649,3
6650,0
6651,5
6652,3
6653,3
6654,2
6655,2
6656,2
6657,0
6658,2
6659,3
6660,3
6661,5
6662,3
6663,4
6664,0
6665,2
6666,1
6667,2
6668,5
6669,2
6670,4
6671,2
6672,2
6673,6
6674,5
6675,0
6676,3
6677,1
6678,2
6679,5
6680,2
6681,4
6682,2
6683,5
6684,3
6685,1
6686,2
6687,1
6688,4
6689,2
6690,0
6691,1
6692,4
6693,4
6694,4
6695,3
6696,2
6697,6
6698,3
6699,2
6700,4
6701,5
6702,1
6703,5
6704,0
6705,5
6706,0
6707,3
6708,0
6709,0
6710,3
6711,2
6712,3
6713,4
6714,2
6715,0
6716,0
6717,3
6718,3
6719,3
6720,2
6721,5
6722,5
6723,1
6724,0
6725,2
6726,2
6727,5
6728,5
6729,4
6730,1
6731,0
6732,6
6733,5
6734,3
6735,2
6736,2
6737,0
6738,4
6739,0
6740,3
6741,3
6742,4
6743,2
6744,3
6745,5
6746,2
6747,2
6748,3
6749,3
6750,0
6751,2
6752,2
6753,5
6754,5
6755,3
6756,2
6757,1
6758,4
6759,2
6760,5
6761,5
6762,1
6763,6
6764,2
6765,2
6766,5
6767,2
6768,0
6769,3
6770,6
6771,3
6772,4
6773,0
6774,5
6775,2
6776,4
6777,5
6778,2
6779,0
6780,0
6781,0
6782,3
6783,5
6784,5
6785,0
6786,4
6787,3
6788,4
6789,2
6790,3
6791,3
6792,4
6793,5
6794,2
6795,3
6796,4
6797,0
6798,2
6799,2
6800,5
6801,0
6802,5
6803,5
6804,0
6805,1
6806,5
6807,3
6808,0
6809,2
6810,1
6811,5
6812,5
6813,2
6814,3
6815,0
6816,5
6817,5
6818,2
6819,5
6820,0
6821,3
6822,5
6823,2
6824,3
6825,6
6826,4
6827,2
6828,3
6829,3
6830,4
6831,4
6832,4
6833,0
6834,2
6835,5
6836,4
6837,3
6838,5
6839,1
6840,3
6841,2
6842,4
6843,3
6844,5
6845,5
6846,0
6847,5
6848,4
6849,4
6850,4
6851,3
6852,2
6853,5
6854,5
6855,3
6856,5
6857,3
6858,4
6859,4
6860,5
6861,3
6862,5
6863,2
6864,3
6865,1
6866,2
6867,5
6868,4
6869,2
6870,3
6871,2
6872,3
6873,3
6874,3
6875,0
6876,3
6877,3
6878,3
6879,2
6880,2
6881,3
6882,1
6883,1
6884,5
6885,2
6886,1
6887,5
6888,2
6889,0
6890,2
6891,5
6892,2
6893,5
6894,0
6895,2
6896,5
6897,2
6898,3
6899,0
6900,5
6901,5
6902,3
6903,5
6904,4
6905,2
6906,5
6907,0
6908,3
6909,2
6910,0
6911,2
6912,2
6913,1
6914,2
6915,0
6916,6
6917,1
6918,6
6919,1
6920,0
6921,3
6922,1
6923,5
6924,3
6925,2
6926,5
6927,4
6928,2
6929,3
6930,3
6931,3
6932,6
6933,4
6934,4
6935,2
6936,1
6937,5
6938,2
6939,6
6940,3
6941,6
6942,2
6943,2
6944,5
6945,3
6946,3
6947,0
6948,3
6949,2
6950,3
6951,4
6952,4
6953,2
6954,2
6955,0
6956,4
6957,2
6958,2
6959,5
6960,2
6961,2
6962,5
6963,0
6964,2
6965,4
6966,4
6967,0
6968,3
6969,5
6970,2
6971,4
6972,3
6973,2
6974,3
6975,2
6976,5
6977,0
6978,5
6979,0
6980,3
6981,5
6982,6
6983,5
6984,0
6985,2
6986,0
6987,6
6988,3
6989,3
6990,5
6991,0
6992,3
6993,3
6994,4
6995,5
6996,2
6997,0
6998,4
6999,1
7000,2
7001,3
7002,3
7003,6
7004,5
7005,5
7006,4
7007,4
7008,4
7009,6
7010,5
7011,5
7012,0
7013,5
7014,5
7015,4
7016,3
7017,5
7018,5
7019,5
7020,0
7021,1
7022,2
7023,4
7024,2
7025,3
7026,0
7027,2
7028,1
7029,0
7030,5
7031,3
7032,6
7033,3
7034,0
7035,4
7036,5
7037,1
7038,2
7039,5
7040,5
7041,3
7042,1
7043,3
7044,4
7045,2
7046,3
7047,2
7048,0
7049,5
7050,3
7051,4
7052,5
7053,3
7054,5
7055,0
7056,4
7057,3
7058,2
7059,3
7060,2
7061,2
7062,6
7063,6
7064,5
7065,3
7066,2
7067,3
7068,3
7069,1
7070,5
7071,5
7072,5
7073,4
7074,6
7075,3
7076,3
7077,2
7078,0
7079,3
7080,2
7081,0
7082,5
7083,3
7084,3
7085,3
7086,3
7087,2
7088,5
7089,3
7090,4
7091,2
7092,5
7093,2
7094,0
7095,0
7096,3
7097,5
7098,5
7099,0
7100,4
7101,4
7102,5
7103,0
7104,5
7105,1
7106,2
7107,2
7108,3
7109,4
7110,2
7111,0
7112,3
7113,1
7114,5
7115,5
7116,5
7117,2
7118,3
7119,0
7120,5
7121,3
7122,3
7123,2
7124,3
7125,3
7126,3
7127,5
7128,4
7129,2
7130,2
7131,2
7132,3
7133,3
7134,6
7135,5
7136,3
7137,5
7138,5
7139,6
7140,2
7141,6
7142,1
7143,5
7144,4
7145,5
7146,2
7147,2
7148,2
7149,5
7150,5
7151,0
7152,5
7153,5
7154,5
7155,0
7156,3
7157,5
7158,4
7159,6
7160,5
7161,3
7162,5
7163,1
7164,0
7165,1
7166,4
7167,4
7168,0
7169,0
7170,6
7171,2
7172,5
7173,5
7174,2
7175,3
7176,5
7177,2
7178,2
7179,0
7180,0
7181,5
7182,5
7183,0
7184,2
7185,0
7186,5
7187,0
7188,3
7189,1
7190,0
7191,5
7192,5
7193,4
7194,4
7195,2
7196,3
7197,5
7198,3
7199,2
7200,5
7201,2
7202,1
7203,5
7204,6
7205,0
7206,4
7207,2
7208,5
7209,3
7210,2
7211,5
7212,4
7213,1
7214,0
7215,2
7216,3
7217,0
7218,3
7219,3
7220,5
7221,3
7222,3
7223,2
7224,3
7225,4
7226,3
7227,5
7228,5
7229,5
7230,4
7231,6
7232,3
7233,0
7234,2
7235,5
7236,0
7237,6
7238,2
7239,0
7240,3
7241,5
7242,3
7243,5
7244,0
7245,5
7246,5
7247,5
7248,5
7249,1
7250,0
7251,0
7252,1
7253,0
7254,0
7255,5
7256,5
7257,2
7258,0
7259,3
7260,5
7261,0
7262,2
7263,5
7264,5
7265,3
7266,3
7267,2
7268,4
7269,2
7270,5
7271,1
7272,4
7273,1
7274,2
7275,0
7276,5
7277,0
7278,2
7279,2
7280,0
7281,5
7282,5
7283,5
7284,3
7285,5
7286,5
7287,2
7288,3
7289,2
7290,5
7291,2
7292,0
7293,4
7294,1
7295,3
7296,2
7297,0
7298,2
7299,2
7300,0
7301,0
7302,0
7303,5
7304,2
7305,3
7306,6
7307,0
7308,3
7309,3
7310,5
7311,5
7312,3
7313,4
7314,3
7315,1
7316,5
7317,1
7318,3
7319,0
7320,3
7321,0
7322,2
7323,5
7324,0
7325,3
7326,2
7327,6
7328,5
7329,0
7330,3
7331,4
7332,2
7333,0
7334,3
7335,4
7336,4
7337,0
7338,2
7339,3
7340,1
7341,2
7342,0
7343,2
7344,5
7345,5
7346,5
7347,0
7348,3
7349,2
7350,5
7351,2
7352,1
7353,3
7354,3
7355,2
7356,5
7357,3
7358,5
7359,2
7360,4
7361,0
7362,3
7363,5
7364,5
7365,3
7366,1
7367,2
7368,5
7369,2
7370,5
7371,2
7372,5
7373,5
7374,2
7375,3
7376,3
7377,1
7378,3
7379,5
7380,3
7381,2
7382,5
7383,6
7384,5
7385,1
7386,3
7387,5
7388,5
7389,2
7390,3
7391,0
7392,3
7393,6
7394,3
7395,3
7396,6
7397,6
7398,5
7399,5
7400,3
7401,5
7402,1
7403,1
7404,6
7405,2
7406,0
7407,2
7408,0
7409,5
7410,5
7411,3
7412,0
7413,3
7414,3
7415,4
7416,3
7417,5
7418,4
7419,3
7420,3
7421,4
7422,5
7423,2
7424,4
7425,3
7426,3
7427,3
7428,5
7429,6
7430,2
7431,6
7432,0
7433,2
7434,5
7435,0
7436,5
7437,5
7438,2
7439,4
7440,3
7441,2
7442,2
7443,3
7444,3
7445,0
7446,4
7447,6
7448,3
7449,4
7450,0
7451,2
7452,0
7453,2
7454,0
7455,5
7456,0
7457,3
7458,3
7459,0
7460,5
7461,2
7462,5
7463,3
7464,0
7465,4
7466,6
7467,4
7468,1
7469,5
7470,2
7471,3
7472,4
7473,3
7474,0
7475,3
7476,4
7477,2
7478,3
7479,6
7480,3
7481,4
7482,4
7483,3
7484,3
7485,6
7486,4
7487,5
7488,4
7489,3
7490,0
7491,2
7492,5
7493,2
7494,3
7495,2
7496,6
7497,2
7498,6
7499,3
7500,0
7501,4
7502,6
7503,5
7504,6
7505,5
7506,2
7507,3
7508,5
7509,5
7510,6
7511,2
7512,5
7513,3
7514,5
7515,6
7516,3
7517,3
7518,2
7519,6
7520,3
7521,1
7522,2
7523,0
7524,2
7525,6
7526,5
7527,2
7528,5
7529,5
7530,4
7531,3
7532,4
7533,0
7534,5
7535,3
7536,3
7537,5
7538,0
7539,3
7540,5
7541,5
7542,0
7543,3
7544,3
7545,5
7546,5
7547,1
7548,2
7549,3
7550,1
7551,2
7552,6
7553,3
7554,0
7555,4
7556,3
7557,5
7558,3
7559,4
7560,2
7561,4
7562,4
7563,5
7564,3
7565,4
7566,1
7567,0
7568,3
7569,4
7570,2
7571,4
7572,4
7573,0
7574,5
7575,4
7576,2
7577,2
7578,3
7579,3
7580,2
7581,4
7582,4
7583,3
7584,3
7585,1
7586,6
7587,3
7588,6
7589,5
7590,2
7591,2
7592,5
7593,5
7594,3
7595,6
7596,5
7597,2
7598,4
7599,1
7600,2
7601,2
7602,6
7603,2
7604,2
7605,5
7606,0
7607,2
7608,5
7609,5
7610,3
7611,1
7612,3
7613,2
7614,3
7615,4
7616,5
7617,4
7618,6
7619,2
7620,3
7621,5
7622,2
7623,0
7624,5
7625,1
7626,5
7627,2
7628,6
7629,6
7630,4
7631,5
7632,0
7633,4
7634,2
7635,4
7636,2
7637,3
7638,5
7639,3
7640,2
7641,1
7642,3
7643,2
7644,1
7645,0
7646,0
7647,2
7648,3
7649,2
7650,3
7651,3
7652,5
7653,3
7654,5
7655,5
7656,3
7657,5
7658,3
7659,3
7660,5
7661,5
7662,0
7663,2
7664,2
7665,3
7666,4
7667,1
7668,0
7669,4
7670,5
7671,1
7672,3
7673,2
7674,5
7675,4
7676,3
7677,0
7678,0
7679,1
7680,3
7681,3
7682,5
7683,3
7684,3
7685,6
7686,1
7687,2
7688,3
7689,4
7690,4
7691,1
7692,4
7693,3
7694,3
7695,6
7696,0
7697,6
7698,3
7699,3
7700,3
7701,5
7702,5
7703,1
7704,5
7705,1
7706,5
7707,2
7708,3
7709,2
7710,2
7711,5
7712,3
7713,5
7714,3
7715,3
7716,4
7717,0
7718,4
7719,4
7720,3
7721,3
7722,1
7723,4
7724,2
7725,4
7726,0
7727,0
7728,5
7729,2
7730,5
7731,5
7732,4
7733,3
7734,6
7735,2
7736,3
7737,3
7738,0
7739,2
7740,3
7741,6
7742,4
7743,3
7744,0
7745,2
7746,2
7747,0
7748,1
7749,3
7750,3
7751,0
7752,0
7753,2
7754,4
7755,5
7756,1
7757,0
7758,5
7759,2
7760,4
7761,5
7762,4
7763,5
7764,2
7765,0
7766,0
7767,5
7768,4
7769,2
7770,4
7771,5
7772,4
7773,3
7774,2
7775,4
7776,3
7777,6
7778,5
7779,3
7780,4
7781,0
7782,3
7783,6
7784,3
7785,5
7786,3
7787,5
7788,4
7789,5
7790,0
7791,5
7792,4
7793,2
7794,3
7795,6
7796,3
7797,3
7798,2
7799,5
7800,5
7801,0
7802,2
7803,5
7804,3
7805,0
7806,1
7807,1
7808,3
7809,5
7810,4
7811,5
7812,5
7813,0
7814,2
7815,2
7816,5
7817,3
7818,5
7819,4
7820,5
7821,0
7822,0
7823,5
7824,3
7825,5
7826,2
7827,0
7828,0
7829,5
7830,1
7831,0
7832,2
7833,1
7834,1
7835,6
7836,4
7837,2
7838,4
7839,4
7840,4
7841,3
7842,5
7843,5
7844,2
7845,2
7846,2
7847,2
7848,3
7849,6
7850,1
7851,2
7852,0
7853,1
7854,5
7855,2
7856,5
7857,3
7858,2
7859,4
7860,2
7861,3
7862,3
7863,4
7864,2
7865,5
7866,3
7867,5
7868,5
7869,2
7870,4
7871,4
7872,2
7873,0
7874,3
7875,0
7876,2
7877,6
7878,5
7879,3
7880,3
7881,0
7882,3
7883,2
7884,3
7885,0
7886,0
7887,1
7888,3
7889,5
7890,5
7891,3
7892,3
7893,5
7894,1
7895,3
7896,4
7897,0
7898,4
7899,5
7900,3
7901,5
7902,2
7903,5
7904,0
7905,3
7906,6
7907,3
7908,5
7909,3
7910,5
7911,3
7912,4
7913,4
7914,3
7915,1
7916,6
7917,0
7918,0
7919,3
7920,5
7921,4
7922,2
7923,2
7924,4
7925,5
7926,2
7927,3
7928,5
7929,2
7930,5
7931,6
7932,2
7933,2
7934,6
7935,5
7936,3
7937,2
7938,5
7939,3
7940,2
7941,0
7942,3
7943,3
7944,5
7945,5
7946,3
7947,5
7948,3
7949,3
7950,2
7951,5
7952,5
7953,5
7954,4
7955,5
7956,3
7957,3
7958,5
7959,5
7960,2
7961,6
7962,5
7963,5
7964,6
7965,0
7966,5
7967,0
7968,0
7969,5
7970,0
7971,1
7972,5
7973,5
7974,5
7975,4
7976,4
7977,4
7978,2
7979,5
7980,3
7981,5
7982,2
7983,3
7984,4
7985,2
7986,2
7987,5
7988,3
7989,5
7990,3
7991,3
7992,0
7993,5
7994,2
7995,3
7996,1
7997,2
7998,0
7999,2
8000,3
8001,1
8002,3
8003,6
8004,2
8005,5
8006,2
8007,5
8008,5
8009,3
8010,5
8011,5
8012,4
8013,4
8014,3
8015,0
8016,3
8017,3
8018,2
8019,5
8020,4
8021,3
8022,5
8023,5
8024,3
8025,3
8026,0
8027,6
8028,1
8029,5
8030,3
8031,5
8032,3
8033,0
8034,5
8035,0
8036,1
8037,2
8038,3
8039,4
8040,2
8041,6
8042,5
8043,1
8044,4
8045,2
8046,0
8047,0
8048,1
8049,1
8050,5
8051,4
8052,3
8053,4
8054,5
8055,3
8056,4
8057,3
8058,5
8059,4
8060,3
8061,3
8062,1
8063,0
8064,5
8065,4
8066,6
8067,3
8068,3
8069,4
8070,5
8071,0
8072,2
8073,0
8074,4
8075,1
8076,4
8077,4
8078,0
8079,3
8080,3
8081,0
8082,1
8083,0
8084,3
8085,3
8086,1
8087,3
8088,2
8089,5
8090,3
8091,6
8092,2
8093,5
8094,5
8095,1
8096,3
8097,3
8098,3
8099,4
8100,1
8101,0
8102,5
8103,5
8104,1
8105,3
8106,1
8107,2
8108,5
8109,4
8110,5
8111,3
8112,5
8113,2
8114,4
8115,4
8116,2
8117,3
8118,0
8119,5
8120,4
8121,4
8122,5
8123,0
8124,0
8125,4
8126,5
8127,3
8128,5
8129,5
8130,2
8131,3
8132,3
8133,4
8134,3
8135,1
8136,2
8137,2
8138,3
8139,3
8140,0
8141,2
8142,4
8143,3
8144,4
8145,0
8146,3
8147,1
8148,2
8149,5
8150,1
8151,5
8152,1
8153,3
8154,4
8155,2
8156,5
8157,0
8158,6
8159,1
8160,0
8161,2
8162,2
8163,2
8164,0
8165,0
8166,3
8167,0
8168,5
8169,5
8170,5
8171,3
8172,2
8173,2
8174,4
8175,3
8176,3
8177,6
8178,2
8179,1
8180,1
8181,2
8182,5
8183,4
8184,0
8185,3
8186,1
8187,3
8188,5
8189,1
8190,0
8191,5
8192,3
8193,3
8194,3
8195,3
8196,4
8197,3
8198,3
8199,5
8200,0
8201,4
8202,5
8203,3
8204,1
8205,5
8206,2
8207,6
8208,5
8209,2
8210,6
8211,2
8212,5
8213,3
8214,0
8215,5
8216,4
8217,0
8218,5
8219,5
8220,0
8221,2
8222,3
8223,2
8224,3
8225,0
8226,5
8227,1
8228,0
8229,2
8230,1
8231,2
8232,2
8233,0
8234,3
8235,3
8236,5
8237,5
8238,0
8239,4
8240,2
8241,1
8242,3
8243,3
8244,5
8245,2
8246,5
8247,6
8248,2
8249,0
8250,0
8251,0
8252,4
8253,2
8254,2
8255,2
8256,3
8257,2
8258,3
8259,3
8260,5
8261,3
8262,6
8263,2
8264,3
8265,5
8266,2
8267,1
8268,4
8269,5
8270,0
8271,2
8272,5
8273,4
8274,5
8275,0
8276,5
8277,1
8278,3
8279,5
8280,1
8281,5
8282,2
8283,4
8284,2
8285,6
8286,0
8287,5
8288,4
8289,0
8290,2
8291,3
8292,5
8293,2
8294,2
8295,3
8296,5
8297,5
8298,2
8299,3
8300,2
8301,5
8302,1
8303,5
8304,3
8305,3
8306,5
8307,3
8308,0
8309,3
8310,3
8311,0
8312,6
8313,1
8314,2
8315,0
8316,6
8317,5
8318,3
8319,3
8320,3
8321,0
8322,5
8323,5
8324,2
8325,3
8326,4
8327,3
8328,1
8329,5
8330,3
8331,3
8332,5
8333,5
8334,2
8335,3
8336,3
8337,2
8338,5
8339,5
8340,6
8341,1
8342,2
8343,5
8344,5
8345,2
8346,5
8347,0
8348,3
8349,3
8350,5
8351,5
8352,0
8353,0
8354,1
8355,2
8356,5
8357,3
8358,1
8359,5
8360,2
8361,5
8362,3
8363,0
8364,2
8365,5
8366,5
8367,4
8368,4
8369,4
8370,5
8371,3
8372,2
8373,1
8374,4
8375,3
8376,6
8377,1
8378,2
8379,4
8380,6
8381,2
8382,1
8383,5
8384,2
8385,0
8386,6
8387,2
8388,2
8389,4
8390,5
8391,3
8392,3
8393,3
8394,2
8395,3
8396,5
8397,5
8398,3
8399,0
8400,5
8401,0
8402,0
8403,2
8404,3
8405,3
8406,3
8407,2
8408,6
8409,4
8410,3
8411,5
8412,3
8413,2
8414,5
8415,2
8416,5
8417,5
8418,3
8419,2
8420,3
8421,6
8422,2
8423,6
8424,0
8425,2
8426,3
8427,0
8428,3
8429,2
8430,2
8431,2
8432,2
8433,2
8434,5
8435,0
8436,3
8437,5
8438,1
8439,3
8440,5
8441,3
8442,0
8443,0
8444,2
8445,4
8446,4
8447,4
8448,3
8449,0
8450,3
8451,3
8452,3
8453,5
8454,2
8455,3
8456,1
8457,5
8458,5
8459,0
8460,3
8461,3
8462,0
8463,3
8464,4
8465,3
8466,0
8467,4
8468,3
8469,5
8470,3
8471,5
8472,5
8473,3
8474,2
8475,5
8476,3
8477,2
8478,2
8479,5
8480,3
8481,6
8482,2
8483,1
8484,2
8485,3
8486,3
8487,5
8488,3
8489,2
8490,0
8491,3
8492,5
8493,0
8494,3
8495,2
8496,2
8497,2
8498,5
8499,0
8500,0
8501,5
8502,4
8503,0
8504,4
8505,0
8506,3
8507,3
8508,4
8509,5
8510,1
8511,0
8512,3
8513,3
8514,1
8515,5
8516,3
8517,2
8518,0
8519,0
8520,1
8521,6
8522,6
8523,0
8524,4
8525,5
8526,3
8527,3
8528,1
8529,1
8530,5
8531,3
8532,5
8533,5
8534,3
8535,5
8536,2
8537,0
8538,3
8539,1
8540,3
8541,3
8542,3
8543,6
8544,3
8545,4
8546,1
8547,5
8548,5
8549,3
8550,0
8551,4
8552,5
8553,5
8554,2
8555,2
8556,2
8557,3
8558,4
8559,3
8560,5
8561,4
8562,5
8563,5
8564,5
8565,4
8566,3
8567,3
8568,5
8569,3
8570,1
8571,0
8572,2
8573,5
8574,3
8575,3
8576,4
8577,2
8578,0
8579,2
8580,3
8581,0
8582,3
8583,3
8584,3
8585,3
8586,2
8587,5
8588,3
8589,2
8590,1
8591,1
8592,4
8593,3
8594,2
8595,3
8596,1
8597,3
8598,1
8599,4
8600,3
8601,5
8602,3
8603,2
8604,5
8605,2
8606,3
8607,3
8608,5
8609,5
8610,5
8611,5
8612,6
8613,0
8614,3
8615,3
8616,5
8617,3
8618,5
8619,2
8620,5
8621,2
8622,3
8623,5
8624,3
8625,3
8626,3
8627,0
8628,2
8629,3
8630,5
8631,5
8632,2
8633,0
8634,1
8635,0
8636,3
8637,0
8638,0
8639,0
8640,3
8641,5
8642,6
8643,3
8644,0
8645,3
8646,5
8647,2
8648,3
8649,5
8650,2
8651,3
8652,4
8653,3
8654,0
8655,0
8656,3
8657,3
8658,2
8659,2
8660,1
8661,4
8662,3
8663,2
8664,2
8665,3
8666,0
8667,3
8668,5
8669,2
8670,4
8671,2
8672,5
8673,5
8674,4
8675,2
8676,4
8677,3
8678,2
8679,1
8680,2
8681,5
8682,0
8683,0
8684,5
8685,5
8686,3
8687,5
8688,2
8689,5
8690,2
8691,3
8692,3
8693,2
8694,6
8695,1
8696,1
8697,1
8698,3
8699,3
8700,2
8701,2
8702,2
8703,1
8704,2
8705,2
8706,0
8707,3
8708,6
8709,5
8710,0
8711,6
8712,5
8713,4
8714,4
8715,4
8716,3
8717,4
8718,1
8719,0
8720,5
8721,3
8722,3
8723,1
8724,3
8725,5
8726,2
8727,0
8728,6
8729,2
8730,0
8731,1
8732,4
8733,5
8734,4
8735,1
8736,2
8737,3
8738,3
8739,4
8740,3
8741,3
8742,3
8743,3
8744,2
8745,4
8746,3
8747,5
8748,4
8749,3
8750,5
8751,4
8752,4
8753,6
8754,2
8755,4
8756,5
8757,6
8758,4
8759,5
8760,2
8761,4
8762,4
8763,5
8764,5
8765,2
8766,5
8767,4
8768,4
8769,5
8770,0
8771,6
8772,5
8773,3
8774,5
8775,5
8776,6
8777,6
8778,1
8779,6
8780,2
8781,3
8782,2
8783,0
8784,5
8785,5
8786,3
8787,2
8788,0
8789,3
8790,5
8791,3
8792,5
8793,4
8794,5
8795,3
8796,2
8797,6
8798,2
8799,4
8800,2
8801,5
8802,0
8803,5
8804,3
8805,1
8806,4
8807,6
8808,5
8809,2
8810,3
8811,5
8812,4
8813,2
8814,4
8815,0
8816,6
8817,5
8818,6
8819,4
8820,3
8821,0
8822,5
8823,2
8824,2
8825,0
8826,2
8827,4
8828,5
8829,4
8830,3
8831,2
8832,0
8833,0
8834,5
8835,2
8836,2
8837,6
8838,0
8839,2
8840,3
8841,0
8842,2
8843,2
8844,2
8845,2
8846,5
8847,3
8848,5
8849,6
8850,0
8851,0
8852,0
8853,1
8854,3
8855,2
8856,6
8857,2
8858,0
8859,5
8860,3
8861,0
8862,1
8863,1
8864,4
8865,5
8866,2
8867,1
8868,3
8869,3
8870,0
8871,0
8872,3
8873,3
8874,0
8875,5
8876,3
8877,0
8878,4
8879,2
8880,3
8881,0
8882,4
8883,4
8884,5
8885,2
8886,5
8887,3
8888,3
8889,3
8890,0
8891,3
8892,3
8893,0
8894,5
8895,6
8896,4
8897,0
8898,0
8899,1
8900,6
8901,0
8902,5
8903,3
8904,6
8905,4
8906,3
8907,3
8908,5
8909,3
8910,2
8911,1
8912,5
8913,0
8914,3
8915,2
8916,3
8917,5
8918,3
8919,5
8920,5
8921,3
8922,1
8923,0
8924,5
8925,0
8926,0
8927,0
8928,3
8929,0
8930,2
8931,2
8932,3
8933,0
8934,3
8935,3
8936,3
8937,2
8938,5
8939,4
8940,0
8941,2
8942,6
8943,5
8944,3
8945,5
8946,3
8947,3
8948,0
8949,4
8950,4
8951,5
8952,1
8953,5
8954,0
8955,2
8956,5
8957,3
8958,6
8959,5
8960,5
8961,5
8962,1
8963,5
8964,0
8965,2
8966,0
8967,5
8968,5
8969,2
8970,5
8971,2
8972,4
8973,6
8974,5
8975,5
8976,5
8977,4
8978,5
8979,5
8980,2
8981,5
8982,4
8983,6
8984,4
8985,1
8986,0
8987,4
8988,2
8989,1
8990,0
8991,6
8992,3
8993,1
8994,2
8995,2
8996,3
8997,3
8998,0
8999,3
9000,2
9001,3
9002,1
9003,3
9004,3
9005,4
9006,5
9007,2
9008,3
9009,0
9010,4
9011,2
9012,3
9013,5
9014,4
9015,4
9016,1
9017,2
9018,2
9019,5
9020,4
9021,5
9022,1
9023,4
9024,5
9025,2
9026,4
9027,3
9028,5
9029,2
9030,5
9031,2
9032,6
9033,3
9034,2
9035,2
9036,3
9037,4
9038,4
9039,5
9040,6
9041,5
9042,4
9043,5
9044,0
9045,2
9046,3
9047,5
9048,3
9049,5
9050,3
9051,3
9052,5
9053,0
9054,0
9055,0
9056,5
9057,4
9058,1
9059,6
9060,3
9061,1
9062,3
9063,2
9064,5
9065,3
9066,4
9067,4
9068,0
9069,3
9070,4
9071,5
9072,3
9073,4
9074,3
9075,0
9076,0
9077,3
9078,3
9079,5
9080,3
9081,3
9082,3
9083,3
9084,6
9085,3
9086,5
9087,3
9088,0
9089,6
9090,4
9091,5
9092,3
9093,3
9094,2
9095,5
9096,6
9097,3
9098,2
9099,3
9100,2
9101,3
9102,4
9103,2
9104,5
9105,3
9106,2
9107,3
9108,2
9109,3
9110,1
9111,3
9112,2
9113,6
9114,4
9115,3
9116,0
9117,4
9118,0
9119,4
9120,0
9121,2
9122,0
9123,2
9124,5
9125,5
9126,5
9127,6
9128,5
9129,1
9130,2
9131,5
9132,3
9133,5
9134,2
9135,4
9136,4
9137,4
9138,5
9139,5
9140,3
9141,3
9142,3
9143,5
9144,0
9145,0
9146,6
9147,0
9148,6
9149,2
9150,0
9151,4
9152,3
9153,0
9154,3
9155,0
9156,2
9157,2
9158,4
9159,0
9160,3
9161,6
9162,0
9163,2
9164,3
9165,2
9166,3
9167,4
9168,0
9169,3
9170,3
9171,2
9172,2
9173,5
9174,2
9175,2
9176,3
9177,3
9178,4
9179,1
9180,3
9181,3
9182,6
9183,3
9184,5
9185,2
9186,5
9187,0
9188,5
9189,5
9190,3
9191,3
9192,3
9193,2
9194,4
9195,3
9196,3
9197,0
9198,5
9199,0
9200,3
9201,5
9202,6
9203,2
9204,5
9205,2
9206,5
9207,2
9208,2
9209,4
9210,2
9211,3
9212,1
9213,1
9214,5
9215,3
9216,5
9217,0
9218,1
9219,4
9220,5
9221,3
9222,5
9223,3
9224,3
9225,2
9226,2
9227,3
9228,2
9229,0
9230,5
9231,3
9232,5
9233,6
9234,1
9235,2
9236,5
9237,4
9238,0
9239,0
9240,1
9241,0
9242,5
9243,2
9244,2
9245,5
9246,2
9247,3
9248,0
9249,3
9250,5
9251,1
9252,2
9253,3
9254,5
9255,3
9256,5
9257,5
9258,4
9259,2
9260,0
9261,4
9262,2
9263,5
9264,0
9265,2
9266,3
9267,5
9268,0
9269,6
9270,1
9271,0
9272,5
9273,0
9274,5
9275,5
9276,0
9277,2
9278,5
9279,1
9280,0
9281,3
9282,3
9283,2
9284,5
9285,5
9286,0
9287,3
9288,5
9289,2
9290,3
9291,5
9292,5
9293,1
9294,3
9295,4
9296,0
9297,2
9298,2
9299,2
9300,4
9301,3
9302,0
9303,3
9304,5
9305,3
9306,0
9307,1
9308,4
9309,2
9310,3
9311,4
9312,5
9313,4
9314,2
9315,4
9316,0
9317,4
9318,5
9319,2
9320,4
9321,2
9322,4
9323,2
9324,4
9325,2
9326,3
9327,0
9328,0
9329,5
9330,2
9331,3
9332,3
9333,5
9334,3
9335,3
9336,2
9337,2
9338,3
9339,6
9340,5
9341,1
9342,5
9343,4
9344,5
9345,3
9346,3
9347,2
9348,3
9349,5
9350,1
9351,4
9352,6
9353,3
9354,0
9355,2
9356,0
9357,0
9358,5
9359,5
9360,3
9361,1
9362,2
9363,4
9364,5
9365,5
9366,5
9367,4
9368,2
9369,5
9370,4
9371,1
9372,4
9373,5
9374,6
9375,5
9376,0
9377,2
9378,5
9379,0
9380,3
9381,3
9382,0
9383,2
9384,3
9385,1
9386,1
9387,1
9388,5
9389,0
9390,3
9391,1
9392,4
9393,3
9394,2
9395,1
9396,4
9397,6
9398,5
9399,5
9400,2
9401,3
9402,2
9403,5
9404,4
9405,0
9406,4
9407,5
9408,2
9409,3
9410,0
9411,3
9412,3
9413,2
9414,0
9415,5
9416,5
9417,2
9418,5
9419,4
9420,4
9421,5
9422,2
9423,5
9424,2
9425,3
9426,5
9427,3
9428,5
9429,5
9430,0
9431,0
9432,4
9433,5
9434,0
9435,6
9436,5
9437,4
9438,2
9439,2
9440,4
9441,2
9442,5
9443,5
9444,2
9445,3
9446,2
9447,4
9448,0
9449,5
9450,2
9451,5
9452,5
9453,4
9454,5
9455,4
9456,3
9457,3
9458,0
9459,3
9460,5
9461,2
9462,2
9463,5
9464,0
9465,3
9466,4
9467,5
9468,1
9469,5
9470,5
9471,2
9472,0
9473,3
9474,5
9475,5
9476,3
9477,0
9478,4
9479,0
9480,2
9481,2
9482,4
9483,3
9484,2
9485,1
9486,5
9487,2
9488,5
9489,5
9490,1
9491,0
9492,3
9493,3
9494,5
9495,3
9496,2
9497,2
9498,5
9499,4
9500,0
9501,5
9502,5
9503,1
9504,0
9505,0
9506,3
9507,1
9508,5
9509,0
9510,2
9511,2
9512,5
9513,2
9514,4
9515,6
9516,5
9517,6
9518,2
9519,3
9520,1
9521,2
9522,5
9523,0
9524,2
9525,4
9526,0
9527,5
9528,1
9529,0
9530,0
9531,0
9532,3
9533,1
9534,3
9535,4
9536,4
9537,3
9538,4
9539,4
9540,0
9541,5
9542,6
9543,4
9544,3
9545,0
9546,0
9547,5
9548,1
9549,2
9550,1
9551,3
9552,0
9553,5
9554,3
9555,4
9556,3
9557,3
9558,3
9559,1
9560,2
9561,3
9562,1
9563,3
9564,2
9565,3
9566,2
9567,6
9568,5
9569,1
9570,3
9571,4
9572,4
9573,2
9574,4
9575,4
9576,0
9577,0
9578,2
9579,4
9580,5
9581,2
9582,4
9583,3
9584,4
9585,3
9586,4
9587,0
9588,2
9589,4
9590,5
9591,1
9592,4
9593,5
9594,3
9595,4
9596,3
9597,4
9598,4
9599,5
9600,5
9601,2
9602,4
9603,4
9604,3
9605,3
9606,0
9607,5
9608,2
9609,5
9610,3
9611,0
9612,5
9613,3
9614,2
9615,5
9616,4
9617,2
9618,3
9619,0
9620,5
9621,2
9622,0
9623,1
9624,0
9625,4
9626,3
9627,3
9628,3
9629,3
9630,2
9631,2
9632,5
9633,4
9634,3
9635,3
9636,4
9637,0
9638,0
9639,2
9640,5
9641,2
9642,4
9643,6
9644,1
9645,0
9646,5
9647,5
9648,3
9649,0
9650,3
9651,2
9652,5
9653,2
9654,2
9655,1
9656,0
9657,3
9658,3
9659,5
9660,5
9661,3
9662,2
9663,2
9664,3
9665,6
9666,5
9667,4
9668,2
9669,1
9670,3
9671,2
9672,3
9673,0
9674,2
9675,5
9676,0
9677,3
9678,3
9679,3
9680,3
9681,2
9682,0
9683,0
9684,3
9685,3
9686,3
9687,5
9688,4
9689,1
9690,0
9691,0
9692,5
9693,5
9694,2
9695,3
9696,3
9697,3
9698,3
9699,3
9700,1
9701,0
9702,3
9703,4
9704,1
9705,5
9706,5
9707,3
9708,4
9709,2
9710,2
9711,5
9712,1
9713,2
9714,3
9715,2
9716,0
9717,3
9718,5
9719,0
9720,2
9721,3
9722,3
9723,2
9724,5
9725,5
9726,3
9727,4
9728,2
9729,2
9730,5
9731,2
9732,0
9733,6
9734,0
9735,1
9736,2
9737,2
9738,0
9739,3
9740,5
9741,2
9742,2
9743,0
9744,0
9745,3
9746,3
9747,2
9748,5
9749,4
9750,2
9751,5
9752,3
9753,2
9754,0
9755,3
9756,0
9757,6
9758,3
9759,2
9760,3
9761,1
9762,5
9763,1
9764,2
9765,5
9766,3
9767,5
9768,0
9769,2
9770,3
9771,0
9772,0
9773,0
9774,5
9775,2
9776,2
9777,2
9778,1
9779,3
9780,0
9781,0
9782,2
9783,3
9784,3
9785,3
9786,6
9787,5
9788,5
9789,3
9790,1
9791,4
9792,5
9793,0
9794,4
9795,3
9796,2
9797,5
9798,6
9799,1
9800,2
9801,3
9802,4
9803,3
9804,4
9805,1
9806,3
9807,5
9808,3
9809,5
9810,0
9811,4
9812,0
9813,0
9814,2
9815,0
9816,6
9817,6
9818,3
9819,3
9820,0
9821,0
9822,3
9823,3
9824,0
9825,4
9826,5
9827,0
9828,3
9829,5
9830,5
9831,2
9832,5
9833,3
9834,1
9835,3
9836,3
9837,2
9838,5
9839,5
9840,0
9841,5
9842,3
9843,5
9844,5
9845,1
9846,3
9847,4
9848,2
9849,2
9850,0
9851,2
9852,3
9853,1
9854,2
9855,1
9856,5
9857,3
9858,2
9859,3
9860,1
9861,4
9862,5
9863,0
9864,2
9865,1
9866,2
9867,1
9868,1
9869,5
9870,3
9871,4
9872,1
9873,3
9874,3
9875,0
9876,1
9877,1
9878,6
9879,3
9880,5
9881,4
9882,4
9883,5
9884,5
9885,5
9886,1
9887,1
9888,2
9889,2
9890,3
9891,3
9892,1
9893,5
9894,4
9895,3
9896,1
9897,5
9898,5
9899,5
9900,0
9901,5
9902,1
9903,1
9904,2
9905,2
9906,6
9907,3
9908,2
9909,3
9910,0
9911,5
9912,6
9913,4
9914,3
9915,6
9916,3
9917,5
9918,5
9919,3
9920,2
9921,6
9922,3
9923,0
9924,0
9925,6
9926,5
9927,5
9928,6
9929,4
9930,4
9931,5
9932,3
9933,6
9934,6
9935,4
9936,2
9937,4
9938,5
9939,0
9940,5
9941,2
9942,3
9943,0
9944,0
9945,3
9946,2
9947,1
9948,2
9949,0
9950,2
9951,3
9952,0
9953,5
9954,3
9955,3
9956,0
9957,5
9958,3
9959,2
9960,1
9961,3
9962,5
9963,1
9964,4
9965,0
9966,0
9967,3
9968,4
9969,0
9970,2
9971,1
9972,2
9973,0
9974,5
9975,2
9976,3
9977,5
9978,5
9979,2
9980,2
9981,3
9982,5
9983,4
9984,3
9985,3
9986,6
9987,3
9988,6
9989,5
9990,2
9991,0
9992,4
9993,0
9994,3
9995,1
9996,4
9997,6
9998,5
9999,3
10000,0
10001,2
10002,5
10003,5
10004,0
10005,0
10006,1
10007,3
10008,0
10009,0
10010,2
10011,6
10012,3
10013,5
10014,3
10015,2
10016,3
10017,1
10018,6
10019,5
10020,2
10021,5
10022,3
10023,3
10024,5
10025,6
10026,5
10027,5
10028,3
10029,2
10030,3
10031,5
10032,1
10033,5
10034,4
10035,2
10036,3
10037,4
10038,3
10039,5
10040,3
10041,5
10042,0
10043,1
10044,4
10045,4
10046,4
10047,4
10048,4
10049,0
10050,4
10051,4
10052,0
10053,6
10054,2
10055,5
10056,1
10057,3
10058,3
10059,1
10060,6
10061,3
10062,2
10063,5
10064,4
10065,0
10066,6
10067,2
10068,2
10069,3
10070,6
10071,5
10072,2
10073,3
10074,5
10075,4
10076,3
10077,2
10078,2
10079,4
10080,3
10081,3
10082,5
10083,5
10084,6
10085,1
10086,4
10087,6
10088,3
10089,6
10090,5
10091,0
10092,3
10093,2
10094,5
10095,5
10096,3
10097,5
10098,1
10099,5
10100,6
10101,2
10102,5
10103,1
10104,3
10105,0
10106,5
10107,3
10108,3
10109,0
10110,2
10111,5
10112,3
10113,2
10114,3
10115,3
10116,0
10117,4
10118,3
10119,4
10120,0
10121,5
10122,5
10123,0
10124,4
10125,5
10126,1
10127,2
10128,5
10129,0
10130,0
10131,3
10132,3
10133,0
10134,2
10135,3
10136,0
10137,4
10138,5
10139,5
10140,0
10141,0
10142,0
10143,3
10144,4
10145,0
10146,4
10147,5
10148,4
10149,2
10150,5
10151,5
10152,2
10153,4
10154,4
10155,3
10156,3
10157,3
10158,3
10159,5
10160,5
10161,3
10162,0
10163,0
10164,5
10165,0
10166,1
10167,4
10168,5
10169,0
10170,1
10171,6
10172,3
10173,5
10174,0
10175,3
10176,4
10177,5
10178,3
10179,2
10180,5
10181,2
10182,3
10183,0
10184,6
10185,3
10186,5
10187,4
10188,4
10189,0
10190,3
10191,5
10192,4
10193,1
10194,1
10195,0
10196,2
10197,3
10198,5
10199,5
10200,5
10201,2
10202,3
10203,5
10204,5
10205,1
10206,5
10207,5
10208,5
10209,3
10210,3
10211,5
10212,3
10213,0
10214,5
10215,5
10216,2
10217,2
10218,2
10219,4
10220,3
10221,5
10222,2
10223,0
10224,5
10225,5
10226,0
10227,5
10228,3
10229,4
10230,4
10231,2
10232,1
10233,6
10234,3
10235,4
10236,2
10237,3
10238,1
10239,3
10240,3
10241,4
10242,3
10243,5
10244,2
10245,6
10246,3
10247,3
10248,3
10249,2
10250,1
10251,2
10252,5
10253,0
10254,5
10255,5
10256,3
10257,0
10258,1
10259,1
10260,2
10261,0
10262,5
10263,4
10264,5
10265,2
10266,3
10267,4
10268,1
10269,3
10270,5
10271,2
10272,0
10273,2
10274,3
10275,4
10276,2
10277,0
10278,2
10279,5
10280,2
10281,5
10282,2
10283,1
10284,6
10285,5
10286,6
10287,5
10288,5
10289,5
10290,4
10291,2
10292,5
10293,0
10294,0
10295,5
10296,5
10297,2
10298,5
10299,3
10300,1
10301,2
10302,3
10303,0
10304,3
10305,0
10306,3
10307,5
10308,0
10309,6
10310,0
10311,0
10312,5
10313,5
10314,0
10315,3
10316,0
10317,5
10318,2
10319,3
10320,6
10321,5
10322,2
10323,3
10324,2
10325,3
10326,5
10327,2
10328,2
10329,4
10330,2
10331,0
10332,5
10333,5
10334,4
10335,5
10336,6
10337,0
10338,2
10339,4
10340,4
10341,3
10342,4
10343,2
10344,2
10345,5
10346,5
10347,3
10348,0
10349,3
10350,2
10351,2
10352,5
10353,3
10354,1
10355,2
10356,2
10357,0
10358,3
10359,5
10360,5
10361,3
10362,2
10363,4
10364,5
10365,4
10366,2
10367,5
10368,3
10369,3
10370,3
10371,2
10372,3
10373,1
10374,4
10375,6
10376,3
10377,0
10378,0
10379,3
10380,5
10381,2
10382,0
10383,2
10384,5
10385,2
10386,3
10387,0
10388,4
10389,3
10390,3
10391,2
10392,0
10393,2
10394,1
10395,5
10396,2
10397,5
10398,3
10399,3
10400,5
10401,5
10402,6
10403,3
10404,4
10405,5
10406,0
10407,0
10408,5
10409,3
10410,3
10411,3
10412,0
10413,1
10414,1
10415,3
10416,3
10417,4
10418,6
10419,5
10420,5
10421,6
10422,3
10423,3
10424,5
10425,2
10426,2
10427,0
10428,0
10429,2
10430,0
10431,2
10432,3
10433,5
10434,5
10435,3
10436,4
10437,5
10438,4
10439,3
10440,3
10441,5
10442,0
10443,3
10444,3
10445,5
10446,3
10447,3
10448,1
10449,3
10450,2
10451,6
10452,5
10453,0
10454,0
10455,3
10456,2
10457,2
10458,2
10459,3
10460,5
10461,4
10462,2
10463,1
10464,3
10465,5
10466,5
10467,3
10468,5
10469,3
10470,0
10471,5
10472,5
10473,4
10474,1
10475,3
10476,3
10477,4
10478,3
10479,4
10480,4
10481,5
10482,3
10483,3
10484,0
10485,3
10486,3
10487,2
10488,2
10489,3
10490,1
10491,4
10492,3
10493,5
10494,2
10495,3
10496,2
10497,5
10498,3
10499,5
10500,6
10501,0
10502,2
10503,3
10504,5
10505,5
10506,3
10507,2
10508,4
10509,3
10510,4
10511,3
10512,5
10513,0
10514,3
10515,2
10516,5
10517,3
10518,2
10519,2
10520,5
10521,0
10522,1
10523,3
10524,5
10525,0
10526,2
10527,1
10528,0
10529,3
10530,0
10531,4
10532,2
10533,3
10534,1
10535,4
10536,4
10537,0
10538,2
10539,3
10540,3
10541,3
10542,5
10543,5
10544,5
10545,6
10546,0
10547,1
10548,2
10549,2
10550,3
10551,2
10552,5
10553,5
10554,5
10555,2
10556,3
10557,5
10558,5
10559,4
10560,3
10561,0
10562,5
10563,0
10564,5
10565,2
10566,0
10567,4
10568,4
10569,3
10570,3
10571,5
10572,5
10573,5
10574,0
10575,3
10576,1
10577,5
10578,3
10579,4
10580,3
10581,1
10582,1
10583,2
10584,5
10585,3
10586,5
10587,2
10588,2
10589,5
10590,3
10591,5
10592,2
10593,2
10594,5
10595,3
10596,4
10597,2
10598,0
10599,3
10600,5
10601,3
10602,5
10603,5
10604,3
10605,2
10606,3
10607,3
10608,1
10609,4
10610,5
10611,2
10612,5
10613,2
10614,2
10615,4
10616,3
10617,1
10618,5
10619,6
10620,1
10621,6
10622,2
10623,5
10624,3
10625,2
10626,3
10627,5
10628,4
10629,2
10630,4
10631,0
10632,5
10633,0
10634,3
10635,5
10636,3
10637,6
10638,4
10639,6
10640,5
10641,2
10642,4
10643,1
10644,5
10645,4
10646,1
10647,6
10648,3
10649,1
10650,0
10651,5
10652,4
10653,5
10654,2
10655,5
10656,5
10657,2
10658,5
10659,5
10660,3
10661,2
10662,2
10663,3
10664,3
10665,0
10666,3
10667,3
10668,5
10669,5
10670,2
10671,3
10672,4
10673,4
10674,3
10675,4
10676,1
10677,4
10678,5
10679,4
10680,2
10681,3
10682,3
10683,3
10684,3
10685,4
10686,2
10687,1
10688,3
10689,2
10690,4
10691,3
10692,6
10693,4
10694,3
10695,2
10696,6
10697,3
10698,5
10699,5
10700,5
10701,3
10702,4
10703,5
10704,4
10705,5
10706,3
10707,3
10708,3
10709,4
10710,0
10711,3
10712,5
10713,5
10714,5
10715,6
10716,4
10717,4
10718,3
10719,2
10720,3
10721,4
10722,1
10723,2
10724,5
10725,0
10726,2
10727,3
10728,5
10729,5
10730,6
10731,1
10732,3
10733,0
10734,3
10735,0
10736,3
10737,5
10738,5
10739,5
10740,3
10741,3
10742,0
10743,4
10744,3
10745,5
10746,2
10747,2
10748,1
10749,0
10750,1
10751,4
10752,5
10753,5
10754,5
10755,3
10756,3
10757,4
10758,0
10759,5
10760,0
10761,3
10762,3
10763,3
10764,3
10765,6
10766,1
10767,3
10768,4
10769,0
10770,3
10771,2
10772,3
10773,2
10774,1
10775,6
10776,0
10777,3
10778,3
10779,0
10780,0
10781,5
10782,5
10783,5
10784,1
10785,4
10786,3
10787,3
10788,1
10789,5
10790,5
10791,0
10792,5
10793,5
10794,1
10795,5
10796,4
10797,3
10798,2
10799,3
10800,2
10801,0
10802,3
10803,3
10804,5
10805,4
10806,3
10807,4
10808,6
10809,2
10810,2
10811,3
10812,3
10813,5
10814,5
10815,3
10816,3
10817,3
10818,5
10819,5
10820,0
10821,0
10822,5
10823,5
10824,2
10825,3
10826,6
10827,1
10828,5
10829,2
10830,2
10831,0
10832,6
10833,3
10834,3
10835,2
10836,4
10837,6
10838,3
10839,5
10840,6
10841,4
10842,2
10843,5
10844,1
10845,3
10846,4
10847,5
10848,1
10849,0
10850,2
10851,2
10852,4
10853,5
10854,0
10855,5
10856,3
10857,4
10858,2
10859,5
10860,2
10861,0
10862,3
10863,4
10864,5
10865,1
10866,0
10867,0
10868,1
10869,3
10870,0
10871,3
10872,3
10873,3
10874,4
10875,3
10876,3
10877,3
10878,1
10879,4
10880,0
10881,3
10882,3
10883,4
10884,6
10885,3
10886,6
10887,4
10888,1
10889,3
10890,2
10891,5
10892,0
10893,3
10894,3
10895,3
10896,5
10897,4
10898,5
10899,5
10900,3
10901,3
10902,3
10903,2
10904,2
10905,1
10906,2
10907,2
10908,3
10909,3
10910,3
10911,0
10912,2
10913,0
10914,5
10915,0
10916,0
10917,3
10918,4
10919,5
10920,3
10921,6
10922,5
10923,2
10924,0
10925,3
10926,4
10927,2
10928,5
10929,4
10930,0
10931,5
10932,5
10933,2
10934,0
10935,0
10936,6
10937,3
10938,2
10939,2
10940,4
10941,2
10942,4
10943,1
10944,1
10945,5
10946,5
10947,6
10948,5
10949,2
10950,0
10951,3
10952,0
10953,3
10954,3
10955,0
10956,0
10957,5
10958,2
10959,4
10960,5
10961,5
10962,2
10963,0
10964,0
10965,0
10966,4
10967,5
10968,3
10969,4
10970,4
10971,3
10972,3
10973,5
10974,3
10975,3
10976,3
10977,5
10978,2
10979,4
10980,4
10981,2
10982,5
10983,3
10984,3
10985,3
10986,4
10987,4
10988,5
10989,2
10990,3
10991,4
10992,0
10993,5
10994,5
10995,0
10996,3
10997,3
10998,0
10999,2
11000,3
11001,0
11002,2
11003,3
11004,6
11005,2
11006,3
11007,5
11008,5
11009,1
11010,2
11011,4
11012,3
11013,2
11014,2
11015,4
11016,0
11017,2
11018,6
11019,5
11020,4
11021,2
11022,4
11023,0
11024,4
11025,3
11026,4
11027,5
11028,4
11029,4
11030,6
11031,0
11032,3
11033,3
11034,5
11035,0
11036,0
11037,5
11038,2
11039,5
11040,3
11041,4
11042,3
11043,3
11044,5
11045,6
11046,2
11047,1
11048,3
11049,4
11050,3
11051,3
11052,3
11053,5
11054,3
11055,3
11056,2
11057,2
11058,2
11059,4
11060,3
11061,3
11062,1
11063,0
11064,5
11065,5
11066,6
11067,6
11068,1
11069,1
11070,3
11071,5
11072,3
11073,3
11074,5
11075,3
11076,0
11077,3
11078,3
11079,5
11080,3
11081,2
11082,5
11083,5
11084,5
11085,4
11086,2
11087,0
11088,2
11089,1
11090,3
11091,5
11092,3
11093,5
11094,4
11095,2
11096,5
11097,2
11098,5
11099,2
11100,5
11101,0
11102,3
11103,1
11104,4
11105,1
11106,5
11107,2
11108,4
11109,3
11110,4
11111,3
11112,2
11113,6
11114,4
11115,0
11116,5
11117,5
11118,5
11119,1
11120,4
11121,3
11122,1
11123,3
11124,4
11125,3
11126,3
11127,2
11128,2
11129,4
11130,3
11131,3
11132,0
11133,2
11134,5
11135,4
11136,4
11137,3
11138,5
11139,5
11140,2
11141,3
11142,0
11143,5
11144,4
11145,3
11146,2
11147,5
11148,3
11149,3
11150,0
11151,3
11152,3
11153,4
11154,0
11155,0
11156,3
11157,4
11158,3
11159,0
11160,4
11161,4
11162,1
11163,5
11164,3
11165,2
11166,4
11167,5
11168,1
11169,3
11170,2
11171,4
11172,1
11173,4
11174,6
11175,5
11176,2
11177,0
11178,5
11179,0
11180,2
11181,0
11182,0
11183,5
11184,3
11185,2
11186,5
11187,0
11188,6
11189,5
11190,6
11191,5
11192,0
11193,2
11194,0
11195,4
11196,3
11197,2
11198,2
11199,3
11200,2
11201,6
11202,3
11203,3
11204,3
11205,2
11206,3
11207,6
11208,0
11209,5
11210,1
11211,6
11212,5
11213,3
11214,5
11215,4
11216,3
11217,4
11218,4
11219,4
11220,3
11221,2
11222,3
11223,4
11224,3
11225,6
11226,3
11227,3
11228,3
11229,3
11230,2
11231,1
11232,5
11233,0
11234,3
11235,2
11236,2
11237,3
11238,1
11239,3
11240,3
11241,3
11242,3
11243,1
11244,1
11245,3
11246,5
11247,5
11248,5
11249,3
11250,4
11251,3
11252,0
11253,3
11254,2
11255,2
11256,5
11257,2
11258,0
11259,3
11260,3
11261,0
11262,5
11263,5
11264,3
11265,4
11266,0
11267,2
11268,6
11269,0
11270,4
11271,2
11272,0
11273,2
11274,2
11275,5
11276,0
11277,2
11278,5
11279,0
11280,1
11281,3
11282,5
11283,2
11284,0
11285,0
11286,4
11287,5
11288,2
11289,4
11290,2
11291,5
11292,4
11293,2
11294,6
11295,2
11296,4
11297,3
11298,0
11299,2
11300,3
11301,2
11302,3
11303,4
11304,3
11305,2
11306,5
11307,3
11308,5
11309,4
11310,3
11311,1
11312,3
11313,2
11314,0
11315,0
11316,6
11317,5
11318,0
11319,2
11320,5
11321,2
11322,5
11323,2
11324,2
11325,0
11326,0
11327,3
11328,3
11329,1
11330,5
11331,2
11332,2
11333,3
11334,5
11335,4
11336,3
11337,1
11338,2
11339,0
11340,3
11341,2
11342,3
11343,2
11344,4
11345,2
11346,5
11347,4
11348,2
11349,6
11350,3
11351,3
11352,2
11353,5
11354,2
11355,3
11356,4
11357,5
11358,5
11359,5
11360,5
11361,2
11362,3
11363,3
11364,4
11365,0
11366,3
11367,2
11368,5
11369,2
11370,2
11371,4
11372,4
11373,2
11374,5
11375,3
11376,2
11377,3
11378,0
11379,1
11380,1
11381,0
11382,4
11383,0
11384,3
11385,5
11386,6
11387,3
11388,3
11389,3
11390,4
11391,5
11392,3
11393,3
11394,2
11395,2
11396,1
11397,0
11398,3
11399,4
11400,3
11401,2
11402,1
11403,3
11404,2
11405,3
11406,0
11407,5
11408,5
11409,2
11410,6
11411,0
11412,3
11413,5
11414,5
11415,2
11416,5
11417,0
11418,3
11419,5
11420,4
11421,3
11422,3
11423,5
11424,4
11425,5
11426,2
11427,1
11428,2
11429,1
11430,6
11431,0
11432,3
11433,5
11434,2
11435,5
11436,1
11437,2
11438,0
11439,0
11440,5
11441,0
11442,2
11443,5
11444,5
11445,0
11446,2
11447,2
11448,4
11449,5
11450,6
11451,2
11452,2
11453,3
11454,2
11455,5
11456,3
11457,5
11458,5
11459,0
11460,0
11461,0
11462,5
11463,2
11464,5
11465,2
11466,0
11467,3
11468,3
11469,0
11470,5
11471,5
11472,1
11473,2
11474,5
11475,6
11476,6
11477,4
11478,2
11479,1
11480,2
11481,0
11482,6
11483,0
11484,2
11485,4
11486,1
11487,3
11488,3
11489,3
11490,1
11491,3
11492,5
11493,3
11494,3
11495,3
11496,3
11497,1
11498,2
11499,0
11500,0
11501,2
11502,0
11503,3
11504,2
11505,5
11506,5
11507,2
11508,5
11509,5
11510,2
11511,2
11512,5
11513,3
11514,5
11515,4
11516,0
11517,2
11518,2
11519,4
11520,2
11521,6
11522,4
11523,3
11524,3
11525,3
11526,6
11527,5
11528,2
11529,3
11530,1
11531,3
11532,2
11533,4
11534,5
11535,5
11536,0
11537,1
11538,2
11539,2
11540,3
11541,1
11542,0
11543,5
11544,1
11545,2
11546,4
11547,0
11548,4
11549,5
11550,2
11551,5
11552,0
11553,3
11554,4
11555,4
11556,4
11557,4
11558,0
11559,5
11560,3
11561,2
11562,2
11563,4
11564,1
11565,0
11566,3
11567,5
11568,2
11569,3
11570,2
11571,0
11572,0
11573,3
11574,1
11575,3
11576,0
11577,2
11578,2
11579,1
11580,4
11581,2
11582,0
11583,0
11584,3
11585,2
11586,5
11587,2
11588,3
11589,0
11590,1
11591,3
11592,3
11593,2
11594,3
11595,4
11596,3
11597,0
11598,5
11599,2
11600,1
11601,5
11602,3
11603,5
11604,3
11605,2
11606,3
11607,2
11608,0
11609,1
11610,5
11611,6
11612,1
11613,6
11614,3
11615,6
11616,2
11617,6
11618,6
11619,5
11620,4
11621,5
11622,5
11623,2
11624,0
11625,3
11626,2
11627,4
11628,5
11629,3
11630,4
11631,6
11632,0
11633,5
11634,4
11635,5
11636,3
11637,3
11638,1
11639,2
11640,1
11641,4
11642,3
11643,5
11644,5
11645,0
11646,3
11647,2
11648,0
11649,2
11650,4
11651,5
11652,2
11653,2
11654,1
11655,3
11656,3
11657,5
11658,3
11659,4
11660,5
11661,3
11662,1
11663,5
11664,3
11665,6
11666,3
11667,5
11668,3
11669,2
11670,5
11671,6
11672,1
11673,5
11674,3
11675,2
11676,3
11677,3
11678,5
11679,2
11680,3
11681,1
11682,0
11683,0
11684,2
11685,3
11686,5
11687,1
11688,5
11689,5
11690,4
11691,2
11692,2
11693,1
11694,0
11695,5
11696,3
11697,0
11698,5
11699,4
11700,5
11701,2
11702,5
11703,5
11704,4
11705,3
11706,0
11707,1
11708,5
11709,5
11710,3
11711,3
11712,4
11713,4
11714,4
11715,2
11716,5
11717,5
11718,1
11719,5
11720,2
11721,3
11722,3
11723,4
11724,5
11725,2
11726,3
11727,6
11728,5
11729,3
11730,2
11731,2
11732,3
11733,0
11734,1
11735,2
11736,6
11737,4
11738,5
11739,0
11740,4
11741,3
11742,0
11743,1
11744,0
11745,5
11746,2
11747,5
11748,3
11749,0
11750,4
11751,3
11752,0
11753,5
11754,2
11755,5
11756,0
11757,3
11758,5
11759,3
11760,4
11761,5
11762,5
11763,6
11764,3
11765,2
11766,5
11767,4
11768,3
11769,0
11770,5
11771,3
11772,5
11773,3
11774,4
11775,1
11776,0
11777,3
11778,3
11779,2
11780,3
11781,3
11782,3
11783,4
11784,3
11785,2
11786,5
11787,2
11788,3
11789,0
11790,5
11791,2
11792,5
11793,4
11794,3
11795,2
11796,5
11797,5
11798,0
11799,4
11800,2
11801,0
11802,2
11803,3
11804,6
11805,2
11806,4
11807,6
11808,0
11809,2
11810,5
11811,3
11812,2
11813,2
11814,2
11815,5
11816,3
11817,2
11818,3
11819,3
11820,3
11821,5
11822,5
11823,0
11824,3
11825,0
11826,2
11827,5
11828,6
11829,1
11830,4
11831,5
11832,2
11833,0
11834,5
11835,3
11836,5
11837,0
11838,3
11839,5
11840,4
11841,3
11842,5
11843,5
11844,3
11845,5
11846,4
11847,0
11848,3
11849,0
11850,3
11851,2
11852,2
11853,4
11854,3
11855,3
11856,5
11857,2
11858,2
11859,4
11860,3
11861,5
11862,2
11863,5
11864,4
11865,5
11866,2
11867,2
11868,5
11869,2
11870,5
11871,6
11872,5
11873,2
11874,5
11875,6
11876,6
11877,5
11878,3
11879,4
11880,3
11881,4
11882,5
11883,5
11884,5
11885,5
11886,3
11887,3
11888,6
11889,5
11890,3
11891,4
11892,2
11893,3
11894,5
11895,1
11896,1
11897,5
11898,3
11899,2
11900,4
11901,5
11902,2
11903,2
11904,0
11905,4
11906,4
11907,2
11908,0
11909,4
11910,5
11911,3
11912,3
11913,2
11914,3
11915,5
11916,5
11917,6
11918,2
11919,6
11920,6
11921,4
11922,3
11923,6
11924,0
11925,4
11926,3
11927,3
11928,2
11929,2
11930,3
11931,6
11932,3
11933,5
11934,5
11935,5
11936,2
11937,2
11938,2
11939,2
11940,4
11941,0
11942,5
11943,5
11944,2
11945,2
11946,5
11947,5
11948,0
11949,3
11950,3
11951,3
11952,3
11953,5
11954,1
11955,1
11956,3
11957,4
11958,3
11959,6
11960,3
11961,5
11962,2
11963,2
11964,5
11965,2
11966,2
11967,6
11968,5
11969,4
11970,2
11971,2
11972,2
11973,2
11974,2
11975,6
11976,1
11977,5
11978,2
11979,6
11980,0
11981,4
11982,1
11983,5
11984,3
11985,0
11986,4
11987,5
11988,3
11989,5
11990,6
11991,2
11992,0
11993,5
11994,3
11995,2
11996,2
11997,6
11998,0
11999,4
12000,0
12001,2
12002,3
12003,2
12004,1
12005,4
12006,4
12007,3
12008,5
12009,3
12010,3
12011,2
12012,4
12013,5
12014,4
12015,3
12016,1
12017,4
12018,0
12019,3
12020,5
12021,2
12022,5
12023,3
12024,4
12025,3
12026,6
12027,3
12028,5
12029,0
12030,0
12031,3
12032,6
12033,4
12034,0
12035,2
12036,2
12037,3
12038,1
12039,3
12040,2
12041,3
12042,5
12043,5
12044,3
12045,1
12046,3
12047,1
12048,3
12049,3
12050,3
12051,1
12052,2
12053,2
12054,3
12055,5
12056,3
12057,3
12058,3
12059,3
12060,0
12061,2
12062,4
12063,3
12064,2
12065,4
12066,4
12067,5
12068,0
12069,3
12070,3
12071,2
12072,3
12073,0
12074,6
12075,4
12076,2
12077,4
12078,0
12079,3
12080,2
12081,0
12082,2
12083,1
12084,2
12085,5
12086,2
12087,1
12088,1
12089,0
12090,0
12091,4
12092,3
12093,3
12094,5
12095,1
12096,5
12097,0
12098,4
12099,0
12100,2
12101,2
12102,4
12103,3
12104,5
12105,1
12106,5
12107,0
12108,5
12109,3
12110,5
12111,0
12112,4
12113,5
12114,1
12115,4
12116,0
12117,0
12118,4
12119,6
12120,3
12121,3
12122,3
12123,5
12124,5
12125,2
12126,3
12127,1
12128,5
12129,5
12130,5
12131,2
12132,1
12133,0
12134,0
12135,5
12136,2
12137,3
12138,0
12139,5
12140,0
12141,0
12142,3
12143,6
12144,3
12145,3
12146,0
12147,5
12148,1
12149,0
12150,2
12151,4
12152,4
12153,1
12154,2
12155,1
12156,2
12157,3
12158,0
12159,0
12160,6
12161,2
12162,3
12163,4
12164,2
12165,0
12166,3
12167,5
12168,3
12169,4
12170,3
12171,2
12172,0
12173,0
12174,3
12175,2
12176,1
12177,3
12178,6
12179,1
12180,0
12181,5
12182,2
12183,5
12184,4
12185,3
12186,4
12187,3
12188,5
12189,2
12190,3
12191,4
12192,2
12193,5
12194,0
12195,5
12196,3
12197,6
12198,0
12199,1
12200,3
12201,2
12202,4
12203,2
12204,2
12205,3
12206,4
12207,3
12208,3
12209,3
12210,3
12211,3
12212,5
12213,5
12214,2
12215,5
12216,3
12217,4
12218,3
12219,5
12220,6
12221,3
12222,1
12223,2
12224,0
12225,5
12226,5
12227,2
12228,5
12229,0
12230,4
12231,4
12232,4
12233,2
12234,2
12235,0
12236,2
12237,3
12238,1
12239,1
12240,3
12241,1
12242,3
12243,5
12244,3
12245,2
12246,2
12247,4
12248,5
12249,2
12250,6
12251,2
12252,1
12253,3
12254,3
12255,3
12256,5
12257,5
12258,6
12259,6
12260,5
12261,2
12262,5
12263,5
12264,3
12265,0
12266,3
12267,2
12268,4
12269,1
12270,3
12271,0
12272,3
12273,2
12274,1
12275,4
12276,6
12277,2
12278,2
12279,2
12280,3
12281,0
12282,4
12283,2
12284,5
12285,4
12286,0
12287,1
12288,3
12289,4
12290,6
12291,3
12292,2
12293,5
12294,3
12295,2
12296,5
12297,1
12298,3
12299,5
12300,5
12301,3
12302,3
12303,4
12304,1
12305,3
12306,1
12307,3
12308,3
12309,3
12310,3
12311,5
12312,3
12313,4
12314,5
12315,0
12316,5
12317,5
12318,3
12319,3
12320,3
12321,3
12322,5
12323,5
12324,0
12325,0
12326,5
12327,0
12328,0
12329,5
12330,5
12331,0
12332,5
12333,5
12334,3
12335,3
12336,3
12337,5
12338,0
12339,0
12340,5
12341,5
12342,0
12343,4
12344,5
12345,2
12346,1
12347,3
12348,4
12349,0
12350,5
12351,0
12352,5
12353,2
12354,2
12355,2
12356,3
12357,3
12358,2
12359,5
12360,4
12361,3
12362,4
12363,2
12364,3
12365,1
12366,3
12367,2
12368,2
12369,2
12370,0
12371,2
12372,2
12373,3
12374,2
12375,3
12376,3
12377,5
12378,0
12379,3
12380,3
12381,4
12382,4
12383,2
12384,3
12385,5
12386,2
12387,5
12388,5
12389,5
12390,5
12391,2
12392,3
12393,2
12394,2
12395,4
12396,2
12397,0
12398,5
12399,3
12400,4
12401,2
12402,1
12403,5
12404,1
12405,6
12406,2
12407,6
12408,5
12409,1
12410,4
12411,5
12412,4
12413,3
12414,2
12415,5
12416,2
12417,1
12418,2
12419,5
12420,0
12421,4
12422,1
12423,6
12424,5
12425,2
12426,5
12427,0
12428,2
12429,2
12430,3
12431,5
12432,5
12433,2
12434,0
12435,0
12436,0
12437,2
12438,2
12439,0
12440,1
12441,0
12442,3
12443,2
12444,3
12445,5
12446,2
12447,3
12448,2
12449,0
12450,3
12451,3
12452,3
12453,3
12454,4
12455,0
12456,3
12457,2
12458,3
12459,0
12460,2
12461,5
12462,5
12463,5
12464,2
12465,3
12466,3
12467,5
12468,3
12469,2
12470,1
12471,2
12472,5
12473,2
12474,2
12475,3
12476,0
12477,1
12478,2
12479,0
12480,6
12481,1
12482,2
12483,5
12484,3
12485,3
12486,3
12487,5
12488,3
12489,5
12490,2
12491,3
12492,2
12493,5
12494,3
12495,0
12496,3
12497,5
12498,3
12499,3
12500,2
12501,3
12502,3
12503,3
12504,0
12505,2
12506,5
12507,0
12508,2
12509,5
12510,2
12511,3
12512,3
12513,3
12514,2
12515,5
12516,0
12517,6
12518,0
12519,4
12520,3
12521,3
12522,2
12523,3
12524,2
12525,0
12526,4
12527,3
12528,5
12529,1
12530,6
12531,5
12532,5
12533,3
12534,3
12535,5
12536,5
12537,6
12538,1
12539,2
12540,4
12541,4
12542,5
12543,3
12544,3
12545,2
12546,3
12547,0
12548,2
12549,3
12550,0
12551,0
12552,5
12553,2
12554,5
12555,0
12556,2
12557,2
12558,5
12559,1
12560,3
12561,3
12562,3
12563,5
12564,2
12565,5
12566,2
12567,3
12568,2
12569,3
12570,5
12571,0
12572,5
12573,5
12574,2
12575,3
12576,3
12577,5
12578,2
12579,5
12580,2
12581,6
12582,5
12583,1
12584,3
12585,1
12586,1
12587,3
12588,2
12589,0
12590,4
12591,3
12592,4
12593,5
12594,3
12595,3
12596,2
12597,3
12598,3
12599,3
12600,5
12601,3
12602,4
12603,4
12604,5
12605,4
12606,5
12607,6
12608,0
12609,4
12610,2
12611,2
12612,3
12613,5
12614,3
12615,3
12616,3
12617,2
12618,5
12619,4
12620,5
12621,5
12622,2
12623,2
12624,2
12625,4
12626,3
12627,2
12628,3
12629,5
12630,3
12631,4
12632,2
12633,3
12634,4
12635,5
12636,4
12637,0
12638,2
12639,3
12640,1
12641,6
12642,0
12643,0
12644,1
12645,6
12646,4
12647,5
12648,4
12649,3
12650,4
12651,3
12652,0
12653,3
12654,3
12655,4
12656,2
12657,6
12658,2
12659,6
12660,6
12661,0
12662,5
12663,3
12664,3
12665,2
12666,4
12667,2
12668,5
12669,5
12670,4
12671,3
12672,6
12673,3
12674,3
12675,5
12676,1
12677,5
12678,1
12679,2
12680,2
12681,4
12682,0
12683,0
12684,1
12685,3
12686,2
12687,5
12688,5
12689,5
12690,1
12691,3
12692,3
12693,3
12694,5
12695,3
12696,5
12697,3
12698,3
12699,5
12700,6
12701,0
12702,3
12703,3
12704,5
12705,3
12706,3
12707,4
12708,0
12709,5
12710,3
12711,3
12712,3
12713,6
12714,0
12715,6
12716,3
12717,4
12718,3
12719,3
12720,4
12721,4
12722,3
12723,2
12724,5
12725,4
12726,3
12727,0
12728,6
12729,5
12730,5
12731,0
12732,0
12733,2
12734,3
12735,3
12736,3
12737,3
12738,6
12739,2
12740,3
12741,5
12742,1
12743,4
12744,2
12745,3
12746,5
12747,3
12748,5
12749,3
12750,3
12751,3
12752,4
12753,2
12754,3
12755,3
12756,5
12757,0
12758,5
12759,1
12760,1
12761,5
12762,3
12763,3
12764,0
12765,3
12766,3
12767,3
12768,4
12769,5
12770,5
12771,3
12772,6
12773,1
12774,6
12775,4
12776,3
12777,0
12778,3
12779,3
12780,5
12781,5
12782,5
12783,5
12784,3
12785,4
12786,5
12787,5
12788,3
12789,1
12790,2
12791,3
12792,4
12793,3
12794,6
12795,2
12796,5
12797,3
12798,2
12799,1
12800,2
12801,2
12802,3
12803,1
12804,2
12805,3
12806,5
12807,2
12808,3
12809,6
12810,3
12811,3
12812,4
12813,3
12814,3
12815,3
12816,3
12817,3
12818,2
12819,5
12820,3
12821,4
12822,4
12823,3
12824,4
12825,5
12826,5
12827,3
12828,2
12829,5
12830,5
12831,6
12832,0
12833,4
12834,5
12835,3
12836,3
12837,5
12838,3
12839,5
12840,3
12841,1
12842,2
12843,3
12844,4
12845,4
12846,3
12847,5
12848,3
12849,1
12850,1
12851,4
12852,2
12853,0
12854,3
12855,5
12856,4
12857,4
12858,2
12859,3
12860,4
12861,2
12862,0
12863,3
12864,0
12865,5
12866,4
12867,1
12868,5
12869,2
12870,5
12871,5
12872,3
12873,5
12874,4
12875,2
12876,3
12877,6
12878,4
12879,4
12880,5
12881,1
12882,4
12883,2
12884,5
12885,3
12886,4
12887,4
12888,5
12889,2
12890,1
12891,5
12892,3
12893,2
12894,3
12895,4
12896,3
12897,4
12898,5
12899,0
12900,3
12901,4
12902,0
12903,0
12904,5
12905,5
12906,0
12907,5
12908,0
12909,5
12910,5
12911,3
12912,4
12913,0
12914,5
12915,3
12916,0
12917,2
12918,2
12919,3
12920,3
12921,3
12922,2
12923,3
12924,3
12925,3
12926,1
12927,5
12928,5
12929,3
12930,0
12931,4
12932,5
12933,2
12934,1
12935,4
12936,3
12937,2
12938,5
12939,4
12940,2
12941,4
12942,3
12943,2
12944,3
12945,5
12946,3
12947,2
12948,6
12949,6
12950,5
12951,3
12952,4
12953,2
12954,2
12955,3
12956,6
12957,4
12958,6
12959,6
12960,1
12961,3
12962,1
12963,3
12964,3
12965,3
12966,3
12967,2
12968,4
12969,4
12970,4
12971,5
12972,3
12973,2
12974,0
12975,3
12976,4
12977,1
12978,5
12979,5
12980,2
12981,4
12982,2
12983,4
12984,4
12985,5
12986,2
12987,1
12988,3
12989,3
12990,5
12991,2
12992,2
12993,0
12994,1
12995,0
12996,3
12997,3
12998,4
12999,5
13000,3
13001,3
13002,3
13003,3
13004,5
13005,5
13006,0
13007,2
13008,3
13009,5
13010,4
13011,3
13012,0
13013,4
13014,2
13015,2
13016,3
13017,3
13018,3
13019,4
13020,5
13021,3
13022,2
13023,5
13024,3
13025,4
13026,2
13027,3
13028,2
13029,5
13030,4
13031,3
13032,0
13033,3
13034,3
13035,5
13036,5
13037,2
13038,3
13039,3
13040,3
13041,3
13042,5
13043,4
13044,6
13045,4
13046,2
13047,1
13048,1
13049,3
13050,2
13051,1
13052,5
13053,2
13054,3
13055,4
13056,2
13057,3
13058,3
13059,3
13060,5
13061,3
13062,4
13063,1
13064,3
13065,4
13066,6
13067,3
13068,3
13069,4
13070,2
13071,4
13072,6
13073,3
13074,0
13075,3
13076,3
13077,3
13078,3
13079,2
13080,4
13081,3
13082,4
13083,5
13084,2
13085,4
13086,3
13087,5
13088,5
13089,2
13090,5
13091,0
13092,2
13093,5
13094,4
13095,5
13096,3
13097,3
13098,4
13099,2
13100,6
13101,3
13102,2
13103,5
13104,3
13105,4
13106,5
13107,2
13108,4
13109,6
13110,2
13111,5
13112,5
13113,5
13114,3
13115,3
13116,5
13117,3
13118,5
13119,2
13120,3
13121,0
13122,3
13123,5
13124,5
13125,2
13126,5
13127,5
13128,2
13129,4
13130,1
13131,2
13132,3
13133,5
13134,5
13135,5
13136,0
13137,0
13138,0
13139,0
13140,2
13141,0
13142,0
13143,0
13144,0
13145,3
13146,0
13147,0
13148,0
13149,0
13150,5
13151,3
13152,5
13153,5
13154,5
13155,5
13156,5
13157,0
13158,5
13159,2
13160,5
13161,4
13162,2
13163,5
13164,4
13165,5
13166,4
13167,4
13168,0
13169,4
13170,1
13171,1
13172,3
13173,5
13174,4
13175,2
13176,5
13177,1
13178,3
13179,3
13180,3
13181,3
13182,4
13183,3
13184,5
13185,2
13186,2
13187,3
13188,5
13189,2
13190,1
13191,5
13192,5
13193,1
13194,2
13195,5
13196,5
13197,5
13198,5
13199,0
13200,0
13201,0
13202,2
13203,3
13204,0
13205,5
13206,0
13207,0
13208,2
13209,4
13210,3
13211,3
13212,5
13213,5
13214,5
13215,0
13216,4
13217,4
13218,0
13219,2
13220,4
13221,4
13222,5
13223,2
13224,2
13225,5
13226,4
13227,0
13228,1
13229,3
13230,3
13231,5
13232,0
13233,0
13234,5
13235,3
13236,4
13237,0
13238,4
13239,2
13240,0
13241,2
13242,5
13243,3
13244,3
13245,4
13246,5
13247,3
13248,2
13249,5
13250,0
13251,5
13252,0
13253,0
13254,2
13255,5
13256,4
13257,0
13258,0
13259,2
13260,2
13261,2
13262,3
13263,2
13264,3
13265,3
13266,2
13267,5
13268,3
13269,5
13270,0
13271,5
13272,5
13273,2
13274,5
13275,2
13276,3
13277,5
13278,2
13279,3
13280,3
13281,3
13282,5
13283,3
13284,3
13285,4
13286,3
13287,5
13288,3
13289,3
13290,3
13291,3
13292,5
13293,5
13294,4
13295,2
13296,5
13297,3
13298,0
13299,4
13300,3
13301,5
13302,5
13303,5
13304,5
13305,0
13306,5
13307,5
13308,3
13309,0
13310,2
13311,2
13312,2
13313,3
13314,1
13315,1
13316,1
13317,1
13318,0
13319,4
13320,0
13321,2
13322,5
13323,4
13324,2
13325,5
13326,4
13327,4
13328,2
13329,5
13330,3
13331,5
13332,3
13333,5
13334,5
13335,2
13336,3
13337,4
13338,3
13339,3
13340,2
13341,0
13342,0
13343,3
13344,4
13345,4
13346,5
13347,5
13348,3
13349,1
13350,0
13351,3
13352,3
13353,2
13354,5
13355,2
13356,0
13357,3
13358,3
13359,4
13360,4
13361,0
13362,1
13363,3
13364,3
13365,0
13366,5
13367,4
13368,5
13369,0
13370,5
13371,5
13372,3
13373,5
13374,5
13375,3
13376,3
13377,2
13378,2
13379,2
13380,2
13381,5
13382,2
13383,2
13384,2
13385,5
13386,5
13387,0
13388,5
13389,1
13390,2
13391,0
13392,5
13393,5
13394,1
13395,0
13396,1
13397,0
13398,0
13399,3
13400,3
13401,3
13402,3
13403,3
13404,3
13405,0
13406,3
13407,3
13408,5
13409,3
13410,1
13411,5
13412,5
13413,5
13414,0
13415,4
13416,5
13417,5
13418,4
13419,5
13420,2
13421,4
13422,2
13423,5
13424,3
13425,2
13426,3
13427,5
13428,0
13429,3
13430,5
13431,5
13432,0
13433,0
13434,4
13435,4
13436,1
13437,5
13438,5
13439,5
13440,5
13441,2
13442,0
13443,0
13444,5
13445,4
13446,5
13447,3
13448,5
13449,2
13450,3
13451,4
13452,5
13453,2
13454,1
13455,2
13456,2
13457,5
13458,4
13459,0
13460,2
13461,5
13462,0
13463,0
13464,2
13465,0
13466,0
13467,3
13468,3
13469,2
13470,0
13471,5
13472,5
13473,0
13474,0
13475,5
13476,1
13477,2
13478,0
13479,0
13480,2
13481,0
13482,0
13483,0
13484,0
13485,0
13486,3
13487,3
13488,5
13489,3
13490,3
13491,4
13492,0
13493,4
13494,5
13495,2
13496,2
13497,4
13498,3
13499,5
13500,5
13501,5
13502,4
13503,5
13504,2
13505,5
13506,3
13507,3
13508,5
13509,3
13510,3
13511,2
13512,2
13513,2
13514,5
13515,5
13516,3
13517,4
13518,5
13519,2
13520,2
13521,2
13522,2
13523,2
13524,2
13525,2
13526,2
13527,2
13528,1
13529,3
13530,1
13531,2
13532,2
13533,5
13534,0
13535,5
13536,2
13537,2
13538,2
13539,4
13540,2
13541,3
13542,5
13543,5
13544,2
13545,4
13546,2
13547,2
13548,5
13549,5
13550,2
13551,4
13552,3
13553,5
13554,1
13555,3
13556,4
13557,3
13558,3
13559,5
13560,0
13561,5
13562,5
13563,5
13564,3
13565,3
13566,3
13567,3
13568,5
13569,0
13570,0
13571,2
13572,5
13573,5
13574,5
13575,2
13576,5
13577,3
13578,3
13579,4
13580,4
13581,3
13582,4
13583,4
13584,5
13585,3
13586,3
13587,4
13588,5
13589,3
13590,5
13591,5
13592,2
13593,5
13594,4
13595,3
13596,5
13597,2
13598,3
13599,4
13600,5
13601,5
13602,1
13603,5
13604,0
13605,5
13606,5
13607,5
13608,4
13609,5
13610,5
13611,3
13612,3
13613,1
13614,0
13615,2
13616,5
13617,0
13618,3
13619,2
13620,5
13621,5
13622,3
13623,0
13624,2
13625,1
13626,4
13627,4
13628,3
13629,3
13630,0
13631,3
13632,0
13633,5
13634,0
13635,2
13636,5
13637,5
13638,3
13639,4
13640,0
13641,1
13642,2
13643,2
13644,6
13645,2
13646,4
13647,3
13648,3
13649,2
13650,5
13651,0
13652,2
13653,5
13654,3
13655,0
13656,4
13657,2
13658,2
13659,2
13660,2
13661,5
13662,2
13663,4
13664,2
13665,0
13666,1
13667,2
13668,2
13669,0
13670,2
13671,2
13672,5
13673,3
13674,3
13675,0
13676,3
13677,3
13678,3
13679,2
13680,2
13681,3
13682,3
13683,5
13684,5
13685,2
13686,3
13687,4
13688,4
13689,2
13690,3
13691,2
13692,5
13693,2
13694,5
13695,3
13696,2
13697,3
13698,5
13699,4
13700,2
13701,5
13702,3
13703,3
13704,4
13705,3
13706,5
13707,3
13708,3
13709,5
13710,5
13711,3
13712,0
13713,2
13714,2
13715,3
13716,2
13717,4
13718,2
13719,5
13720,2
13721,3
13722,5
13723,3
13724,2
13725,5
13726,0
13727,4
13728,2
13729,0
13730,5
13731,1
13732,2
13733,1
13734,4
13735,2
13736,4
13737,1
13738,1
13739,3
13740,1
13741,1
13742,6
13743,4
13744,4
13745,2
13746,2
13747,2
13748,5
13749,4
13750,0
13751,1
13752,2
13753,2
13754,5
13755,4
13756,0
13757,4
13758,3
13759,2
13760,2
13761,5
13762,6
13763,5
13764,2
13765,2
13766,3
13767,2
13768,0
13769,5
13770,4
13771,4
13772,2
13773,2
13774,4
13775,2
13776,2
13777,3
13778,5
13779,3
13780,0
13781,3
13782,3
13783,5
13784,3
13785,4
13786,2
13787,0
13788,0
13789,2
13790,3
13791,5
13792,4
13793,1
13794,5
13795,3
13796,4
13797,3
13798,4
13799,5
13800,4
13801,3
13802,5
13803,0
13804,3
13805,5
13806,5
13807,3
13808,2
13809,3
13810,5
13811,2
13812,3
13813,5
13814,4
13815,5
13816,5
13817,4
13818,5
13819,3
13820,4
13821,2
13822,3
13823,3
13824,1
13825,3
13826,0
13827,0
13828,6
13829,2
13830,0
13831,3
13832,3
13833,3
13834,6
13835,3
13836,2
13837,2
13838,2
13839,2
13840,0
13841,2
13842,1
13843,2
13844,1
13845,3
13846,0
13847,0
13848,0
13849,0
13850,1
13851,0
13852,5
13853,0
13854,0
13855,1
13856,3
13857,3
13858,2
13859,2
13860,3
13861,4
13862,2
13863,2
13864,2
13865,0
13866,2
13867,0
13868,5
13869,2
13870,3
13871,0
13872,3
13873,4
13874,0
13875,4
13876,0
13877,3
13878,0
13879,2
13880,2
13881,4
13882,4
13883,5
13884,5
13885,2
13886,2
13887,3
13888,0
13889,0
13890,3
13891,2
13892,5
13893,2
13894,3
13895,4
13896,5
13897,2
13898,3
13899,3
13900,4
13901,2
13902,5
13903,4
13904,2
13905,5
13906,3
13907,5
13908,2
13909,5
13910,3
13911,3
13912,0
13913,5
13914,3
13915,3
13916,2
13917,3
13918,3
13919,3
13920,3
13921,1
13922,3
13923,3
13924,5
13925,2
13926,5
13927,5
13928,5
13929,4
13930,5
13931,1
13932,5
13933,3
13934,3
13935,2
13936,3
13937,3
13938,0
13939,5
13940,4
13941,2
13942,3
13943,5
13944,5
13945,3
13946,2
13947,1
13948,2
13949,4
13950,5
13951,2
13952,4
13953,0
13954,5
13955,2
13956,4
13957,5
13958,4
13959,3
13960,4
13961,3
13962,5
13963,4
13964,3
13965,3
13966,2
13967,2
13968,0
13969,3
13970,1
13971,2
13972,3
13973,3
13974,2
13975,2
13976,2
13977,6
13978,0
13979,2
13980,5
13981,4
13982,3
13983,6
13984,6
13985,3
13986,2
13987,5
13988,5
13989,2
13990,2
13991,5
13992,5
13993,3
13994,3
13995,5
13996,1
13997,2
13998,2
13999,2
14000,3
14001,3
14002,3
14003,6
14004,1
14005,3
14006,1
14007,4
14008,5
14009,5
14010,2
14011,4
14012,4
14013,3
14014,5
14015,5
14016,5
14017,3
14018,2
14019,3
14020,2
14021,3
14022,5
14023,2
14024,3
14025,4
14026,5
14027,3
14028,2
14029,3
14030,2
14031,0
14032,5
14033,1
14034,1
14035,2
14036,0
14037,4
14038,1
14039,5
14040,5
14041,2
14042,5
14043,1
14044,5
14045,3
14046,2
14047,4
14048,1
14049,3
14050,2
14051,5
14052,5
14053,6
14054,1
14055,5
14056,5
14057,4
14058,2
14059,1
14060,3
14061,2
14062,4
14063,2
14064,2
14065,5
14066,2
14067,4
14068,3
14069,4
14070,6
14071,0
14072,3
14073,4
14074,2
14075,3
14076,4
14077,2
14078,5
14079,6
14080,1
14081,0
14082,2
14083,2
14084,5
14085,2
14086,2
14087,5
14088,5
14089,2
14090,5
14091,2
14092,5
14093,3
14094,0
14095,5
14096,4
14097,5
14098,5
14099,5
14100,0
14101,5
14102,2
14103,3
14104,2
14105,3
14106,5
14107,2
14108,2
14109,5
14110,2
14111,5
14112,2
14113,5
14114,3
14115,2
14116,3
14117,3
14118,5
14119,5
14120,5
14121,5
14122,3
14123,2
14124,5
14125,3
14126,2
14127,5
14128,5
14129,5
14130,5
14131,3
14132,3
14133,3
14134,4
14135,3
14136,3
14137,5
14138,1
14139,4
14140,3
14141,4
14142,3
14143,5
14144,3
14145,2
14146,3
14147,2
14148,2
14149,2
14150,5
14151,5
14152,4
14153,3
14154,1
14155,5
14156,3
14157,5
14158,5
14159,3
14160,5
14161,0
14162,5
14163,5
14164,3
14165,5
14166,3
14167,2
14168,5
14169,5
14170,4
14171,5
14172,3
14173,3
14174,3
14175,1
14176,3
14177,3
14178,3
14179,3
14180,4
14181,5
14182,5
14183,3
14184,5
14185,2
14186,2
14187,6
14188,3
14189,5
14190,3
14191,3
14192,5
14193,3
14194,1
14195,1
14196,3
14197,5
14198,4
14199,2
14200,4
14201,0
14202,6
14203,3
14204,6
14205,5
14206,5
14207,2
14208,5
14209,2
14210,2
14211,4
14212,0
14213,3
14214,5
14215,3
14216,2
14217,2
14218,4
14219,5
14220,2
14221,5
14222,2
14223,3
14224,2
14225,2
14226,3
14227,5
14228,1
14229,5
14230,2
14231,4
14232,5
14233,2
14234,2
14235,5
14236,1
14237,2
14238,5
14239,5
14240,3
14241,1
14242,3
14243,3
14244,5
14245,4
14246,1
14247,3
14248,2
14249,3
14250,3
14251,2
14252,2
14253,0
14254,3
14255,1
14256,4
14257,3
14258,5
14259,0
14260,2
14261,3
14262,1
14263,5
14264,3
14265,3
14266,5
14267,1
14268,1
14269,3
14270,3
14271,3
14272,2
14273,3
14274,3
14275,5
14276,2
14277,3
14278,2
14279,1
14280,1
14281,5
14282,6
14283,1
14284,3
14285,5
14286,5
14287,5
14288,4
14289,0
14290,3
14291,2
14292,5
14293,3
14294,3
14295,2
14296,1
14297,5
14298,2
14299,3
14300,4
14301,3
14302,3
14303,5
14304,1
14305,2
14306,4
14307,5
14308,5
14309,1
14310,3
14311,2
14312,1
14313,2
14314,1
14315,3
14316,4
14317,0
14318,4
14319,2
14320,3
14321,0
14322,3
14323,4
14324,4
14325,2
14326,0
14327,6
14328,1
14329,3
14330,6
14331,5
14332,2
14333,3
14334,2
14335,1
14336,3
14337,4
14338,3
14339,0
14340,3
14341,0
14342,3
14343,2
14344,3
14345,3
14346,3
14347,0
14348,6
14349,5
14350,2
14351,2
14352,4
14353,3
14354,3
14355,2
14356,4
14357,3
14358,2
14359,3
14360,3
14361,2
14362,3
14363,0
14364,5
14365,5
14366,3
14367,3
14368,2
14369,4
14370,5
14371,3
14372,3
14373,2
14374,5
14375,4
14376,2
14377,3
14378,3
14379,3
14380,0
14381,3
14382,3
14383,3
14384,2
14385,5
14386,0
14387,2
14388,1
14389,2
14390,3
14391,2
14392,0
14393,5
14394,2
14395,1
14396,0
14397,5
14398,2
14399,2
14400,3
14401,0
14402,5
14403,5
14404,2
14405,4
14406,5
14407,5
14408,2
14409,0
14410,0
14411,3
14412,4
14413,2
14414,1
14415,2
14416,2
14417,2
14418,0
14419,5
14420,0
14421,2
14422,2
14423,0
14424,2
14425,1
14426,5
14427,5
14428,1
14429,0
14430,2
14431,5
14432,2
14433,5
14434,3
14435,5
14436,3
14437,4
14438,5
14439,5
14440,4
14441,2
14442,4
14443,1
14444,2
14445,5
14446,0
14447,2
14448,2
14449,2
14450,1
14451,5
14452,0
14453,3
14454,2
14455,1
14456,2
14457,2
14458,0
14459,1
14460,5
14461,2
14462,5
14463,2
14464,0
14465,4
14466,4
14467,3
14468,5
14469,4
14470,0
14471,3
14472,2
14473,0
14474,0
14475,0
14476,3
14477,1
14478,4
14479,0
14480,5
14481,3
14482,3
14483,4
14484,3
14485,5
14486,5
14487,4
14488,6
14489,2
14490,1
14491,2
14492,0
14493,0
14494,0
14495,5
14496,5
14497,4
14498,2
14499,4
14500,5
14501,0
14502,5
14503,3
14504,3
14505,5
14506,3
14507,1
14508,1
14509,5
14510,3
14511,0
14512,6
14513,0
14514,5
14515,5
14516,3
14517,3
14518,3
14519,2
14520,2
14521,3
14522,1
14523,6
14524,3
14525,5
14526,5
14527,0
14528,3
14529,4
14530,2
14531,5
14532,5
14533,3
14534,5
14535,6
14536,5
14537,5
14538,3
14539,4
14540,3
14541,0
14542,0
14543,1
14544,3
14545,4
14546,5
14547,5
14548,0
14549,2
14550,3
14551,0
14552,1
14553,0
14554,0
14555,1
14556,3
14557,5
14558,0
14559,0
14560,2
14561,3
14562,2
14563,2
14564,4
14565,4
14566,5
14567,2
14568,1
14569,3
14570,2
14571,2
14572,4
14573,4
14574,5
14575,5
14576,0
14577,2
14578,2
14579,3
14580,2
14581,4
14582,3
14583,5
14584,0
14585,3
14586,6
14587,6
14588,3
14589,3
14590,3
14591,3
14592,4
14593,4
14594,4
14595,0
14596,4
14597,5
14598,3
14599,5
14600,3
14601,2
14602,3
14603,0
14604,5
14605,0
14606,5
14607,5
14608,5
14609,6
14610,5
14611,6
14612,0
14613,3
14614,4
14615,2
14616,0
14617,5
14618,3
14619,5
14620,4
14621,1
14622,2
14623,4
14624,0
14625,1
14626,0
14627,5
14628,1
14629,3
14630,5
14631,5
14632,2
14633,1
14634,4
14635,5
14636,3
14637,5
14638,3
14639,3
14640,5
14641,5
14642,3
14643,3
14644,4
14645,2
14646,2
14647,2
14648,0
14649,1
14650,5
14651,3
14652,0
14653,5
14654,1
14655,1
14656,5
14657,0
14658,3
14659,2
14660,0
14661,5
14662,6
14663,2
14664,2
14665,2
14666,4
14667,2
14668,5
14669,2
14670,5
14671,1
14672,0
14673,3
14674,3
14675,5
14676,2
14677,5
14678,5
14679,4
14680,0
14681,2
14682,0
14683,5
14684,3
14685,2
14686,2
14687,3
14688,0
14689,5
14690,3
14691,0
14692,3
14693,3
14694,5
14695,3
14696,0
14697,2
14698,2
14699,5
14700,3
14701,1
14702,5
14703,2
14704,0
14705,3
14706,1
14707,4
14708,0
14709,0
14710,4
14711,3
14712,3
14713,0
14714,2
14715,6
14716,3
14717,2
14718,3
14719,3
14720,3
14721,5
14722,1
14723,3
14724,5
14725,5
14726,6
14727,4
14728,0
14729,4
14730,5
14731,5
14732,2
14733,3
14734,0
14735,5
14736,3
14737,3
14738,4
14739,1
14740,0
14741,4
14742,5
14743,3
14744,1
14745,2
14746,5
14747,5
14748,6
14749,2
14750,2
14751,5
14752,4
14753,2
14754,2
14755,0
14756,1
14757,2
14758,1
14759,1
14760,6
14761,6
14762,4
14763,3
14764,1
14765,1
14766,3
14767,6
14768,2
14769,2
14770,4
14771,2
14772,5
14773,3
14774,3
14775,3
14776,1
14777,6
14778,2
14779,3
14780,3
14781,5
14782,3
14783,6
14784,6
14785,1
14786,2
14787,2
14788,6
14789,6
14790,2
14791,3
14792,3
14793,0
14794,3
14795,3
14796,2
14797,5
14798,3
14799,3
14800,5
14801,5
14802,3
14803,4
14804,4
14805,3
14806,3
14807,6
14808,5
14809,2
14810,3
14811,2
14812,5
14813,0
14814,3
14815,2
14816,3
14817,3
14818,0
14819,3
14820,4
14821,2
14822,5
14823,5
14824,3
14825,3
14826,3
14827,3
14828,2
14829,5
14830,0
14831,1
14832,1
14833,5
14834,2
14835,2
14836,2
14837,5
14838,3
14839,3
14840,2
14841,3
14842,5
14843,2
14844,0
14845,2
14846,0
14847,5
14848,2
14849,0
14850,3
14851,3
14852,4
14853,5
14854,5
14855,2
14856,3
14857,5
14858,4
14859,5
14860,3
14861,3
14862,3
14863,0
14864,3
14865,3
14866,3
14867,3
14868,3
14869,3
14870,0
14871,2
14872,2
14873,2
14874,2
14875,1
14876,2
14877,3
14878,2
14879,2
14880,1
14881,3
14882,3
14883,1
14884,2
14885,3
14886,6
14887,2
14888,3
14889,3
14890,4
14891,3
14892,1
14893,0
14894,5
14895,4
14896,5
14897,2
14898,3
14899,4
14900,5
14901,6
14902,3
14903,1
14904,2
14905,4
14906,3
14907,0
14908,3
14909,1
14910,5
14911,0
14912,3
14913,2
14914,1
14915,3
14916,5
14917,4
14918,5
14919,2
14920,3
14921,2
14922,2
14923,0
14924,6
14925,3
14926,5
14927,2
14928,5
14929,6
14930,5
14931,5
14932,2
14933,3
14934,5
14935,1
14936,3
14937,4
14938,1
14939,5
14940,3
14941,5
14942,5
14943,3
14944,1
14945,5
14946,4
14947,5
14948,0
14949,2
14950,3
14951,5
14952,2
14953,5
14954,5
14955,2
14956,2
14957,6
14958,2
14959,3
14960,3
14961,5
14962,5
14963,5
14964,5
14965,1
14966,4
14967,3
14968,3
14969,1
14970,2
14971,5
14972,4
14973,3
14974,4
14975,5
14976,2
14977,3
14978,5
14979,2
14980,3
14981,3
14982,3
14983,2
14984,5
14985,5
14986,5
14987,2
14988,1
14989,0
14990,5
14991,2
14992,3
14993,5
14994,1
14995,4
14996,1
14997,2
14998,2
14999,3
15000,4
15001,2
15002,4
15003,4
15004,1
15005,3
15006,0
15007,3
15008,3
15009,4
15010,0
15011,0
15012,5
15013,3
15014,2
15015,2
15016,2
15017,0
15018,2
15019,5
15020,6
15021,6
15022,2
15023,3
15024,5
15025,2
15026,3
15027,5
15028,3
15029,2
15030,3
15031,2
15032,2
15033,2
15034,5
15035,5
15036,5
15037,5
15038,5
15039,3
15040,2
15041,1
15042,3
15043,5
15044,5
15045,5
15046,2
15047,3
15048,5
15049,2
15050,2
15051,2
15052,2
15053,3
15054,2
15055,5
15056,2
15057,3
15058,5
15059,2
15060,5
15061,5
15062,2
15063,5
15064,4
15065,1
15066,0
15067,3
15068,3
15069,2
15070,0
15071,3
15072,2
15073,4
15074,2
15075,0
15076,6
15077,6
15078,5
15079,6
15080,2
15081,4
15082,6
15083,3
15084,5
15085,4
15086,6
15087,2
15088,4
15089,6
15090,5
15091,6
15092,2
15093,0
15094,5
15095,0
15096,6
15097,0
15098,5
15099,3
15100,3
15101,3
15102,2
15103,3
15104,3
15105,0
15106,3
15107,3
15108,3
15109,5
15110,5
15111,2
15112,2
15113,5
15114,5
15115,5
15116,5
15117,2
15118,2
15119,0
15120,5
15121,5
15122,2
15123,2
15124,2
15125,3
15126,3
15127,3
15128,5
15129,5
15130,3
15131,5
15132,5
15133,5
15134,5
15135,3
15136,2
15137,3
15138,2
15139,5
15140,2
15141,3
15142,2
15143,5
15144,2
15145,3
15146,5
15147,3
15148,4
15149,4
15150,5
15151,5
15152,3
15153,0
15154,5
15155,5
15156,3
15157,4
15158,0
15159,0
15160,4
15161,3
15162,0
15163,5
15164,3
15165,2
15166,3
15167,3
15168,0
15169,3
15170,2
15171,3
15172,6
15173,5
15174,1
15175,0
15176,2
15177,1
15178,5
15179,4
15180,1
15181,0
15182,5
15183,0
15184,0
15185,1
15186,5
15187,0
15188,6
15189,5
15190,1
15191,5
15192,0
15193,3
15194,2
15195,3
15196,2
15197,4
15198,3
15199,5
15200,0
15201,4
15202,3
15203,5
15204,2
15205,5
15206,6
15207,1
15208,5
15209,5
15210,2
15211,6
15212,1
15213,6
15214,2
15215,3
15216,0
15217,2
15218,1
15219,5
15220,2
15221,3
15222,5
15223,2
15224,1
15225,0
15226,6
15227,6
15228,2
15229,1
15230,3
15231,4
15232,1
15233,4
15234,2
15235,0
15236,3
15237,6
15238,6
15239,3
15240,5
15241,5
15242,5
15243,2
15244,6
15245,3
15246,0
15247,5
15248,6
15249,5
15250,5
15251,4
15252,0
15253,4
15254,1
15255,5
15256,4
15257,1
15258,1
15259,4
15260,2
15261,3
15262,4
15263,2
15264,3
15265,6
15266,2
15267,2
15268,0
15269,5
15270,3
15271,1
15272,3
15273,1
15274,4
15275,5
15276,0
15277,2
15278,3
15279,5
15280,5
15281,5
15282,4
15283,4
15284,4
15285,3
15286,5
15287,5
15288,1
15289,3
15290,3
15291,0
15292,6
15293,2
15294,5
15295,3
15296,3
15297,0
15298,3
15299,0
15300,3
15301,3
15302,3
15303,2
15304,3
15305,2
15306,4
15307,3
15308,3
15309,1
15310,5
15311,0
15312,4
15313,1
15314,2
15315,2
15316,5
15317,1
15318,5
15319,5
15320,4
15321,3
15322,2
15323,5
15324,5
15325,3
15326,3
15327,2
15328,5
15329,3
15330,4
15331,3
15332,5
15333,4
15334,5
15335,2
15336,5
15337,2
15338,2
15339,3
15340,3
15341,5
15342,5
15343,3
15344,5
15345,1
15346,5
15347,3
15348,2
15349,2
15350,2
15351,2
15352,5
15353,2
15354,3
15355,5
15356,5
15357,2
15358,2
15359,2
15360,0
15361,5
15362,3
15363,3
15364,5
15365,5
15366,5
15367,3
15368,3
15369,4
15370,5
15371,3
15372,2
15373,2
15374,2
15375,0
15376,0
15377,2
15378,0
15379,4
15380,2
15381,4
15382,1
15383,3
15384,3
15385,0
15386,3
15387,3
15388,2
15389,3
15390,5
15391,3
15392,0
15393,3
15394,3
15395,3
15396,5
15397,3
15398,3
15399,0
15400,6
15401,3
15402,2
15403,2
15404,2
15405,2
15406,2
15407,5
15408,5
15409,3
15410,5
15411,3
15412,5
15413,2
15414,3
15415,5
15416,5
15417,3
15418,5
15419,1
15420,5
15421,3
15422,0
15423,2
15424,1
15425,5
15426,5
15427,5
15428,5
15429,2
15430,0
15431,3
15432,2
15433,2
15434,3
15435,5
15436,5
15437,2
15438,2
15439,4
15440,5
15441,0
15442,4
15443,5
15444,4
15445,4
15446,5
15447,0
15448,4
15449,2
15450,2
15451,2
15452,3
15453,2
15454,0
15455,0
15456,2
15457,3
15458,1
15459,0
15460,5
15461,3
15462,3
15463,2
15464,0
15465,0
15466,5
15467,3
15468,1
15469,0
15470,2
15471,5
15472,0
15473,2
15474,0
15475,3
15476,3
15477,2
15478,5
15479,3
15480,0
15481,5
15482,2
15483,5
15484,5
15485,5
15486,3
15487,5
15488,3
15489,0
15490,2
15491,5
15492,4
15493,5
15494,3
15495,2
15496,2
15497,3
15498,5
15499,4
15500,2
15501,5
15502,4
15503,2
15504,3
15505,3
15506,5
15507,5
15508,1
15509,1
15510,4
15511,2
15512,5
15513,5
15514,5
15515,4
15516,2
15517,3
15518,5
15519,4
15520,2
15521,3
15522,0
15523,2
15524,0
15525,3
15526,4
15527,3
15528,3
15529,2
15530,5
15531,3
15532,2
15533,4
15534,3
15535,3
15536,2
15537,0
15538,0
15539,3
15540,2
15541,5
15542,2
15543,5
15544,2
15545,5
15546,3
15547,5
15548,3
15549,5
15550,0
15551,5
15552,6
15553,2
15554,0
15555,3
15556,2
15557,6
15558,6
15559,3
15560,3
15561,2
15562,0
15563,2
15564,4
15565,5
15566,2
15567,2
15568,5
15569,4
15570,5
15571,5
15572,5
15573,6
15574,5
15575,0
15576,2
15577,4
15578,4
15579,4
15580,3
15581,5
15582,6
15583,6
15584,2
15585,1
15586,1
15587,2
15588,2
15589,2
15590,5
15591,4
15592,5
15593,4
15594,0
15595,2
15596,5
15597,2
15598,2
15599,4
15600,5
15601,5
15602,2
15603,3
15604,2
15605,3
15606,2
15607,3
15608,3
15609,3
15610,3
15611,6
15612,2
15613,5
15614,0
15615,3
15616,5
15617,2
15618,3
15619,0
15620,2
15621,5
15622,6
15623,2
15624,3
15625,2
15626,5
15627,6
15628,4
15629,3
15630,0
15631,0
15632,2
15633,5
15634,1
15635,0
15636,4
15637,5
15638,5
15639,3
15640,2
15641,4
15642,5
15643,2
15644,3
15645,3
15646,5
15647,2
15648,2
15649,4
15650,0
15651,2
15652,2
15653,0
15654,3
15655,5
15656,5
15657,4
15658,3
15659,4
15660,3
15661,2
15662,3
15663,5
15664,5
15665,2
15666,4
15667,5
15668,5
15669,2
15670,2
15671,2
15672,3
15673,0
15674,5
15675,5
15676,3
15677,4
15678,3
15679,3
15680,0
15681,5
15682,2
15683,5
15684,1
15685,3
15686,0
15687,5
15688,1
15689,3
15690,4
15691,0
15692,0
15693,3
15694,3
15695,0
15696,5
15697,5
15698,2
15699,5
15700,5
15701,5
15702,0
15703,5
15704,2
15705,3
15706,2
15707,3
15708,1
15709,3
15710,0
15711,2
15712,3
15713,3
15714,2
15715,4
15716,0
15717,3
15718,3
15719,3
15720,0
15721,0
15722,3
15723,3
15724,3
15725,2
15726,3
15727,2
15728,2
15729,1
15730,3
15731,4
15732,5
15733,3
15734,3
15735,3
15736,3
15737,3
15738,2
15739,4
15740,5
15741,0
15742,3
15743,2
15744,5
15745,1
15746,2
15747,3
15748,1
15749,2
15750,3
15751,4
15752,0
15753,2
15754,2
15755,3
15756,2
15757,2
15758,2
15759,3
15760,3
15761,4
15762,5
15763,4
15764,3
15765,3
15766,3
15767,3
15768,2
15769,3
15770,2
15771,2
15772,4
15773,2
15774,3
15775,4
15776,3
15777,5
15778,3
15779,3
15780,3
15781,2
15782,5
15783,3
15784,5
15785,3
15786,2
15787,3
15788,3
15789,2
15790,5
15791,3
15792,3
15793,2
15794,5
15795,3
15796,0
15797,2
15798,4
15799,3
15800,2
15801,3
15802,0
15803,5
15804,0
15805,0
15806,6
15807,0
15808,3
15809,0
15810,5
15811,2
15812,5
15813,0
15814,6
15815,2
15816,0
15817,5
15818,2
15819,2
15820,5
15821,1
15822,2
15823,3
15824,5
15825,1
15826,5
15827,1
15828,2
15829,0
15830,5
15831,2
15832,2
15833,0
15834,3
15835,1
15836,5
15837,2
15838,1
15839,5
15840,3
15841,3
15842,3
15843,4
15844,3
15845,0
15846,2
15847,6
15848,2
15849,3
15850,3
15851,3
15852,3
15853,2
15854,0
15855,0
15856,2
15857,0
15858,3
15859,6
15860,6
15861,4
15862,5
15863,6
15864,0
15865,5
15866,5
15867,3
15868,3
15869,3
15870,4
15871,2
15872,2
15873,3
15874,5
15875,3
15876,0
15877,4
15878,5
15879,5
15880,2
15881,3
15882,3
15883,3
15884,3
15885,5
15886,2
15887,3
15888,3
15889,3
15890,3
15891,3
15892,3
15893,3
15894,3
15895,4
15896,5
15897,2
15898,3
15899,1
15900,3
15901,5
15902,3
15903,3
15904,5
15905,2
15906,0
15907,4
15908,5
15909,4
15910,3
15911,2
15912,5
15913,3
15914,3
15915,6
15916,3
15917,5
15918,5
15919,2
15920,2
15921,6
15922,3
15923,2
15924,2
15925,5
15926,6
15927,0
15928,3
15929,0
15930,5
15931,2
15932,5
15933,4
15934,1
15935,5
15936,0
15937,2
15938,2
15939,6
15940,1
15941,6
15942,6
15943,3
15944,2
15945,4
15946,5
15947,5
15948,5
15949,0
15950,3
15951,2
15952,2
15953,5
15954,3
15955,5
15956,0
15957,2
15958,3
15959,0
15960,3
15961,4
15962,0
15963,4
15964,3
15965,3
15966,3
15967,5
15968,5
15969,3
15970,1
15971,2
15972,0
15973,3
15974,2
15975,2
15976,0
15977,5
15978,3
15979,3
15980,1
15981,3
15982,3
15983,4
15984,6
15985,3
15986,0
15987,3
15988,5
15989,3
15990,0
15991,4
15992,4
15993,3
15994,3
15995,3
15996,5
15997,1
15998,5
15999,3
16000,1
16001,4
16002,3
16003,3
16004,3
16005,4
16006,1
16007,1
16008,0
16009,5
16010,4
16011,3
16012,5
16013,3
16014,4
16015,6
16016,0
16017,1
16018,1
16019,3
16020,3
16021,4
16022,5
16023,3
16024,5
16025,3
16026,1
16027,0
16028,5
16029,5
16030,5
16031,0
16032,0
16033,0
16034,3
16035,3
16036,0
16037,3
16038,2
16039,0
16040,3
16041,0
16042,0
16043,0
16044,3
16045,5
16046,0
16047,3
16048,2
16049,3
16050,6
16051,6
16052,4
16053,0
16054,3
16055,2
16056,1
16057,2
16058,4
16059,3
16060,3
16061,3
16062,3
16063,3
16064,6
16065,1
16066,1
16067,3
16068,1
16069,4
16070,5
16071,5
16072,1
16073,0
16074,3
16075,3
16076,3
16077,3
16078,4
16079,3
16080,6
16081,3
16082,2
16083,6
16084,0
16085,5
16086,6
16087,4
16088,2
16089,6
16090,0
16091,0
16092,1
16093,3
16094,0
16095,2
16096,6
16097,5
16098,5
16099,2
16100,3
16101,2
16102,5
16103,5
16104,2
16105,5
16106,3
16107,5
16108,1
16109,6
16110,0
16111,1
16112,0
16113,1
16114,5
16115,3
16116,5
16117,5
16118,5
16119,5
16120,0
16121,5
16122,3
16123,4
16124,4
16125,2
16126,6
16127,5
16128,5
16129,5
16130,3
16131,1
16132,2
16133,3
16134,4
16135,2
16136,1
16137,2
16138,5
16139,2
16140,0
16141,2
16142,0
16143,0
16144,0
16145,4
16146,0
16147,0
16148,3
16149,1
16150,4
16151,5
16152,5
16153,5
16154,2
16155,3
16156,5
16157,6
16158,3
16159,4
16160,5
16161,3
16162,3
16163,5
16164,0
16165,0
16166,3
16167,3
16168,4
16169,6
16170,5
16171,4
16172,3
16173,1
16174,6
16175,5
16176,6
16177,3
16178,1
16179,5
16180,5
16181,0
16182,5
16183,3
16184,5
16185,6
16186,4
16187,4
16188,4
16189,5
16190,0
16191,3
16192,3
16193,3
16194,0
16195,3
16196,0
16197,3
16198,0
16199,3
16200,3
16201,5
16202,4
16203,3
16204,5
16205,0
16206,4
16207,6
16208,2
16209,2
16210,0
16211,5
16212,2
16213,0
16214,4
16215,2
16216,5
16217,5
16218,5
16219,5
16220,5
16221,5
16222,6
16223,3
16224,5
16225,3
16226,5
16227,5
16228,6
16229,4
16230,3
16231,1
16232,3
16233,5
16234,1
16235,6
16236,5
16237,3
16238,2
16239,2
16240,6
16241,5
16242,5
16243,3
16244,1
16245,3
16246,1
16247,2
16248,6
16249,1
16250,3
16251,0
16252,5
16253,0
16254,5
16255,3
16256,0
16257,3
16258,0
16259,5
16260,4
16261,4
16262,5
16263,2
16264,4
16265,3
16266,6
16267,3
16268,3
16269,3
16270,5
16271,6
16272,5
16273,6
16274,0
16275,6
16276,0
16277,0
16278,0
16279,3
16280,0
16281,3
16282,2
16283,5
16284,6
16285,2
16286,1
16287,6
16288,2
16289,5
16290,2
16291,5
16292,6
16293,3
16294,3
16295,6
16296,1
16297,5
16298,1
16299,5
16300,1
16301,2
16302,6
16303,1
16304,0
16305,2
16306,5
16307,1
16308,3
16309,5
16310,3
16311,5
16312,3
16313,4
16314,2
16315,3
16316,1
16317,5
16318,5
16319,5
16320,3
16321,6
16322,0
16323,5
16324,3
16325,2
16326,3
16327,4
16328,5
16329,0
16330,0
16331,3
16332,2
16333,2
16334,2
16335,5
16336,4
16337,2
16338,2
16339,2
16340,6
16341,2
16342,6
16343,6
16344,5
16345,5
16346,2
16347,2
16348,2
16349,5
16350,2
16351,6
16352,1
16353,0
16354,2
16355,2
16356,6
16357,6
16358,6
16359,5
16360,5
16361,5
16362,2
16363,3
16364,3
16365,3
16366,1
16367,0
16368,2
16369,4
16370,1
16371,5
16372,3
16373,5
16374,3
16375,2
16376,0
16377,2
16378,2
16379,3
16380,5
16381,5
16382,5
16383,5
16384,0
16385,3
16386,3
16387,2
16388,2
16389,1
16390,4
16391,4
16392,4
16393,4
16394,4
16395,4
16396,6
16397,4
16398,5
16399,3
16400,0
16401,2
16402,3
16403,5
16404,0
16405,2
16406,5
16407,3
16408,0
16409,0
16410,0
16411,2
16412,1
16413,4
16414,3
16415,3
16416,1
16417,0
16418,1
16419,1
16420,3
16421,5
16422,1
16423,3
16424,0
16425,2
16426,4
16427,3
16428,5
16429,3
16430,3
16431,1
16432,5
16433,2
16434,5
16435,0
16436,6
16437,2
16438,3
16439,5
16440,0
16441,2
16442,4
16443,1
16444,3
16445,2
16446,3
16447,2
16448,5
16449,5
16450,2
16451,6
16452,3
16453,2
16454,5
16455,4
16456,2
16457,2
16458,2
16459,2
16460,2
16461,4
16462,0
16463,1
16464,3
16465,6
16466,3
16467,1
16468,3
16469,1
16470,5
16471,3
16472,3
16473,0
16474,1
16475,3
16476,5
16477,0
16478,2
16479,5
16480,2
16481,5
16482,1
16483,5
16484,5
16485,3
16486,3
16487,2
16488,6
16489,2
16490,2
16491,2
16492,1
16493,1
16494,5
16495,3
16496,3
16497,3
16498,1
16499,4
16500,5
16501,3
16502,6
16503,0
16504,6
16505,2
16506,3
16507,3
16508,2
16509,1
16510,2
16511,5
16512,1
16513,3
16514,5
16515,6
16516,5
16517,3
16518,3
16519,5
16520,3
16521,5
16522,5
16523,5
16524,5
16525,5
16526,5
16527,3
16528,0
16529,6
16530,5
16531,5
16532,3
16533,5
16534,0
16535,6
16536,5
16537,4
16538,5
16539,4
16540,5
16541,5
16542,5
16543,5
16544,5
16545,5
16546,4
16547,2
16548,6
16549,5
16550,0
16551,5
16552,3
16553,3
16554,1
16555,3
16556,5
16557,5
16558,2
16559,4
16560,5
16561,5
16562,3
16563,5
16564,6
16565,5
16566,1
16567,4
16568,5
16569,3
16570,2
16571,0
16572,2
16573,5
16574,4
16575,2
16576,0
16577,6
16578,5
16579,4
16580,5
16581,2
16582,3
16583,0
16584,1
16585,5
16586,3
16587,1
16588,1
16589,3
16590,3
16591,2
16592,4
16593,3
16594,5
16595,3
16596,5
16597,5
16598,4
16599,2
16600,6
16601,5
16602,2
16603,0
16604,4
16605,0
16606,2
16607,5
16608,6
16609,5
16610,5
16611,0
16612,2
16613,5
16614,4
16615,4
16616,6
16617,3
16618,3
16619,2
16620,1
16621,5
16622,5
16623,3
16624,5
16625,2
16626,5
16627,4
16628,5
16629,2
16630,2
16631,4
16632,5
16633,5
16634,3
16635,4
16636,1
16637,0
16638,3
16639,5
16640,1
16641,2
16642,2
16643,1
16644,5
16645,4
16646,5
16647,2
16648,5
16649,5
16650,2
16651,4
16652,4
16653,5
16654,5
16655,5
16656,0
16657,2
16658,2
16659,4
16660,3
16661,5
16662,3
16663,2
16664,5
16665,3
16666,1
16667,5
16668,1
16669,4
16670,2
16671,3
16672,4
16673,6
16674,1
16675,1
16676,3
16677,6
16678,2
16679,2
16680,4
16681,3
16682,3
16683,1
16684,3
16685,3
16686,1
16687,6
16688,0
16689,3
16690,3
16691,5
16692,1
16693,0
16694,2
16695,5
16696,3
16697,2
16698,2
16699,5
16700,5
16701,4
16702,5
16703,0
16704,5
16705,3
16706,2
16707,0
16708,5
16709,0
16710,5
16711,2
16712,4
16713,4
16714,6
16715,1
16716,4
16717,5
16718,4
16719,3
16720,1
16721,2
16722,5
16723,1
16724,2
16725,3
16726,3
16727,0
16728,2
16729,0
16730,3
16731,5
16732,3
16733,5
16734,3
16735,0
16736,0
16737,3
16738,3
16739,5
16740,3
16741,5
16742,3
16743,3
16744,3
16745,3
16746,1
16747,0
16748,1
16749,1
16750,5
16751,3
16752,3
16753,3
16754,3
16755,4
16756,5
16757,5
16758,3
16759,2
16760,3
16761,5
16762,0
16763,5
16764,3
16765,4
16766,3
16767,3
16768,2
16769,5
16770,5
16771,3
16772,3
16773,1
16774,3
16775,5
16776,1
16777,2
16778,1
16779,5
16780,5
16781,0
16782,2
16783,4
16784,3
16785,2
16786,3
16787,5
16788,3
16789,2
16790,3
16791,0
16792,5
16793,3
16794,4
16795,4
16796,5
16797,4
16798,5
16799,3
16800,5
16801,3
16802,3
16803,3
16804,3
16805,2
16806,2
16807,2
16808,5
16809,0
16810,5
16811,4
16812,3
16813,3
16814,2
16815,2
16816,3
16817,5
16818,2
16819,5
16820,2
16821,0
16822,0
16823,2
16824,3
16825,2
16826,3
16827,3
16828,2
16829,5
16830,4
16831,6
16832,4
16833,3
16834,3
16835,6
16836,5
16837,5
16838,5
16839,2
16840,3
16841,3
16842,5
16843,4
16844,6
16845,0
16846,3
16847,0
16848,0
16849,2
16850,4
16851,2
16852,2
16853,3
16854,3
16855,1
16856,3
16857,6
16858,4
16859,6
16860,3
16861,6
16862,0
16863,3
16864,3
16865,0
16866,3
16867,6
16868,5
16869,3
16870,1
16871,6
16872,4
16873,3
16874,4
16875,2
16876,6
16877,3
16878,1
16879,6
16880,6
16881,3
16882,2
16883,0
16884,5
16885,6
16886,6
16887,2
16888,2
16889,2
16890,4
16891,5
16892,6
16893,0
16894,4
16895,1
16896,4
16897,1
16898,3
16899,3
16900,3
16901,6
16902,0
16903,5
16904,5
16905,5
16906,5
16907,3
16908,3
16909,3
16910,5
16911,3
16912,2
16913,5
16914,5
16915,2
16916,0
16917,3
16918,5
16919,3
16920,3
16921,0
16922,5
16923,0
16924,2
16925,2
16926,6
16927,0
16928,6
16929,5
16930,2
16931,3
16932,6
16933,4
16934,1
16935,1
16936,0
16937,4
16938,1
16939,0
16940,3
16941,5
16942,2
16943,6
16944,2
16945,0
16946,2
16947,5
16948,3
16949,0
16950,3
16951,3
16952,1
16953,5
16954,5
16955,3
16956,2
16957,0
16958,4
16959,2
16960,1
16961,3
16962,2
16963,3
16964,0
16965,4
16966,5
16967,0
16968,6
16969,3
16970,3
16971,5
16972,3
16973,0
16974,2
16975,4
16976,2
16977,3
16978,3
16979,4
16980,5
16981,5
16982,0
16983,2
16984,3
16985,5
16986,5
16987,0
16988,6
16989,6
16990,5
16991,3
16992,0
16993,2
16994,2
16995,3
16996,0
16997,3
16998,5
16999,4
17000,3
17001,2
17002,5
17003,0
17004,5
17005,2
17006,5
17007,3
17008,5
17009,6
17010,2
17011,4
17012,5
17013,5
17014,3
17015,3
17016,3
17017,0
17018,5
17019,3
17020,2
17021,5
17022,4
17023,2
17024,5
17025,4
17026,5
17027,3
17028,0
17029,1
17030,0
17031,1
17032,4
17033,3
17034,3
17035,6
17036,3
17037,0
17038,2
17039,2
17040,6
17041,5
17042,3
17043,3
17044,2
17045,0
17046,4
17047,5
17048,4
17049,3
17050,0
17051,3
17052,5
17053,4
17054,5
17055,3
17056,3
17057,5
17058,3
17059,4
17060,5
17061,3
17062,5
17063,4
17064,5
17065,5
17066,2
17067,1
17068,3
17069,3
17070,4
17071,5
17072,0
17073,3
17074,5
17075,6
17076,3
17077,3
17078,5
17079,0
17080,5
17081,3
17082,6
17083,3
17084,4
17085,6
17086,3
17087,6
17088,2
17089,3
17090,2
17091,3
17092,5
17093,2
17094,2
17095,5
17096,2
17097,4
17098,6
17099,5
17100,6
17101,4
17102,3
17103,3
17104,6
17105,3
17106,0
17107,5
17108,5
17109,5
17110,3
17111,0
17112,6
17113,5
17114,5
17115,2
17116,3
17117,2
17118,1
17119,3
17120,4
17121,4
17122,5
17123,5
17124,6
17125,3
17126,2
17127,0
17128,5
17129,4
17130,2
17131,5
17132,5
17133,4
17134,1
17135,2
17136,6
17137,4
17138,5
17139,3
17140,3
17141,5
17142,2
17143,3
17144,0
17145,5
17146,0
17147,3
17148,1
17149,1
17150,0
17151,3
17152,6
17153,0
17154,4
17155,3
17156,6
17157,2
17158,3
17159,5
17160,3
17161,2
17162,5
17163,0
17164,3
17165,5
17166,1
17167,3
17168,4
17169,5
17170,2
17171,2
17172,4
17173,4
17174,4
17175,2
17176,2
17177,0
17178,2
17179,6
17180,5
17181,3
17182,6
17183,3
17184,6
17185,4
17186,2
17187,2
17188,3
17189,4
17190,4
17191,2
17192,2
17193,3
17194,5
17195,4
17196,2
17197,0
17198,5
17199,4
17200,5
17201,0
17202,5
17203,2
17204,3
17205,3
17206,6
17207,6
17208,2
17209,2
17210,5
17211,0
17212,0
17213,0
17214,5
17215,4
17216,5
17217,2
17218,3
17219,5
17220,4
17221,3
17222,3
17223,0
17224,3
17225,2
17226,5
17227,3
17228,5
17229,3
17230,1
17231,5
17232,0
17233,5
17234,1
17235,5
17236,2
17237,3
17238,4
17239,4
17240,3
17241,5
17242,6
17243,6
17244,3
17245,3
17246,3
17247,3
17248,3
17249,0
17250,3
17251,4
17252,1
17253,4
17254,5
17255,4
17256,5
17257,3
17258,3
17259,3
17260,6
17261,2
17262,0
17263,3
17264,5
17265,2
17266,5
17267,5
17268,3
17269,3
17270,5
17271,0
17272,6
17273,5
17274,1
17275,0
17276,0
17277,3
17278,3
17279,2
17280,3
17281,2
17282,0
17283,3
17284,5
17285,6
17286,2
17287,3
17288,5
17289,4
17290,3
17291,6
17292,3
17293,3
17294,1
17295,5
17296,3
17297,5
17298,0
17299,0
17300,6
17301,5
17302,3
17303,6
17304,2
17305,2
17306,2
17307,5
17308,4
17309,2
17310,2
17311,4
17312,4
17313,2
17314,4
17315,3
17316,3
17317,3
17318,4
17319,5
17320,2
17321,3
17322,2
17323,5
17324,6
17325,5
17326,1
17327,2
17328,5
17329,5
17330,3
17331,5
17332,2
17333,5
17334,5
17335,3
17336,6
17337,2
17338,6
17339,3
17340,4
17341,3
17342,3
17343,1
17344,5
17345,2
17346,3
17347,4
17348,2
17349,1
17350,5
17351,3
17352,3
17353,2
17354,5
17355,3
17356,5
17357,2
17358,5
17359,4
17360,5
17361,2
17362,5
17363,3
17364,3
17365,0
17366,5
17367,4
17368,4
17369,3
17370,5
17371,3
17372,3
17373,1
17374,1
17375,5
17376,3
17377,5
17378,5
17379,4
17380,3
17381,5
17382,5
17383,6
17384,3
17385,1
17386,5
17387,5
17388,4
17389,5
17390,0
17391,5
17392,6
17393,0
17394,3
17395,3
17396,3
17397,6
17398,2
17399,5
17400,4
17401,5
17402,4
17403,5
17404,1
17405,0
17406,5
17407,3
17408,4
17409,2
17410,4
17411,6
17412,5
17413,6
17414,5
17415,6
17416,5
17417,0
17418,2
17419,5
17420,6
17421,6
17422,0
17423,3
17424,0
17425,3
17426,5
17427,5
17428,3
17429,3
17430,5
17431,5
17432,5
17433,1
17434,3
17435,6
17436,0
17437,3
17438,3
17439,0
17440,3
17441,1
17442,6
17443,3
17444,5
17445,4
17446,6
17447,1
17448,3
17449,6
17450,3
17451,4
17452,2
17453,3
17454,3
17455,5
17456,0
17457,5
17458,3
17459,1
17460,6
17461,3
17462,3
17463,1
17464,5
17465,5
17466,0
17467,3
17468,5
17469,0
17470,2
17471,3
17472,5
17473,3
17474,5
17475,0
17476,5
17477,3
17478,3
17479,3
17480,0
17481,2
17482,5
17483,5
17484,4
17485,3
17486,5
17487,4
17488,4
17489,4
17490,5
17491,3
17492,3
17493,3
17494,5
17495,2
17496,6
17497,5
17498,1
17499,1
17500,5
17501,5
17502,2
17503,4
17504,3
17505,2
17506,1
17507,2
17508,4
17509,1
17510,5
17511,2
17512,0
17513,3
17514,3
17515,5
17516,4
17517,3
17518,5
17519,4
17520,4
17521,0
17522,3
17523,3
17524,4
17525,4
17526,5
17527,6
17528,5
17529,6
17530,5
17531,3
17532,6
17533,5
17534,5
17535,4
17536,2
17537,0
17538,2
17539,5
17540,3
17541,6
17542,5
17543,2
17544,6
17545,5
17546,2
17547,6
17548,3
17549,3
17550,5
17551,3
17552,3
17553,2
17554,5
17555,3
17556,0
17557,3
17558,6
17559,3
17560,5
17561,5
17562,4
17563,3
17564,3
17565,3
17566,4
17567,5
17568,5
17569,5
17570,6
17571,5
17572,5
17573,3
17574,0
17575,3
17576,5
17577,0
17578,5
17579,1
17580,3
17581,5
17582,3
17583,3
17584,5
17585,6
17586,2
17587,0
17588,6
17589,1
17590,5
17591,5
17592,0
17593,4
17594,3
17595,3
17596,3
17597,5
17598,6
17599,5
17600,6
17601,1
17602,3
17603,6
17604,6
17605,0
17606,1
17607,0
17608,5
17609,6
17610,2
17611,2
17612,5
17613,5
17614,3
17615,2
17616,3
17617,6
17618,6
17619,0
17620,2
17621,4
17622,5
17623,2
17624,1
17625,2
17626,6
17627,5
17628,3
17629,5
17630,3
17631,2
17632,5
17633,5
17634,3
17635,5
17636,4
17637,3
17638,5
17639,3
17640,4
17641,5
17642,4
17643,2
17644,0
17645,5
17646,6
17647,3
17648,5
17649,5
17650,5
17651,4
17652,2
17653,2
17654,2
17655,6
17656,2
17657,5
17658,3
17659,3
17660,0
17661,3
17662,0
17663,4
17664,0
17665,5
17666,4
17667,0
17668,3
17669,3
17670,0
17671,3
17672,4
17673,1
17674,0
17675,3
17676,2
17677,2
17678,5
17679,3
17680,5
17681,3
17682,4
17683,3
17684,0
17685,3
17686,3
17687,4
17688,6
17689,5
17690,6
17691,0
17692,4
17693,6
17694,3
17695,4
17696,5
17697,5
17698,4
17699,2
17700,5
17701,3
17702,3
17703,4
17704,5
17705,3
17706,3
17707,5
17708,3
17709,5
17710,4
17711,5
17712,6
17713,0
17714,5
17715,6
17716,0
17717,0
17718,5
17719,4
17720,5
17721,1
17722,5
17723,5
17724,5
17725,1
17726,2
17727,5
17728,5
17729,5
17730,3
17731,0
17732,3
17733,5
17734,3
17735,5
17736,3
17737,4
17738,6
17739,4
17740,5
17741,0
17742,3
17743,2
17744,4
17745,3
17746,4
17747,0
17748,0
17749,0
17750,0
17751,5
17752,3
17753,2
17754,4
17755,5
17756,3
17757,2
17758,6
17759,2
17760,5
17761,3
17762,5
17763,6
17764,4
17765,5
17766,6
17767,5
17768,5
17769,5
17770,3
17771,3
17772,3
17773,6
17774,5
17775,4
17776,3
17777,3
17778,5
17779,3
17780,5
17781,4
17782,3
17783,5
17784,5
17785,0
17786,5
17787,6
17788,3
17789,4
17790,0
17791,0
17792,0
17793,6
17794,0
17795,4
17796,3
17797,5
17798,0
17799,3
17800,5
17801,5
17802,0
17803,5
17804,3
17805,3
17806,5
17807,6
17808,0
17809,5
17810,5
17811,5
17812,5
17813,1
17814,4
17815,4
17816,2
17817,5
17818,3
17819,4
17820,5
17821,3
17822,6
17823,4
17824,3
17825,5
17826,5
17827,0
17828,3
17829,5
17830,0
17831,4
17832,6
17833,0
17834,0
17835,3
17836,3
17837,5
17838,3
17839,2
17840,6
17841,0
17842,4
17843,3
17844,3
17845,3
17846,3
17847,3
17848,5
17849,5
17850,5
17851,4
17852,0
17853,4
17854,4
17855,1
17856,0
17857,0
17858,1
17859,3
17860,3
17861,6
17862,4
17863,5
17864,0
17865,5
17866,3
17867,5
17868,2
17869,0
17870,5
17871,0
17872,1
17873,3
17874,1
17875,3
17876,3
17877,5
17878,3
17879,0
17880,3
17881,3
17882,5
17883,4
17884,4
17885,3
17886,5
17887,3
17888,3
17889,5
17890,3
17891,5
17892,4
17893,4
17894,4
17895,3
17896,4
17897,5
17898,5
17899,1
17900,3
17901,3
17902,3
17903,3
17904,2
17905,5
17906,2
17907,2
17908,4
17909,3
17910,5
17911,4
17912,3
17913,5
17914,3
17915,3
17916,5
17917,3
17918,6
17919,3
17920,3
17921,1
17922,2
17923,3
17924,6
17925,3
17926,3
17927,5
17928,3
17929,3
17930,4
17931,1
17932,3
17933,5
17934,2
17935,3
17936,4
17937,2
17938,0
17939,2
17940,5
17941,0
17942,3
17943,3
17944,5
17945,3
17946,2
17947,3
17948,3
17949,5
17950,5
17951,0
17952,4
17953,3
17954,0
17955,0
17956,4
17957,5
17958,0
17959,3
17960,0
17961,5
17962,5
17963,3
17964,6
17965,3
17966,4
17967,3
17968,5
17969,6
17970,3
17971,3
17972,3
17973,5
17974,5
17975,5
17976,3
17977,1
17978,3
17979,2
17980,4
17981,5
17982,5
17983,5
17984,0
17985,2
17986,5
17987,3
17988,2
17989,5
17990,3
17991,0
17992,3
17993,0
17994,1
17995,0
17996,4
17997,5
17998,0
17999,3
18000,3
18001,3
18002,5
18003,4
18004,5
18005,2
18006,5
18007,1
18008,5
18009,5
18010,0
18011,3
18012,3
18013,2
18014,2
18015,5
18016,3
18017,6
18018,1
18019,3
18020,1
18021,5
18022,5
18023,3
18024,3
18025,5
18026,5
18027,2
18028,2
18029,3
18030,5
18031,3
18032,1
18033,6
18034,3
18035,3
18036,3
18037,4
18038,3
18039,4
18040,3
18041,0
18042,3
18043,5
18044,2
18045,6
18046,2
18047,6
18048,1
18049,3
18050,3
18051,5
18052,5
18053,3
18054,3
18055,5
18056,5
18057,4
18058,5
18059,2
18060,5
18061,5
18062,5
18063,3
18064,5
18065,2
18066,5
18067,3
18068,5
18069,3
18070,5
18071,4
18072,5
18073,4
18074,2
18075,4
18076,5
18077,3
18078,4
18079,6
18080,0
18081,2
18082,4
18083,2
18084,3
18085,3
18086,3
18087,5
18088,1
18089,1
18090,2
18091,1
18092,3
18093,5
18094,5
18095,3
18096,5
18097,6
18098,2
18099,5
18100,5
18101,2
18102,5
18103,5
18104,5
18105,4
18106,5
18107,3
18108,3
18109,2
18110,3
18111,3
18112,3
18113,4
18114,1
18115,3
18116,3
18117,3
18118,4
18119,5
18120,5
18121,2
18122,5
18123,1
18124,4
18125,3
18126,2
18127,3
18128,5
18129,2
18130,1
18131,3
18132,3
18133,5
18134,4
18135,2
18136,2
18137,5
18138,5
18139,3
18140,2
18141,3
18142,4
18143,2
18144,5
18145,5
18146,4
18147,2
18148,4
18149,4
18150,2
18151,3
18152,3
18153,5
18154,3
18155,5
18156,3
18157,5
18158,5
18159,3
18160,5
18161,1
18162,3
18163,6
18164,3
18165,4
18166,4
18167,5
18168,2
18169,6
18170,3
18171,2
18172,2
18173,2
18174,0
18175,4
18176,3
18177,4
18178,2
18179,5
18180,6
18181,3
18182,3
18183,5
18184,4
18185,3
18186,3
18187,3
18188,3
18189,3
18190,5
18191,5
18192,5
18193,5
18194,3
18195,5
18196,3
18197,5
18198,3
18199,4
18200,5
18201,3
18202,5
18203,4
18204,3
18205,4
18206,3
18207,3
18208,0
18209,3
18210,4
18211,5
18212,5
18213,3
18214,2
18215,3
18216,1
18217,5
18218,5
18219,2
18220,6
18221,5
18222,4
18223,5
18224,5
18225,4
18226,3
18227,3
18228,5
18229,4
18230,5
18231,5
18232,3
18233,3
18234,5
18235,2
18236,4
18237,3
18238,3
18239,3
18240,5
18241,3
18242,3
18243,3
18244,3
18245,0
18246,3
18247,4
18248,5
18249,5
18250,3
18251,4
18252,3
18253,3
18254,3
18255,3
18256,5
18257,3
18258,5
18259,3
18260,4
18261,3
18262,5
18263,5
18264,3
18265,4
18266,5
18267,2
18268,4
18269,1
18270,3
18271,2
18272,2
18273,3
18274,3
18275,6
18276,3
18277,5
18278,3
18279,2
18280,5
18281,5
18282,2
18283,0
18284,3
18285,4
18286,4
18287,6
18288,5
18289,3
18290,0
18291,0
18292,2
18293,2
18294,3
18295,3
18296,5
18297,2
18298,4
18299,5
18300,4
18301,1
18302,3
18303,5
18304,0
18305,5
18306,4
18307,3
18308,4
18309,4
18310,5
18311,5
18312,3
18313,3
18314,5
18315,0
18316,3
18317,2
18318,4
18319,0
18320,3
18321,4
18322,3
18323,3
18324,6
18325,5
18326,2
18327,4
18328,3
18329,2
18330,4
18331,5
18332,0
18333,3
18334,3
18335,5
18336,5
18337,5
18338,2
18339,3
18340,2
18341,2
18342,3
18343,6
18344,2
18345,5
18346,3
18347,5
18348,3
18349,5
18350,3
18351,3
18352,5
18353,0
18354,3
18355,4
18356,5
18357,3
18358,2
18359,5
18360,5
18361,3
18362,3
18363,3
18364,1
18365,5
18366,4
18367,3
18368,3
18369,4
18370,3
18371,3
18372,3
18373,4
18374,1
18375,5
18376,4
18377,2
18378,5
18379,4
18380,3
18381,5
18382,3
18383,4
18384,3
18385,4
18386,5
18387,5
18388,2
18389,4
18390,3
18391,3
18392,3
18393,3
18394,3
18395,3
18396,0
18397,5
18398,5
18399,6
18400,0
18401,5
18402,0
18403,3
18404,5
18405,3
18406,5
18407,3
18408,5
18409,4
18410,3
18411,5
18412,5
18413,5
18414,0
18415,1
18416,4
18417,3
18418,5
18419,0
18420,1
18421,3
18422,5
18423,2
18424,5
18425,5
18426,5
18427,4
18428,3
18429,5
18430,5
18431,5
18432,5
18433,5
18434,5
18435,3
18436,3
18437,3
18438,3
18439,3
18440,3
18441,3
18442,3
18443,2
18444,3
18445,5
18446,3
18447,5
18448,5
18449,2
18450,4
18451,3
18452,5
18453,4
18454,4
18455,4
18456,4
18457,4
18458,4
18459,4
18460,4
18461,2
18462,3
18463,5
18464,5
18465,5
18466,4
18467,0
18468,1
18469,5
18470,4
18471,6
18472,6
18473,3
18474,3
18475,3
18476,5
18477,4
18478,3
18479,4
18480,3
18481,2
18482,2
18483,5
18484,3
18485,5
18486,2
18487,5
18488,4
18489,4
18490,4
18491,2
18492,0
18493,3
18494,2
18495,3
18496,4
18497,2
18498,4
18499,5
18500,3
18501,4
18502,3
18503,5
18504,3
18505,4
18506,5
18507,3
18508,5
18509,4
18510,0
18511,3
18512,5
18513,5
18514,4
18515,4
18516,5
18517,5
18518,0
18519,5
18520,0
18521,5
18522,5
18523,5
18524,5
18525,0
18526,3
18527,0
18528,4
18529,3
18530,5
18531,5
18532,1
18533,5
18534,5
18535,2
18536,4
18537,4
18538,0
18539,3
18540,5
18541,5
18542,0
18543,2
18544,3
18545,4
18546,3
18547,1
18548,3
18549,4
18550,4
18551,3
18552,3
18553,3
18554,5
18555,5
18556,3
18557,3
18558,3
18559,5
18560,5
18561,5
18562,2
18563,3
18564,4
18565,3
18566,3
18567,3
18568,5
18569,4
18570,5
18571,0
18572,0
18573,3
18574,2
18575,2
18576,3
18577,3
18578,3
18579,3
18580,3
18581,5
18582,5
18583,3
18584,3
18585,5
18586,6
18587,5
18588,3
18589,4
18590,6
18591,3
18592,5
18593,4
18594,3
18595,3
18596,5
18597,0
18598,5
18599,5
18600,4
18601,3
18602,3
18603,3
18604,1
18605,5
18606,4
18607,2
18608,2
18609,5
18610,0
18611,5
18612,4
18613,1
18614,2
18615,2
18616,3
18617,3
18618,4
18619,3
18620,5
18621,3
18622,4
18623,0
18624,2
18625,5
18626,5
18627,3
18628,0
18629,2
18630,3
18631,5
18632,5
18633,6
18634,5
18635,4
18636,3
18637,3
18638,0
18639,4
18640,5
18641,5
18642,5
18643,4
18644,5
18645,5
18646,5
18647,5
18648,4
18649,4
18650,5
18651,2
18652,3
18653,4
18654,1
18655,5
18656,3
18657,3
18658,4
18659,5
18660,0
18661,2
18662,5
18663,3
18664,3
18665,5
18666,4
18667,0
18668,6
18669,3
18670,5
18671,5
18672,3
18673,4
18674,5
18675,0
18676,2
18677,3
18678,2
18679,4
18680,6
18681,1
18682,2
18683,4
18684,5
18685,5
18686,6
18687,4
18688,2
18689,2
18690,2
18691,4
18692,4
18693,4
18694,2
18695,6
18696,5
18697,1
18698,1
18699,3
18700,5
18701,5
18702,1
18703,5
18704,1
18705,3
18706,4
18707,0
18708,1
18709,6
18710,2
18711,1
18712,5
18713,3
18714,2
18715,6
18716,6
18717,3
18718,2
18719,5
18720,0
18721,5
18722,4
18723,4
18724,6
18725,1
18726,1
18727,4
18728,1
18729,1
18730,5
18731,6
18732,5
18733,5
18734,5
18735,3
18736,1
18737,5
18738,4
18739,5
18740,3
18741,2
18742,3
18743,3
18744,1
18745,3
18746,3
18747,5
18748,2
18749,2
18750,4
18751,2
18752,2
18753,5
18754,1
18755,5
18756,1
18757,3
18758,5
18759,5
18760,3
18761,5
18762,5
18763,5
18764,5
18765,5
18766,3
18767,4
18768,3
18769,5
18770,5
18771,5
18772,3
18773,2
18774,0
18775,0
18776,6
18777,4
18778,5
18779,6
18780,3
18781,1
18782,3
18783,3
18784,1
18785,4
18786,5
18787,2
18788,3
18789,6
18790,4
18791,1
18792,1
18793,3
18794,3
18795,3
18796,6
18797,5
18798,5
18799,5
18800,6
18801,4
18802,4
18803,4
18804,3
18805,5
18806,2
18807,5
18808,4
18809,3
18810,2
18811,0
18812,4
18813,0
18814,0
18815,0
18816,3
18817,5
18818,5
18819,5
18820,3
18821,5
18822,5
18823,3
18824,5
18825,0
18826,0
18827,5
18828,5
18829,5
18830,5
18831,5
18832,6
18833,5
18834,2
18835,5
18836,2
18837,5
18838,2
18839,5
18840,3
18841,5
18842,5
18843,2
18844,5
18845,1
18846,2
18847,2
18848,0
18849,4
18850,2
18851,3
18852,4
18853,0
18854,0
18855,4
18856,4
18857,4
18858,5
18859,5
18860,4
18861,5
18862,2
18863,3
18864,3
18865,5
18866,5
18867,5
18868,5
18869,5
18870,3
18871,0
18872,5
18873,5
18874,5
18875,4
18876,5
18877,4
18878,5
18879,3
18880,4
18881,4
18882,2
18883,4
18884,4
18885,4
18886,4
18887,1
18888,4
18889,6
18890,4
18891,0
18892,4
18893,4
18894,1
18895,0
18896,3
18897,0
18898,2
18899,4
18900,4
18901,3
18902,4
18903,5
18904,5
18905,4
18906,4
18907,4
18908,6
18909,6
18910,2
18911,3
18912,0
18913,2
18914,2
18915,4
18916,4
18917,6
18918,5
18919,5
18920,5
18921,3
18922,3
18923,3
18924,5
18925,4
18926,0
18927,4
18928,3
18929,6
18930,4
18931,6
18932,5
18933,5
18934,5
18935,5
18936,2
18937,6
18938,2
18939,4
18940,2
18941,0
18942,2
18943,4
18944,4
18945,3
18946,5
18947,3
18948,5
18949,4
18950,3
18951,5
18952,5
18953,2
18954,3
18955,5
18956,3
18957,4
18958,3
18959,0
18960,5
18961,5
18962,4
18963,3
18964,5
18965,5
18966,4
18967,4
18968,2
18969,0
18970,5
18971,5
18972,5
18973,4
18974,4
18975,5
18976,0
18977,0
18978,5
18979,5
18980,5
18981,5
18982,5
18983,5
18984,3
18985,5
18986,4
18987,4
18988,5
18989,3
18990,2
18991,3
18992,5
18993,5
18994,5
18995,4
18996,3
18997,0
18998,5
18999,1
19000,2
19001,3
19002,3
19003,3
19004,6
19005,4
19006,5
19007,5
19008,6
19009,5
19010,6
19011,5
19012,3
19013,4
19014,2
19015,4
19016,4
19017,3
19018,4
19019,5
19020,0
19021,0
19022,0
19023,5
19024,4
19025,2
19026,5
19027,2
19028,5
19029,5
19030,5
19031,3
19032,4
19033,4
19034,3
19035,4
19036,3
19037,4
19038,5
19039,5
19040,5
19041,5
19042,5
19043,5
19044,5
19045,5
19046,3
19047,4
19048,4
19049,4
19050,5
19051,4
19052,4
19053,0
19054,6
19055,0
19056,0
19057,4
19058,5
19059,4
19060,4
19061,5
19062,5
19063,4
19064,2
19065,2
19066,2
19067,4
19068,4
19069,4
19070,5
19071,1
19072,3
19073,3
19074,0
19075,5
19076,4
19077,4
19078,0
19079,2
19080,0
19081,5
19082,2
19083,5
19084,4
19085,3
19086,3
19087,1
19088,5
19089,5
19090,0
19091,5
19092,5
19093,1
19094,5
19095,5
19096,5
19097,5
19098,1
19099,4
19100,0
19101,4
19102,4
19103,4
19104,3
19105,5
19106,4
19107,3
19108,5
19109,5
19110,5
19111,5
19112,5
19113,5
19114,5
19115,5
19116,5
19117,6
19118,5
19119,2
19120,5
19121,5
19122,0
19123,5
19124,4
19125,4
19126,4
19127,4
19128,4
19129,5
19130,4
19131,5
19132,5
19133,6
19134,5
19135,3
19136,5
19137,3
19138,2
19139,0
19140,3
19141,3
19142,3
19143,0
19144,4
19145,5
19146,5
19147,5
19148,5
19149,5
19150,4
19151,5
19152,4
19153,3
19154,4
19155,3
19156,6
19157,5
19158,5
19159,5
19160,4
19161,6
19162,5
19163,5
19164,2
19165,5
19166,5
19167,4
19168,4
19169,5
19170,5
19171,5
19172,5
19173,3
19174,5
19175,0
19176,4
19177,2
19178,5
19179,1
19180,5
19181,4
19182,0
19183,3
19184,4
19185,4
19186,5
19187,5
19188,5
19189,0
19190,0
19191,5
19192,5
19193,5
19194,4
19195,3
19196,4
19197,5
19198,3
19199,4
19200,0
19201,2
19202,5
19203,5
19204,5
19205,5
19206,4
19207,2
19208,4
19209,5
19210,5
19211,5
19212,6
19213,3
19214,5
19215,3
19216,3
19217,3
19218,5
19219,5
19220,5
19221,5
19222,4
19223,2
19224,4
19225,1
19226,3
19227,1
19228,5
19229,0
19230,5
19231,0
19232,3
19233,3
19234,5
19235,2
19236,5
19237,4
19238,4
19239,5
19240,3
19241,4
19242,2
19243,3
19244,5
19245,5
19246,4
19247,2
19248,3
19249,4
19250,5
19251,4
19252,5
19253,4
19254,4
19255,4
19256,5
19257,5
19258,5
19259,5
19260,4
19261,3
19262,3
19263,3
19264,3
19265,0
19266,4
19267,5
19268,3
19269,3
19270,4
19271,5
19272,5
19273,3
19274,5
19275,5
19276,1
19277,4
19278,5
19279,5
19280,5
19281,5
19282,5
19283,3
19284,3
19285,5
19286,3
19287,5
19288,3
19289,4
19290,4
19291,3
19292,3
19293,5
19294,3
19295,5
19296,2
19297,0
19298,6
19299,3
19300,5
19301,3
19302,6
19303,4
19304,5
19305,5
19306,5
19307,0
19308,4
19309,4
19310,5
19311,0
19312,0
19313,0
19314,4
19315,3
19316,2
19317,4
19318,4
19319,4
19320,4
19321,4
19322,4
19323,2
19324,4
19325,5
19326,5
19327,3
19328,3
19329,5
19330,5
19331,5
19332,2
19333,5
19334,5
19335,0
19336,4
19337,5
19338,2
19339,2
19340,0
19341,4
19342,0
19343,3
19344,5
19345,0
19346,2
19347,0
19348,5
19349,0
19350,0
19351,0
19352,5
19353,3
19354,1
19355,4
19356,5
19357,5
19358,0
19359,4
19360,4
19361,0
19362,5
19363,0
19364,0
19365,5
19366,5
19367,3
19368,0
19369,5
19370,4
19371,6
19372,4
19373,5
19374,5
19375,3
19376,6
19377,5
19378,4
19379,5
19380,5
19381,5
19382,5
19383,3
19384,4
19385,0
19386,3
19387,5
19388,4
19389,5
19390,5
19391,5
19392,5
19393,5
19394,5
19395,5
19396,3
19397,4
19398,4
19399,5
19400,5
19401,5
19402,1
19403,5
19404,3
19405,3
19406,3
19407,4
19408,3
19409,4
19410,3
19411,2
19412,0
19413,5
19414,5
19415,4
19416,5
19417,5
19418,3
19419,5
19420,5
19421,5
19422,5
19423,5
19424,1
19425,5
19426,3
19427,5
19428,5
19429,5
19430,0
19431,4
19432,5
19433,3
19434,4
19435,4
19436,4
19437,3
19438,5
19439,3
19440,6
19441,3
19442,5
19443,5
19444,5
19445,4
19446,4
19447,0
19448,4
19449,4
19450,5
19451,5
19452,0
19453,5
19454,5
19455,5
19456,5
19457,5
19458,5
19459,5
19460,5
19461,5
19462,3
19463,5
19464,5
19465,5
19466,5
19467,5
19468,3
19469,0
19470,5
19471,5
19472,0
19473,4
19474,0
19475,5
19476,2
19477,2
19478,4
19479,3
19480,2
19481,5
19482,0
19483,0
19484,6
19485,0
19486,0
19487,5
19488,0
19489,4
19490,5
19491,5
19492,5
19493,0
19494,5
19495,5
19496,5
19497,5
19498,2
19499,3
19500,5
19501,5
19502,4
19503,4
19504,5
19505,5
19506,4
19507,5
19508,4
19509,5
19510,5
19511,3
19512,5
19513,5
19514,5
19515,5
19516,3
19517,5
19518,5
19519,4
19520,4
19521,5
19522,3
19523,2
19524,5
19525,5
19526,5
19527,2
19528,5
19529,5
19530,5
19531,5
19532,5
19533,5
19534,5
19535,5
19536,0
19537,0
19538,3
19539,3
19540,3
19541,3
19542,0
19543,2
19544,5
19545,4
19546,1
19547,3
19548,5
19549,1
19550,2
19551,5
19552,3
19553,3
19554,4
19555,5
19556,4
19557,3
19558,5
19559,3
19560,5
19561,5
19562,5
19563,2
19564,5
19565,5
19566,2
19567,0
19568,5
19569,5
19570,3
19571,5
19572,5
19573,5
19574,0
19575,3
19576,3
19577,3
19578,5
19579,4
19580,2
19581,2
19582,2
19583,5
19584,0
19585,0
19586,3
19587,4
19588,3
19589,4
19590,5
19591,4
19592,5
19593,5
19594,5
19595,5
19596,5
19597,5
19598,0
19599,5
19600,3
19601,5
19602,5
19603,6
19604,5
19605,5
19606,4
19607,0
19608,5
19609,0
19610,5
19611,2
19612,3
19613,3
19614,5
19615,0
19616,5
19617,2
19618,0
19619,4
19620,4
19621,4
19622,4
19623,5
19624,5
19625,3
19626,4
19627,6
19628,5
19629,5
19630,5
19631,5
19632,4
19633,3
19634,0
19635,0
19636,5
19637,5
19638,3
19639,5
19640,3
19641,5
19642,5
19643,5
19644,3
19645,0
19646,5
19647,3
19648,3
19649,4
19650,2
19651,5
19652,5
19653,0
19654,0
19655,4
19656,5
19657,4
19658,3
19659,5
19660,3
19661,5
19662,3
19663,3
19664,5
19665,4
19666,2
19667,5
19668,0
19669,0
19670,5
19671,6
19672,2
19673,2
19674,4
19675,5
19676,4
19677,3
19678,2
19679,4
19680,5
19681,4
19682,3
19683,0
19684,4
19685,5
19686,0
19687,5
19688,5
19689,5
19690,6
19691,5
19692,2
19693,4
19694,4
19695,5
19696,5
19697,3
19698,5
19699,0
19700,0
19701,4
19702,4
19703,5
19704,3
19705,4
19706,1
19707,4
19708,5
19709,5
19710,4
19711,3
19712,5
19713,5
19714,0
19715,5
19716,5
19717,5
19718,5
19719,4
19720,5
19721,4
19722,5
19723,5
19724,0
19725,3
19726,5
19727,1
19728,5
19729,4
19730,5
19731,3
19732,3
19733,5
19734,4
19735,4
19736,0
19737,0
19738,0
19739,5
19740,0
19741,4
19742,5
19743,5
19744,5
19745,4
19746,3
19747,5
19748,4
19749,4
19750,4
19751,5
19752,4
19753,3
19754,4
19755,3
19756,5
19757,4
19758,4
19759,5
19760,4
19761,4
19762,3
19763,5
19764,2
19765,2
19766,5
19767,4
19768,5
19769,4
19770,3
19771,2
19772,0
19773,0
19774,5
19775,3
19776,3
19777,5
19778,3
19779,3
19780,5
19781,2
19782,3
19783,4
19784,4
19785,5
19786,5
19787,4
19788,5
19789,3
19790,4
19791,5
19792,0
19793,5
19794,0
19795,0
19796,5
19797,5
19798,4
19799,3
19800,4
19801,5
19802,2
19803,0
19804,3
19805,5
19806,5
19807,4
19808,4
19809,3
19810,5
19811,5
19812,4
19813,0
19814,4
19815,4
19816,5
19817,5
19818,5
19819,3
19820,5
19821,0
19822,3
19823,3
19824,0
19825,5
19826,3
19827,0
19828,5
19829,5
19830,3
19831,5
19832,3
19833,5
19834,4
19835,3
19836,5
19837,4
19838,5
19839,4
19840,5
19841,5
19842,3
19843,0
19844,3
19845,3
19846,5
19847,5
19848,5
19849,5
19850,5
19851,4
19852,5
19853,0
19854,0
19855,2
19856,5
19857,4
19858,4
19859,5
19860,3
19861,0
19862,5
19863,5
19864,5
19865,4
19866,2
19867,2
19868,4
19869,1
19870,5
19871,5
19872,5
19873,5
19874,5
19875,5
19876,5
19877,4
19878,4
19879,4
19880,3
19881,4
19882,5
19883,0
19884,5
19885,4
19886,4
19887,3
19888,4
19889,0
19890,5
19891,5
19892,3
19893,4
19894,5
19895,3
19896,5
19897,5
19898,5
19899,3
19900,4
19901,3
19902,3
19903,5
19904,3
19905,4
19906,0
19907,5
19908,5
19909,5
19910,2
19911,5
19912,0
19913,1
19914,3
19915,5
19916,5
19917,6
19918,6
19919,4
19920,5
19921,3
19922,4
19923,4
19924,5
19925,5
19926,4
19927,4
19928,5
19929,5
19930,5
19931,5
19932,4
19933,1
19934,0
19935,2
19936,3
19937,5
19938,4
19939,5
19940,5
19941,5
19942,5
19943,2
19944,5
19945,5
19946,5
19947,5
19948,5
19949,5
19950,5
19951,3
19952,5
19953,4
19954,5
19955,5
19956,5
19957,0
19958,3
19959,2
19960,1
19961,1
19962,3
19963,4
19964,4
19965,4
19966,5
19967,4
19968,5
19969,3
19970,4
19971,1
19972,5
19973,5
19974,3
19975,5
19976,5
19977,5
19978,1
19979,2
19980,3
19981,4
19982,5
19983,5
19984,4
19985,5
19986,2
19987,2
19988,3
19989,5
19990,5
19991,4
19992,5
19993,5
19994,4
19995,5
19996,0
19997,3
19998,3
19999,5
20000,3
20001,3
20002,5
20003,5
20004,5
20005,5
20006,4
20007,3
20008,3
20009,5
20010,5
20011,3
20012,5
20013,5
20014,5
20015,4
20016,3
20017,4
20018,3
20019,4
20020,4
20021,3
20022,5
20023,4
20024,0
20025,3
20026,5
20027,5
20028,3
20029,5
20030,1
20031,0
20032,5
20033,5
20034,5
20035,5
20036,5
20037,4
20038,3
20039,5
20040,5
20041,3
20042,3
20043,5
20044,5
20045,3
20046,3
20047,4
20048,5
20049,4
20050,0
20051,5
20052,0
20053,3
20054,3
20055,4
20056,4
20057,5
20058,5
20059,5
20060,5
20061,5
20062,2
20063,5
20064,5
20065,3
20066,3
20067,5
20068,3
20069,5
20070,3
20071,5
20072,4
20073,5
20074,4
20075,5
20076,3
20077,3
20078,4
20079,5
20080,4
20081,0
20082,5
20083,5
20084,3
20085,5
20086,0
20087,3
20088,5
20089,5
20090,5
20091,5
20092,3
20093,4
20094,4
20095,5
20096,3
20097,5
20098,0
20099,4
20100,4
20101,3
20102,0
20103,0
20104,4
20105,3
20106,5
20107,5
20108,5
20109,5
20110,3
20111,3
20112,5
20113,5
20114,5
20115,1
20116,1
20117,3
20118,4
20119,5
20120,4
20121,0
20122,5
20123,0
20124,3
20125,5
20126,5
20127,4
20128,5
20129,3
20130,3
20131,5
20132,5
20133,5
20134,5
20135,5
20136,0
20137,3
20138,5
20139,5
20140,5
20141,5
20142,5
20143,5
20144,5
20145,4
20146,5
20147,2
20148,4
20149,5
20150,4
20151,4
20152,5
20153,4
20154,3
20155,5
20156,4
20157,5
20158,4
20159,4
20160,4
20161,4
20162,4
20163,4
20164,5
20165,4
20166,5
20167,4
20168,5
20169,5
20170,4
20171,5
20172,0
20173,3
20174,3
20175,3
20176,1
20177,3
20178,5
20179,5
20180,0
20181,4
20182,3
20183,5
20184,5
20185,1
20186,1
20187,4
20188,5
20189,5
20190,3
20191,1
20192,5
20193,5
20194,5
20195,4
20196,3
20197,5
20198,4
20199,5
20200,3
20201,5
20202,4
20203,3
20204,2
20205,4
20206,5
20207,4
20208,3
20209,3
20210,5
20211,5
20212,3
20213,3
20214,4
20215,0
20216,5
20217,4
20218,5
20219,3
20220,4
20221,5
20222,5
20223,5
20224,4
20225,5
20226,3
20227,5
20228,0
20229,1
20230,5
20231,5
20232,5
20233,5
20234,5
20235,1
20236,1
20237,4
20238,5
20239,3
20240,5
20241,4
20242,5
20243,5
20244,5
20245,2
20246,4
20247,5
20248,3
20249,5
20250,0
20251,5
20252,3
20253,0
20254,4
20255,5
20256,4
20257,5
20258,3
20259,3
20260,3
20261,2
20262,3
20263,5
20264,3
20265,4
20266,0
20267,3
20268,5
20269,4
20270,5
20271,2
20272,5
20273,5
20274,1
20275,5
20276,3
20277,5
20278,5
20279,5
20280,5
20281,4
20282,4
20283,5
20284,5
20285,4
20286,5
20287,4
20288,5
20289,4
20290,3
20291,2
20292,3
20293,3
20294,4
20295,5
20296,5
20297,3
20298,4
20299,4
20300,4
20301,5
20302,5
20303,4
20304,3
20305,5
20306,2
20307,3
20308,5
20309,5
20310,5
20311,2
20312,5
20313,5
20314,5
20315,5
20316,3
20317,1
20318,5
20319,4
20320,0
20321,2
20322,5
20323,5
20324,4
20325,5
20326,4
20327,3
20328,4
20329,2
20330,5
20331,5
20332,0
20333,5
20334,3
20335,5
20336,5
20337,0
20338,5
20339,3
20340,5
20341,5
20342,4
20343,5
20344,5
20345,5
20346,5
20347,5
20348,5
20349,1
20350,1
20351,1
20352,1
20353,3
20354,5
20355,1
20356,3
20357,3
20358,5
20359,2
20360,5
20361,3
20362,5
20363,5
20364,1
20365,5
20366,4
20367,5
20368,4
20369,5
20370,4
20371,5
20372,3
20373,4
20374,2
20375,4
20376,4
20377,3
20378,3
20379,4
20380,3
20381,3
20382,5
20383,5
20384,4
20385,5
20386,5
20387,5
20388,5
20389,5
20390,5
20391,3
20392,5
20393,3
20394,5
20395,4
20396,3
20397,3
20398,3
20399,4
20400,5
20401,5
20402,4
20403,5
20404,5
20405,5
20406,4
20407,5
20408,0
20409,4
20410,4
20411,5
20412,5
20413,1
20414,4
20415,5
20416,3
20417,4
20418,0
20419,4
20420,3
20421,5
20422,4
20423,3
20424,3
20425,5
20426,3
20427,5
20428,5
20429,5
20430,5
20431,5
20432,0
20433,5
20434,6
20435,4
20436,3
20437,5
20438,4
20439,5
20440,3
20441,5
20442,5
20443,3
20444,5
20445,4
20446,2
20447,4
20448,5
20449,5
20450,3
20451,4
20452,3
20453,5
20454,5
20455,5
20456,4
20457,4
20458,4
20459,3
20460,3
20461,1
20462,1
20463,2
20464,2
20465,3
20466,5
20467,5
20468,5
20469,3
20470,5
20471,0
20472,5
20473,5
20474,2
20475,2
20476,5
20477,3
20478,5
20479,4
20480,3
20481,3
20482,5
20483,3
20484,4
20485,5
20486,1
20487,5
20488,4
20489,5
20490,5
20491,5
20492,5
20493,4
20494,5
20495,2
20496,5
20497,0
20498,5
20499,5
20500,5
20501,5
20502,5
20503,3
20504,5
20505,3
20506,5
20507,5
20508,5
20509,5
20510,5
20511,5
20512,2
20513,5
20514,2
20515,5
20516,5
20517,4
20518,5
20519,3
20520,5
20521,2
20522,5
20523,4
20524,4
20525,4
20526,5
20527,4
20528,5
20529,0
20530,5
20531,5
20532,4
20533,0
20534,2
20535,0
20536,0
20537,5
20538,4
20539,0
20540,0
20541,0
20542,5
20543,5
20544,5
20545,5
20546,2
20547,5
20548,5
20549,2
20550,4
20551,5
20552,5
20553,5
20554,5
20555,3
20556,0
20557,3
20558,5
20559,0
20560,5
20561,3
20562,5
20563,5
20564,0
20565,5
20566,5
20567,6
20568,4
20569,2
20570,4
20571,3
20572,4
20573,5
20574,4
20575,3
20576,0
20577,5
20578,2
20579,3
20580,3
20581,5
20582,0
20583,3
20584,4
20585,5
20586,4
20587,5
20588,0
20589,5
20590,0
20591,2
20592,4
20593,5
20594,5
20595,2
20596,3
20597,3
20598,5
20599,5
20600,5
20601,5
20602,5
20603,3
20604,4
20605,2
20606,4
20607,5
20608,1
20609,4
20610,4
20611,1
20612,4
20613,5
20614,5
20615,5
20616,5
20617,5
20618,3
20619,3
20620,5
20621,5
20622,5
20623,5
20624,3
20625,5
20626,3
20627,5
20628,5
20629,5
20630,5
20631,5
20632,5
20633,3
20634,4
20635,5
20636,2
20637,5
20638,5
20639,4
20640,3
20641,5
20642,4
20643,0
20644,5
20645,5
20646,0
20647,5
20648,5
20649,5
20650,3
20651,5
20652,4
20653,4
20654,5
20655,5
20656,5
20657,5
20658,5
20659,5
20660,5
20661,5
20662,5
20663,0
20664,5
20665,5
20666,5
20667,5
20668,5
20669,5
20670,5
20671,3
20672,3
20673,5
20674,5
20675,1
20676,5
20677,4
20678,4
20679,4
20680,5
20681,5
20682,5
20683,4
20684,5
20685,0
20686,0
20687,0
20688,4
20689,5
20690,0
20691,5
20692,5
20693,2
20694,0
20695,5
20696,5
20697,0
20698,5
20699,5
20700,5
20701,3
20702,3
20703,3
20704,5
20705,3
20706,5
20707,0
20708,5
20709,5
20710,1
20711,4
20712,5
20713,5
20714,3
20715,5
20716,4
20717,0
20718,4
20719,5
20720,5
20721,5
20722,5
20723,0
20724,2
20725,5
20726,3
20727,5
20728,5
20729,4
20730,4
20731,5
20732,5
20733,5
20734,2
20735,3
20736,5
20737,3
20738,2
20739,2
20740,2
20741,6
20742,6
20743,3
20744,6
20745,0
20746,2
20747,5
20748,1
20749,5
20750,5
20751,4
20752,4
20753,1
20754,3
20755,3
20756,5
20757,1
20758,1
20759,5
20760,5
20761,5
20762,5
20763,3
20764,2
20765,4
20766,5
20767,5
20768,2
20769,4
20770,5
20771,4
20772,5
20773,5
20774,4
20775,0
20776,5
20777,4
20778,5
20779,0
20780,5
20781,4
20782,3
20783,5
20784,5
20785,3
20786,5
20787,2
20788,0
20789,0
20790,1
20791,5
20792,5
20793,4
20794,5
20795,5
20796,5
20797,4
20798,5
20799,4
20800,2
20801,2
20802,5
20803,3
20804,5
20805,5
20806,5
20807,5
20808,5
20809,3
20810,5
20811,4
20812,5
20813,5
20814,5
20815,5
20816,0
20817,3
20818,5
20819,1
20820,5
20821,4
20822,4
20823,5
20824,5
20825,5
20826,2
20827,5
20828,5
20829,5
20830,3
20831,3
20832,3
20833,4
20834,3
20835,5
20836,0
20837,4
20838,4
20839,0
20840,1
20841,5
20842,5
20843,5
20844,5
20845,4
20846,5
20847,4
20848,4
20849,5
20850,4
20851,4
20852,4
20853,4
20854,4
20855,5
20856,4
20857,3
20858,4
20859,4
20860,5
20861,5
20862,3
20863,5
20864,4
20865,5
20866,5
20867,0
20868,3
20869,5
20870,5
20871,4
20872,3
20873,5
20874,4
20875,5
20876,5
20877,4
20878,5
20879,4
20880,5
20881,3
20882,5
20883,4
20884,0
20885,2
20886,0
20887,3
20888,5
20889,0
20890,0
20891,0
20892,4
20893,0
20894,0
20895,5
20896,2
20897,5
20898,3
20899,5
20900,5
20901,5
20902,5
20903,5
20904,2
20905,2
20906,5
20907,5
20908,5
20909,5
20910,5
20911,5
20912,5
20913,4
20914,5
20915,0
20916,5
20917,5
20918,5
20919,5
20920,5
20921,5
20922,3
20923,0
20924,5
20925,5
20926,5
20927,3
20928,5
20929,3
20930,5
20931,2
20932,5
20933,5
20934,5
20935,5
20936,0
20937,5
20938,5
20939,5
20940,0
20941,5
20942,5
20943,5
20944,5
20945,5
20946,5
20947,3
20948,4
20949,5
20950,5
20951,5
20952,5
20953,5
20954,5
20955,5
20956,5
20957,5
20958,5
20959,2
20960,5
20961,5
20962,3
20963,1
20964,5
20965,4
20966,5
20967,1
20968,5
20969,4
20970,5
20971,3
20972,5
20973,5
20974,5
20975,5
20976,3
20977,5
20978,0
20979,5
20980,3
20981,5
20982,4
20983,4
20984,1
20985,3
20986,3
20987,5
20988,3
20989,3
20990,3
20991,1
20992,0
20993,3
20994,4
20995,2
20996,5
20997,1
20998,4
20999,5
21000,1
21001,5
21002,5
21003,3
21004,3
21005,4
21006,4
21007,5
21008,5
21009,5
21010,3
21011,5
21012,5
21013,0
21014,5
21015,4
21016,0
21017,4
21018,4
21019,4
21020,5
21021,5
21022,5
21023,4
21024,1
21025,4
21026,0
21027,5
21028,5
21029,4
21030,4
21031,5
21032,4
21033,4
21034,5
21035,4
21036,5
21037,5
21038,2
21039,3
21040,2
21041,5
21042,2
21043,2
21044,5
21045,5
21046,4
21047,5
21048,4
21049,3
21050,5
21051,4
21052,5
21053,5
21054,3
21055,5
21056,4
21057,4
21058,5
21059,6
21060,3
21061,4
21062,3
21063,6
21064,5
21065,6
21066,4
21067,3
21068,5
21069,5
21070,4
21071,5
21072,4
21073,3
21074,4
21075,5
21076,5
21077,0
21078,5
21079,4
21080,5
21081,0
21082,2
21083,3
21084,4
21085,0
21086,4
21087,5
21088,5
21089,5
21090,5
21091,5
21092,5
21093,5
21094,4
21095,5
21096,5
21097,5
21098,1
21099,5
21100,4
21101,5
21102,5
21103,4
21104,5
21105,3
21106,4
21107,4
21108,5
21109,5
21110,6
21111,2
21112,3
21113,4
21114,4
21115,5
21116,5
21117,1
21118,5
21119,5
21120,5
21121,4
21122,4
21123,5
21124,2
21125,1
21126,4
21127,3
21128,4
21129,5
21130,3
21131,5
21132,0
21133,5
21134,5
21135,1
21136,4
21137,3
21138,5
21139,5
21140,6
21141,6
21142,5
21143,5
21144,5
21145,6
21146,0
21147,4
21148,5
21149,5
21150,5
21151,5
21152,5
21153,4
21154,3
21155,5
21156,5
21157,5
21158,4
21159,5
21160,4
21161,5
21162,5
21163,5
21164,3
21165,5
21166,3
21167,5
21168,5
21169,4
21170,5
21171,5
21172,1
21173,3
21174,4
21175,3
21176,3
21177,3
21178,3
21179,5
21180,5
21181,5
21182,5
21183,5
21184,5
21185,4
21186,5
21187,0
21188,2
21189,5
21190,4
21191,4
21192,4
21193,5
21194,3
21195,3
21196,5
21197,5
21198,6
21199,0
21200,5
21201,5
21202,5
21203,4
21204,0
21205,5
21206,5
21207,5
21208,5
21209,4
21210,5
21211,5
21212,5
21213,4
21214,6
21215,5
21216,3
21217,0
21218,5
21219,3
21220,4
21221,5
21222,4
21223,4
21224,5
21225,5
21226,5
21227,1
21228,3
21229,5
21230,4
21231,4
21232,5
21233,5
21234,5
21235,4
21236,4
21237,5
21238,5
21239,5
21240,2
21241,0
21242,5
21243,5
21244,5
21245,3
21246,4
21247,3
21248,4
21249,4
21250,3
21251,4
21252,4
21253,5
21254,5
21255,4
21256,5
21257,5
21258,4
21259,5
21260,5
21261,0
21262,4
21263,4
21264,2
21265,5
21266,5
21267,2
21268,6
21269,3
21270,2
21271,3
21272,3
21273,5
21274,4
21275,4
21276,4
21277,4
21278,5
21279,5
21280,5
21281,4
21282,4
21283,4
21284,4
21285,5
21286,5
21287,5
21288,5
21289,5
21290,4
21291,4
21292,5
21293,4
21294,4
21295,2
21296,5
21297,3
21298,5
21299,3
21300,5
21301,5
21302,5
21303,3
21304,5
21305,5
21306,5
21307,5
21308,5
21309,6
21310,5
21311,4
21312,5
21313,0
21314,5
21315,5
21316,3
21317,5
21318,0
21319,5
21320,5
21321,3
21322,5
21323,3
21324,3
21325,3
21326,5
21327,3
21328,4
21329,5
21330,3
21331,5
21332,0
21333,5
21334,5
21335,2
21336,0
21337,5
21338,5
21339,3
21340,3
21341,4
21342,0
21343,4
21344,2
21345,5
21346,5
21347,0
21348,3
21349,4
21350,5
21351,5
21352,5
21353,3
21354,5
21355,5
21356,4
21357,5
21358,0
21359,4
21360,6
21361,5
21362,4
21363,5
21364,5
21365,2
21366,3
21367,5
21368,3
21369,4
21370,5
21371,3
21372,5
21373,5
21374,5
21375,5
21376,5
21377,5
21378,4
21379,3
21380,1
21381,5
21382,5
21383,5
21384,5
21385,5
21386,5
21387,5
21388,5
21389,0
21390,1
21391,5
21392,5
21393,5
21394,5
21395,5
21396,4
21397,3
21398,4
21399,1
21400,5
21401,5
21402,5
21403,2
21404,5
21405,5
21406,3
21407,3
21408,4
21409,5
21410,4
21411,5
21412,4
21413,4
21414,4
21415,4
21416,4
21417,5
21418,5
21419,3
21420,4
21421,5
21422,5
21423,5
21424,4
21425,0
21426,3
21427,5
21428,3
21429,5
21430,5
21431,5
21432,5
21433,4
21434,4
21435,4
21436,4
21437,5
21438,4
21439,4
21440,4
21441,5
21442,5
21443,5
21444,5
21445,5
21446,6
21447,5
21448,5
21449,5
21450,5
21451,5
21452,3
21453,5
21454,4
21455,5
21456,0
21457,3
21458,5
21459,5
21460,2
21461,4
21462,4
21463,5
21464,5
21465,0
21466,4
21467,4
21468,5
21469,4
21470,4
21471,3
21472,3
21473,3
21474,5
21475,3
21476,5
21477,5
21478,3
21479,1
21480,3
21481,5
21482,5
21483,5
21484,5
21485,5
21486,1
21487,5
21488,5
21489,0
21490,5
21491,4
21492,4
21493,5
21494,2
21495,5
21496,5
21497,5
21498,1
21499,1
21500,2
21501,5
21502,4
21503,5
21504,4
21505,5
21506,4
21507,3
21508,3
21509,0
21510,5
21511,3
21512,5
21513,5
21514,3
21515,5
21516,3
21517,4
21518,4
21519,5
21520,0
21521,0
21522,5
21523,5
21524,5
21525,1
21526,3
21527,5
21528,3
21529,5
21530,5
21531,5
21532,3
21533,5
21534,4
21535,5
21536,5
21537,4
21538,3
21539,5
21540,5
21541,4
21542,5
21543,4
21544,5
21545,5
21546,3
21547,5
21548,5
21549,6
21550,3
21551,4
21552,5
21553,0
21554,0
21555,4
21556,0
21557,5
21558,5
21559,5
21560,5
21561,5
21562,5
21563,5
21564,5
21565,3
21566,3
21567,5
21568,5
21569,5
21570,0
21571,5
21572,5
21573,4
21574,4
21575,4
21576,3
21577,4
21578,3
21579,0
21580,3
21581,5
21582,5
21583,3
21584,3
21585,5
21586,5
21587,3
21588,2
21589,5
21590,5
21591,2
21592,5
21593,4
21594,4
21595,3
21596,4
21597,0
21598,0
21599,5
21600,4
21601,2
21602,3
21603,3
21604,3
21605,3
21606,3
21607,3
21608,5
21609,5
21610,0
21611,5
21612,5
21613,4
21614,5
21615,4
21616,5
21617,5
21618,0
21619,5
21620,5
21621,5
21622,5
21623,5
21624,5
21625,5
21626,5
21627,3
21628,3
21629,5
21630,5
21631,6
21632,3
21633,4
21634,5
21635,5
21636,3
21637,0
21638,0
21639,5
21640,5
21641,5
21642,3
21643,5
21644,3
21645,4
21646,5
21647,5
21648,5
21649,5
21650,5
21651,5
21652,3
21653,5
21654,4
21655,4
21656,4
21657,0
21658,1
21659,5
21660,1
21661,5
21662,4
21663,5
21664,5
21665,2
21666,0
21667,5
21668,5
21669,5
21670,4
21671,3
21672,5
21673,5
21674,1
21675,4
21676,5
21677,3
21678,0
21679,5
21680,5
21681,4
21682,5
21683,3
21684,5
21685,5
21686,5
21687,4
21688,5
21689,3
21690,5
21691,5
21692,5
21693,3
21694,0
21695,4
21696,3
21697,5
21698,5
21699,2
21700,0
21701,3
21702,0
21703,3
21704,1
21705,3
21706,4
21707,3
21708,5
21709,3
21710,5
21711,3
21712,3
21713,5
21714,3
21715,5
21716,1
21717,5
21718,0
21719,5
21720,4
21721,5
21722,4
21723,5
21724,5
21725,4
21726,5
21727,6
21728,5
21729,5
21730,1
21731,5
21732,0
21733,5
21734,4
21735,3
21736,1
21737,5
21738,5
21739,5
21740,4
21741,3
21742,5
21743,2
21744,1
21745,2
21746,5
21747,5
21748,5
21749,0
21750,5
21751,5
21752,5
21753,5
21754,0
21755,5
21756,3
21757,5
21758,5
21759,4
21760,2
21761,3
21762,4
21763,4
21764,5
21765,5
21766,5
21767,3
21768,2
21769,3
21770,5
21771,5
21772,5
21773,2
21774,5
21775,5
21776,5
21777,5
21778,4
21779,5
21780,3
21781,0
21782,5
21783,5
21784,5
21785,5
21786,5
21787,5
21788,5
21789,5
21790,3
21791,4
21792,5
21793,3
21794,5
21795,4
21796,4
21797,5
21798,5
21799,5
21800,5
21801,5
21802,0
21803,5
21804,0
21805,3
21806,5
21807,0
21808,5
21809,2
21810,5
21811,4
21812,5
21813,5
21814,5
21815,5
21816,5
21817,5
21818,3
21819,3
21820,5
21821,3
21822,1
21823,5
21824,5
21825,5
21826,5
21827,4
21828,5
21829,1
21830,4
21831,4
21832,4
21833,4
21834,5
21835,4
21836,5
21837,5
21838,5
21839,2
21840,5
21841,3
21842,4
21843,3
21844,3
21845,3
21846,4
21847,5
21848,5
21849,5
21850,2
21851,3
21852,5
21853,4
21854,2
21855,5
21856,5
21857,3
21858,5
21859,2
21860,2
21861,5
21862,0
21863,2
21864,5
21865,0
21866,4
21867,5
21868,0
21869,5
21870,5
21871,2
21872,0
21873,4
21874,5
21875,5
21876,0
21877,0
21878,5
21879,5
21880,5
21881,4
21882,4
21883,5
21884,4
21885,2
21886,2
21887,0
21888,5
21889,4
21890,5
21891,5
21892,5
21893,5
21894,5
21895,5
21896,5
21897,4
21898,5
21899,4
21900,5
21901,0
21902,5
21903,5
21904,5
21905,5
21906,5
21907,3
21908,5
21909,4
21910,5
21911,5
21912,5
21913,3
21914,5
21915,3
21916,5
21917,3
21918,5
21919,4
21920,5
21921,4
21922,4
21923,4
21924,5
21925,5
21926,5
21927,5
21928,5
21929,5
21930,4
21931,4
21932,5
21933,5
21934,3
21935,3
21936,5
21937,5
21938,2
21939,5
21940,5
21941,5
21942,3
21943,5
21944,4
21945,4
21946,5
21947,5
21948,4
21949,5
21950,5
21951,5
21952,5
21953,5
21954,5
21955,5
21956,5
21957,5
21958,4
21959,5
21960,5
21961,4
21962,4
21963,5
21964,5
21965,5
21966,5
21967,4
21968,5
21969,5
21970,0
21971,5
21972,5
21973,5
21974,5
21975,5
21976,5
21977,5
21978,4
21979,2
21980,0
21981,5
21982,5
21983,2
21984,5
21985,5
21986,5
21987,5
21988,5
21989,5
21990,4
21991,3
21992,5
21993,4
21994,5
21995,3
21996,4
21997,4
21998,2
21999,3
22000,5
22001,5
22002,5
22003,0
22004,5
22005,5
22006,5
22007,2
22008,5
22009,2
22010,0
22011,0
22012,5
22013,4
22014,3
22015,3
22016,3
22017,5
22018,5
22019,5
22020,0
22021,0
22022,5
22023,5
22024,3
22025,4
22026,5
22027,2
22028,5
22029,4
22030,5
22031,4
22032,5
22033,5
22034,4
22035,0
22036,5
22037,3
22038,3
22039,5
22040,4
22041,2
22042,3
22043,5
22044,3
22045,5
22046,5
22047,5
22048,5
22049,5
22050,5
22051,2
22052,5
22053,3
22054,5
22055,5
22056,6
22057,5
22058,3
22059,2
22060,5
22061,5
22062,3
22063,5
22064,4
22065,5
22066,0
22067,5
22068,5
22069,3
22070,4
22071,5
22072,0
22073,5
22074,4
22075,5
22076,5
22077,2
22078,5
22079,3
22080,4
22081,0
22082,4
22083,4
22084,5
22085,5
22086,0
22087,4
22088,6
22089,5
22090,5
22091,5
22092,5
22093,5
22094,5
22095,5
22096,3
22097,5
22098,4
22099,4
22100,5
22101,3
22102,5
22103,3
22104,5
22105,3
22106,4
22107,3
22108,3
22109,3
22110,3
22111,3
22112,4
22113,3
22114,4
22115,0
22116,3
22117,0
22118,0
22119,0
22120,3
22121,1
22122,4
22123,1
22124,4
22125,5
22126,2
22127,6
22128,5
22129,0
22130,5
22131,0
22132,4
22133,4
22134,4
22135,5
22136,5
22137,3
22138,5
22139,5
22140,5
22141,5
22142,5
22143,5
22144,5
22145,5
22146,5
22147,2
22148,4
22149,5
22150,3
22151,3
22152,4
22153,5
22154,5
22155,4
22156,4
22157,4
22158,4
22159,4
22160,3
22161,3
22162,5
22163,5
22164,5
22165,5
22166,5
22167,5
22168,3
22169,5
22170,0
22171,0
22172,5
22173,0
22174,3
22175,5
22176,2
22177,5
22178,5
22179,5
22180,5
22181,0
22182,5
22183,5
22184,5
22185,0
22186,4
22187,4
22188,5
22189,4
22190,4
22191,3
22192,2
22193,2
22194,4
22195,0
22196,5
22197,5
22198,5
22199,4
22200,4
22201,5
22202,0
22203,5
22204,0
22205,2
22206,5
22207,5
22208,5
22209,0
22210,4
22211,5
22212,3
22213,3
22214,0
22215,1
22216,5
22217,5
22218,5
22219,5
22220,2
22221,0
22222,5
22223,2
22224,5
22225,5
22226,5
22227,5
22228,4
22229,3
22230,3
22231,4
22232,5
22233,5
22234,5
22235,4
22236,4
22237,2
22238,4
22239,3
22240,2
22241,0
22242,1
22243,2
22244,5
22245,3
22246,4
22247,5
22248,0
22249,5
22250,0
22251,2
22252,3
22253,5
22254,4
22255,5
22256,5
22257,5
22258,3
22259,5
22260,4
22261,5
22262,5
22263,5
22264,0
22265,5
22266,2
22267,4
22268,5
22269,3
22270,2
22271,4
22272,4
22273,3
22274,6
22275,5
22276,5
22277,4
22278,5
22279,5
22280,5
22281,5
22282,3
22283,2
22284,5
22285,1
22286,4
22287,3
22288,5
22289,4
22290,4
22291,4
22292,4
22293,4
22294,4
22295,1
22296,1
22297,4
22298,3
22299,5
22300,4
22301,5
22302,5
22303,4
22304,4
22305,4
22306,0
22307,4
22308,0
22309,3
22310,4
22311,0
22312,4
22313,4
22314,4
22315,0
22316,0
22317,5
22318,5
22319,5
22320,5
22321,4
22322,0
22323,0
22324,3
22325,3
22326,0
22327,0
22328,4
22329,2
22330,4
22331,2
22332,5
22333,5
22334,4
22335,5
22336,5
22337,3
22338,4
22339,4
22340,0
22341,4
22342,4
22343,2
22344,5
22345,5
22346,5
22347,0
22348,4
22349,5
22350,5
22351,5
22352,4
22353,5
22354,6
22355,5
22356,0
22357,3
22358,5
22359,5
22360,6
22361,5
22362,5
22363,4
22364,4
22365,4
22366,5
22367,5
22368,3
22369,5
22370,0
22371,5
22372,5
22373,5
22374,4
22375,5
22376,5
22377,4
22378,5
22379,1
22380,5
22381,5
22382,3
22383,5
22384,4
22385,4
22386,5
22387,5
22388,6
22389,4
22390,0
22391,3
22392,3
22393,0
22394,5
22395,5
22396,2
22397,1
22398,5
22399,5
22400,3
22401,2
22402,3
22403,4
22404,2
22405,3
22406,4
22407,5
22408,4
22409,5
22410,5
22411,6
22412,5
22413,5
22414,4
22415,4
22416,2
22417,4
22418,6
22419,4
22420,4
22421,5
22422,6
22423,6
22424,6
22425,5
22426,4
22427,6
22428,4
22429,6
22430,5
22431,4
22432,5
22433,5
22434,1
22435,5
22436,1
22437,5
22438,2
22439,3
22440,5
22441,3
22442,3
22443,3
22444,5
22445,6
22446,0
22447,2
22448,6
22449,2
22450,5
22451,3
22452,3
22453,0
22454,5
22455,5
22456,3
22457,5
22458,6
22459,3
22460,0
22461,5
22462,5
22463,5
22464,5
22465,4
22466,5
22467,5
22468,3
22469,6
22470,6
22471,3
22472,0
22473,5
22474,0
22475,5
22476,5
22477,5
22478,3
22479,3
22480,4
22481,3
22482,1
22483,1
22484,6
22485,6
22486,6
22487,6
22488,4
22489,2
22490,1
22491,4
22492,5
22493,5
22494,5
22495,5
22496,3
22497,3
22498,2
22499,4
22500,2
22501,5
22502,6
22503,4
22504,6
22505,3
22506,3
22507,3
22508,5
22509,3
22510,5
22511,5
22512,4
22513,5
22514,5
22515,3
22516,3
22517,5
22518,5
22519,6
22520,5
22521,0
22522,2
22523,5
22524,5
22525,3
22526,5
22527,4
22528,2
22529,5
22530,4
22531,5
22532,5
22533,6
22534,5
22535,5
22536,0
22537,5
22538,3
22539,4
22540,3
22541,0
22542,5
22543,4
22544,5
22545,4
22546,3
22547,5
22548,4
22549,4
22550,5
22551,6
22552,5
22553,5
22554,5
22555,4
22556,3
22557,5
22558,0
22559,2
22560,5
22561,5
22562,2
22563,2
22564,5
22565,5
22566,6
22567,5
22568,5
22569,5
22570,5
22571,0
22572,5
22573,5
22574,4
22575,5
22576,5
22577,6
22578,5
22579,0
22580,4
22581,5
22582,4
22583,3
22584,3
22585,4
22586,4
22587,5
22588,5
22589,0
22590,4
22591,4
22592,4
22593,6
22594,2
22595,5
22596,3
22597,5
22598,3
22599,5
22600,5
22601,3
22602,0
22603,2
22604,5
22605,4
22606,5
22607,5
22608,6
22609,5
22610,5
22611,2
22612,2
22613,4
22614,5
22615,5
22616,5
22617,2
22618,3
22619,5
22620,3
22621,3
22622,5
22623,5
22624,5
22625,4
22626,2
22627,4
22628,4
22629,0
22630,0
22631,5
22632,1
22633,4
22634,3
22635,5
22636,5
22637,3
22638,5
22639,5
22640,4
22641,4
22642,4
22643,4
22644,4
22645,5
22646,4
22647,3
22648,4
22649,4
22650,5
22651,5
22652,4
22653,0
22654,4
22655,6
22656,5
22657,0
22658,4
22659,4
22660,5
22661,0
22662,5
22663,5
22664,4
22665,5
22666,5
22667,6
22668,3
22669,4
22670,5
22671,4
22672,5
22673,5
22674,6
22675,4
22676,0
22677,5
22678,0
22679,5
22680,0
22681,0
22682,3
22683,3
22684,5
22685,3
22686,4
22687,2
22688,2
22689,4
22690,4
22691,5
22692,4
22693,5
22694,5
22695,4
22696,5
22697,5
22698,5
22699,4
22700,4
22701,1
22702,3
22703,5
22704,5
22705,5
22706,6
22707,1
22708,3
22709,0
22710,1
22711,1
22712,4
22713,3
22714,4
22715,0
22716,4
22717,0
22718,1
22719,5
22720,5
22721,5
22722,4
22723,5
22724,4
22725,5
22726,5
22727,5
22728,4
22729,5
22730,4
22731,5
22732,5
22733,5
22734,5
22735,2
22736,5
22737,5
22738,5
22739,4
22740,5
22741,5
22742,4
22743,3
22744,5
22745,4
22746,0
22747,5
22748,5
22749,5
22750,5
22751,5
22752,5
22753,4
22754,2
22755,5
22756,0
22757,4
22758,4
22759,5
22760,5
22761,3
22762,5
22763,5
22764,5
22765,0
22766,2
22767,4
22768,5
22769,2
22770,4
22771,5
22772,0
22773,0
22774,6
22775,0
22776,5
22777,5
22778,6
22779,6
22780,5
22781,5
22782,4
22783,4
22784,5
22785,3
22786,4
22787,5
22788,2
22789,5
22790,6
22791,4
22792,5
22793,2
22794,5
22795,5
22796,5
22797,1
22798,5
22799,5
22800,6
22801,2
22802,2
22803,4
22804,3
22805,5
22806,5
22807,5
22808,5
22809,0
22810,5
22811,5
22812,5
22813,5
22814,4
22815,3
22816,6
22817,5
22818,0
22819,2
22820,5
22821,5
22822,5
22823,0
22824,0
22825,3
22826,2
22827,3
22828,4
22829,3
22830,5
22831,3
22832,5
22833,5
22834,0
22835,0
22836,2
22837,5
22838,4
22839,5
22840,3
22841,0
22842,2
22843,5
22844,5
22845,2
22846,5
22847,4
22848,6
22849,2
22850,5
22851,5
22852,5
22853,5
22854,5
22855,3
22856,5
22857,5
22858,5
22859,5
22860,0
22861,3
22862,2
22863,5
22864,0
22865,5
22866,3
22867,0
22868,4
22869,2
22870,2
22871,4
22872,5
22873,6
22874,5
22875,3
22876,0
22877,0
22878,5
22879,5
22880,4
22881,5
22882,0
22883,4
22884,5
22885,0
22886,5
22887,5
22888,5
22889,0
22890,5
22891,1
22892,4
22893,4
22894,2
22895,5
22896,5
22897,3
22898,5
22899,2
22900,0
22901,6
22902,0
22903,5
22904,4
22905,5
22906,3
22907,0
22908,3
22909,3
22910,0
22911,0
22912,0
22913,6
22914,5
22915,3
22916,5
22917,5
22918,2
22919,3
22920,5
22921,5
22922,2
22923,0
22924,0
22925,4
22926,4
22927,3
22928,3
22929,5
22930,4
22931,0
22932,5
22933,5
22934,3
22935,5
22936,5
22937,5
22938,2
22939,2
22940,4
22941,3
22942,3
22943,5
22944,2
22945,5
22946,5
22947,5
22948,2
22949,4
22950,5
22951,6
22952,0
22953,0
22954,0
22955,4
22956,0
22957,5
22958,5
22959,5
22960,5
22961,5
22962,0
22963,3
22964,3
22965,0
22966,4
22967,5
22968,3
22969,0
22970,5
22971,5
22972,5
22973,3
22974,5
22975,4
22976,3
22977,5
22978,4
22979,5
22980,4
22981,4
22982,5
22983,3
22984,5
22985,3
22986,4
22987,0
22988,5
22989,5
22990,6
22991,5
22992,5
22993,5
22994,5
22995,5
22996,5
22997,2
22998,3
22999,5
23000,0
23001,4
23002,2
23003,5
23004,5
23005,3
23006,5
23007,2
23008,3
23009,5
23010,4
23011,3
23012,5
23013,3
23014,5
23015,0
23016,2
23017,3
23018,5
23019,5
23020,5
23021,4
23022,5
23023,2
23024,5
23025,5
23026,5
23027,5
23028,2
23029,5
23030,4
23031,0
23032,4
23033,3
23034,4
23035,0
23036,2
23037,5
23038,5
23039,5
23040,5
23041,3
23042,5
23043,5
23044,4
23045,5
23046,4
23047,4
23048,0
23049,2
23050,5
23051,5
23052,4
23053,3
23054,5
23055,4
23056,3
23057,4
23058,4
23059,2
23060,5
23061,5
23062,5
23063,5
23064,5
23065,5
23066,2
23067,4
23068,5
23069,5
23070,5
23071,4
23072,5
23073,3
23074,5
23075,5
23076,4
23077,5
23078,5
23079,5
23080,5
23081,5
23082,4
23083,4
23084,3
23085,4
23086,3
23087,3
23088,3
23089,4
23090,4
23091,4
23092,4
23093,4
23094,5
23095,4
23096,4
23097,5
23098,4
23099,5
23100,3
23101,4
23102,5
23103,5
23104,5
23105,5
23106,3
23107,0
23108,5
23109,3
23110,3
23111,4
23112,3
23113,3
23114,4
23115,0
23116,0
23117,3
23118,4
23119,3
23120,0
23121,2
23122,2
23123,0
23124,5
23125,5
23126,5
23127,5
23128,5
23129,4
23130,5
23131,5
23132,5
23133,5
23134,0
23135,5
23136,4
23137,4
23138,3
23139,4
23140,0
23141,2
23142,5
23143,5
23144,5
23145,4
23146,0
23147,5
23148,5
23149,2
23150,5
23151,0
23152,4
23153,5
23154,5
23155,4
23156,5
23157,5
23158,4
23159,4
23160,6
23161,3
23162,5
23163,5
23164,0
23165,0
23166,3
23167,5
23168,3
23169,3
23170,6
23171,4
23172,3
23173,3
23174,0
23175,6
23176,4
23177,4
23178,6
23179,1
23180,5
23181,5
23182,5
23183,5
23184,5
23185,5
23186,5
23187,5
23188,5
23189,5
23190,3
23191,5
23192,5
23193,4
23194,0
23195,3
23196,5
23197,5
23198,3
23199,3
23200,4
23201,0
23202,5
23203,5
23204,3
23205,5
23206,3
23207,5
23208,3
23209,4
23210,5
23211,5
23212,2
23213,3
23214,5
23215,5
23216,4
23217,1
23218,0
23219,4
23220,3
23221,4
23222,5
23223,4
23224,5
23225,5
23226,0
23227,5
23228,3
23229,5
23230,5
23231,0
23232,3
23233,5
23234,5
23235,2
23236,5
23237,1
23238,4
23239,4
23240,5
23241,4
23242,4
23243,4
23244,5
23245,5
23246,5
23247,3
23248,5
23249,0
23250,5
23251,5
23252,2
23253,5
23254,5
23255,4
23256,3
23257,4
23258,3
23259,4
23260,4
23261,4
23262,4
23263,0
23264,0
23265,6
23266,3
23267,5
23268,3
23269,5
23270,5
23271,4
23272,3
23273,5
23274,4
23275,5
23276,3
23277,2
23278,0
23279,4
23280,4
23281,0
23282,5
23283,4
23284,5
23285,5
23286,5
23287,3
23288,0
23289,0
23290,5
23291,4
23292,5
23293,3
23294,4
23295,5
23296,5
23297,4
23298,0
23299,4
23300,4
23301,4
23302,5
23303,0
23304,5
23305,3
23306,3
23307,5
23308,5
23309,2
23310,3
23311,4
23312,5
23313,5
23314,4
23315,5
23316,0
23317,0
23318,5
23319,3
23320,3
23321,5
23322,5
23323,4
23324,3
23325,5
23326,5
23327,5
23328,5
23329,5
23330,4
23331,4
23332,3
23333,3
23334,0
23335,5
23336,3
23337,0
23338,0
23339,6
23340,4
23341,0
23342,5
23343,5
23344,5
23345,5
23346,5
23347,4
23348,5
23349,4
23350,0
23351,4
23352,5
23353,5
23354,0
23355,3
23356,5
23357,4
23358,4
23359,5
23360,4
23361,4
23362,4
23363,3
23364,5
23365,5
23366,4
23367,4
23368,5
23369,3
23370,4
23371,4
23372,5
23373,5
23374,5
23375,5
23376,5
23377,3
23378,5
23379,0
23380,5
23381,5
23382,4
23383,5
23384,5
23385,4
23386,5
23387,5
23388,4
23389,4
23390,4
23391,5
23392,6
23393,5
23394,5
23395,4
23396,4
23397,5
23398,5
23399,3
23400,2
23401,2
23402,4
23403,5
23404,4
23405,5
23406,4
23407,4
23408,5
23409,5
23410,4
23411,2
23412,5
23413,4
23414,0
23415,0
23416,3
23417,3
23418,4
23419,5
23420,5
23421,2
23422,2
23423,4
23424,4
23425,4
23426,3
23427,1
23428,3
23429,5
23430,5
23431,4
23432,5
23433,5
23434,5
23435,6
23436,5
23437,5
23438,5
23439,4
23440,5
23441,4
23442,5
23443,5
23444,4
23445,5
23446,5
23447,5
23448,0
23449,0
23450,5
23451,5
23452,4
23453,5
23454,5
23455,5
23456,5
23457,4
23458,4
23459,4
23460,5
23461,3
23462,3
23463,5
23464,4
23465,5
23466,3
23467,5
23468,5
23469,4
23470,4
23471,5
23472,5
23473,5
23474,4
23475,5
23476,5
23477,5
23478,4
23479,5
23480,4
23481,4
23482,4
23483,3
23484,5
23485,5
23486,5
23487,5
23488,4
23489,5
23490,5
23491,5
23492,5
23493,5
23494,5
23495,5
23496,4
23497,5
23498,5
23499,5
23500,4
23501,4
23502,5
23503,4
23504,5
23505,4
23506,5
23507,5
23508,5
23509,5
23510,5
23511,3
23512,3
23513,5
23514,4
23515,5
23516,5
23517,2
23518,4
23519,5
23520,5
23521,6
23522,5
23523,5
23524,5
23525,5
23526,5
23527,2
23528,5
23529,5
23530,4
23531,5
23532,5
23533,5
23534,4
23535,5
23536,5
23537,4
23538,4
23539,5
23540,5
23541,0
23542,4
23543,3
23544,5
23545,4
23546,6
23547,5
23548,4
23549,5
23550,5
23551,5
23552,5
23553,5
23554,2
23555,3
23556,2
23557,5
23558,5
23559,4
23560,5
23561,5
23562,5
23563,5
23564,2
23565,3
23566,5
23567,1
23568,5
23569,5
23570,5
23571,2
23572,4
23573,4
23574,5
23575,5
23576,4
23577,5
23578,3
23579,5
23580,5
23581,5
23582,5
23583,4
23584,5
23585,5
23586,5
23587,5
23588,4
23589,6
23590,5
23591,5
23592,5
23593,6
23594,4
23595,3
23596,5
23597,2
23598,2
23599,5
23600,5
23601,5
23602,5
23603,0
23604,5
23605,5
23606,3
23607,5
23608,5
23609,5
23610,4
23611,5
23612,4
23613,5
23614,5
23615,5
23616,5
23617,1
23618,3
23619,1
23620,5
23621,5
23622,4
23623,5
23624,5
23625,5
23626,5
23627,5
23628,5
23629,2
23630,6
23631,4
23632,5
23633,5
23634,5
23635,5
23636,6
23637,5
23638,5
23639,5
23640,3
23641,5
23642,5
23643,5
23644,2
23645,5
23646,2
23647,5
23648,5
23649,5
23650,5
23651,5
23652,5
23653,5
23654,5
23655,3
23656,5
23657,4
23658,4
23659,2
23660,5
23661,5
23662,4
23663,5
23664,6
23665,4
23666,3
23667,5
23668,4
23669,4
23670,4
23671,4
23672,4
23673,5
23674,5
23675,2
23676,5
23677,5
23678,5
23679,5
23680,5
23681,5
23682,5
23683,5
23684,3
23685,5
23686,5
23687,5
23688,5
23689,4
23690,3
23691,2
23692,5
23693,4
23694,5
23695,5
23696,4
23697,5
23698,5
23699,4
23700,5
23701,5
23702,5
23703,5
23704,5
23705,5
23706,5
23707,5
23708,6
23709,3
23710,5
23711,4
23712,5
23713,3
23714,5
23715,5
23716,5
23717,2
23718,5
23719,5
23720,3
23721,4
23722,5
23723,4
23724,2
23725,0
23726,3
23727,5
23728,6
23729,4
23730,5
23731,2
23732,4
23733,3
23734,5
23735,5
23736,5
23737,5
23738,5
23739,5
23740,5
23741,3
23742,5
23743,4
23744,5
23745,4
23746,2
23747,0
23748,5
23749,4
23750,5
23751,5
23752,5
23753,5
23754,4
23755,5
23756,3
23757,5
23758,5
23759,4
23760,3
23761,5
23762,5
23763,4
23764,5
23765,5
23766,4
23767,5
23768,5
23769,5
23770,4
23771,5
23772,5
23773,2
23774,5
23775,2
23776,3
23777,0
23778,4
23779,5
23780,5
23781,5
23782,5
23783,5
23784,5
23785,1
23786,5
23787,4
23788,5
23789,5
23790,5
23791,0
23792,5
23793,4
23794,5
23795,3
23796,4
23797,5
23798,5
23799,3
23800,5
23801,5
23802,4
23803,4
23804,5
23805,5
23806,4
23807,5
23808,5
23809,1
23810,4
23811,4
23812,5
23813,1
23814,5
23815,5
23816,5
23817,5
23818,5
23819,4
23820,5
23821,4
23822,4
23823,3
23824,5
23825,4
23826,5
23827,5
23828,3
23829,4
23830,4
23831,5
23832,6
23833,5
23834,2
23835,3
23836,4
23837,3
23838,6
23839,5
23840,5
23841,5
23842,3
23843,5
23844,5
23845,5
23846,5
23847,3
23848,5
23849,2
23850,5
23851,4
23852,4
23853,5
23854,5
23855,5
23856,5
23857,3
23858,5
23859,5
23860,5
23861,5
23862,5
23863,5
23864,5
23865,5
23866,4
23867,5
23868,5
23869,4
23870,5
23871,5
23872,6
23873,3
23874,3
23875,3
23876,3
23877,5
23878,4
23879,3
23880,4
23881,3
23882,5
23883,0
23884,5
23885,5
23886,3
23887,6
23888,3
23889,5
23890,5
23891,5
23892,5
23893,2
23894,5
23895,4
23896,5
23897,3
23898,5
23899,5
23900,6
23901,5
23902,4
23903,2
23904,4
23905,5
23906,5
23907,5
23908,5
23909,3
23910,5
23911,4
23912,4
23913,5
23914,4
23915,3
23916,5
23917,5
23918,5
23919,5
23920,5
23921,5
23922,5
23923,0
23924,5
23925,5
23926,4
23927,5
23928,2
23929,5
23930,0
23931,5
23932,0
23933,5
23934,0
23935,4
23936,5
23937,3
23938,5
23939,3
23940,5
23941,5
23942,4
23943,3
23944,5
23945,3
23946,3
23947,6
23948,5
23949,5
23950,5
23951,5
23952,4
23953,5
23954,5
23955,5
23956,2
23957,5
23958,2
23959,5
23960,5
23961,5
23962,5
23963,5
23964,5
23965,3
23966,2
23967,5
23968,4
23969,5
23970,5
23971,5
23972,0
23973,4
23974,5
23975,0
23976,4
23977,0
23978,4
23979,5
23980,4
23981,6
23982,3
23983,5
23984,5
23985,6
23986,0
23987,4
23988,3
23989,3
23990,2
23991,6
23992,5
23993,4
23994,5
23995,3
23996,0
23997,4
23998,5
23999,5
24000,3
24001,4
24002,5
24003,5
24004,6
24005,3
24006,5
24007,3
24008,3
24009,4
24010,3
24011,2
24012,6
24013,3
24014,3
24015,5
24016,3
24017,4
24018,3
24019,5
24020,3
24021,3
24022,3
24023,4
24024,2
24025,5
24026,3
24027,2
24028,5
24029,4
24030,5
24031,5
24032,5
24033,5
24034,4
24035,5
24036,2
24037,3
24038,1
24039,5
24040,5
24041,5
24042,4
24043,1
24044,5
24045,5
24046,3
24047,5
24048,3
24049,5
24050,3
24051,3
24052,0
24053,5
24054,5
24055,5
24056,5
24057,5
24058,5
24059,4
24060,5
24061,5
24062,3
24063,2
24064,5
24065,4
24066,6
24067,5
24068,5
24069,5
24070,5
24071,4
24072,2
24073,5
24074,3
24075,3
24076,5
24077,5
24078,2
24079,2
24080,3
24081,5
24082,4
24083,5
24084,5
24085,6
24086,4
24087,2
24088,5
24089,1
24090,5
24091,4
24092,3
24093,3
24094,5
24095,4
24096,5
24097,3
24098,4
24099,5
24100,5
24101,3
24102,5
24103,4
24104,5
24105,2
24106,4
24107,2
24108,3
24109,5
24110,4
24111,5
24112,5
24113,5
24114,6
24115,4
24116,4
24117,3
24118,3
24119,3
24120,5
24121,5
24122,5
24123,0
24124,2
24125,3
24126,3
24127,6
24128,2
24129,5
24130,5
24131,6
24132,3
24133,3
24134,5
24135,3
24136,3
24137,5
24138,5
24139,3
24140,5
24141,5
24142,5
24143,5
24144,3
24145,5
24146,5
24147,2
24148,2
24149,4
24150,2
24151,3
24152,3
24153,3
24154,3
24155,4
24156,4
24157,5
24158,5
24159,3
24160,3
24161,2
24162,5
24163,5
24164,1
24165,5
24166,5
24167,0
24168,3
24169,4
24170,0
24171,3
24172,5
24173,3
24174,5
24175,3
24176,3
24177,5
24178,5
24179,0
24180,0
24181,5
24182,3
24183,6
24184,2
24185,5
24186,3
24187,5
24188,6
24189,5
24190,1
24191,5
24192,5
24193,5
24194,5
24195,3
24196,2
24197,5
24198,4
24199,5
24200,5
24201,5
24202,2
24203,3
24204,2
24205,4
24206,5
24207,5
24208,2
24209,2
24210,2
24211,2
24212,5
24213,3
24214,5
24215,5
24216,5
24217,2
24218,5
24219,2
24220,5
24221,5
24222,5
24223,4
24224,4
24225,5
24226,2
24227,3
24228,3
24229,2
24230,5
24231,0
24232,6
24233,0
24234,5
24235,4
24236,2
24237,5
24238,4
24239,5
24240,3
24241,2
24242,3
24243,2
24244,0
24245,5
24246,3
24247,5
24248,5
24249,5
24250,4
24251,5
24252,3
24253,1
24254,2
24255,5
24256,5
24257,3
24258,5
24259,4
24260,3
24261,3
24262,5
24263,2
24264,0
24265,5
24266,4
24267,2
24268,5
24269,3
24270,4
24271,3
24272,4
24273,4
24274,4
24275,5
24276,5
24277,0
24278,0
24279,2
24280,2
24281,5
24282,5
24283,4
24284,5
24285,3
24286,4
24287,0
24288,5
24289,0
24290,3
24291,5
24292,4
24293,3
24294,4
24295,3
24296,5
24297,3
24298,2
24299,5
24300,5
24301,3
24302,0
24303,5
24304,2
24305,5
24306,2
24307,4
24308,5
24309,0
24310,5
24311,4
24312,5
24313,0
24314,4
24315,3
24316,2
24317,2
24318,5
24319,5
24320,2
24321,3
24322,1
24323,5
24324,4
24325,3
24326,3
24327,4
24328,5
24329,5
24330,5
24331,2
24332,2
24333,5
24334,6
24335,0
24336,5
24337,3
24338,3
24339,2
24340,3
24341,5
24342,0
24343,5
24344,5
24345,0
24346,0
24347,0
24348,2
24349,4
24350,3
24351,3
24352,2
24353,2
24354,4
24355,4
24356,3
24357,3
24358,6
24359,1
24360,3
24361,0
24362,2
24363,3
24364,6
24365,2
24366,5
24367,3
24368,3
24369,0
24370,3
24371,5
24372,5
24373,0
24374,5
24375,5
24376,6
24377,2
24378,5
24379,3
24380,2
24381,2
24382,2
24383,3
24384,6
24385,4
24386,5
24387,5
24388,5
24389,5
24390,5
24391,5
24392,3
24393,1
24394,2
24395,2
24396,2
24397,5
24398,5
24399,2
24400,4
24401,5
24402,4
24403,3
24404,3
24405,2
24406,3
24407,5
24408,5
24409,5
24410,4
24411,5
24412,3
24413,3
24414,3
24415,3
24416,2
24417,2
24418,4
24419,3
24420,5
24421,2
24422,4
24423,2
24424,3
24425,2
24426,4
24427,3
24428,5
24429,3
24430,3
24431,0
24432,0
24433,5
24434,3
24435,3
24436,3
24437,3
24438,2
24439,5
24440,5
24441,3
24442,5
24443,3
24444,3
24445,3
24446,4
24447,3
24448,5
24449,3
24450,5
24451,4
24452,5
24453,5
24454,5
24455,1
24456,5
24457,3
24458,4
24459,5
24460,5
24461,6
24462,2
24463,0
24464,5
24465,3
24466,3
24467,5
24468,5
24469,5
24470,4
24471,3
24472,5
24473,5
24474,5
24475,2
24476,4
24477,4
24478,3
24479,3
24480,2
24481,3
24482,3
24483,2
24484,3
24485,5
24486,2
24487,2
24488,0
24489,5
24490,5
24491,5
24492,5
24493,3
24494,6
24495,4
24496,3
24497,5
24498,5
24499,3
24500,5
24501,5
24502,5
24503,5
24504,5
24505,0
24506,0
24507,2
24508,3
24509,5
24510,3
24511,5
24512,4
24513,5
24514,0
24515,3
24516,5
24517,3
24518,0
24519,3
24520,3
24521,5
24522,5
24523,4
24524,0
24525,3
24526,5
24527,2
24528,6
24529,3
24530,3
24531,5
24532,2
24533,5
24534,3
24535,3
24536,5
24537,3
24538,3
24539,4
24540,4
24541,5
24542,3
24543,5
24544,1
24545,4
24546,3
24547,3
24548,2
24549,2
24550,2
24551,4
24552,3
24553,5
24554,5
24555,5
24556,0
24557,5
24558,2
24559,5
24560,5
24561,3
24562,3
24563,2
24564,2
24565,5
24566,5
24567,2
24568,5
24569,2
24570,5
24571,3
24572,2
24573,2
24574,1
24575,3
24576,3
24577,3
24578,2
24579,4
24580,5
24581,5
24582,3
24583,3
24584,3
24585,5
24586,5
24587,2
24588,3
24589,3
24590,3
24591,3
24592,5
24593,2
24594,3
24595,1
24596,5
24597,5
24598,4
24599,2
24600,5
24601,0
24602,3
24603,3
24604,2
24605,3
24606,5
24607,5
24608,4
24609,1
24610,5
24611,4
24612,3
24613,0
24614,3
24615,2
24616,4
24617,3
24618,2
24619,5
24620,5
24621,2
24622,5
24623,0
24624,0
24625,3
24626,5
24627,4
24628,5
24629,2
24630,5
24631,5
24632,5
24633,5
24634,4
24635,5
24636,2
24637,4
24638,5
24639,4
24640,3
24641,2
24642,5
24643,4
24644,5
24645,2
24646,5
24647,5
24648,3
24649,3
24650,2
24651,5
24652,5
24653,0
24654,5
24655,4
24656,6
24657,5
24658,5
24659,2
24660,2
24661,5
24662,3
24663,3
24664,3
24665,5
24666,5
24667,3
24668,5
24669,3
24670,2
24671,5
24672,5
24673,3
24674,0
24675,1
24676,3
24677,3
24678,2
24679,5
24680,5
24681,4
24682,5
24683,5
24684,5
24685,5
24686,4
24687,5
24688,5
24689,2
24690,5
24691,6
24692,4
24693,4
24694,5
24695,2
24696,3
24697,2
24698,2
24699,2
24700,2
24701,2
24702,1
24703,5
24704,0
24705,5
24706,2
24707,5
24708,5
24709,5
24710,1
24711,5
24712,5
24713,2
24714,5
24715,5
24716,0
24717,5
24718,4
24719,5
24720,2
24721,5
24722,5
24723,3
24724,4
24725,3
24726,4
24727,5
24728,4
24729,4
24730,3
24731,5
24732,5
24733,4
24734,5
24735,4
24736,5
24737,4
24738,2
24739,4
24740,4
24741,4
24742,1
24743,1
24744,5
24745,0
24746,5
24747,5
24748,5
24749,3
24750,3
24751,2
24752,3
24753,2
24754,5
24755,2
24756,2
24757,5
24758,5
24759,5
24760,2
24761,3
24762,4
24763,6
24764,5
24765,2
24766,5
24767,5
24768,3
24769,4
24770,0
24771,3
24772,4
24773,4
24774,4
24775,2
24776,4
24777,2
24778,2
24779,5
24780,4
24781,3
24782,3
24783,5
24784,3
24785,5
24786,3
24787,4
24788,5
24789,4
24790,0
24791,2
24792,2
24793,3
24794,0
24795,5
24796,3
24797,4
24798,2
24799,3
24800,2
24801,3
24802,5
24803,6
24804,5
24805,6
24806,3
24807,5
24808,2
24809,2
24810,1
24811,2
24812,1
24813,2
24814,5
24815,3
24816,1
24817,4
24818,2
24819,3
24820,2
24821,2
24822,3
24823,4
24824,3
24825,2
24826,5
24827,5
24828,5
24829,2
24830,5
24831,4
24832,2
24833,5
24834,0
24835,5
24836,3
24837,0
24838,2
24839,1
24840,5
24841,5
24842,3
24843,5
24844,2
24845,5
24846,3
24847,5
24848,5
24849,3
24850,3
24851,5
24852,2
24853,5
24854,5
24855,5
24856,1
24857,3
24858,4
24859,2
24860,0
24861,2
24862,3
24863,5
24864,5
24865,5
24866,0
24867,6
24868,3
24869,3
24870,5
24871,4
24872,4
24873,3
24874,5
24875,3
24876,3
24877,2
24878,4
24879,5
24880,4
24881,3
24882,4
24883,3
24884,0
24885,3
24886,1
24887,5
24888,5
24889,5
24890,5
24891,0
24892,2
24893,4
24894,1
24895,3
24896,3
24897,2
24898,4
24899,0
24900,1
24901,2
24902,3
24903,3
24904,3
24905,3
24906,5
24907,5
24908,1
24909,3
24910,6
24911,3
24912,2
24913,2
24914,5
24915,6
24916,4
24917,3
24918,3
24919,6
24920,5
24921,3
24922,5
24923,5
24924,5
24925,5
24926,3
24927,5
24928,5
24929,5
24930,5
24931,0
24932,4
24933,3
24934,3
24935,5
24936,5
24937,2
24938,2
24939,5
24940,4
24941,2
24942,4
24943,4
24944,4
24945,0
24946,3
24947,3
24948,5
24949,5
24950,5
24951,3
24952,4
24953,5
24954,3
24955,3
24956,3
24957,1
24958,3
24959,4
24960,3
24961,2
24962,1
24963,2
24964,5
24965,3
24966,5
24967,3
24968,4
24969,1
24970,0
24971,3
24972,2
24973,3
24974,4
24975,5
24976,4
24977,3
24978,2
24979,5
24980,0
24981,0
24982,0
24983,3
24984,5
24985,5
24986,2
24987,5
24988,2
24989,5
24990,2
24991,5
24992,5
24993,5
24994,1
24995,3
24996,2
24997,5
24998,5
24999,3
25000,3
25001,2
25002,5
25003,3
25004,3
25005,3
25006,4
25007,5
25008,4
25009,3
25010,3
25011,3
25012,5
25013,5
25014,3
25015,5
25016,3
25017,5
25018,3
25019,3
25020,3
25021,5
25022,0
25023,3
25024,0
25025,4
25026,4
25027,2
25028,4
25029,4
25030,3
25031,4
25032,3
25033,3
25034,2
25035,4
25036,5
25037,5
25038,5
25039,5
25040,3
25041,3
25042,5
25043,3
25044,2
25045,5
25046,6
25047,0
25048,5
25049,5
25050,5
25051,3
25052,5
25053,4
25054,5
25055,3
25056,4
25057,5
25058,3
25059,5
25060,3
25061,5
25062,3
25063,3
25064,1
25065,5
25066,2
25067,5
25068,2
25069,2
25070,2
25071,5
25072,2
25073,5
25074,4
25075,2
25076,3
25077,3
25078,5
25079,3
25080,5
25081,5
25082,5
25083,2
25084,4
25085,5
25086,5
25087,2
25088,5
25089,2
25090,0
25091,0
25092,5
25093,3
25094,2
25095,3
25096,0
25097,5
25098,5
25099,5
25100,3
25101,3
25102,2
25103,0
25104,3
25105,3
25106,4
25107,4
25108,4
25109,3
25110,2
25111,3
25112,3
25113,2
25114,5
25115,5
25116,2
25117,5
25118,5
25119,3
25120,3
25121,0
25122,4
25123,5
25124,5
25125,2
25126,0
25127,2
25128,5
25129,0
25130,5
25131,1
25132,5
25133,5
25134,5
25135,4
25136,2
25137,5
25138,1
25139,4
25140,5
25141,4
25142,4
25143,4
25144,2
25145,4
25146,3
25147,5
25148,3
25149,2
25150,5
25151,5
25152,4
25153,5
25154,3
25155,5
25156,0
25157,0
25158,3
25159,4
25160,0
25161,4
25162,1
25163,1
25164,3
25165,2
25166,4
25167,1
25168,2
25169,6
25170,4
25171,0
25172,1
25173,4
25174,5
25175,5
25176,4
25177,5
25178,5
25179,5
25180,5
25181,5
25182,3
25183,3
25184,4
25185,5
25186,0
25187,2
25188,5
25189,2
25190,3
25191,5
25192,5
25193,4
25194,4
25195,5
25196,3
25197,5
25198,2
25199,4
25200,5
25201,3
25202,0
25203,1
25204,0
25205,2
25206,5
25207,2
25208,5
25209,5
25210,2
25211,5
25212,1
25213,3
25214,4
25215,5
25216,5
25217,5
25218,3
25219,5
25220,5
25221,5
25222,5
25223,3
25224,3
25225,2
25226,5
25227,5
25228,5
25229,3
25230,5
25231,5
25232,2
25233,4
25234,4
25235,5
25236,5
25237,3
25238,0
25239,5
25240,2
25241,5
25242,5
25243,4
25244,3
25245,5
25246,4
25247,0
25248,2
25249,4
25250,4
25251,0
25252,3
25253,4
25254,3
25255,0
25256,2
25257,5
25258,0
25259,5
25260,5
25261,5
25262,5
25263,3
25264,5
25265,2
25266,3
25267,5
25268,2
25269,0
25270,4
25271,4
25272,5
25273,5
25274,5
25275,5
25276,5
25277,5
25278,3
25279,5
25280,3
25281,0
25282,5
25283,3
25284,4
25285,4
25286,5
25287,4
25288,4
25289,3
25290,2
25291,5
25292,4
25293,5
25294,0
25295,0
25296,3
25297,1
25298,5
25299,4
25300,5
25301,3
25302,2
25303,3
25304,0
25305,0
25306,0
25307,4
25308,5
25309,5
25310,3
25311,5
25312,4
25313,2
25314,3
25315,5
25316,0
25317,3
25318,2
25319,5
25320,2
25321,4
25322,5
25323,0
25324,0
25325,3
25326,0
25327,5
25328,2
25329,0
25330,0
25331,5
25332,3
25333,5
25334,2
25335,2
25336,1
25337,5
25338,5
25339,3
25340,2
25341,5
25342,4
25343,2
25344,1
25345,1
25346,3
25347,5
25348,2
25349,2
25350,4
25351,3
25352,2
25353,3
25354,4
25355,0
25356,5
25357,3
25358,5
25359,5
25360,2
25361,5
25362,3
25363,6
25364,3
25365,4
25366,5
25367,3
25368,4
25369,5
25370,2
25371,4
25372,5
25373,2
25374,2
25375,2
25376,5
25377,1
25378,1
25379,2
25380,4
25381,2
25382,2
25383,5
25384,5
25385,2
25386,5
25387,2
25388,2
25389,2
25390,2
25391,3
25392,5
25393,3
25394,2
25395,3
25396,3
25397,3
25398,3
25399,5
25400,4
25401,3
25402,4
25403,4
25404,3
25405,1
25406,0
25407,4
25408,4
25409,4
25410,4
25411,4
25412,4
25413,5
25414,0
25415,2
25416,3
25417,2
25418,4
25419,5
25420,2
25421,0
25422,0
25423,5
25424,5
25425,5
25426,1
25427,5
25428,5
25429,0
25430,3
25431,5
25432,5
25433,5
25434,2
25435,5
25436,5
25437,3
25438,3
25439,3
25440,3
25441,3
25442,3
25443,1
25444,3
25445,5
25446,3
25447,2
25448,3
25449,3
25450,3
25451,4
25452,4
25453,2
25454,5
25455,0
25456,5
25457,5
25458,4
25459,5
25460,3
25461,1
25462,4
25463,3
25464,2
25465,0
25466,2
25467,4
25468,5
25469,2
25470,5
25471,2
25472,3
25473,4
25474,5
25475,4
25476,5
25477,2
25478,5
25479,4
25480,5
25481,3
25482,6
25483,3
25484,3
25485,3
25486,5
25487,4
25488,4
25489,5
25490,5
25491,2
25492,3
25493,3
25494,5
25495,5
25496,4
25497,5
25498,3
25499,5
25500,5
25501,4
25502,3
25503,5
25504,5
25505,5
25506,5
25507,5
25508,5
25509,5
25510,5
25511,5
25512,5
25513,2
25514,2
25515,3
25516,4
25517,3
25518,4
25519,5
25520,5
25521,5
25522,4
25523,3
25524,2
25525,4
25526,3
25527,3
25528,3
25529,5
25530,0
25531,5
25532,4
25533,0
25534,2
25535,3
25536,3
25537,5
25538,5
25539,5
25540,5
25541,4
25542,5
25543,2
25544,4
25545,5
25546,3
25547,2
25548,5
25549,2
25550,5
25551,3
25552,5
25553,3
25554,1
25555,1
25556,5
25557,3
25558,3
25559,4
25560,3
25561,5
25562,5
25563,5
25564,1
25565,2
25566,3
25567,3
25568,5
25569,5
25570,2
25571,5
25572,0
25573,2
25574,2
25575,4
25576,4
25577,3
25578,0
25579,5
25580,3
25581,4
25582,0
25583,3
25584,0
25585,5
25586,5
25587,3
25588,5
25589,3
25590,5
25591,5
25592,3
25593,3
25594,3
25595,5
25596,3
25597,2
25598,5
25599,5
25600,0
25601,1
25602,2
25603,5
25604,4
25605,4
25606,5
25607,5
25608,3
25609,5
25610,4
25611,1
25612,4
25613,5
25614,3
25615,5
25616,0
25617,2
25618,6
25619,0
25620,1
25621,5
25622,4
25623,2
25624,4
25625,3
25626,0
25627,3
25628,5
25629,4
25630,0
25631,5
25632,5
25633,5
25634,5
25635,1
25636,3
25637,4
25638,3
25639,5
25640,3
25641,3
25642,3
25643,5
25644,5
25645,3
25646,2
25647,3
25648,6
25649,2
25650,5
25651,5
25652,3
25653,5
25654,4
25655,3
25656,3
25657,5
25658,5
25659,2
25660,2
25661,3
25662,4
25663,2
25664,5
25665,0
25666,5
25667,3
25668,5
25669,3
25670,3
25671,5
25672,2
25673,4
25674,5
25675,3
25676,5
25677,3
25678,2
25679,2
25680,3
25681,5
25682,5
25683,3
25684,3
25685,5
25686,5
25687,2
25688,4
25689,3
25690,3
25691,5
25692,5
25693,5
25694,3
25695,5
25696,5
25697,3
25698,5
25699,4
25700,3
25701,5
25702,5
25703,3
25704,3
25705,5
25706,5
25707,2
25708,5
25709,2
25710,5
25711,4
25712,5
25713,5
25714,2
25715,5
25716,5
25717,3
25718,2
25719,3
25720,2
25721,3
25722,5
25723,1
25724,5
25725,5
25726,5
25727,2
25728,5
25729,2
25730,2
25731,2
25732,2
25733,0
25734,4
25735,2
25736,4
25737,5
25738,5
25739,5
25740,3
25741,5
25742,2
25743,5
25744,5
25745,2
25746,2
25747,1
25748,3
25749,3
25750,3
25751,2
25752,2
25753,3
25754,5
25755,1
25756,5
25757,6
25758,5
25759,6
25760,5
25761,3
25762,2
25763,4
25764,5
25765,6
25766,5
25767,5
25768,4
25769,1
25770,3
25771,0
25772,2
25773,0
25774,4
25775,4
25776,5
25777,3
25778,2
25779,5
25780,3
25781,5
25782,5
25783,3
25784,5
25785,5
25786,3
25787,2
25788,2
25789,2
25790,0
25791,4
25792,5
25793,0
25794,3
25795,5
25796,3
25797,5
25798,4
25799,4
25800,5
25801,3
25802,1
25803,0
25804,5
25805,4
25806,3
25807,3
25808,3
25809,2
25810,5
25811,2
25812,5
25813,2
25814,3
25815,5
25816,3
25817,0
25818,5
25819,2
25820,3
25821,4
25822,5
25823,4
25824,0
25825,3
25826,0
25827,5
25828,4
25829,1
25830,1
25831,1
25832,5
25833,4
25834,3
25835,0
25836,4
25837,3
25838,3
25839,4
25840,2
25841,3
25842,5
25843,0
25844,3
25845,3
25846,3
25847,4
25848,4
25849,0
25850,5
25851,3
25852,5
25853,5
25854,0
25855,3
25856,3
25857,3
25858,0
25859,3
25860,2
25861,5
25862,3
25863,5
25864,5
25865,2
25866,5
25867,5
25868,5
25869,5
25870,5
25871,5
25872,3
25873,5
25874,2
25875,3
25876,2
25877,2
25878,4
25879,5
25880,5
25881,3
25882,5
25883,4
25884,0
25885,3
25886,2
25887,4
25888,5
25889,5
25890,2
25891,1
25892,5
25893,3
25894,2
25895,2
25896,2
25897,1
25898,5
25899,5
25900,5
25901,2
25902,3
25903,3
25904,5
25905,5
25906,5
25907,3
25908,5
25909,4
25910,3
25911,5
25912,5
25913,5
25914,5
25915,5
25916,5
25917,3
25918,5
25919,2
25920,5
25921,5
25922,5
25923,0
25924,3
25925,6
25926,2
25927,2
25928,2
25929,1
25930,5
25931,2
25932,5
25933,5
25934,5
25935,1
25936,3
25937,5
25938,5
25939,0
25940,2
25941,5
25942,1
25943,5
25944,2
25945,3
25946,5
25947,2
25948,5
25949,5
25950,3
25951,2
25952,5
25953,3
25954,3
25955,1
25956,5
25957,2
25958,4
25959,5
25960,1
25961,5
25962,5
25963,5
25964,2
25965,5
25966,2
25967,2
25968,2
25969,2
25970,2
25971,2
25972,5
25973,2
25974,1
25975,1
25976,5
25977,5
25978,4
25979,5
25980,5
25981,5
25982,2
25983,2
25984,2
25985,3
25986,5
25987,5
25988,4
25989,5
25990,3
25991,2
25992,3
25993,5
25994,3
25995,4
25996,5
25997,5
25998,3
25999,5
26000,5
26001,5
26002,5
26003,5
26004,5
26005,5
26006,2
26007,5
26008,2
26009,5
26010,5
26011,5
26012,4
26013,5
26014,5
26015,5
26016,1
26017,4
26018,5
26019,2
26020,5
26021,0
26022,5
26023,5
26024,3
26025,0
26026,1
26027,4
26028,3
26029,3
26030,2
26031,3
26032,4
26033,5
26034,5
26035,3
26036,0
26037,1
26038,2
26039,3
26040,3
26041,4
26042,1
26043,5
26044,5
26045,3
26046,3
26047,3
26048,2
26049,3
26050,0
26051,3
26052,3
26053,3
26054,5
26055,3
26056,5
26057,5
26058,5
26059,5
26060,3
26061,1
26062,1
26063,1
26064,5
26065,3
26066,2
26067,5
26068,3
26069,3
26070,3
26071,5
26072,3
26073,1
26074,2
26075,6
26076,5
26077,3
26078,2
26079,3
26080,1
26081,3
26082,5
26083,3
26084,5
26085,3
26086,5
26087,1
26088,5
26089,5
26090,3
26091,1
26092,5
26093,3
26094,5
26095,1
26096,5
26097,4
26098,5
26099,5
26100,0
26101,6
26102,2
26103,0
26104,2
26105,4
26106,3
26107,2
26108,0
26109,2
26110,4
26111,5
26112,5
26113,5
26114,3
26115,1
26116,5
26117,5
26118,5
26119,0
26120,4
26121,3
26122,2
26123,3
26124,2
26125,2
26126,0
26127,3
26128,1
26129,4
26130,3
26131,1
26132,5
26133,2
26134,5
26135,1
26136,4
26137,4
26138,0
26139,5
26140,0
26141,3
26142,5
26143,2
26144,5
26145,4
26146,5
26147,5
26148,3
26149,2
26150,5
26151,4
26152,0
26153,4
26154,5
26155,0
26156,5
26157,3
26158,5
26159,0
26160,5
26161,5
26162,5
26163,3
26164,6
26165,2
26166,1
26167,3
26168,1
26169,3
26170,5
26171,3
26172,4
26173,1
26174,4
26175,5
26176,5
26177,0
26178,5
26179,2
26180,4
26181,4
26182,0
26183,4
26184,4
26185,5
26186,2
26187,4
26188,5
26189,6
26190,4
26191,0
26192,6
26193,3
26194,2
26195,6
26196,4
26197,4
26198,6
26199,3
26200,5
26201,3
26202,2
26203,5
26204,1
26205,3
26206,4
26207,1
26208,5
26209,3
26210,4
26211,5
26212,5
26213,5
26214,5
26215,5
26216,4
26217,5
26218,1
26219,2
26220,5
26221,1
26222,4
26223,5
26224,5
26225,1
26226,2
26227,3
26228,3
26229,1
26230,5
26231,1
26232,3
26233,3
26234,5
26235,3
26236,5
26237,2
26238,4
26239,2
26240,3
26241,6
26242,3
26243,5
26244,1
26245,3
26246,4
26247,3
26248,2
26249,1
26250,3
26251,0
26252,5
26253,5
26254,6
26255,5
26256,3
26257,4
26258,5
26259,6
26260,3
26261,4
26262,5
26263,5
26264,3
26265,3
26266,2
26267,5
26268,2
26269,5
26270,2
26271,5
26272,2
26273,5
26274,5
26275,2
26276,5
26277,3
26278,5
26279,5
26280,5
26281,5
26282,5
26283,3
26284,5
26285,3
26286,5
26287,5
26288,5
26289,5
26290,3
26291,3
26292,5
26293,3
26294,5
26295,5
26296,1
26297,3
26298,5
26299,5
26300,5
26301,3
26302,2
26303,2
26304,3
26305,5
26306,5
26307,5
26308,0
26309,5
26310,5
26311,4
26312,5
26313,0
26314,0
26315,3
26316,3
26317,3
26318,5
26319,3
26320,5
26321,5
26322,3
26323,3
26324,3
26325,5
26326,5
26327,4
26328,5
26329,1
26330,0
26331,5
26332,5
26333,5
26334,5
26335,5
26336,5
26337,5
26338,5
26339,5
26340,2
26341,4
26342,6
26343,5
26344,3
26345,3
26346,3
26347,5
26348,5
26349,3
26350,3
26351,5
26352,3
26353,0
26354,4
26355,4
26356,5
26357,3
26358,4
26359,5
26360,4
26361,4
26362,5
26363,4
26364,4
26365,5
26366,4
26367,4
26368,3
26369,3
26370,5
26371,3
26372,5
26373,5
26374,3
26375,5
26376,3
26377,4
26378,3
26379,5
26380,2
26381,3
26382,5
26383,5
26384,5
26385,5
26386,5
26387,5
26388,5
26389,2
26390,5
26391,5
26392,5
26393,1
26394,5
26395,5
26396,5
26397,3
26398,3
26399,5
26400,0
26401,3
26402,5
26403,5
26404,5
26405,5
26406,5
26407,4
26408,5
26409,3
26410,3
26411,2
26412,2
26413,5
26414,5
26415,3
26416,5
26417,3
26418,3
26419,2
26420,5
26421,4
26422,2
26423,5
26424,4
26425,5
26426,3
26427,3
26428,5
26429,5
26430,5
26431,5
26432,2
26433,5
26434,3
26435,4
26436,6
26437,2
26438,4
26439,3
26440,5
26441,2
26442,3
26443,4
26444,4
26445,2
26446,4
26447,5
26448,4
26449,2
26450,5
26451,4
26452,3
26453,5
26454,5
26455,3
26456,5
26457,2
26458,5
26459,5
26460,5
26461,4
26462,5
26463,5
26464,3
26465,3
26466,2
26467,3
26468,3
26469,5
26470,5
26471,5
26472,5
26473,4
26474,4
26475,2
26476,5
26477,4
26478,5
26479,5
26480,5
26481,5
26482,5
26483,6
26484,5
26485,4
26486,5
26487,5
26488,3
26489,5
26490,5
26491,0
26492,2
26493,0
26494,5
26495,4
26496,0
26497,5
26498,5
26499,5
26500,5
26501,0
26502,5
26503,3
26504,5
26505,0
26506,2
26507,5
26508,3
26509,3
26510,3
26511,5
26512,5
26513,2
26514,5
26515,5
26516,2
26517,2
26518,3
26519,1
26520,5
26521,2
26522,5
26523,2
26524,3
26525,2
26526,5
26527,5
26528,3
26529,4
26530,5
26531,3
26532,3
26533,6
26534,2
26535,5
26536,5
26537,3
26538,1
26539,2
26540,2
26541,5
26542,2
26543,5
26544,1
26545,5
26546,2
26547,3
26548,5
26549,3
26550,5
26551,4
26552,3
26553,5
26554,2
26555,3
26556,0
26557,5
26558,5
26559,2
26560,5
26561,1
26562,5
26563,5
26564,5
26565,4
26566,3
26567,0
26568,2
26569,4
26570,0
26571,5
26572,3
26573,5
26574,3
26575,4
26576,5
26577,5
26578,5
26579,5
26580,2
26581,2
26582,5
26583,4
26584,3
26585,3
26586,5
26587,3
26588,3
26589,5
26590,0
26591,0
26592,4
26593,4
26594,3
26595,3
26596,5
26597,3
26598,3
26599,3
26600,3
26601,4
26602,3
26603,4
26604,5
26605,5
26606,3
26607,5
26608,2
26609,2
26610,3
26611,2
26612,4
26613,4
26614,5
26615,3
26616,4
26617,5
26618,1
26619,2
26620,2
26621,1
26622,5
26623,5
26624,3
26625,5
26626,4
26627,1
26628,0
26629,4
26630,6
26631,4
26632,5
26633,2
26634,3
26635,2
26636,5
26637,0
26638,3
26639,5
26640,4
26641,5
26642,0
26643,5
26644,3
26645,5
26646,2
26647,0
26648,5
26649,0
26650,3
26651,2
26652,5
26653,4
26654,3
26655,5
26656,5
26657,3
26658,5
26659,2
26660,0
26661,4
26662,4
26663,0
26664,5
26665,0
26666,3
26667,5
26668,0
26669,3
26670,0
26671,5
26672,3
26673,2
26674,2
26675,0
26676,5
26677,5
26678,2
26679,5
26680,2
26681,2
26682,3
26683,6
26684,2
26685,3
26686,5
26687,3
26688,0
26689,5
26690,5
26691,5
26692,6
26693,1
26694,5
26695,6
26696,5
26697,6
26698,5
26699,5
26700,3
26701,4
26702,1
26703,5
26704,5
26705,1
26706,5
26707,0
26708,3
26709,4
26710,2
26711,5
26712,4
26713,3
26714,6
26715,4
26716,3
26717,5
26718,2
26719,5
26720,4
26721,3
26722,1
26723,3
26724,3
26725,3
26726,5
26727,3
26728,5
26729,2
26730,5
26731,2
26732,2
26733,4
26734,5
26735,4
26736,3
26737,5
26738,3
26739,0
26740,3
26741,5
26742,3
26743,5
26744,5
26745,5
26746,4
26747,5
26748,4
26749,4
26750,3
26751,2
26752,5
26753,5
26754,0
26755,2
26756,2
26757,5
26758,6
26759,5
26760,2
26761,3
26762,6
26763,5
26764,6
26765,5
26766,2
26767,1
26768,3
26769,2
26770,5
26771,2
26772,2
26773,5
26774,2
26775,6
26776,2
26777,5
26778,0
26779,5
26780,0
26781,5
26782,0
26783,4
26784,4
26785,5
26786,3
26787,5
26788,2
26789,0
26790,3
26791,5
26792,5
26793,5
26794,5
26795,4
26796,5
26797,4
26798,1
26799,2
26800,5
26801,0
26802,3
26803,4
26804,4
26805,2
26806,5
26807,3
26808,4
26809,4
26810,1
26811,4
26812,5
26813,5
26814,5
26815,2
26816,0
26817,3
26818,4
26819,3
26820,5
26821,4
26822,5
26823,3
26824,5
26825,5
26826,4
26827,2
26828,5
26829,4
26830,4
26831,5
26832,5
26833,5
26834,5
26835,2
26836,5
26837,5
26838,3
26839,4
26840,2
26841,5
26842,2
26843,3
26844,4
26845,5
26846,3
26847,5
26848,1
26849,1
26850,1
26851,0
26852,5
26853,5
26854,5
26855,5
26856,5
26857,5
26858,1
26859,5
26860,6
26861,3
26862,5
26863,5
26864,2
26865,3
26866,5
26867,2
26868,5
26869,5
26870,3
26871,4
26872,5
26873,6
26874,6
26875,5
26876,3
26877,5
26878,4
26879,0
26880,5
26881,5
26882,5
26883,5
26884,5
26885,2
26886,5
26887,5
26888,2
26889,3
26890,3
26891,5
26892,2
26893,1
26894,5
26895,6
26896,4
26897,3
26898,6
26899,3
26900,2
26901,5
26902,5
26903,3
26904,5
26905,5
26906,0
26907,5
26908,3
26909,3
26910,5
26911,4
26912,5
26913,5
26914,5
26915,3
26916,1
26917,3
26918,1
26919,0
26920,0
26921,5
26922,5
26923,3
26924,3
26925,1
26926,5
26927,2
26928,3
26929,5
26930,0
26931,3
26932,1
26933,5
26934,3
26935,5
26936,2
26937,2
26938,2
26939,5
26940,5
26941,5
26942,1
26943,2
26944,4
26945,5
26946,5
26947,5
26948,2
26949,5
26950,5
26951,5
26952,2
26953,5
26954,0
26955,5
26956,2
26957,5
26958,6
26959,6
26960,5
26961,3
26962,3
26963,2
26964,3
26965,5
26966,5
26967,5
26968,3
26969,3
26970,5
26971,1
26972,0
26973,3
26974,2
26975,5
26976,3
26977,5
26978,2
26979,1
26980,5
26981,3
26982,3
26983,2
26984,5
26985,1
26986,5
26987,3
26988,4
26989,5
26990,3
26991,4
26992,3
26993,5
26994,4
26995,5
26996,5
26997,1
26998,5
26999,5
27000,1
27001,2
27002,5
27003,5
27004,4
27005,4
27006,3
27007,5
27008,5
27009,0
27010,5
27011,5
27012,3
27013,6
27014,2
27015,2
27016,5
27017,5
27018,5
27019,3
27020,5
27021,5
27022,5
27023,5
27024,5
27025,4
27026,3
27027,2
27028,5
27029,5
27030,3
27031,5
27032,4
27033,5
27034,2
27035,5
27036,5
27037,4
27038,5
27039,5
27040,0
27041,5
27042,5
27043,5
27044,3
27045,2
27046,5
27047,3
27048,5
27049,5
27050,5
27051,5
27052,3
27053,5
27054,4
27055,4
27056,5
27057,3
27058,3
27059,5
27060,3
27061,3
27062,5
27063,2
27064,4
27065,4
27066,4
27067,3
27068,1
27069,5
27070,5
27071,4
27072,4
27073,3
27074,6
27075,2
27076,4
27077,3
27078,5
27079,5
27080,1
27081,5
27082,4
27083,0
27084,4
27085,5
27086,4
27087,5
27088,5
27089,5
27090,6
27091,5
27092,3
27093,6
27094,2
27095,3
27096,5
27097,5
27098,5
27099,3
27100,5
27101,5
27102,5
27103,1
27104,4
27105,5
27106,0
27107,5
27108,4
27109,2
27110,0
27111,3
27112,3
27113,0
27114,3
27115,5
27116,5
27117,3
27118,3
27119,2
27120,5
27121,3
27122,3
27123,5
27124,5
27125,0
27126,3
27127,5
27128,1
27129,5
27130,5
27131,3
27132,5
27133,0
27134,5
27135,4
27136,5
27137,5
27138,5
27139,5
27140,1
27141,5
27142,2
27143,3
27144,6
27145,5
27146,3
27147,4
27148,5
27149,1
27150,5
27151,2
27152,2
27153,3
27154,5
27155,5
27156,5
27157,0
27158,2
27159,1
27160,5
27161,2
27162,5
27163,2
27164,5
27165,0
27166,4
27167,2
27168,2
27169,2
27170,3
27171,1
27172,5
27173,0
27174,0
27175,3
27176,2
27177,3
27178,5
27179,3
27180,3
27181,2
27182,3
27183,4
27184,5
27185,3
27186,0
27187,0
27188,0
27189,5
27190,5
27191,5
27192,0
27193,4
27194,5
27195,5
27196,3
27197,3
27198,5
27199,5
27200,3
27201,5
27202,5
27203,0
27204,2
27205,5
27206,5
27207,5
27208,4
27209,2
27210,5
27211,5
27212,5
27213,5
27214,0
27215,5
27216,5
27217,5
27218,5
27219,3
27220,3
27221,5
27222,5
27223,5
27224,5
27225,3
27226,2
27227,5
27228,5
27229,5
27230,0
27231,3
27232,5
27233,5
27234,5
27235,3
27236,5
27237,5
27238,5
27239,5
27240,5
27241,5
27242,4
27243,5
27244,4
27245,3
27246,5
27247,5
27248,5
27249,5
27250,3
27251,5
27252,6
27253,5
27254,5
27255,2
27256,5
27257,3
27258,5
27259,2
27260,2
27261,2
27262,5
27263,2
27264,3
27265,3
27266,3
27267,4
27268,0
27269,3
27270,3
27271,5
27272,4
27273,0
27274,1
27275,5
27276,5
27277,3
27278,5
27279,4
27280,6
27281,5
27282,3
27283,5
27284,2
27285,5
27286,1
27287,5
27288,3
27289,4
27290,5
27291,2
27292,0
27293,3
27294,2
27295,5
27296,5
27297,4
27298,5
27299,5
27300,2
27301,2
27302,1
27303,3
27304,4
27305,5
27306,4
27307,5
27308,5
27309,3
27310,3
27311,3
27312,5
27313,3
27314,4
27315,5
27316,5
27317,5
27318,5
27319,1
27320,5
27321,0
27322,2
27323,5
27324,5
27325,6
27326,5
27327,5
27328,3
27329,5
27330,5
27331,3
27332,3
27333,2
27334,5
27335,3
27336,3
27337,3
27338,0
27339,4
27340,4
27341,5
27342,5
27343,4
27344,4
27345,5
27346,5
27347,5
27348,5
27349,5
27350,3
27351,3
27352,5
27353,4
27354,5
27355,1
27356,4
27357,1
27358,5
27359,5
27360,0
27361,3
27362,5
27363,1
27364,5
27365,5
27366,5
27367,4
27368,0
27369,5
27370,4
27371,5
27372,0
27373,5
27374,1
27375,3
27376,3
27377,5
27378,6
27379,4
27380,6
27381,5
27382,3
27383,5
27384,6
27385,5
27386,4
27387,2
27388,3
27389,3
27390,4
27391,1
27392,5
27393,5
27394,3
27395,4
27396,5
27397,3
27398,3
27399,5
27400,5
27401,5
27402,3
27403,5
27404,5
27405,3
27406,5
27407,0
27408,5
27409,3
27410,5
27411,6
27412,2
27413,4
27414,5
27415,5
27416,5
27417,3
27418,2
27419,4
27420,4
27421,4
27422,3
27423,3
27424,4
27425,4
27426,5
27427,3
27428,6
27429,3
27430,5
27431,5
27432,2
27433,3
27434,5
27435,3
27436,5
27437,6
27438,5
27439,4
27440,3
27441,4
27442,6
27443,5
27444,5
27445,5
27446,3
27447,2
27448,6
27449,3
27450,5
27451,3
27452,4
27453,5
27454,3
27455,0
27456,4
27457,6
27458,2
27459,5
27460,5
27461,5
27462,4
27463,5
27464,5
27465,4
27466,4
27467,5
27468,4
27469,5
27470,5
27471,5
27472,4
27473,5
27474,5
27475,5
27476,4
27477,5
27478,5
27479,3
27480,0
27481,4
27482,5
27483,4
27484,5
27485,4
27486,5
27487,3
27488,4
27489,5
27490,4
27491,5
27492,3
27493,5
27494,3
27495,5
27496,5
27497,5
27498,2
27499,3
27500,3
27501,4
27502,5
27503,6
27504,4
27505,5
27506,0
27507,4
27508,5
27509,4
27510,6
27511,3
27512,5
27513,0
27514,4
27515,3
27516,5
27517,2
27518,3
27519,3
27520,5
27521,5
27522,3
27523,5
27524,5
27525,3
27526,5
27527,5
27528,5
27529,5
27530,4
27531,3
27532,4
27533,2
27534,5
27535,3
27536,0
27537,5
27538,0
27539,2
27540,2
27541,3
27542,5
27543,5
27544,3
27545,3
27546,5
27547,4
27548,4
27549,5
27550,5
27551,5
27552,2
27553,5
27554,3
27555,3
27556,3
27557,5
27558,5
27559,4
27560,3
27561,0
27562,5
27563,2
27564,5
27565,5
27566,4
27567,3
27568,4
27569,3
27570,5
27571,1
27572,6
27573,4
27574,5
27575,0
27576,5
27577,3
27578,5
27579,5
27580,5
27581,0
27582,3
27583,3
27584,4
27585,0
27586,5
27587,5
27588,4
27589,5
27590,4
27591,5
27592,0
27593,5
27594,5
27595,5
27596,3
27597,5
27598,5
27599,5
27600,5
27601,5
27602,5
27603,4
27604,2
27605,5
27606,2
27607,4
27608,5
27609,5
27610,5
27611,5
27612,4
27613,3
27614,5
27615,5
27616,3
27617,4
27618,3
27619,5
27620,5
27621,5
27622,5
27623,1
27624,4
27625,4
27626,2
27627,0
27628,5
27629,4
27630,5
27631,5
27632,5
27633,5
27634,0
27635,5
27636,2
27637,2
27638,5
27639,5
27640,3
27641,0
27642,5
27643,3
27644,5
27645,5
27646,5
27647,6
27648,5
27649,5
27650,5
27651,2
27652,3
27653,2
27654,5
27655,5
27656,5
27657,5
27658,4
27659,6
27660,5
27661,3
27662,5
27663,2
27664,4
27665,3
27666,4
27667,3
27668,3
27669,0
27670,4
27671,3
27672,3
27673,0
27674,4
27675,3
27676,4
27677,0
27678,2
27679,5
27680,2
27681,2
27682,5
27683,2
27684,5
27685,5
27686,5
27687,1
27688,5
27689,5
27690,5
27691,5
27692,4
27693,5
27694,5
27695,5
27696,5
27697,2
27698,5
27699,2
27700,5
27701,0
27702,5
27703,5
27704,2
27705,1
27706,2
27707,5
27708,5
27709,3
27710,2
27711,4
27712,2
27713,5
27714,3
27715,5
27716,6
27717,2
27718,2
27719,3
27720,2
27721,6
27722,2
27723,4
27724,3
27725,3
27726,5
27727,4
27728,4
27729,1
27730,4
27731,3
27732,5
27733,1
27734,5
27735,1
27736,4
27737,5
27738,3
27739,4
27740,4
27741,4
27742,4
27743,3
27744,4
27745,5
27746,4
27747,4
27748,4
27749,4
27750,4
27751,4
27752,4
27753,4
27754,4
27755,4
27756,4
27757,5
27758,4
27759,5
27760,4
27761,5
27762,5
27763,5
27764,5
27765,5
27766,5
27767,5
27768,5
27769,5
27770,3
27771,5
27772,5
27773,3
27774,3
27775,5
27776,5
27777,3
27778,5
27779,5
27780,3
27781,5
27782,0
27783,5
27784,0
27785,5
27786,5
27787,5
27788,0
27789,5
27790,0
27791,5
27792,5
27793,0
27794,5
27795,5
27796,0
27797,4
27798,0
27799,0
27800,0
27801,0
27802,0
27803,0
27804,0
27805,0
27806,0
27807,5
27808,5
27809,3
27810,5
27811,0
27812,4
27813,5
27814,1
27815,2
27816,5
27817,5
27818,5
27819,5
27820,3
27821,5
27822,5
27823,5
27824,5
27825,0
27826,0
27827,4
27828,5
27829,5
27830,4
27831,4
27832,0
27833,4
27834,5
27835,5
27836,4
27837,5
27838,3
27839,6
27840,5
27841,5
27842,5
27843,4
27844,5
27845,4
27846,4
27847,5
27848,3
27849,3
27850,3
27851,5
27852,3
27853,3
27854,5
27855,3
27856,5
27857,3
27858,3
27859,6
27860,5
27861,5
27862,5
27863,2
27864,5
27865,5
27866,5
27867,5
27868,1
27869,4
27870,0
27871,4
27872,4
27873,4
27874,2
27875,2
27876,4
27877,2
27878,5
27879,5
27880,2
27881,5
27882,0
27883,5
27884,5
27885,5
27886,3
27887,5
27888,5
27889,3
27890,0
27891,4
27892,2
27893,5
27894,3
27895,2
27896,5
27897,1
27898,0
27899,0
27900,5
27901,3
27902,2
27903,3
27904,5
27905,3
27906,3
27907,3
27908,5
27909,0
27910,3
27911,4
27912,3
27913,5
27914,5
27915,5
27916,5
27917,3
27918,5
27919,5
27920,5
27921,6
27922,3
27923,5
27924,5
27925,5
27926,5
27927,3
27928,5
27929,3
27930,5
27931,3
27932,5
27933,5
27934,5
27935,5
27936,5
27937,5
27938,0
27939,0
27940,5
27941,5
27942,0
27943,5
27944,5
27945,5
27946,3
27947,5
27948,5
27949,0
27950,0
27951,4
27952,3
27953,3
27954,3
27955,3
27956,2
27957,2
27958,0
27959,5
27960,3
27961,1
27962,3
27963,4
27964,3
27965,2
27966,5
27967,5
27968,3
27969,4
27970,3
27971,1
27972,5
27973,5
27974,2
27975,5
27976,1
27977,1
27978,5
27979,5
27980,5
27981,5
27982,4
27983,3
27984,2
27985,4
27986,5
27987,6
27988,4
27989,5
27990,3
27991,6
27992,4
27993,5
27994,4
27995,5
27996,5
27997,4
27998,4
27999,5
28000,1
28001,5
28002,3
28003,3
28004,2
28005,5
28006,2
28007,0
28008,4
28009,3
28010,5
28011,2
28012,2
28013,2
28014,2
28015,2
28016,2
28017,3
28018,3
28019,4
28020,0
28021,4
28022,5
28023,3
28024,3
28025,0
28026,5
28027,4
28028,4
28029,5
28030,5
28031,3
28032,5
28033,2
28034,3
28035,2
28036,1
28037,2
28038,5
28039,2
28040,4
28041,2
28042,3
28043,3
28044,5
28045,2
28046,5
28047,5
28048,3
28049,4
28050,0
28051,3
28052,6
28053,2
28054,5
28055,2
28056,3
28057,3
28058,0
28059,5
28060,3
28061,3
28062,4
28063,4
28064,3
28065,5
28066,3
28067,3
28068,3
28069,3
28070,3
28071,2
28072,2
28073,6
28074,3
28075,6
28076,4
28077,3
28078,6
28079,1
28080,5
28081,6
28082,2
28083,2
28084,3
28085,3
28086,3
28087,5
28088,3
28089,2
28090,1
28091,0
28092,3
28093,3
28094,1
28095,5
28096,5
28097,3
28098,3
28099,3
28100,2
28101,3
28102,1
28103,4
28104,5
28105,3
28106,1
28107,4
28108,2
28109,6
28110,2
28111,5
28112,2
28113,3
28114,5
28115,4
28116,3
28117,2
28118,3
28119,5
28120,0
28121,4
28122,3
28123,1
28124,0
28125,5
28126,1
28127,5
28128,4
28129,3
28130,5
28131,5
28132,2
28133,3
28134,2
28135,6
28136,6
28137,2
28138,2
28139,0
28140,5
28141,0
28142,1
28143,3
28144,0
28145,3
28146,3
28147,4
28148,4
28149,2
28150,2
28151,4
28152,3
28153,3
28154,3
28155,2
28156,4
28157,1
28158,2
28159,2
28160,0
28161,2
28162,2
28163,4
28164,5
28165,0
28166,2
28167,5
28168,3
28169,1
28170,2
28171,2
28172,3
28173,3
28174,4
28175,0
28176,2
28177,5
28178,3
28179,5
28180,5
28181,2
28182,2
28183,3
28184,4
28185,4
28186,2
28187,4
28188,3
28189,3
28190,0
28191,5
28192,3
28193,1
28194,1
28195,5
28196,4
28197,2
28198,4
28199,3
28200,5
28201,4
28202,2
28203,2
28204,4
28205,5
28206,5
28207,5
28208,0
28209,0
28210,3
28211,2
28212,2
28213,5
28214,3
28215,3
28216,3
28217,3
28218,3
28219,2
28220,5
28221,5
28222,0
28223,6
28224,3
28225,5
28226,1
28227,2
28228,3
28229,3
28230,2
28231,3
28232,3
28233,3
28234,3
28235,0
28236,0
28237,3
28238,4
28239,3
28240,0
28241,3
28242,3
28243,3
28244,2
28245,4
28246,2
28247,3
28248,3
28249,3
28250,3
28251,2
28252,2
28253,4
28254,2
28255,5
28256,5
28257,5
28258,5
28259,5
28260,2
28261,4
28262,5
28263,5
28264,0
28265,0
28266,2
28267,4
28268,4
28269,0
28270,2
28271,2
28272,2
28273,2
28274,5
28275,3
28276,2
28277,3
28278,2
28279,1
28280,3
28281,2
28282,5
28283,2
28284,6
28285,6
28286,0
28287,5
28288,2
28289,2
28290,6
28291,5
28292,5
28293,5
28294,4
28295,3
28296,4
28297,5
28298,3
28299,5
28300,6
28301,2
28302,3
28303,3
28304,5
28305,5
28306,3
28307,3
28308,4
28309,3
28310,3
28311,1
28312,4
28313,5
28314,4
28315,4
28316,2
28317,3
28318,5
28319,0
28320,4
28321,0
28322,2
28323,4
28324,3
28325,5
28326,5
28327,2
28328,5
28329,4
28330,2
28331,4
28332,3
28333,3
28334,3
28335,1
28336,6
28337,2
28338,3
28339,0
28340,5
28341,5
28342,2
28343,3
28344,3
28345,5
28346,3
28347,5
28348,3
28349,5
28350,2
28351,5
28352,3
28353,5
28354,3
28355,3
28356,5
28357,3
28358,2
28359,3
28360,4
28361,5
28362,0
28363,5
28364,4
28365,2
28366,5
28367,2
28368,3
28369,5
28370,2
28371,3
28372,4
28373,3
28374,5
28375,5
28376,5
28377,5
28378,5
28379,5
28380,5
28381,3
28382,3
28383,5
28384,2
28385,5
28386,5
28387,3
28388,5
28389,5
28390,5
28391,5
28392,5
28393,5
28394,5
28395,5
28396,5
28397,6
28398,3
28399,5
28400,5
28401,0
28402,4
28403,2
28404,1
28405,5
28406,5
28407,3
28408,5
28409,5
28410,3
28411,5
28412,3
28413,2
28414,4
28415,2
28416,3
28417,3
28418,2
28419,5
28420,5
28421,0
28422,2
28423,5
28424,1
28425,2
28426,3
28427,4
28428,3
28429,5
28430,5
28431,3
28432,0
28433,2
28434,5
28435,5
28436,3
28437,4
28438,5
28439,5
28440,4
28441,4
28442,2
28443,5
28444,0
28445,2
28446,5
28447,2
28448,5
28449,4
28450,5
28451,1
28452,2
28453,2
28454,5
28455,5
28456,2
28457,5
28458,5
28459,3
28460,2
28461,5
28462,3
28463,2
28464,3
28465,3
28466,5
28467,2
28468,5
28469,3
28470,3
28471,3
28472,5
28473,3
28474,5
28475,5
28476,5
28477,5
28478,5
28479,5
28480,1
28481,5
28482,4
28483,4
28484,2
28485,2
28486,5
28487,5
28488,2
28489,2
28490,5
28491,5
28492,0
28493,5
28494,5
28495,5
28496,4
28497,6
28498,3
28499,3
28500,5
28501,5
28502,3
28503,2
28504,5
28505,2
28506,5
28507,5
28508,5
28509,5
28510,4
28511,5
28512,5
28513,4
28514,1
28515,2
28516,5
28517,6
28518,0
28519,4
28520,4
28521,2
28522,0
28523,2
28524,2
28525,5
28526,5
28527,4
28528,0
28529,2
28530,2
28531,1
28532,3
28533,3
28534,5
28535,5
28536,3
28537,5
28538,3
28539,2
28540,0
28541,1
28542,1
28543,2
28544,3
28545,3
28546,4
28547,4
28548,4
28549,4
28550,4
28551,3
28552,5
28553,3
28554,5
28555,5
28556,4
28557,0
28558,6
28559,5
28560,5
28561,3
28562,5
28563,5
28564,2
28565,0
28566,0
28567,5
28568,5
28569,3
28570,0
28571,5
28572,4
28573,3
28574,0
28575,4
28576,4
28577,5
28578,0
28579,5
28580,0
28581,5
28582,3
28583,3
28584,3
28585,3
28586,5
28587,5
28588,1
28589,3
28590,3
28591,3
28592,5
28593,5
28594,5
28595,0
28596,2
28597,2
28598,6
28599,5
28600,2
28601,5
28602,0
28603,5
28604,5
28605,0
28606,1
28607,3
28608,4
28609,0
28610,4
28611,3
28612,3
28613,5
28614,6
28615,2
28616,2
28617,5
28618,3
28619,2
28620,5
28621,2
28622,3
28623,5
28624,5
28625,5
28626,4
28627,5
28628,2
28629,2
28630,0
28631,1
28632,0
28633,5
28634,0
28635,5
28636,3
28637,3
28638,6
28639,5
28640,4
28641,0
28642,5
28643,0
28644,5
28645,5
28646,5
28647,5
28648,0
28649,2
28650,5
28651,0
28652,0
28653,3
28654,0
28655,2
28656,0
28657,2
28658,0
28659,0
28660,0
28661,0
28662,2
28663,4
28664,5
28665,0
28666,2
28667,4
28668,0
28669,0
28670,3
28671,5
28672,5
28673,3
28674,2
28675,4
28676,5
28677,2
28678,5
28679,2
28680,4
28681,0
28682,0
28683,3
28684,0
28685,6
28686,6
28687,5
28688,1
28689,3
28690,3
28691,4
28692,2
28693,2
28694,5
28695,6
28696,6
28697,4
28698,2
28699,4
28700,5
28701,3
28702,2
28703,3
28704,0
28705,6
28706,5
28707,6
28708,2
28709,5
28710,5
28711,6
28712,6
28713,3
28714,3
28715,1
28716,2
28717,2
28718,6
28719,5
28720,3
28721,2
28722,2
28723,2
28724,5
28725,3
28726,2
28727,5
28728,2
28729,4
28730,2
28731,0
28732,0
28733,2
28734,5
28735,0
28736,4
28737,0
28738,4
28739,4
28740,2
28741,3
28742,2
28743,4
28744,3
28745,3
28746,3
28747,2
28748,3
28749,2
28750,1
28751,2
28752,5
28753,2
28754,5
28755,5
28756,5
28757,5
28758,5
28759,6
28760,0
28761,5
28762,2
28763,3
28764,3
28765,0
28766,5
28767,4
28768,0
28769,3
28770,3
28771,5
28772,3
28773,0
28774,0
28775,0
28776,3
28777,4
28778,5
28779,5
28780,3
28781,0
28782,3
28783,3
28784,1
28785,2
28786,5
28787,3
28788,3
28789,5
28790,2
28791,2
28792,5
28793,2
28794,4
28795,3
28796,3
28797,2
28798,0
28799,3
28800,3
28801,4
28802,0
28803,3
28804,5
28805,4
28806,3
28807,3
28808,5
28809,3
28810,2
28811,4
28812,2
28813,3
28814,0
28815,3
28816,2
28817,2
28818,2
28819,3
28820,5
28821,5
28822,3
28823,0
28824,5
28825,2
28826,5
28827,3
28828,5
28829,5
28830,1
28831,0
28832,1
28833,1
28834,1
28835,2
28836,6
28837,2
28838,2
28839,0
28840,5
28841,2
28842,1
28843,0
28844,2
28845,3
28846,6
28847,5
28848,3
28849,6
28850,2
28851,6
28852,6
28853,6
28854,6
28855,1
28856,6
28857,6
28858,2
28859,5
28860,6
28861,2
28862,0
28863,2
28864,6
28865,6
28866,3
28867,5
28868,2
28869,2
28870,2
28871,3
28872,2
28873,4
28874,3
28875,5
28876,2
28877,4
28878,5
28879,2
28880,0
28881,3
28882,4
28883,0
28884,2
28885,3
28886,6
28887,0
28888,6
28889,5
28890,5
28891,6
28892,1
28893,5
28894,3
28895,2
28896,2
28897,3
28898,6
28899,0
28900,5
28901,5
28902,2
28903,3
28904,3
28905,2
28906,5
28907,3
28908,0
28909,5
28910,0
28911,5
28912,3
28913,0
28914,5
28915,4
28916,1
28917,2
28918,1
28919,3
28920,0
28921,5
28922,5
28923,2
28924,1
28925,5
28926,1
28927,0
28928,2
28929,1
28930,1
28931,2
28932,0
28933,5
28934,0
28935,2
28936,3
28937,5
28938,1
28939,5
28940,3
28941,3
28942,3
28943,2
28944,2
28945,2
28946,5
28947,4
28948,2
28949,3
28950,5
28951,5
28952,5
28953,5
28954,3
28955,5
28956,4
28957,0
28958,1
28959,2
28960,3
28961,4
28962,1
28963,4
28964,4
28965,6
28966,4
28967,2
28968,3
28969,5
28970,5
28971,3
28972,5
28973,2
28974,3
28975,6
28976,6
28977,5
28978,2
28979,2
28980,6
28981,3
28982,5
28983,1
28984,5
28985,6
28986,5
28987,3
28988,5
28989,0
28990,2
28991,6
28992,5
28993,1
28994,2
28995,2
28996,2
28997,2
28998,3
28999,2
29000,0
29001,3
29002,4
29003,3
29004,1
29005,3
29006,1
29007,4
29008,2
29009,0
29010,3
29011,5
29012,3
29013,3
29014,3
29015,5
29016,5
29017,3
29018,4
29019,3
29020,0
29021,6
29022,4
29023,3
29024,2
29025,5
29026,2
29027,3
29028,2
29029,3
29030,3
29031,5
29032,5
29033,4
29034,3
29035,3
29036,3
29037,2
29038,6
29039,1
29040,4
29041,1
29042,5
29043,3
29044,4
29045,3
29046,3
29047,5
29048,5
29049,3
29050,3
29051,3
29052,5
29053,4
29054,5
29055,5
29056,6
29057,5
29058,6
29059,3
29060,2
29061,4
29062,5
29063,1
29064,3
29065,0
29066,3
29067,5
29068,3
29069,2
29070,0
29071,0
29072,5
29073,5
29074,5
29075,6
29076,3
29077,5
29078,2
29079,2
29080,5
29081,2
29082,3
29083,4
29084,0
29085,3
29086,2
29087,3
29088,2
29089,2
29090,2
29091,2
29092,5
29093,5
29094,0
29095,3
29096,4
29097,4
29098,0
29099,5
29100,2
29101,4
29102,4
29103,4
29104,1
29105,4
29106,4
29107,4
29108,5
29109,5
29110,5
29111,3
29112,2
29113,5
29114,2
29115,2
29116,2
29117,4
29118,5
29119,2
29120,5
29121,0
29122,6
29123,5
29124,2
29125,6
29126,2
29127,3
29128,2
29129,2
29130,3
29131,2
29132,5
29133,4
29134,1
29135,6
29136,3
29137,3
29138,5
29139,5
29140,2
29141,3
29142,2
29143,5
29144,1
29145,3
29146,1
29147,0
29148,3
29149,3
29150,2
29151,2
29152,6
29153,6
29154,3
29155,4
29156,1
29157,4
29158,3
29159,5
29160,6
29161,1
29162,2
29163,5
29164,5
29165,5
29166,3
29167,4
29168,3
29169,4
29170,3
29171,3
29172,5
29173,3
29174,0
29175,6
29176,6
29177,2
29178,6
29179,3
29180,6
29181,5
29182,2
29183,3
29184,3
29185,2
29186,0
29187,2
29188,5
29189,5
29190,3
29191,1
29192,3
29193,5
29194,5
29195,5
29196,3
29197,2
29198,1
29199,1
29200,4
29201,4
29202,3
29203,4
29204,5
29205,1
29206,3
29207,4
29208,5
29209,3
29210,0
29211,6
29212,5
29213,4
29214,5
29215,5
29216,3
29217,5
29218,4
29219,5
29220,2
29221,0
29222,0
29223,5
29224,3
29225,5
29226,5
29227,3
29228,4
29229,5
29230,4
29231,4
29232,3
29233,3
29234,5
29235,3
29236,3
29237,2
29238,3
29239,5
29240,4
29241,6
29242,2
29243,3
29244,0
29245,2
29246,3
29247,4
29248,5
29249,0
29250,4
29251,5
29252,4
29253,5
29254,3
29255,3
29256,2
29257,1
29258,3
29259,1
29260,2
29261,1
29262,6
29263,3
29264,3
29265,3
29266,4
29267,5
29268,0
29269,0
29270,5
29271,3
29272,1
29273,3
29274,1
29275,3
29276,5
29277,5
29278,5
29279,3
29280,3
29281,2
29282,1
29283,3
29284,3
29285,2
29286,2
29287,3
29288,3
29289,4
29290,6
29291,0
29292,3
29293,3
29294,3
29295,5
29296,1
29297,3
29298,2
29299,6
29300,5
29301,2
29302,0
29303,4
29304,3
29305,2
29306,0
29307,3
29308,3
29309,5
29310,3
29311,1
29312,0
29313,4
29314,4
29315,6
29316,0
29317,3
29318,4
29319,1
29320,5
29321,5
29322,3
29323,2
29324,3
29325,5
29326,6
29327,0
29328,5
29329,3
29330,1
29331,5
29332,3
29333,3
29334,3
29335,4
29336,3
29337,4
29338,5
29339,3
29340,1
29341,6
29342,2
29343,3
29344,5
29345,6
29346,3
29347,1
29348,2
29349,5
29350,6
29351,5
29352,4
29353,4
29354,3
29355,3
29356,3
29357,0
29358,2
29359,5
29360,3
29361,0
29362,2
29363,3
29364,6
29365,1
29366,1
29367,4
29368,1
29369,5
29370,6
29371,4
29372,3
29373,5
29374,0
29375,3
29376,3
29377,3
29378,4
29379,0
29380,2
29381,3
29382,3
29383,3
29384,4
29385,5
29386,4
29387,6
29388,0
29389,1
29390,4
29391,0
29392,3
29393,6
29394,3
29395,5
29396,5
29397,3
29398,5
29399,4
29400,2
29401,3
29402,0
29403,3
29404,0
29405,1
29406,5
29407,3
29408,2
29409,2
29410,5
29411,3
29412,3
29413,5
29414,5
29415,3
29416,2
29417,5
29418,3
29419,0
29420,1
29421,3
29422,3
29423,1
29424,0
29425,4
29426,3
29427,5
29428,4
29429,1
29430,4
29431,2
29432,2
29433,3
29434,1
29435,0
29436,1
29437,5
29438,4
29439,5
29440,2
29441,5
29442,3
29443,4
29444,5
29445,3
29446,3
29447,3
29448,4
29449,3
29450,3
29451,0
29452,6
29453,3
29454,3
29455,3
29456,3
29457,5
29458,2
29459,2
29460,2
29461,2
29462,4
29463,3
29464,2
29465,3
29466,2
29467,5
29468,5
29469,5
29470,1
29471,5
29472,3
29473,6
29474,4
29475,4
29476,3
29477,3
29478,4
29479,3
29480,5
29481,5
29482,1
29483,5
29484,0
29485,3
29486,4
29487,2
29488,2
29489,5
29490,2
29491,1
29492,5
29493,4
29494,5
29495,5
29496,5
29497,3
29498,5
29499,5
29500,3
29501,5
29502,3
29503,3
29504,4
29505,5
29506,3
29507,2
29508,2
29509,3
29510,3
29511,5
29512,2
29513,4
29514,3
29515,4
29516,5
29517,5
29518,4
29519,5
29520,3
29521,5
29522,3
29523,2
29524,5
29525,3
29526,3
29527,3
29528,2
29529,3
29530,1
29531,6
29532,5
29533,4
29534,3
29535,3
29536,1
29537,3
29538,3
29539,3
29540,3
29541,5
29542,5
29543,3
29544,2
29545,3
29546,0
29547,5
29548,5
29549,3
29550,3
29551,2
29552,3
29553,4
29554,5
29555,4
29556,0
29557,5
29558,2
29559,5
29560,5
29561,3
29562,3
29563,3
29564,3
29565,3
29566,5
29567,0
29568,1
29569,4
29570,5
29571,1
29572,5
29573,5
29574,3
29575,4
29576,5
29577,3
29578,5
29579,2
29580,0
29581,0
29582,5
29583,5
29584,1
29585,4
29586,2
29587,2
29588,3
29589,5
29590,4
29591,4
29592,5
29593,1
29594,5
29595,6
29596,2
29597,5
29598,2
29599,3
29600,3
29601,5
29602,2
29603,2
29604,0
29605,5
29606,4
29607,4
29608,3
29609,3
29610,1
29611,0
29612,3
29613,4
29614,5
29615,4
29616,2
29617,3
29618,0
29619,5
29620,4
29621,4
29622,4
29623,3
29624,5
29625,3
29626,3
29627,5
29628,5
29629,0
29630,5
29631,3
29632,6
29633,1
29634,4
29635,3
29636,0
29637,2
29638,2
29639,3
29640,3
29641,2
29642,5
29643,3
29644,5
29645,5
29646,1
29647,0
29648,5
29649,2
29650,5
29651,2
29652,0
29653,2
29654,5
29655,5
29656,3
29657,1
29658,5
29659,1
29660,3
29661,3
29662,0
29663,5
29664,3
29665,2
29666,2
29667,5
29668,0
29669,3
29670,5
29671,4
29672,5
29673,3
29674,2
29675,2
29676,5
29677,5
29678,3
29679,3
29680,3
29681,2
29682,0
29683,3
29684,3
29685,5
29686,2
29687,5
29688,1
29689,5
29690,3
29691,2
29692,0
29693,6
29694,5
29695,0
29696,5
29697,5
29698,2
29699,3
29700,5
29701,3
29702,4
29703,5
29704,3
29705,5
29706,0
29707,3
29708,3
29709,3
29710,2
29711,5
29712,5
29713,5
29714,4
29715,3
29716,0
29717,0
29718,5
29719,5
29720,3
29721,4
29722,5
29723,3
29724,3
29725,4
29726,1
29727,5
29728,2
29729,3
29730,5
29731,5
29732,5
29733,5
29734,5
29735,5
29736,5
29737,2
29738,5
29739,5
29740,3
29741,3
29742,5
29743,5
29744,2
29745,2
29746,0
29747,2
29748,3
29749,5
29750,3
29751,3
29752,3
29753,5
29754,4
29755,5
29756,3
29757,5
29758,5
29759,3
29760,3
29761,5
29762,3
29763,3
29764,0
29765,5
29766,5
29767,2
29768,1
29769,0
29770,1
29771,5
29772,5
29773,4
29774,4
29775,5
29776,0
29777,5
29778,3
29779,3
29780,3
29781,4
29782,0
29783,4
29784,3
29785,5
29786,4
29787,2
29788,5
29789,6
29790,5
29791,0
29792,5
29793,4
29794,2
29795,3
29796,3
29797,3
29798,5
29799,5
29800,3
29801,5
29802,0
29803,5
29804,5
29805,3
29806,5
29807,5
29808,2
29809,5
29810,2
29811,2
29812,5
29813,0
29814,5
29815,0
29816,1
29817,2
29818,4
29819,0
29820,5
29821,2
29822,2
29823,3
29824,3
29825,2
29826,0
29827,3
29828,0
29829,2
29830,5
29831,2
29832,2
29833,1
29834,3
29835,5
29836,4
29837,5
29838,3
29839,0
29840,3
29841,2
29842,2
29843,2
29844,1
29845,5
29846,5
29847,2
29848,0
29849,5
29850,2
29851,2
29852,0
29853,2
29854,4
29855,2
29856,3
29857,4
29858,3
29859,5
29860,3
29861,3
29862,4
29863,2
29864,3
29865,2
29866,3
29867,4
29868,3
29869,4
29870,6
29871,5
29872,1
29873,5
29874,0
29875,2
29876,1
29877,0
29878,4
29879,5
29880,5
29881,2
29882,3
29883,4
29884,4
29885,2
29886,6
29887,2
29888,5
29889,4
29890,1
29891,5
29892,4
29893,5
29894,5
29895,5
29896,4
29897,0
29898,0
29899,3
29900,2
29901,0
29902,4
29903,5
29904,1
29905,3
29906,2
29907,3
29908,2
29909,2
29910,2
29911,5
29912,0
29913,0
29914,2
29915,5
29916,5
29917,4
29918,2
29919,3
29920,5
29921,0
29922,2
29923,5
29924,1
29925,4
29926,2
29927,2
29928,2
29929,3
29930,5
29931,2
29932,0
29933,0
29934,2
29935,2
29936,4
29937,5
29938,3
29939,3
29940,3
29941,5
29942,0
29943,4
29944,3
29945,1
29946,4
29947,3
29948,5
29949,0
29950,5
29951,3
29952,0
29953,3
29954,5
29955,5
29956,5
29957,5
29958,5
29959,0
29960,5
29961,5
29962,5
29963,0
29964,0
29965,6
29966,5
29967,0
29968,6
29969,5
29970,5
29971,4
29972,4
29973,1
29974,5
29975,5
29976,0
29977,0
29978,5
29979,4
29980,0
29981,6
29982,0
29983,3
29984,3
29985,3
29986,0
29987,5
29988,5
29989,4
29990,0
29991,6
29992,0
29993,5
29994,3
29995,5
29996,5
29997,5
29998,5
29999,5
30000,5
30001,3
30002,5
30003,5
30004,5
30005,5
30006,5
30007,0
30008,2
30009,5
30010,5
30011,3
30012,5
30013,0
30014,5
30015,5
30016,5
30017,3
30018,3
30019,3
30020,4
30021,5
30022,6
30023,2
30024,3
30025,0
30026,5
30027,4
30028,6
30029,5
30030,6
30031,0
30032,4
30033,4
30034,0
30035,5
30036,0
30037,5
30038,2
30039,0
30040,0
30041,5
30042,1
30043,3
30044,5
30045,5
30046,5
30047,5
30048,4
30049,3
30050,5
30051,5
30052,0
30053,2
30054,2
30055,3
30056,3
30057,3
30058,0
30059,5
30060,2
30061,5
30062,5
30063,3
30064,0
30065,3
30066,3
30067,3
30068,5
30069,5
30070,4
30071,5
30072,0
30073,3
30074,5
30075,5
30076,5
30077,5
30078,3
30079,2
30080,2
30081,5
30082,5
30083,5
30084,4
30085,3
30086,3
30087,5
30088,5
30089,0
30090,5
30091,5
30092,4
30093,0
30094,5
30095,1
30096,0
30097,5
30098,5
30099,3
30100,5
30101,5
30102,5
30103,1
30104,3
30105,3
30106,3
30107,5
30108,3
30109,3
30110,4
30111,5
30112,4
30113,5
30114,5
30115,5
30116,5
30117,5
30118,5
30119,2
30120,4
30121,3
30122,0
30123,4
30124,4
30125,5
30126,4
30127,3
30128,0
30129,5
30130,5
30131,6
30132,5
30133,5
30134,5
30135,5
30136,3
30137,5
30138,3
30139,3
30140,5
30141,3
30142,3
30143,3
30144,5
30145,1
30146,5
30147,3
30148,5
30149,5
30150,5
30151,5
30152,3
30153,5
30154,5
30155,3
30156,3
30157,0
30158,4
30159,5
30160,5
30161,5
30162,4
30163,3
30164,5
30165,2
30166,1
30167,3
30168,3
30169,5
30170,3
30171,5
30172,2
30173,3
30174,3
30175,4
30176,5
30177,4
30178,6
30179,5
30180,5
30181,5
30182,3
30183,5
30184,5
30185,5
30186,5
30187,3
30188,3
30189,3
30190,5
30191,5
30192,0
30193,4
30194,5
30195,5
30196,3
30197,3
30198,5
30199,5
30200,0
30201,0
30202,5
30203,5
30204,5
30205,4
30206,5
30207,5
30208,5
30209,5
30210,3
30211,4
30212,5
30213,5
30214,5
30215,4
30216,4
30217,4
30218,4
30219,4
30220,4
30221,4
30222,5
30223,6
30224,4
30225,5
30226,3
30227,4
30228,4
30229,4
30230,2
30231,5
30232,3
30233,4
30234,4
30235,4
30236,3
30237,5
30238,3
30239,3
30240,5
30241,5
30242,5
30243,5
30244,5
30245,5
30246,5
30247,5
30248,5
30249,5
30250,5
30251,5
30252,5
30253,5
30254,5
30255,5
30256,5
30257,3
30258,5
30259,5
30260,2
30261,4
30262,5
30263,4
30264,5
30265,5
30266,0
30267,5
30268,3
30269,5
30270,5
30271,3
30272,3
30273,4
30274,3
30275,1
30276,5
30277,5
30278,3
30279,2
30280,5
30281,3
30282,5
30283,1
30284,5
30285,5
30286,5
30287,4
30288,5
30289,5
30290,3
30291,5
30292,5
30293,3
30294,3
30295,3
30296,5
30297,2
30298,4
30299,2
30300,5
30301,4
30302,3
30303,4
30304,4
30305,0
30306,3
30307,5
30308,6
30309,4
30310,3
30311,5
30312,0
30313,5
30314,5
30315,5
30316,3
30317,5
30318,4
30319,3
30320,5
30321,0
30322,5
30323,4
30324,5
30325,5
30326,5
30327,5
30328,3
30329,5
30330,5
30331,5
30332,4
30333,3
30334,3
30335,0
30336,4
30337,5
30338,3
30339,6
30340,4
30341,5
30342,0
30343,5
30344,5
30345,5
30346,0
30347,4
30348,4
30349,6
30350,3
30351,5
30352,5
30353,5
30354,5
30355,3
30356,3
30357,3
30358,5
30359,2
30360,5
30361,5
30362,4
30363,5
30364,5
30365,0
30366,5
30367,1
30368,2
30369,0
30370,3
30371,3
30372,4
30373,2
30374,5
30375,4
30376,0
30377,2
30378,5
30379,5
30380,5
30381,5
30382,5
30383,5
30384,4
30385,4
30386,3
30387,3
30388,5
30389,4
30390,5
30391,3
30392,5
30393,3
30394,3
30395,4
30396,5
30397,4
30398,3
30399,5
30400,5
30401,6
30402,5
30403,5
30404,5
30405,5
30406,3
30407,3
30408,3
30409,5
30410,5
30411,4
30412,5
30413,3
30414,5
30415,0
30416,3
30417,3
30418,5
30419,2
30420,2
30421,3
30422,6
30423,4
30424,3
30425,5
30426,4
30427,3
30428,3
30429,5
30430,5
30431,3
30432,4
30433,5
30434,1
30435,5
30436,2
30437,5
30438,5
30439,5
30440,3
30441,4
30442,5
30443,5
30444,5
30445,5
30446,2
30447,3
30448,6
30449,3
30450,3
30451,1
30452,3
30453,5
30454,5
30455,2
30456,4
30457,5
30458,1
30459,1
30460,5
30461,3
30462,4
30463,5
30464,1
30465,1
30466,0
30467,3
30468,1
30469,3
30470,5
30471,6
30472,5
30473,5
30474,5
30475,3
30476,5
30477,6
30478,5
30479,5
30480,4
30481,4
30482,4
30483,5
30484,5
30485,3
30486,5
30487,3
30488,1
30489,2
30490,2
30491,5
30492,3
30493,0
30494,4
30495,3
30496,3
30497,6
30498,4
30499,5
30500,3
30501,3
30502,5
30503,4
30504,2
30505,3
30506,5
30507,2
30508,5
30509,4
30510,3
30511,6
30512,5
30513,4
30514,5
30515,3
30516,5
30517,2
30518,5
30519,3
30520,3
30521,4
30522,5
30523,5
30524,3
30525,6
30526,5
30527,3
30528,5
30529,0
30530,4
30531,5
30532,1
30533,0
30534,2
30535,4
30536,4
30537,5
30538,0
30539,5
30540,5
30541,0
30542,5
30543,0
30544,5
30545,5
30546,5
30547,3
30548,4
30549,2
30550,2
30551,5
30552,3
30553,4
30554,5
30555,3
30556,2
30557,3
30558,5
30559,3
30560,5
30561,0
30562,4
30563,3
30564,5
30565,3
30566,1
30567,4
30568,5
30569,3
30570,3
30571,3
30572,5
30573,2
30574,2
30575,0
30576,1
30577,4
30578,0
30579,6
30580,3
30581,1
30582,4
30583,3
30584,1
30585,4
30586,5
30587,3
30588,5
30589,5
30590,3
30591,4
30592,2
30593,4
30594,5
30595,3
30596,5
30597,5
30598,3
30599,3
30600,2
30601,6
30602,4
30603,3
30604,4
30605,2
30606,5
30607,4
30608,4
30609,3
30610,3
30611,2
30612,3
30613,3
30614,4
30615,5
30616,3
30617,5
30618,2
30619,3
30620,3
30621,3
30622,5
30623,4
30624,2
30625,5
30626,3
30627,5
30628,6
30629,5
30630,5
30631,0
30632,3
30633,5
30634,1
30635,3
30636,3
30637,3
30638,0
30639,6
30640,5
30641,3
30642,3
30643,1
30644,5
30645,5
30646,0
30647,1
30648,2
30649,0
30650,2
30651,3
30652,4
30653,2
30654,3
30655,0
30656,2
30657,3
30658,5
30659,4
30660,1
30661,2
30662,2
30663,2
30664,0
30665,2
30666,3
30667,2
30668,2
30669,1
30670,2
30671,2
30672,2
30673,2
30674,1
30675,2
30676,5
30677,3
30678,3
30679,5
30680,3
30681,2
30682,2
30683,2
30684,3
30685,2
30686,3
30687,3
30688,3
30689,3
30690,4
30691,2
30692,2
30693,2
30694,3
30695,3
30696,0
30697,0
30698,3
30699,2
30700,3
30701,2
30702,4
30703,2
30704,4
30705,2
30706,5
30707,3
30708,2
30709,2
30710,4
30711,2
30712,0
30713,2
30714,3
30715,5
30716,4
30717,4
30718,0
30719,1
30720,2
30721,4
30722,5
30723,1
30724,5
30725,0
30726,6
30727,2
30728,3
30729,1
30730,3
30731,5
30732,3
30733,3
30734,3
30735,2
30736,3
30737,2
30738,2
30739,5
30740,3
30741,0
30742,3
30743,6
30744,0
30745,6
30746,3
30747,2
30748,2
30749,1
30750,3
30751,5
30752,1
30753,2
30754,4
30755,6
30756,3
30757,2
30758,6
30759,2
30760,5
30761,2
30762,5
30763,2
30764,2
30765,6
30766,2
30767,4
30768,1
30769,2
30770,4
30771,2
30772,0
30773,1
30774,3
30775,4
30776,0
30777,3
30778,0
30779,5
30780,2
30781,5
30782,3
30783,0
30784,5
30785,1
30786,1
30787,3
30788,5
30789,3
30790,0
30791,2
30792,3
30793,3
30794,0
30795,3
30796,3
30797,3
30798,5
30799,2
30800,4
30801,3
30802,3
30803,4
30804,3
30805,2
30806,3
30807,5
30808,3
30809,6
30810,3
30811,3
30812,3
30813,3
30814,6
30815,3
30816,3
30817,2
30818,6
30819,4
30820,6
30821,0
30822,4
30823,3
30824,1
30825,0
30826,0
30827,0
30828,0
30829,1
30830,3
30831,3
30832,5
30833,5
30834,5
30835,2
30836,2
30837,0
30838,4
30839,0
30840,6
30841,1
30842,5
30843,3
30844,5
30845,3
30846,1
30847,3
30848,1
30849,5
30850,5
30851,5
30852,0
30853,3
30854,5
30855,3
30856,0
30857,4
30858,4
30859,0
30860,3
30861,3
30862,3
30863,3
30864,2
30865,2
30866,1
30867,2
30868,2
30869,5
30870,0
30871,2
30872,3
30873,5
30874,5
30875,3
30876,2
30877,2
30878,3
30879,2
30880,2
30881,0
30882,2
30883,5
30884,1
30885,5
30886,5
30887,5
30888,3
30889,5
30890,5
30891,3
30892,0
30893,1
30894,4
30895,0
30896,5
30897,0
30898,5
30899,3
30900,2
30901,2
30902,2
30903,0
30904,3
30905,3
30906,1
30907,5
30908,2
30909,5
30910,0
30911,3
30912,5
30913,5
30914,5
30915,5
30916,3
30917,2
30918,5
30919,3
30920,3
30921,2
30922,1
30923,2
30924,2
30925,3
30926,4
30927,0
30928,0
30929,2
30930,3
30931,0
30932,1
30933,5
30934,2
30935,5
30936,6
30937,5
30938,3
30939,0
30940,4
30941,3
30942,3
30943,5
30944,5
30945,4
30946,3
30947,5
30948,3
30949,3
30950,2
30951,2
30952,5
30953,3
30954,3
30955,2
30956,6
30957,2
30958,3
30959,3
30960,4
30961,3
30962,3
30963,1
30964,5
30965,1
30966,0
30967,0
30968,5
30969,1
30970,1
30971,0
30972,5
30973,4
30974,2
30975,1
30976,0
30977,0
30978,5
30979,1
30980,2
30981,1
30982,2
30983,1
30984,0
30985,4
30986,4
30987,4
30988,5
30989,3
30990,5
30991,2
30992,2
30993,4
30994,2
30995,2
30996,2
30997,2
30998,3
30999,1
31000,1
31001,5
31002,3
31003,2
31004,5
31005,1
31006,3
31007,0
31008,2
31009,3
31010,5
31011,2
31012,5
31013,4
31014,3
31015,4
31016,3
31017,4
31018,2
31019,3
31020,5
31021,1
31022,3
31023,3
31024,4
31025,5
31026,5
31027,3
31028,3
31029,2
31030,6
31031,4
31032,3
31033,3
31034,5
31035,3
31036,1
31037,2
31038,4
31039,5
31040,5
31041,5
31042,2
31043,0
31044,2
31045,2
31046,5
31047,2
31048,5
31049,4
31050,5
31051,3
31052,3
31053,3
31054,3
31055,2
31056,0
31057,3
31058,3
31059,3
31060,3
31061,3
31062,1
31063,5
31064,4
31065,2
31066,1
31067,2
31068,2
31069,3
31070,5
31071,3
31072,5
31073,0
31074,4
31075,1
31076,5
31077,5
31078,5
31079,3
31080,1
31081,2
31082,1
31083,3
31084,4
31085,2
31086,3
31087,4
31088,0
31089,1
31090,2
31091,2
31092,6
31093,5
31094,4
31095,4
31096,5
31097,4
31098,5
31099,2
31100,0
31101,0
31102,2
31103,2
31104,2
31105,2
31106,2
31107,3
31108,2
31109,2
31110,1
31111,5
31112,3
31113,3
31114,1
31115,2
31116,4
31117,4
31118,1
31119,0
31120,4
31121,3
31122,3
31123,3
31124,3
31125,5
31126,3
31127,5
31128,5
31129,4
31130,2
31131,4
31132,2
31133,3
31134,3
31135,1
31136,3
31137,5
31138,0
31139,0
31140,2
31141,5
31142,1
31143,2
31144,5
31145,3
31146,2
31147,2
31148,3
31149,3
31150,5
31151,2
31152,3
31153,2
31154,1
31155,1
31156,4
31157,1
31158,3
31159,0
31160,0
31161,4
31162,0
31163,2
31164,0
31165,0
31166,4
31167,4
31168,2
31169,3
31170,4
31171,4
31172,5
31173,5
31174,3
31175,5
31176,2
31177,2
31178,2
31179,1
31180,0
31181,2
31182,3
31183,2
31184,3
31185,0
31186,5
31187,2
31188,4
31189,4
31190,3
31191,3
31192,3
31193,4
31194,1
31195,4
31196,2
31197,6
31198,5
31199,3
31200,5
31201,3
31202,2
31203,2
31204,2
31205,4
31206,0
31207,2
31208,0
31209,4
31210,5
31211,5
31212,1
31213,5
31214,3
31215,3
31216,5
31217,5
31218,0
31219,1
31220,6
31221,3
31222,6
31223,5
31224,5
31225,4
31226,3
31227,3
31228,3
31229,2
31230,2
31231,3
31232,5
31233,2
31234,5
31235,3
31236,3
31237,2
31238,0
31239,3
31240,4
31241,0
31242,5
31243,3
31244,2
31245,4
31246,2
31247,4
31248,2
31249,3
31250,1
31251,5
31252,6
31253,5
31254,2
31255,3
31256,3
31257,1
31258,5
31259,3
31260,2
31261,1
31262,5
31263,3
31264,2
31265,3
31266,0
31267,1
31268,2
31269,3
31270,2
31271,2
31272,2
31273,3
31274,5
31275,1
31276,3
31277,2
31278,3
31279,2
31280,2
31281,2
31282,5
31283,1
31284,3
31285,5
31286,2
31287,0
31288,1
31289,3
31290,2
31291,1
31292,2
31293,4
31294,3
31295,3
31296,3
31297,3
31298,2
31299,5
31300,3
31301,5
31302,2
31303,4
31304,4
31305,3
31306,2
31307,1
31308,4
31309,2
31310,3
31311,2
31312,0
31313,2
31314,3
31315,3
31316,5
31317,0
31318,2
31319,2
31320,0
31321,1
31322,5
31323,2
31324,2
31325,2
31326,5
31327,2
31328,3
31329,4
31330,0
31331,1
31332,3
31333,2
31334,1
31335,3
31336,1
31337,3
31338,5
31339,5
31340,6
31341,3
31342,0
31343,6
31344,3
31345,3
31346,3
31347,3
31348,5
31349,5
31350,4
31351,3
31352,1
31353,2
31354,5
31355,3
31356,3
31357,1
31358,3
31359,0
31360,2
31361,4
31362,2
31363,4
31364,5
31365,2
31366,2
31367,2
31368,3
31369,2
31370,3
31371,2
31372,2
31373,2
31374,1
31375,2
31376,5
31377,3
31378,5
31379,3
31380,2
31381,2
31382,5
31383,2
31384,2
31385,4
31386,5
31387,4
31388,1
31389,2
31390,5
31391,2
31392,0
31393,2
31394,6
31395,4
31396,3
31397,1
31398,4
31399,0
31400,5
31401,3
31402,3
31403,5
31404,3
31405,3
31406,2
31407,5
31408,5
31409,2
31410,2
31411,3
31412,2
31413,3
31414,4
31415,3
31416,4
31417,2
31418,2
31419,4
31420,5
31421,2
31422,3
31423,6
31424,3
31425,2
31426,5
31427,3
31428,4
31429,2
31430,0
31431,6
31432,5
31433,2
31434,5
31435,5
31436,5
31437,3
31438,2
31439,3
31440,3
31441,5
31442,5
31443,1
31444,5
31445,1
31446,0
31447,3
31448,2
31449,5
31450,2
31451,3
31452,5
31453,3
31454,5
31455,5
31456,2
31457,5
31458,2
31459,1
31460,1
31461,2
31462,2
31463,1
31464,4
31465,0
31466,3
31467,3
31468,3
31469,4
31470,2
31471,4
31472,5
31473,2
31474,5
31475,3
31476,5
31477,1
31478,5
31479,0
31480,3
31481,0
31482,1
31483,4
31484,2
31485,3
31486,2
31487,2
31488,0
31489,5
31490,2
31491,3
31492,4
31493,2
31494,3
31495,0
31496,1
31497,2
31498,1
31499,3
31500,6
31501,0
31502,3
31503,4
31504,3
31505,3
31506,0
31507,5
31508,4
31509,3
31510,4
31511,5
31512,6
31513,0
31514,2
31515,4
31516,2
31517,2
31518,0
31519,2
31520,2
31521,5
31522,1
31523,0
31524,3
31525,2
31526,5
31527,3
31528,3
31529,3
31530,4
31531,5
31532,0
31533,4
31534,5
31535,4
31536,2
31537,4
31538,3
31539,2
31540,0
31541,2
31542,2
31543,2
31544,3
31545,0
31546,0
31547,1
31548,1
31549,2
31550,5
31551,5
31552,3
31553,1
31554,4
31555,3
31556,3
31557,3
31558,5
31559,4
31560,3
31561,3
31562,3
31563,0
31564,3
31565,5
31566,2
31567,4
31568,6
31569,2
31570,5
31571,3
31572,2
31573,3
31574,5
31575,6
31576,2
31577,3
31578,6
31579,3
31580,3
31581,3
31582,3
31583,5
31584,2
31585,2
31586,5
31587,3
31588,2
31589,2
31590,2
31591,3
31592,1
31593,2
31594,2
31595,3
31596,2
31597,1
31598,5
31599,3
31600,5
31601,2
31602,1
31603,5
31604,4
31605,3
31606,3
31607,4
31608,5
31609,2
31610,3
31611,5
31612,2
31613,5
31614,5
31615,4
31616,5
31617,5
31618,3
31619,4
31620,5
31621,4
31622,4
31623,2
31624,5
31625,0
31626,3
31627,3
31628,3
31629,6
31630,2
31631,5
31632,3
31633,4
31634,4
31635,4
31636,1
31637,3
31638,5
31639,4
31640,2
31641,3
31642,2
31643,4
31644,1
31645,2
31646,5
31647,1
31648,6
31649,2
31650,6
31651,3
31652,1
31653,1
31654,1
31655,1
31656,3
31657,2
31658,5
31659,1
31660,0
31661,2
31662,1
31663,0
31664,3
31665,5
31666,3
31667,3
31668,3
31669,2
31670,0
31671,1
31672,0
31673,3
31674,3
31675,3
31676,0
31677,0
31678,5
31679,5
31680,1
31681,2
31682,3
31683,3
31684,3
31685,3
31686,5
31687,3
31688,0
31689,2
31690,1
31691,3
31692,5
31693,5
31694,4
31695,0
31696,5
31697,2
31698,4
31699,3
31700,4
31701,4
31702,5
31703,4
31704,4
31705,2
31706,2
31707,2
31708,2
31709,4
31710,2
31711,0
31712,0
31713,5
31714,3
31715,6
31716,0
31717,0
31718,5
31719,5
31720,5
31721,1
31722,5
31723,2
31724,5
31725,1
31726,0
31727,4
31728,1
31729,3
31730,1
31731,3
31732,2
31733,2
31734,0
31735,2
31736,2
31737,3
31738,4
31739,5
31740,3
31741,2
31742,5
31743,4
31744,2
31745,2
31746,2
31747,5
31748,6
31749,2
31750,3
31751,3
31752,5
31753,3
31754,3
31755,4
31756,3
31757,5
31758,5
31759,3
31760,1
31761,2
31762,3
31763,3
31764,3
31765,2
31766,0
31767,2
31768,2
31769,2
31770,5
31771,4
31772,5
31773,5
31774,0
31775,3
31776,1
31777,2
31778,5
31779,4
31780,2
31781,2
31782,2
31783,3
31784,3
31785,5
31786,3
31787,5
31788,5
31789,3
31790,5
31791,3
31792,2
31793,3
31794,1
31795,1
31796,2
31797,2
31798,2
31799,2
31800,3
31801,2
31802,1
31803,2
31804,3
31805,2
31806,5
31807,3
31808,4
31809,0
31810,5
31811,3
31812,3
31813,3
31814,4
31815,3
31816,4
31817,4
31818,2
31819,6
31820,5
31821,4
31822,5
31823,5
31824,3
31825,4
31826,3
31827,5
31828,5
31829,4
31830,3
31831,5
31832,3
31833,3
31834,5
31835,0
31836,0
31837,6
31838,2
31839,3
31840,1
31841,3
31842,1
31843,2
31844,5
31845,5
31846,0
31847,5
31848,2
31849,5
31850,5
31851,4
31852,1
31853,4
31854,5
31855,5
31856,5
31857,3
31858,0
31859,2
31860,4
31861,5
31862,2
31863,2
31864,3
31865,3
31866,5
31867,3
31868,3
31869,0
31870,2
31871,3
31872,2
31873,2
31874,1
31875,4
31876,5
31877,1
31878,2
31879,0
31880,5
31881,3
31882,3
31883,0
31884,0
31885,0
31886,3
31887,1
31888,5
31889,5
31890,5
31891,2
31892,3
31893,4
31894,3
31895,3
31896,4
31897,1
31898,5
31899,1
31900,5
31901,1
31902,4
31903,0
31904,2
31905,5
31906,2
31907,2
31908,2
31909,0
31910,5
31911,0
31912,1
31913,4
31914,2
31915,5
31916,2
31917,3
31918,2
31919,4
31920,3
31921,2
31922,2
31923,4
31924,3
31925,3
31926,3
31927,2
31928,0
31929,2
31930,2
31931,3
31932,5
31933,3
31934,2
31935,4
31936,5
31937,2
31938,2
31939,4
31940,1
31941,3
31942,5
31943,4
31944,2
31945,3
31946,2
31947,1
31948,5
31949,2
31950,3
31951,3
31952,3
31953,3
31954,3
31955,4
31956,2
31957,6
31958,4
31959,3
31960,0
31961,2
31962,4
31963,2
31964,4
31965,2
31966,4
31967,1
31968,3
31969,6
31970,2
31971,2
31972,3
31973,5
31974,2
31975,2
31976,5
31977,2
31978,5
31979,5
31980,5
31981,3
31982,4
31983,2
31984,5
31985,2
31986,5
31987,2
31988,2
31989,4
31990,1
31991,3
31992,5
31993,4
31994,3
31995,6
31996,3
31997,1
31998,5
31999,0
32000,3
32001,0
32002,3
32003,5
32004,3
32005,0
32006,2
32007,1
32008,1
32009,5
32010,2
32011,0
32012,3
32013,3
32014,4
32015,3
32016,6
32017,6
32018,5
32019,2
32020,0
32021,2
32022,0
32023,4
32024,4
32025,5
32026,3
32027,5
32028,2
32029,2
32030,6
32031,0
32032,0
32033,3
32034,4
32035,2
32036,5
32037,0
32038,0
32039,2
32040,3
32041,0
32042,1
32043,5
32044,6
32045,1
32046,5
32047,3
32048,2
32049,3
32050,5
32051,2
32052,0
32053,0
32054,3
32055,2
32056,4
32057,5
32058,3
32059,5
32060,6
32061,5
32062,3
32063,5
32064,1
32065,2
32066,4
32067,5
32068,0
32069,3
32070,3
32071,5
32072,5
32073,3
32074,3
32075,3
32076,3
32077,3
32078,3
32079,3
32080,3
32081,1
32082,2
32083,1
32084,2
32085,1
32086,3
32087,3
32088,2
32089,5
32090,4
32091,3
32092,2
32093,4
32094,4
32095,5
32096,5
32097,0
32098,3
32099,3
32100,3
32101,2
32102,2
32103,1
32104,3
32105,4
32106,5
32107,2
32108,3
32109,4
32110,3
32111,2
32112,3
32113,5
32114,0
32115,2
32116,3
32117,2
32118,5
32119,2
32120,5
32121,4
32122,2
32123,5
32124,2
32125,3
32126,3
32127,3
32128,0
32129,3
32130,0
32131,2
32132,2
32133,3
32134,2
32135,3
32136,2
32137,5
32138,3
32139,3
32140,2
32141,3
32142,5
32143,2
32144,5
32145,5
32146,6
32147,1
32148,5
32149,3
32150,3
32151,2
32152,6
32153,4
32154,5
32155,3
32156,5
32157,1
32158,2
32159,3
32160,4
32161,3
32162,3
32163,5
32164,1
32165,1
32166,5
32167,3
32168,5
32169,0
32170,4
32171,4
32172,2
32173,2
32174,1
32175,5
32176,3
32177,5
32178,4
32179,3
32180,5
32181,5
32182,2
32183,3
32184,5
32185,3
32186,5
32187,1
32188,3
32189,5
32190,0
32191,3
32192,2
32193,4
32194,1
32195,5
32196,4
32197,0
32198,2
32199,5
32200,2
32201,5
32202,5
32203,2
32204,3
32205,5
32206,5
32207,5
32208,5
32209,1
32210,2
32211,0
32212,5
32213,2
32214,5
32215,2
32216,3
32217,3
32218,3
32219,3
32220,1
32221,5
32222,3
32223,2
32224,3
32225,3
32226,1
32227,2
32228,2
32229,0
32230,5
32231,0
32232,2
32233,3
32234,2
32235,2
32236,6
32237,0
32238,5
32239,6
32240,3
32241,5
32242,3
32243,5
32244,2
32245,5
32246,2
32247,2
32248,5
32249,5
32250,3
32251,5
32252,5
32253,0
32254,0
32255,2
32256,3
32257,0
32258,5
32259,5
32260,0
32261,5
32262,3
32263,3
32264,3
32265,3
32266,5
32267,5
32268,1
32269,3
32270,5
32271,3
32272,2
32273,2
32274,1
32275,5
32276,2
32277,2
32278,4
32279,1
32280,2
32281,3
32282,0
32283,3
32284,3
32285,0
32286,5
32287,5
32288,1
32289,5
32290,1
32291,3
32292,2
32293,3
32294,2
32295,2
32296,5
32297,2
32298,5
32299,6
32300,1
32301,0
32302,3
32303,5
32304,3
32305,5
32306,3
32307,3
32308,1
32309,2
32310,2
32311,2
32312,3
32313,3
32314,2
32315,5
32316,1
32317,3
32318,5
32319,2
32320,0
32321,2
32322,3
32323,3
32324,3
32325,2
32326,3
32327,3
32328,2
32329,5
32330,2
32331,3
32332,2
32333,5
32334,2
32335,2
32336,3
32337,2
32338,3
32339,3
32340,3
32341,5
32342,3
32343,5
32344,2
32345,2
32346,2
32347,1
32348,3
32349,4
32350,3
32351,4
32352,3
32353,3
32354,3
32355,3
32356,5
32357,5
32358,5
32359,3
32360,5
32361,0
32362,2
32363,0
32364,0
32365,0
32366,4
32367,4
32368,2
32369,4
32370,3
32371,4
32372,2
32373,2
32374,5
32375,5
32376,4
32377,3
32378,2
32379,1
32380,2
32381,2
32382,2
32383,3
32384,1
32385,4
32386,3
32387,3
32388,2
32389,5
32390,5
32391,5
32392,4
32393,2
32394,3
32395,1
32396,0
32397,5
32398,1
32399,4
32400,5
32401,3
32402,1
32403,3
32404,0
32405,2
32406,2
32407,2
32408,5
32409,3
32410,2
32411,3
32412,3
32413,0
32414,1
32415,5
32416,2
32417,5
32418,1
32419,1
32420,4
32421,3
32422,3
32423,4
32424,5
32425,5
32426,3
32427,0
32428,6
32429,3
32430,3
32431,5
32432,2
32433,3
32434,3
32435,4
32436,2
32437,2
32438,3
32439,3
32440,3
32441,4
32442,4
32443,2
32444,3
32445,5
32446,2
32447,3
32448,5
32449,3
32450,2
32451,3
32452,5
32453,3
32454,3
32455,3
32456,2
32457,4
32458,3
32459,2
32460,3
32461,0
32462,3
32463,5
32464,4
32465,2
32466,2
32467,3
32468,1
32469,5
32470,4
32471,3
32472,2
32473,3
32474,3
32475,3
32476,3
32477,0
32478,5
32479,5
32480,5
32481,5
32482,6
32483,0
32484,3
32485,5
32486,3
32487,0
32488,5
32489,0
32490,1
32491,5
32492,1
32493,5
32494,3
32495,5
32496,5
32497,2
32498,2
32499,3
32500,0
32501,3
32502,5
32503,3
32504,5
32505,2
32506,5
32507,0
32508,5
32509,3
32510,5
32511,4
32512,2
32513,4
32514,2
32515,2
32516,3
32517,3
32518,2
32519,3
32520,3
32521,3
32522,3
32523,2
32524,2
32525,0
32526,0
32527,2
32528,3
32529,2
32530,4
32531,4
32532,2
32533,3
32534,1
32535,2
32536,2
32537,2
32538,2
32539,5
32540,0
32541,1
32542,5
32543,2
32544,0
32545,4
32546,3
32547,3
32548,4
32549,3
32550,5
32551,5
32552,6
32553,3
32554,3
32555,3
32556,5
32557,2
32558,5
32559,3
32560,2
32561,4
32562,1
32563,2
32564,1
32565,4
32566,0
32567,5
32568,2
32569,1
32570,3
32571,3
32572,1
32573,0
32574,4
32575,3
32576,2
32577,2
32578,5
32579,2
32580,3
32581,2
32582,3
32583,5
32584,2
32585,3
32586,0
32587,5
32588,0
32589,5
32590,0
32591,3
32592,3
32593,2
32594,3
32595,5
32596,3
32597,5
32598,3
32599,3
32600,5
32601,3
32602,3
32603,5
32604,5
32605,3
32606,5
32607,2
32608,2
32609,2
32610,2
32611,2
32612,0
32613,5
32614,3
32615,2
32616,5
32617,2
32618,3
32619,2
32620,2
32621,0
32622,3
32623,2
32624,2
32625,2
32626,6
32627,2
32628,5
32629,0
32630,2
32631,3
32632,0
32633,1
32634,3
32635,3
32636,1
32637,3
32638,2
32639,3
32640,5
32641,3
32642,3
32643,3
32644,1
32645,4
32646,4
32647,5
32648,2
32649,1
32650,0
32651,5
32652,0
32653,2
32654,4
32655,2
32656,0
32657,1
32658,2
32659,5
32660,5
32661,2
32662,5
32663,3
32664,1
32665,5
32666,5
32667,5
32668,2
32669,2
32670,0
32671,5
32672,5
32673,5
32674,0
32675,3
32676,5
32677,3
32678,2
32679,4
32680,1
32681,4
32682,1
32683,2
32684,1
32685,3
32686,5
32687,3
32688,3
32689,5
32690,3
32691,5
32692,3
32693,2
32694,0
32695,6
32696,4
32697,4
32698,3
32699,4
32700,4
32701,5
32702,5
32703,5
32704,2
32705,2
32706,0
32707,0
32708,3
32709,0
32710,2
32711,2
32712,5
32713,4
32714,2
32715,5
32716,2
32717,5
32718,2
32719,3
32720,1
32721,3
32722,3
32723,0
32724,0
32725,3
32726,1
32727,3
32728,3
32729,0
32730,0
32731,3
32732,2
32733,4
32734,5
32735,5
32736,2
32737,5
32738,0
32739,5
32740,2
32741,4
32742,3
32743,2
32744,3
32745,1
32746,3
32747,3
32748,3
32749,4
32750,5
32751,2
32752,2
32753,3
32754,3
32755,2
32756,2
32757,2
32758,3
32759,0
32760,3
32761,2
32762,3
32763,5
32764,1
32765,4
32766,2
32767,4
32768,3
32769,2
32770,1
32771,3
32772,2
32773,1
32774,5
32775,3
32776,2
32777,1
32778,2
32779,5
32780,5
32781,5
32782,2
32783,4
32784,5
32785,1
32786,2
32787,4
32788,3
32789,2
32790,5
32791,3
32792,4
32793,2
32794,5
32795,5
32796,3
32797,5
32798,5
32799,2
32800,2
32801,5
32802,3
32803,4
32804,3
32805,3
32806,3
32807,4
32808,4
32809,5
32810,3
32811,2
32812,2
32813,3
32814,0
32815,5
32816,2
32817,3
32818,5
32819,1
32820,3
32821,4
32822,3
32823,3
32824,0
32825,2
32826,1
32827,3
32828,0
32829,3
32830,1
32831,1
32832,2
32833,0
32834,5
32835,0
32836,5
32837,0
32838,2
32839,3
32840,2
32841,4
32842,5
32843,2
32844,3
32845,0
32846,5
32847,5
32848,1
32849,3
32850,3
32851,1
32852,4
32853,1
32854,5
32855,0
32856,1
32857,3
32858,2
32859,3
32860,1
32861,3
32862,0
32863,2
32864,1
32865,3
32866,5
32867,1
32868,3
32869,2
32870,3
32871,3
32872,0
32873,0
32874,4
32875,0
32876,3
32877,3
32878,2
32879,1
32880,3
32881,2
32882,0
32883,0
32884,0
32885,2
32886,2
32887,3
32888,2
32889,0
32890,3
32891,2
32892,0
32893,3
32894,3
32895,5
32896,3
32897,5
32898,4
32899,1
32900,1
32901,2
32902,2
32903,2
32904,3
32905,4
32906,4
32907,5
32908,0
32909,0
32910,5
32911,2
32912,2
32913,3
32914,5
32915,5
32916,4
32917,3
32918,5
32919,3
32920,3
32921,5
32922,1
32923,0
32924,1
32925,3
32926,1
32927,3
32928,5
32929,1
32930,3
32931,3
32932,3
32933,2
32934,3
32935,2
32936,1
32937,5
32938,2
32939,4
32940,2
32941,3
32942,2
32943,2
32944,5
32945,5
32946,0
32947,2
32948,5
32949,0
32950,3
32951,4
32952,3
32953,3
32954,3
32955,2
32956,2
32957,2
32958,0
32959,2
32960,2
32961,2
32962,3
32963,3
32964,6
32965,4
32966,2
32967,1
32968,1
32969,5
32970,2
32971,0
32972,0
32973,3
32974,1
32975,2
32976,1
32977,3
32978,2
32979,2
32980,6
32981,0
32982,2
32983,5
32984,3
32985,5
32986,2
32987,2
32988,1
32989,2
32990,4
32991,3
32992,3
32993,1
32994,2
32995,5
32996,3
32997,1
32998,2
32999,0
33000,5
33001,2
33002,2
33003,2
33004,4
33005,2
33006,3
33007,0
33008,0
33009,4
33010,5
33011,3
33012,5
33013,3
33014,3
33015,0
33016,2
33017,3
33018,3
33019,5
33020,5
33021,0
33022,1
33023,3
33024,5
33025,2
33026,0
33027,1
33028,5
33029,2
33030,5
33031,3
33032,0
33033,3
33034,0
33035,1
33036,6
33037,3
33038,3
33039,1
33040,3
33041,3
33042,0
33043,3
33044,4
33045,5
33046,3
33047,5
33048,2
33049,3
33050,5
33051,2
33052,5
33053,4
33054,5
33055,5
33056,2
33057,4
33058,3
33059,5
33060,3
33061,5
33062,2
33063,2
33064,5
33065,0
33066,1
33067,1
33068,2
33069,5
33070,3
33071,3
33072,0
33073,3
33074,3
33075,4
33076,3
33077,3
33078,3
33079,4
33080,0
33081,5
33082,5
33083,2
33084,3
33085,2
33086,2
33087,3
33088,2
33089,5
33090,3
33091,6
33092,3
33093,3
33094,3
33095,2
33096,3
33097,5
33098,0
33099,1
33100,4
33101,1
33102,5
33103,5
33104,1
33105,2
33106,4
33107,3
33108,3
33109,3
33110,1
33111,6
33112,3
33113,3
33114,0
33115,4
33116,4
33117,6
33118,3
33119,3
33120,0
33121,3
33122,0
33123,4
33124,2
33125,4
33126,2
33127,3
33128,3
33129,2
33130,0
33131,1
33132,5
33133,3
33134,3
33135,6
33136,2
33137,3
33138,5
33139,2
33140,2
33141,1
33142,0
33143,0
33144,3
33145,0
33146,3
33147,3
33148,1
33149,3
33150,3
33151,3
33152,0
33153,1
33154,2
33155,1
33156,0
33157,2
33158,2
33159,2
33160,0
33161,1
33162,2
33163,2
33164,0
33165,3
33166,1
33167,5
33168,4
33169,0
33170,0
33171,0
33172,3
33173,1
33174,5
33175,3
33176,5
33177,2
33178,5
33179,5
33180,5
33181,5
33182,6
33183,1
33184,0
33185,3
33186,5
33187,5
33188,5
33189,0
33190,5
33191,5
33192,2
33193,1
33194,3
33195,3
33196,5
33197,0
33198,2
33199,5
33200,3
33201,0
33202,3
33203,2
33204,3
33205,3
33206,5
33207,6
33208,2
33209,3
33210,3
33211,2
33212,5
33213,5
33214,6
33215,5
33216,1
33217,4
33218,2
33219,2
33220,0
33221,2
33222,5
33223,0
33224,3
33225,0
33226,3
33227,0
33228,5
33229,0
33230,0
33231,3
33232,3
33233,2
33234,3
33235,5
33236,2
33237,5
33238,3
33239,4
33240,3
33241,2
33242,3
33243,1
33244,0
33245,1
33246,5
33247,2
33248,3
33249,3
33250,0
33251,5
33252,2
33253,2
33254,3
33255,2
33256,2
33257,5
33258,2
33259,2
33260,2
33261,3
33262,3
33263,4
33264,3
33265,3
33266,1
33267,3
33268,3
33269,2
33270,4
33271,5
33272,3
33273,3
33274,3
33275,5
33276,3
33277,5
33278,5
33279,3
33280,5
33281,4
33282,2
33283,5
33284,1
33285,5
33286,3
33287,0
33288,0
33289,2
33290,1
33291,1
33292,2
33293,0
33294,3
33295,4
33296,2
33297,0
33298,1
33299,2
33300,2
33301,2
33302,2
33303,3
33304,5
33305,2
33306,3
33307,4
33308,0
33309,3
33310,4
33311,4
33312,5
33313,4
33314,4
33315,4
33316,5
33317,5
33318,3
33319,0
33320,5
33321,0
33322,3
33323,2
33324,0
33325,2
33326,3
33327,4
33328,0
33329,3
33330,2
33331,4
33332,3
33333,2
33334,2
33335,2
33336,4
33337,1
33338,2
33339,3
33340,2
33341,2
33342,3
33343,2
33344,5
33345,2
33346,3
33347,3
33348,3
33349,2
33350,0
33351,0
33352,4
33353,0
33354,5
33355,1
33356,0
33357,1
33358,2
33359,5
33360,5
33361,2
33362,0
33363,3
33364,5
33365,4
33366,3
33367,2
33368,2
33369,4
33370,3
33371,3
33372,2
33373,2
33374,3
33375,2
33376,0
33377,1
33378,3
33379,3
33380,0
33381,2
33382,4
33383,0
33384,4
33385,2
33386,3
33387,3
33388,1
33389,1
33390,5
33391,5
33392,1
33393,5
33394,2
33395,5
33396,5
33397,3
33398,2
33399,1
33400,5
33401,2
33402,2
33403,5
33404,2
33405,2
33406,5
33407,1
33408,1
33409,3
33410,0
33411,2
33412,3
33413,0
33414,0
33415,2
33416,2
33417,5
33418,5
33419,2
33420,5
33421,2
33422,5
33423,3
33424,3
33425,3
33426,3
33427,4
33428,4
33429,3
33430,3
33431,5
33432,0
33433,2
33434,1
33435,4
33436,4
33437,1
33438,5
33439,2
33440,2
33441,0
33442,1
33443,5
33444,3
33445,5
33446,2
33447,2
33448,5
33449,4
33450,2
33451,5
33452,2
33453,3
33454,2
33455,2
33456,5
33457,2
33458,4
33459,3
33460,3
33461,4
33462,4
33463,0
33464,2
33465,2
33466,1
33467,5
33468,2
33469,2
33470,3
33471,4
33472,4
33473,5
33474,3
33475,1
33476,4
33477,5
33478,0
33479,4
33480,3
33481,1
33482,3
33483,1
33484,0
33485,3
33486,4
33487,0
33488,1
33489,3
33490,4
33491,4
33492,5
33493,3
33494,5
33495,3
33496,2
33497,3
33498,1
33499,0
33500,0
33501,5
33502,5
33503,3
33504,5
33505,3
33506,3
33507,3
33508,5
33509,1
33510,6
33511,5
33512,3
33513,5
33514,0
33515,1
33516,2
33517,3
33518,2
33519,2
33520,5
33521,3
33522,2
33523,3
33524,5
33525,3
33526,5
33527,4
33528,4
33529,5
33530,3
33531,5
33532,3
33533,3
33534,1
33535,4
33536,4
33537,2
33538,2
33539,4
33540,3
33541,0
33542,5
33543,3
33544,3
33545,3
33546,2
33547,0
33548,5
33549,3
33550,3
33551,5
33552,4
33553,2
33554,0
33555,4
33556,3
33557,4
33558,0
33559,3
33560,5
33561,5
33562,2
33563,3
33564,4
33565,2
33566,3
33567,4
33568,3
33569,1
33570,0
33571,3
33572,0
33573,1
33574,1
33575,3
33576,4
33577,5
33578,5
33579,3
33580,3
33581,2
33582,3
33583,5
33584,3
33585,3
33586,0
33587,0
33588,3
33589,2
33590,6
33591,2
33592,2
33593,2
33594,5
33595,1
33596,3
33597,3
33598,2
33599,3
33600,3
33601,0
33602,5
33603,5
33604,1
33605,5
33606,4
33607,0
33608,2
33609,3
33610,3
33611,2
33612,3
33613,1
33614,3
33615,3
33616,5
33617,0
33618,2
33619,5
33620,2
33621,3
33622,2
33623,3
33624,1
33625,0
33626,2
33627,2
33628,0
33629,2
33630,0
33631,3
33632,1
33633,1
33634,2
33635,2
33636,6
33637,3
33638,2
33639,3
33640,2
33641,3
33642,2
33643,3
33644,2
33645,2
33646,1
33647,2
33648,5
33649,0
33650,2
33651,2
33652,4
33653,2
33654,2
33655,2
33656,4
33657,4
33658,2
33659,3
33660,0
33661,1
33662,3
33663,5
33664,3
33665,3
33666,3
33667,2
33668,1
33669,2
33670,3
33671,5
33672,3
33673,2
33674,5
33675,2
33676,0
33677,5
33678,2
33679,3
33680,2
33681,3
33682,3
33683,3
33684,2
33685,2
33686,3
33687,4
33688,3
33689,2
33690,3
33691,2
33692,3
33693,2
33694,0
33695,2
33696,0
33697,2
33698,2
33699,3
33700,5
33701,2
33702,5
33703,5
33704,3
33705,0
33706,3
33707,2
33708,3
33709,5
33710,3
33711,1
33712,5
33713,3
33714,3
33715,4
33716,1
33717,3
33718,3
33719,2
33720,4
33721,4
33722,2
33723,2
33724,0
33725,1
33726,5
33727,5
33728,3
33729,0
33730,1
33731,4
33732,2
33733,3
33734,2
33735,3
33736,0
33737,2
33738,5
33739,5
33740,3
33741,5
33742,1
33743,5
33744,2
33745,3
33746,3
33747,1
33748,3
33749,3
33750,5
33751,0
33752,5
33753,3
33754,3
33755,5
33756,0
33757,5
33758,5
33759,3
33760,4
33761,3
33762,1
33763,3
33764,3
33765,2
33766,3
33767,1
33768,3
33769,3
33770,3
33771,5
33772,3
33773,2
33774,2
33775,2
33776,5
33777,5
33778,3
33779,1
33780,5
33781,5
33782,3
33783,3
33784,4
33785,3
33786,5
33787,1
33788,5
33789,2
33790,2
33791,2
33792,5
33793,0
33794,3
33795,3
33796,3
33797,2
33798,5
33799,3
33800,1
33801,1
33802,1
33803,4
33804,1
33805,1
33806,0
33807,0
33808,0
33809,5
33810,0
33811,4
33812,2
33813,2
33814,1
33815,4
33816,2
33817,0
33818,2
33819,2
33820,5
33821,3
33822,4
33823,5
33824,3
33825,2
33826,2
33827,0
33828,2
33829,2
33830,0
33831,3
33832,4
33833,2
33834,2
33835,2
33836,1
33837,2
33838,5
33839,3
33840,2
33841,2
33842,2
33843,1
33844,3
33845,3
33846,2
33847,4
33848,3
33849,5
33850,2
33851,3
33852,6
33853,5
33854,6
33855,3
33856,5
33857,4
33858,6
33859,3
33860,2
33861,2
33862,3
33863,1
33864,2
33865,2
33866,3
33867,2
33868,5
33869,2
33870,3
33871,4
33872,0
33873,4
33874,5
33875,4
33876,3
33877,0
33878,0
33879,2
33880,2
33881,2
33882,2
33883,2
33884,3
33885,5
33886,4
33887,5
33888,3
33889,2
33890,3
33891,3
33892,2
33893,3
33894,1
33895,4
33896,2
33897,1
33898,0
33899,3
33900,0
33901,3
33902,1
33903,5
33904,2
33905,3
33906,3
33907,1
33908,5
33909,1
33910,3
33911,4
33912,2
33913,2
33914,3
33915,3
33916,3
33917,3
33918,5
33919,5
33920,2
33921,3
33922,0
33923,3
33924,4
33925,3
33926,2
33927,3
33928,6
33929,2
33930,2
33931,3
33932,3
33933,0
33934,2
33935,2
33936,2
33937,3
33938,2
33939,4
33940,5
33941,3
33942,1
33943,4
33944,5
33945,3
33946,5
33947,2
33948,2
33949,3
33950,0
33951,0
33952,4
33953,5
33954,3
33955,3
33956,0
33957,3
33958,2
33959,5
33960,2
33961,2
33962,5
33963,0
33964,0
33965,1
33966,0
33967,0
33968,0
33969,5
33970,1
33971,5
33972,0
33973,2
33974,3
33975,3
33976,3
33977,3
33978,5
33979,3
33980,4
33981,1
33982,5
33983,2
33984,3
33985,1
33986,5
33987,1
33988,2
33989,5
33990,5
33991,1
33992,1
33993,0
33994,5
33995,3
33996,1
33997,4
33998,4
33999,4
34000,3
34001,2
34002,4
34003,1
34004,3
34005,2
34006,3
34007,6
34008,0
34009,2
34010,0
34011,3
34012,3
34013,5
34014,3
34015,3
34016,2
34017,3
34018,3
34019,1
34020,3
34021,5
34022,5
34023,5
34024,5
34025,3
34026,3
34027,2
34028,0
34029,3
34030,3
34031,3
34032,1
34033,3
34034,3
34035,3
34036,6
34037,2
34038,0
34039,2
34040,5
34041,0
34042,5
34043,2
34044,2
34045,5
34046,5
34047,2
34048,2
34049,4
34050,0
34051,2
34052,1
34053,3
34054,3
34055,0
34056,2
34057,2
34058,2
34059,5
34060,1
34061,5
34062,5
34063,2
34064,1
34065,1
34066,5
34067,5
34068,5
34069,3
34070,5
34071,2
34072,5
34073,3
34074,5
34075,6
34076,3
34077,3
34078,3
34079,3
34080,5
34081,3
34082,4
34083,2
34084,3
34085,4
34086,3
34087,3
34088,3
34089,4
34090,2
34091,5
34092,2
34093,2
34094,3
34095,5
34096,0
34097,3
34098,2
34099,5
34100,2
34101,5
34102,2
34103,2
34104,3
34105,3
34106,2
34107,4
34108,5
34109,2
34110,0
34111,3
34112,5
34113,4
34114,5
34115,3
34116,4
34117,3
34118,2
34119,3
34120,2
34121,1
34122,2
34123,3
34124,0
34125,4
34126,5
34127,1
34128,2
34129,2
34130,3
34131,3
34132,3
34133,1
34134,4
34135,4
34136,4
34137,0
34138,2
34139,1
34140,2
34141,2
34142,3
34143,5
34144,3
34145,3
34146,2
34147,2
34148,2
34149,4
34150,0
34151,4
34152,2
34153,0
34154,1
34155,2
34156,3
34157,1
34158,3
34159,3
34160,5
34161,1
34162,1
34163,2
34164,5
34165,2
34166,4
34167,2
34168,3
34169,0
34170,5
34171,3
34172,5
34173,3
34174,2
34175,3
34176,4
34177,3
34178,3
34179,0
34180,2
34181,3
34182,1
34183,4
34184,2
34185,0
34186,0
34187,5
34188,0
34189,3
34190,0
34191,3
34192,5
34193,5
34194,5
34195,2
34196,2
34197,3
34198,2
34199,5
34200,3
34201,2
34202,5
34203,3
34204,2
34205,2
34206,5
34207,2
34208,2
34209,3
34210,3
34211,5
34212,2
34213,2
34214,1
34215,2
34216,2
34217,2
34218,4
34219,1
34220,2
34221,2
34222,3
34223,5
34224,4
34225,0
34226,0
34227,5
34228,3
34229,3
34230,2
34231,0
34232,0
34233,5
34234,3
34235,4
34236,2
34237,3
34238,2
34239,1
34240,5
34241,0
34242,5
34243,2
34244,3
34245,0
34246,3
34247,5
34248,2
34249,2
34250,3
34251,4
34252,3
34253,3
34254,5
34255,2
34256,3
34257,3
34258,4
34259,1
34260,5
34261,0
34262,4
34263,2
34264,1
34265,3
34266,4
34267,5
34268,2
34269,3
34270,3
34271,2
34272,5
34273,2
34274,1
34275,5
34276,2
34277,2
34278,2
34279,3
34280,4
34281,2
34282,3
34283,0
34284,0
34285,5
34286,3
34287,3
34288,3
34289,5
34290,3
34291,0
34292,2
34293,5
34294,3
34295,0
34296,0
34297,3
34298,2
34299,2
34300,6
34301,0
34302,5
34303,5
34304,3
34305,3
34306,2
34307,2
34308,3
34309,2
34310,2
34311,2
34312,2
34313,3
34314,5
34315,3
34316,5
34317,3
34318,2
34319,2
34320,3
34321,3
34322,5
34323,2
34324,3
34325,3
34326,4
34327,2
34328,2
34329,2
34330,4
34331,2
34332,2
34333,4
34334,3
34335,2
34336,2
34337,2
34338,3
34339,1
34340,2
34341,2
34342,4
34343,4
34344,4
34345,2
34346,4
34347,3
34348,4
34349,2
34350,4
34351,5
34352,4
34353,2
34354,0
34355,5
34356,4
34357,4
34358,5
34359,5
34360,3
34361,4
34362,2
34363,3
34364,2
34365,2
34366,3
34367,4
34368,6
34369,3
34370,4
34371,3
34372,3
34373,3
34374,3
34375,3
34376,4
34377,5
34378,2
34379,3
34380,0
34381,5
34382,4
34383,3
34384,5
34385,0
34386,1
34387,4
34388,0
34389,3
34390,0
34391,3
34392,3
34393,1
34394,3
34395,3
34396,0
34397,5
34398,3
34399,3
34400,3
34401,2
34402,3
34403,1
34404,3
34405,5
34406,5
34407,5
34408,1
34409,2
34410,5
34411,4
34412,0
34413,3
34414,3
34415,3
34416,5
34417,5
34418,3
34419,3
34420,2
34421,3
34422,3
34423,3
34424,3
34425,3
34426,2
34427,5
34428,2
34429,2
34430,3
34431,1
34432,4
34433,5
34434,1
34435,1
34436,3
34437,3
34438,2
34439,5
34440,2
34441,0
34442,3
34443,5
34444,1
34445,3
34446,1
34447,5
34448,1
34449,2
34450,1
34451,2
34452,5
34453,2
34454,5
34455,0
34456,2
34457,3
34458,3
34459,3
34460,3
34461,5
34462,0
34463,3
34464,5
34465,0
34466,0
34467,1
34468,2
34469,2
34470,3
34471,1
34472,5
34473,5
34474,5
34475,3
34476,2
34477,0
34478,1
34479,3
34480,2
34481,3
34482,5
34483,1
34484,3
34485,0
34486,3
34487,4
34488,2
34489,5
34490,2
34491,0
34492,2
34493,4
34494,0
34495,3
34496,3
34497,3
34498,2
34499,2
34500,3
34501,3
34502,2
34503,3
34504,2
34505,3
34506,3
34507,3
34508,3
34509,2
34510,3
34511,3
34512,5
34513,5
34514,3
34515,3
34516,6
34517,1
34518,4
34519,2
34520,5
34521,4
34522,2
34523,3
34524,2
34525,5
34526,5
34527,3
34528,3
34529,3
34530,4
34531,4
34532,4
34533,5
34534,1
34535,5
34536,5
34537,4
34538,3
34539,5
34540,3
34541,4
34542,3
34543,4
34544,3
34545,3
34546,3
34547,5
34548,0
34549,3
34550,3
34551,2
34552,1
34553,2
34554,2
34555,0
34556,3
34557,5
34558,3
34559,2
34560,3
34561,3
34562,3
34563,5
34564,3
34565,5
34566,2
34567,2
34568,2
34569,5
34570,2
34571,5
34572,3
34573,0
34574,4
34575,3
34576,4
34577,2
34578,5
34579,4
34580,4
34581,1
34582,3
34583,0
34584,5
34585,3
34586,5
34587,2
34588,4
34589,4
34590,2
34591,2
34592,3
34593,1
34594,3
34595,5
34596,2
34597,2
34598,4
34599,2
34600,3
34601,2
34602,2
34603,2
34604,2
34605,4
34606,0
34607,5
34608,3
34609,3
34610,1
34611,3
34612,3
34613,3
34614,0
34615,3
34616,4
34617,1
34618,3
34619,3
34620,2
34621,0
34622,1
34623,4
34624,4
34625,2
34626,3
34627,3
34628,0
34629,5
34630,3
34631,1
34632,1
34633,1
34634,2
34635,5
34636,5
34637,2
34638,3
34639,2
34640,4
34641,5
34642,5
34643,5
34644,0
34645,5
34646,4
34647,2
34648,3
34649,2
34650,3
34651,5
34652,4
34653,4
34654,5
34655,3
34656,5
34657,1
34658,1
34659,2
34660,0
34661,2
34662,5
34663,3
34664,1
34665,3
34666,2
34667,4
34668,2
34669,2
34670,5
34671,3
34672,4
34673,3
34674,4
34675,4
34676,2
34677,5
34678,5
34679,3
34680,5
34681,4
34682,1
34683,2
34684,0
34685,5
34686,2
34687,1
34688,0
34689,4
34690,4
34691,4
34692,2
34693,6
34694,4
34695,5
34696,5
34697,5
34698,3
34699,2
34700,4
34701,3
34702,2
34703,5
34704,3
34705,4
34706,4
34707,3
34708,2
34709,3
34710,5
34711,1
34712,0
34713,2
34714,5
34715,2
34716,2
34717,0
34718,1
34719,2
34720,3
34721,3
34722,5
34723,2
34724,3
34725,4
34726,3
34727,5
34728,2
34729,2
34730,2
34731,0
34732,5
34733,3
34734,1
34735,5
34736,3
34737,3
34738,0
34739,5
34740,3
34741,0
34742,0
34743,6
34744,3
34745,3
34746,2
34747,2
34748,3
34749,1
34750,2
34751,4
34752,5
34753,1
34754,5
34755,0
34756,0
34757,5
34758,2
34759,5
34760,2
34761,2
34762,4
34763,5
34764,3
34765,3
34766,2
34767,3
34768,4
34769,0
34770,3
34771,3
34772,5
34773,2
34774,0
34775,3
34776,2
34777,0
34778,3
34779,3
34780,2
34781,1
34782,3
34783,2
34784,3
34785,5
34786,3
34787,3
34788,5
34789,6
34790,3
34791,2
34792,3
34793,3
34794,3
34795,5
34796,5
34797,3
34798,3
34799,1
34800,2
34801,3
34802,3
34803,2
34804,3
34805,4
34806,0
34807,4
34808,5
34809,1
34810,3
34811,1
34812,0
34813,5
34814,5
34815,6
34816,4
34817,2
34818,3
34819,6
34820,5
34821,6
34822,3
34823,4
34824,2
34825,3
34826,4
34827,3
34828,4
34829,4
34830,3
34831,5
34832,3
34833,6
34834,2
34835,3
34836,0
34837,3
34838,5
34839,3
34840,3
34841,5
34842,3
34843,5
34844,2
34845,4
34846,0
34847,5
34848,2
34849,2
34850,2
34851,3
34852,4
34853,4
34854,1
34855,3
34856,2
34857,6
34858,5
34859,5
34860,1
34861,3
34862,5
34863,2
34864,3
34865,5
34866,6
34867,2
34868,1
34869,4
34870,5
34871,2
34872,5
34873,3
34874,0
34875,5
34876,5
34877,5
34878,3
34879,3
34880,5
34881,2
34882,5
34883,5
34884,3
34885,5
34886,0
34887,3
34888,2
34889,2
34890,5
34891,0
34892,5
34893,6
34894,2
34895,2
34896,3
34897,3
34898,3
34899,5
34900,5
34901,4
34902,5
34903,5
34904,3
34905,3
34906,4
34907,1
34908,3
34909,2
34910,5
34911,3
34912,0
34913,3
34914,6
34915,3
34916,6
34917,1
34918,1
34919,3
34920,6
34921,3
34922,2
34923,6
34924,2
34925,3
34926,2
34927,1
34928,4
34929,0
34930,3
34931,2
34932,5
34933,3
34934,5
34935,0
34936,2
34937,3
34938,3
34939,4
34940,4
34941,4
34942,5
34943,3
34944,4
34945,2
34946,3
34947,5
34948,5
34949,5
34950,0
34951,1
34952,0
34953,2
34954,4
34955,3
34956,4
34957,3
34958,2
34959,4
34960,0
34961,3
34962,5
34963,4
34964,5
34965,4
34966,2
34967,1
34968,1
34969,3
34970,5
34971,0
34972,2
34973,5
34974,4
34975,1
34976,4
34977,4
34978,5
34979,0
34980,5
34981,3
34982,3
34983,2
34984,3
34985,3
34986,3
34987,3
34988,5
34989,3
34990,1
34991,2
34992,3
34993,3
34994,0
34995,3
34996,5
34997,2
34998,1
34999,2
35000,1
35001,3
35002,3
35003,3
35004,0
35005,5
35006,1
35007,3
35008,0
35009,2
35010,1
35011,3
35012,3
35013,4
35014,3
35015,3
35016,1
35017,3
35018,5
35019,5
35020,5
35021,5
35022,5
35023,2
35024,5
35025,4
35026,5
35027,5
35028,3
35029,2
35030,3
35031,5
35032,3
35033,5
35034,2
35035,0
35036,2
35037,3
35038,3
35039,2
35040,2
35041,5
35042,3
35043,2
35044,2
35045,0
35046,0
35047,5
35048,5
35049,2
35050,6
35051,6
35052,3
35053,5
35054,0
35055,1
35056,3
35057,2
35058,2
35059,1
35060,0
35061,0
35062,6
35063,3
35064,3
35065,5
35066,3
35067,6
35068,3
35069,3
35070,2
35071,3
35072,3
35073,2
35074,3
35075,4
35076,5
35077,5
35078,3
35079,3
35080,3
35081,3
35082,2
35083,4
35084,3
35085,3
35086,0
35087,3
35088,3
35089,5
35090,5
35091,0
35092,5
35093,2
35094,5
35095,3
35096,4
35097,5
35098,3
35099,2
35100,5
35101,4
35102,0
35103,5
35104,5
35105,1
35106,5
35107,2
35108,2
35109,5
35110,3
35111,3
35112,5
35113,1
35114,3
35115,1
35116,3
35117,2
35118,6
35119,3
35120,3
35121,3
35122,4
35123,4
35124,5
35125,5
35126,2
35127,5
35128,5
35129,3
35130,5
35131,4
35132,4
35133,4
35134,3
35135,6
35136,5
35137,4
35138,2
35139,5
35140,3
35141,3
35142,3
35143,3
35144,1
35145,3
35146,5
35147,5
35148,2
35149,1
35150,4
35151,3
35152,3
35153,1
35154,5
35155,1
35156,2
35157,5
35158,0
35159,2
35160,1
35161,2
35162,2
35163,2
35164,3
35165,0
35166,0
35167,5
35168,2
35169,3
35170,3
35171,0
35172,3
35173,2
35174,5
35175,5
35176,4
35177,3
35178,3
35179,3
35180,3
35181,2
35182,5
35183,3
35184,5
35185,6
35186,5
35187,2
35188,2
35189,1
35190,4
35191,3
35192,3
35193,5
35194,2
35195,3
35196,3
35197,0
35198,1
35199,4
35200,3
35201,3
35202,3
35203,4
35204,2
35205,0
35206,5
35207,1
35208,0
35209,2
35210,3
35211,3
35212,2
35213,6
35214,5
35215,6
35216,4
35217,5
35218,0
35219,3
35220,2
35221,5
35222,1
35223,3
35224,3
35225,6
35226,3
35227,3
35228,1
35229,3
35230,5
35231,2
35232,2
35233,4
35234,1
35235,3
35236,4
35237,0
35238,3
35239,3
35240,3
35241,3
35242,3
35243,5
35244,4
35245,2
35246,2
35247,4
35248,5
35249,4
35250,1
35251,3
35252,2
35253,2
35254,3
35255,0
35256,3
35257,4
35258,3
35259,1
35260,5
35261,5
35262,3
35263,2
35264,4
35265,4
35266,0
35267,5
35268,4
35269,3
35270,5
35271,3
35272,2
35273,2
35274,3
35275,2
35276,5
35277,3
35278,3
35279,4
35280,3
35281,5
35282,4
35283,5
35284,1
35285,3
35286,4
35287,3
35288,2
35289,3
35290,3
35291,2
35292,5
35293,5
35294,2
35295,4
35296,2
35297,5
35298,5
35299,0
35300,2
35301,3
35302,5
35303,2
35304,5
35305,5
35306,3
35307,3
35308,3
35309,1
35310,1
35311,1
35312,2
35313,3
35314,2
35315,3
35316,5
35317,5
35318,4
35319,2
35320,4
35321,5
35322,3
35323,4
35324,3
35325,2
35326,4
35327,5
35328,2
35329,2
35330,4
35331,2
35332,5
35333,3
35334,2
35335,3
35336,1
35337,2
35338,3
35339,2
35340,6
35341,1
35342,5
35343,2
35344,0
35345,2
35346,4
35347,0
35348,4
35349,3
35350,3
35351,2
35352,0
35353,2
35354,3
35355,2
35356,1
35357,5
35358,3
35359,5
35360,2
35361,3
35362,3
35363,3
35364,5
35365,3
35366,3
35367,0
35368,3
35369,3
35370,0
35371,2
35372,5
35373,2
35374,5
35375,0
35376,5
35377,2
35378,6
35379,6
35380,5
35381,4
35382,3
35383,3
35384,2
35385,4
35386,4
35387,6
35388,2
35389,2
35390,5
35391,5
35392,2
35393,5
35394,3
35395,3
35396,5
35397,4
35398,3
35399,4
35400,4
35401,3
35402,4
35403,3
35404,4
35405,2
35406,4
35407,4
35408,5
35409,3
35410,3
35411,5
35412,2
35413,4
35414,4
35415,5
35416,5
35417,3
35418,2
35419,4
35420,5
35421,4
35422,1
35423,3
35424,4
35425,3
35426,3
35427,5
35428,6
35429,3
35430,3
35431,5
35432,4
35433,3
35434,2
35435,5
35436,5
35437,2
35438,3
35439,2
35440,3
35441,3
35442,6
35443,3
35444,3
35445,3
35446,3
35447,5
35448,5
35449,4
35450,5
35451,4
35452,2
35453,1
35454,3
35455,4
35456,5
35457,3
35458,5
35459,2
35460,5
35461,5
35462,2
35463,3
35464,6
35465,3
35466,3
35467,5
35468,5
35469,3
35470,0
35471,5
35472,3
35473,3
35474,2
35475,4
35476,5
35477,3
35478,5
35479,5
35480,3
35481,5
35482,5
35483,3
35484,3
35485,2
35486,3
35487,5
35488,1
35489,4
35490,0
35491,1
35492,2
35493,4
35494,3
35495,5
35496,3
35497,2
35498,3
35499,3
35500,0
35501,3
35502,3
35503,5
35504,5
35505,3
35506,2
35507,3
35508,3
35509,2
35510,5
35511,3
35512,2
35513,0
35514,4
35515,3
35516,4
35517,2
35518,4
35519,3
35520,3
35521,0
35522,5
35523,5
35524,3
35525,4
35526,3
35527,4
35528,4
35529,4
35530,0
35531,3
35532,3
35533,4
35534,4
35535,3
35536,3
35537,4
35538,5
35539,3
35540,2
35541,3
35542,2
35543,2
35544,3
35545,5
35546,5
35547,4
35548,5
35549,5
35550,2
35551,5
35552,3
35553,5
35554,2
35555,3
35556,3
35557,3
35558,3
35559,2
35560,3
35561,3
35562,2
35563,5
35564,1
35565,5
35566,5
35567,3
35568,1
35569,5
35570,5
35571,4
35572,0
35573,5
35574,3
35575,5
35576,3
35577,4
35578,1
35579,5
35580,0
35581,5
35582,4
35583,3
35584,4
35585,5
35586,5
35587,5
35588,5
35589,3
35590,5
35591,5
35592,5
35593,5
35594,6
35595,4
35596,4
35597,5
35598,5
35599,4
35600,5
35601,3
35602,3
35603,5
35604,5
35605,3
35606,4
35607,1
35608,5
35609,3
35610,3
35611,3
35612,5
35613,2
35614,2
35615,3
35616,4
35617,5
35618,3
35619,3
35620,3
35621,3
35622,5
35623,2
35624,3
35625,3
35626,5
35627,2
35628,0
35629,3
35630,3
35631,3
35632,2
35633,3
35634,3
35635,4
35636,3
35637,4
35638,3
35639,4
35640,3
35641,2
35642,0
35643,5
35644,1
35645,5
35646,5
35647,5
35648,5
35649,4
35650,3
35651,5
35652,3
35653,5
35654,5
35655,4
35656,5
35657,5
35658,5
35659,3
35660,2
35661,3
35662,2
35663,5
35664,3
35665,4
35666,0
35667,0
35668,2
35669,5
35670,3
35671,3
35672,2
35673,3
35674,5
35675,5
35676,5
35677,4
35678,3
35679,2
35680,3
35681,3
35682,3
35683,0
35684,5
35685,5
35686,5
35687,3
35688,5
35689,3
35690,5
35691,5
35692,3
35693,3
35694,3
35695,2
35696,4
35697,4
35698,2
35699,4
35700,3
35701,3
35702,3
35703,5
35704,0
35705,3
35706,5
35707,0
35708,0
35709,3
35710,4
35711,6
35712,5
35713,4
35714,3
35715,2
35716,5
35717,2
35718,2
35719,2
35720,3
35721,0
35722,4
35723,2
35724,3
35725,6
35726,3
35727,5
35728,5
35729,2
35730,3
35731,4
35732,3
35733,3
35734,3
35735,3
35736,3
35737,2
35738,3
35739,3
35740,5
35741,3
35742,3
35743,3
35744,3
35745,3
35746,4
35747,5
35748,5
35749,3
35750,4
35751,3
35752,3
35753,3
35754,4
35755,3
35756,5
35757,5
35758,3
35759,3
35760,4
35761,3
35762,0
35763,2
35764,2
35765,5
35766,5
35767,5
35768,5
35769,3
35770,2
35771,2
35772,5
35773,3
35774,5
35775,5
35776,4
35777,4
35778,4
35779,4
35780,5
35781,0
35782,3
35783,5
35784,5
35785,5
35786,5
35787,3
35788,5
35789,3
35790,6
35791,5
35792,3
35793,2
35794,4
35795,4
35796,5
35797,5
35798,5
35799,5
35800,3
35801,3
35802,3
35803,3
35804,5
35805,6
35806,3
35807,5
35808,5
35809,4
35810,4
35811,3
35812,2
35813,2
35814,4
35815,4
35816,4
35817,3
35818,6
35819,5
35820,4
35821,4
35822,5
35823,4
35824,3
35825,5
35826,5
35827,6
35828,6
35829,5
35830,5
35831,3
35832,3
35833,6
35834,4
35835,2
35836,5
35837,5
35838,5
35839,2
35840,2
35841,2
35842,5
35843,5
35844,5
35845,5
35846,3
35847,5
35848,5
35849,1
35850,1
35851,5
35852,4
35853,4
35854,5
35855,6
35856,3
35857,3
35858,5
35859,5
35860,4
35861,5
35862,3
35863,0
35864,5
35865,3
35866,5
35867,4
35868,4
35869,3
35870,5
35871,3
35872,0
35873,3
35874,5
35875,5
35876,4
35877,5
35878,4
35879,5
35880,5
35881,5
35882,5
35883,5
35884,3
35885,3
35886,5
35887,5
35888,5
35889,5
35890,5
35891,5
35892,2
35893,5
35894,5
35895,5
35896,5
35897,3
35898,4
35899,3
35900,2
35901,0
35902,3
35903,4
35904,4
35905,5
35906,5
35907,3
35908,5
35909,2
35910,5
35911,1
35912,5
35913,5
35914,4
35915,5
35916,5
35917,5
35918,5
35919,5
35920,5
35921,3
35922,5
35923,5
35924,5
35925,5
35926,2
35927,2
35928,5
35929,5
35930,5
35931,2
35932,3
35933,5
35934,5
35935,5
35936,0
35937,5
35938,3
35939,5
35940,5
35941,5
35942,5
35943,5
35944,2
35945,5
35946,2
35947,5
35948,3
35949,3
35950,5
35951,4
35952,5
35953,4
35954,4
35955,3
35956,5
35957,5
35958,3
35959,5
35960,4
35961,5
35962,3
35963,5
35964,0
35965,3
35966,5
35967,5
35968,3
35969,5
35970,4
35971,5
35972,5
35973,4
35974,5
35975,3
35976,5
35977,5
35978,5
35979,4
35980,5
35981,5
35982,3
35983,2
35984,5
35985,5
35986,6
35987,3
35988,5
35989,5
35990,2
35991,5
35992,3
35993,5
35994,3
35995,2
35996,3
35997,3
35998,3
35999,5
36000,3
36001,3
36002,3
36003,3
36004,0
36005,0
36006,5
36007,3
36008,0
36009,4
36010,5
36011,5
36012,5
36013,5
36014,4
36015,3
36016,5
36017,5
36018,5
36019,5
36020,3
36021,4
36022,5
36023,3
36024,5
36025,5
36026,5
36027,4
36028,2
36029,4
36030,0
36031,3
36032,4
36033,5
36034,3
36035,2
36036,3
36037,3
36038,5
36039,5
36040,5
36041,5
36042,3
36043,3
36044,5
36045,5
36046,5
36047,3
36048,2
36049,3
36050,5
36051,5
36052,5
36053,3
36054,5
36055,2
36056,5
36057,5
36058,2
36059,4
36060,2
36061,2
36062,5
36063,3
36064,5
36065,3
36066,3
36067,5
36068,5
36069,5
36070,5
36071,5
36072,3
36073,2
36074,6
36075,3
36076,4
36077,5
36078,3
36079,5
36080,5
36081,4
36082,5
36083,5
36084,5
36085,5
36086,5
36087,5
36088,3
36089,5
36090,1
36091,5
36092,6
36093,3
36094,2
36095,5
36096,3
36097,5
36098,5
36099,5
36100,5
36101,4
36102,5
36103,3
36104,5
36105,4
36106,5
36107,3
36108,2
36109,5
36110,4
36111,3
36112,3
36113,4
36114,0
36115,2
36116,0
36117,0
36118,5
36119,5
36120,5
36121,3
36122,5
36123,5
36124,2
36125,0
36126,5
36127,5
36128,5
36129,2
36130,5
36131,5
36132,5
36133,5
36134,3
36135,5
36136,5
36137,5
36138,5
36139,0
36140,0
36141,5
36142,3
36143,2
36144,4
36145,5
36146,6
36147,5
36148,3
36149,5
36150,5
36151,5
36152,5
36153,5
36154,5
36155,4
36156,2
36157,3
36158,5
36159,5
36160,5
36161,5
36162,3
36163,0
36164,2
36165,5
36166,4
36167,3
36168,0
36169,5
36170,5
36171,3
36172,3
36173,5
36174,5
36175,5
36176,4
36177,1
36178,5
36179,5
36180,0
36181,0
36182,5
36183,3
36184,5
36185,5
36186,6
36187,3
36188,2
36189,3
36190,5
36191,3
36192,5
36193,5
36194,3
36195,3
36196,5
36197,3
36198,5
36199,5
36200,5
36201,5
36202,4
36203,0
36204,3
36205,3
36206,3
36207,5
36208,5
36209,5
36210,3
36211,4
36212,2
36213,4
36214,4
36215,5
36216,3
36217,3
36218,5
36219,5
36220,1
36221,5
36222,5
36223,5
36224,5
36225,3
36226,5
36227,2
36228,5
36229,5
36230,1
36231,5
36232,5
36233,4
36234,5
36235,5
36236,5
36237,5
36238,2
36239,4
36240,5
36241,2
36242,2
36243,2
36244,5
36245,2
36246,5
36247,5
36248,5
36249,4
36250,5
36251,0
36252,5
36253,5
36254,2
36255,5
36256,2
36257,3
36258,0
36259,2
36260,5
36261,5
36262,5
36263,5
36264,5
36265,5
36266,5
36267,2
36268,2
36269,3
36270,2
36271,5
36272,5
36273,5
36274,5
36275,3
36276,3
36277,5
36278,5
36279,6
36280,5
36281,4
36282,5
36283,5
36284,5
36285,2
36286,5
36287,5
36288,5
36289,4
36290,3
36291,5
36292,3
36293,5
36294,3
36295,0
36296,5
36297,5
36298,5
36299,5
36300,5
36301,2
36302,5
36303,3
36304,5
36305,6
36306,4
36307,1
36308,4
36309,5
36310,0
36311,5
36312,5
36313,5
36314,3
36315,5
36316,5
36317,3
36318,2
36319,3
36320,3
36321,2
36322,3
36323,3
36324,3
36325,4
36326,5
36327,2
36328,3
36329,5
36330,2
36331,2
36332,2
36333,0
36334,5
36335,5
36336,4
36337,5
36338,5
36339,5
36340,5
36341,5
36342,4
36343,5
36344,5
36345,3
36346,5
36347,5
36348,2
36349,3
36350,3
36351,0
36352,3
36353,3
36354,5
36355,4
36356,4
36357,3
36358,4
36359,3
36360,5
36361,3
36362,5
36363,2
36364,2
36365,5
36366,5
36367,3
36368,3
36369,3
36370,3
36371,5
36372,3
36373,5
36374,5
36375,5
36376,5
36377,5
36378,0
36379,5
36380,4
36381,5
36382,5
36383,4
36384,4
36385,3
36386,4
36387,5
36388,3
36389,3
36390,5
36391,4
36392,6
36393,3
36394,3
36395,5
36396,5
36397,5
36398,5
36399,5
36400,5
36401,5
36402,5
36403,5
36404,2
36405,5
36406,2
36407,5
36408,3
36409,5
36410,5
36411,3
36412,5
36413,5
36414,5
36415,3
36416,2
36417,4
36418,3
36419,5
36420,5
36421,5
36422,3
36423,5
36424,5
36425,2
36426,5
36427,2
36428,4
36429,4
36430,5
36431,5
36432,4
36433,6
36434,3
36435,5
36436,2
36437,5
36438,5
36439,4
36440,3
36441,0
36442,4
36443,3
36444,5
36445,0
36446,5
36447,4
36448,5
36449,4
36450,5
36451,5
36452,3
36453,4
36454,2
36455,5
36456,3
36457,5
36458,3
36459,4
36460,2
36461,4
36462,4
36463,1
36464,5
36465,3
36466,5
36467,4
36468,3
36469,3
36470,4
36471,5
36472,0
36473,5
36474,5
36475,4
36476,3
36477,0
36478,6
36479,5
36480,4
36481,3
36482,5
36483,5
36484,4
36485,5
36486,5
36487,3
36488,3
36489,0
36490,5
36491,3
36492,4
36493,4
36494,1
36495,5
36496,4
36497,5
36498,0
36499,5
36500,5
36501,5
36502,5
36503,3
36504,5
36505,5
36506,3
36507,3
36508,3
36509,5
36510,5
36511,5
36512,3
36513,3
36514,5
36515,3
36516,5
36517,5
36518,3
36519,5
36520,5
36521,3
36522,4
36523,4
36524,5
36525,5
36526,3
36527,5
36528,5
36529,5
36530,2
36531,5
36532,2
36533,3
36534,3
36535,5
36536,3
36537,5
36538,5
36539,5
36540,5
36541,1
36542,3
36543,1
36544,3
36545,3
36546,5
36547,3
36548,3
36549,3
36550,5
36551,5
36552,5
36553,5
36554,5
36555,5
36556,3
36557,5
36558,5
36559,4
36560,5
36561,3
36562,5
36563,5
36564,5
36565,3
36566,5
36567,4
36568,1
36569,1
36570,1
36571,5
36572,3
36573,5
36574,5
36575,1
36576,5
36577,2
36578,5
36579,5
36580,3
36581,4
36582,3
36583,5
36584,5
36585,3
36586,4
36587,5
36588,4
36589,4
36590,3
36591,3
36592,5
36593,5
36594,5
36595,2
36596,5
36597,5
36598,5
36599,5
36600,5
36601,3
36602,3
36603,5
36604,5
36605,4
36606,4
36607,4
36608,5
36609,4
36610,4
36611,5
36612,4
36613,4
36614,5
36615,5
36616,4
36617,3
36618,5
36619,3
36620,5
36621,2
36622,3
36623,5
36624,5
36625,5
36626,1
36627,3
36628,5
36629,5
36630,3
36631,5
36632,2
36633,5
36634,3
36635,3
36636,5
36637,2
36638,5
36639,3
36640,3
36641,5
36642,6
36643,3
36644,5
36645,5
36646,5
36647,5
36648,5
36649,5
36650,2
36651,5
36652,5
36653,3
36654,2
36655,5
36656,2
36657,4
36658,5
36659,4
36660,5
36661,5
36662,5
36663,5
36664,5
36665,6
36666,4
36667,5
36668,3
36669,5
36670,4
36671,5
36672,5
36673,6
36674,5
36675,3
36676,6
36677,0
36678,5
36679,3
36680,6
36681,5
36682,5
36683,5
36684,6
36685,5
36686,5
36687,3
36688,5
36689,3
36690,2
36691,5
36692,4
36693,3
36694,5
36695,5
36696,5
36697,3
36698,4
36699,5
36700,6
36701,5
36702,5
36703,5
36704,3
36705,5
36706,4
36707,4
36708,5
36709,3
36710,5
36711,2
36712,3
36713,5
36714,5
36715,4
36716,6
36717,5
36718,2
36719,6
36720,5
36721,5
36722,2
36723,3
36724,0
36725,5
36726,5
36727,5
36728,1
36729,6
36730,3
36731,2
36732,5
36733,5
36734,1
36735,6
36736,5
36737,5
36738,5
36739,3
36740,5
36741,5
36742,5
36743,3
36744,5
36745,4
36746,3
36747,5
36748,0
36749,6
36750,6
36751,5
36752,5
36753,6
36754,2
36755,2
36756,5
36757,3
36758,5
36759,5
36760,5
36761,5
36762,5
36763,4
36764,3
36765,3
36766,1
36767,5
36768,3
36769,5
36770,0
36771,6
36772,5
36773,5
36774,3
36775,5
36776,2
36777,6
36778,4
36779,6
36780,3
36781,6
36782,0
36783,5
36784,5
36785,5
36786,3
36787,3
36788,6
36789,5
36790,3
36791,3
36792,5
36793,3
36794,5
36795,5
36796,3
36797,3
36798,5
36799,0
36800,2
36801,0
36802,5
36803,5
36804,6
36805,3
36806,0
36807,0
36808,0
36809,6
36810,6
36811,0
36812,3
36813,5
36814,3
36815,5
36816,5
36817,3
36818,5
36819,4
36820,5
36821,5
36822,5
36823,3
36824,0
36825,4
36826,5
36827,3
36828,3
36829,6
36830,5
36831,4
36832,4
36833,4
36834,5
36835,0
36836,4
36837,0
36838,5
36839,5
36840,3
36841,0
36842,5
36843,2
36844,5
36845,4
36846,5
36847,0
36848,5
36849,4
36850,5
36851,0
36852,5
36853,0
36854,4
36855,0
36856,4
36857,0
36858,4
36859,5
36860,5
36861,5
36862,5
36863,0
36864,6
36865,5
36866,4
36867,5
36868,5
36869,5
36870,5
36871,5
36872,5
36873,5
36874,5
36875,5
36876,5
36877,3
36878,4
36879,3
36880,6
36881,5
36882,2
36883,2
36884,5
36885,5
36886,3
36887,4
36888,5
36889,0
36890,2
36891,4
36892,4
36893,5
36894,5
36895,5
36896,5
36897,4
36898,4
36899,4
36900,2
36901,5
36902,5
36903,5
36904,6
36905,3
36906,4
36907,6
36908,5
36909,4
36910,2
36911,4
36912,5
36913,5
36914,5
36915,5
36916,5
36917,5
36918,5
36919,0
36920,0
36921,3
36922,5
36923,5
36924,3
36925,0
36926,4
36927,5
36928,5
36929,3
36930,5
36931,6
36932,0
36933,5
36934,5
36935,5
36936,5
36937,5
36938,5
36939,0
36940,0
36941,4
36942,5
36943,4
36944,5
36945,5
36946,5
36947,5
36948,6
36949,6
36950,5
36951,0
36952,5
36953,1
36954,5
36955,5
36956,5
36957,2
36958,4
36959,6
36960,5
36961,5
36962,0
36963,4
36964,3
36965,2
36966,6
36967,3
36968,3
36969,3
36970,4
36971,5
36972,1
36973,5
36974,3
36975,3
36976,5
36977,2
36978,3
36979,5
36980,5
36981,4
36982,5
36983,0
36984,3
36985,3
36986,5
36987,3
36988,5
36989,6
36990,5
36991,6
36992,5
36993,3
36994,5
36995,5
36996,3
36997,5
36998,5
36999,5
37000,5
37001,3
37002,6
37003,3
37004,3
37005,5
37006,3
37007,5
37008,3
37009,5
37010,3
37011,3
37012,3
37013,3
37014,3
37015,3
37016,3
37017,3
37018,5
37019,5
37020,3
37021,6
37022,6
37023,3
37024,5
37025,5
37026,4
37027,3
37028,5
37029,5
37030,5
37031,5
37032,0
37033,4
37034,5
37035,3
37036,5
37037,4
37038,3
37039,5
37040,3
37041,3
37042,5
37043,3
37044,6
37045,5
37046,6
37047,5
37048,1
37049,5
37050,4
37051,3
37052,5
37053,5
37054,3
37055,3
37056,5
37057,4
37058,5
37059,3
37060,3
37061,5
37062,5
37063,3
37064,5
37065,4
37066,6
37067,5
37068,5
37069,5
37070,5
37071,5
37072,3
37073,5
37074,3
37075,6
37076,3
37077,5
37078,3
37079,5
37080,5
37081,6
37082,5
37083,5
37084,5
37085,5
37086,3
37087,2
37088,5
37089,5
37090,5
37091,5
37092,5
37093,5
37094,5
37095,5
37096,3
37097,3
37098,5
37099,3
37100,5
37101,5
37102,3
37103,3
37104,3
37105,5
37106,5
37107,4
37108,3
37109,5
37110,2
37111,5
37112,5
37113,3
37114,5
37115,5
37116,5
37117,3
37118,5
37119,3
37120,6
37121,5
37122,5
37123,4
37124,3
37125,6
37126,4
37127,3
37128,4
37129,5
37130,4
37131,3
37132,3
37133,5
37134,6
37135,1
37136,5
37137,3
37138,6
37139,3
37140,3
37141,2
37142,5
37143,0
37144,0
37145,3
37146,6
37147,1
37148,4
37149,3
37150,6
37151,4
37152,5
37153,5
37154,5
37155,0
37156,5
37157,0
37158,6
37159,4
37160,5
37161,5
37162,0
37163,5
37164,2
37165,0
37166,5
37167,6
37168,5
37169,5
37170,3
37171,6
37172,4
37173,4
37174,3
37175,3
37176,3
37177,3
37178,3
37179,4
37180,3
37181,6
37182,5
37183,4
37184,5
37185,5
37186,6
37187,5
37188,5
37189,5
37190,5
37191,0
37192,0
37193,4
37194,3
37195,5
37196,5
37197,4
37198,5
37199,2
37200,5
37201,4
37202,5
37203,5
37204,0
37205,5
37206,5
37207,5
37208,4
37209,3
37210,6
37211,5
37212,0
37213,3
37214,3
37215,5
37216,5
37217,3
37218,2
37219,5
37220,0
37221,5
37222,2
37223,5
37224,0
37225,3
37226,5
37227,5
37228,5
37229,2
37230,5
37231,5
37232,6
37233,5
37234,2
37235,6
37236,2
37237,4
37238,3
37239,3
37240,5
37241,3
37242,0
37243,3
37244,3
37245,5
37246,3
37247,5
37248,3
37249,5
37250,3
37251,5
37252,0
37253,4
37254,5
37255,5
37256,2
37257,5
37258,5
37259,4
37260,3
37261,3
37262,3
37263,5
37264,5
37265,5
37266,5
37267,1
37268,5
37269,2
37270,3
37271,5
37272,3
37273,5
37274,5
37275,0
37276,3
37277,3
37278,2
37279,2
37280,6
37281,4
37282,3
37283,5
37284,2
37285,4
37286,2
37287,4
37288,5
37289,4
37290,5
37291,5
37292,5
37293,4
37294,4
37295,2
37296,2
37297,4
37298,5
37299,4
37300,3
37301,0
37302,5
37303,3
37304,1
37305,5
37306,5
37307,5
37308,5
37309,5
37310,3
37311,3
37312,5
37313,5
37314,5
37315,4
37316,3
37317,4
37318,5
37319,3
37320,4
37321,6
37322,5
37323,3
37324,3
37325,5
37326,4
37327,5
37328,5
37329,4
37330,5
37331,5
37332,5
37333,6
37334,5
37335,5
37336,4
37337,5
37338,5
37339,5
37340,5
37341,5
37342,3
37343,4
37344,5
37345,5
37346,4
37347,4
37348,4
37349,6
37350,4
37351,4
37352,5
37353,5
37354,6
37355,3
37356,0
37357,5
37358,5
37359,5
37360,5
37361,3
37362,5
37363,6
37364,6
37365,5
37366,5
37367,5
37368,5
37369,5
37370,5
37371,2
37372,6
37373,5
37374,3
37375,3
37376,2
37377,2
37378,3
37379,2
37380,3
37381,2
37382,5
37383,3
37384,2
37385,5
37386,2
37387,5
37388,5
37389,6
37390,4
37391,5
37392,5
37393,2
37394,6
37395,5
37396,4
37397,5
37398,4
37399,3
37400,3
37401,5
37402,0
37403,0
37404,3
37405,3
37406,5
37407,5
37408,5
37409,2
37410,5
37411,4
37412,2
37413,5
37414,5
37415,5
37416,5
37417,2
37418,3
37419,3
37420,3
37421,5
37422,5
37423,5
37424,5
37425,3
37426,1
37427,1
37428,4
37429,5
37430,4
37431,4
37432,5
37433,5
37434,4
37435,5
37436,4
37437,3
37438,4
37439,0
37440,5
37441,5
37442,3
37443,5
37444,5
37445,3
37446,5
37447,3
37448,5
37449,5
37450,3
37451,4
37452,5
37453,5
37454,3
37455,5
37456,0
37457,3
37458,5
37459,5
37460,5
37461,5
37462,2
37463,0
37464,5
37465,5
37466,5
37467,5
37468,5
37469,5
37470,5
37471,5
37472,3
37473,3
37474,5
37475,3
37476,1
37477,1
37478,5
37479,1
37480,5
37481,3
37482,3
37483,3
37484,5
37485,4
37486,5
37487,5
37488,5
37489,1
37490,6
37491,3
37492,3
37493,4
37494,2
37495,2
37496,5
37497,5
37498,5
37499,5
37500,3
37501,2
37502,3
37503,3
37504,3
37505,3
37506,3
37507,5
37508,1
37509,4
37510,4
37511,3
37512,3
37513,3
37514,5
37515,3
37516,0
37517,5
37518,5
37519,3
37520,1
37521,5
37522,4
37523,2
37524,4
37525,2
37526,2
37527,5
37528,6
37529,4
37530,2
37531,2
37532,0
37533,5
37534,4
37535,5
37536,3
37537,2
37538,2
37539,5
37540,5
37541,5
37542,2
37543,5
37544,3
37545,3
37546,5
37547,3
37548,0
37549,0
37550,0
37551,3
37552,0
37553,3
37554,4
37555,4
37556,4
37557,4
37558,3
37559,5
37560,5
37561,3
37562,4
37563,2
37564,5
37565,0
37566,1
37567,1
37568,5
37569,2
37570,4
37571,4
37572,5
37573,5
37574,3
37575,3
37576,2
37577,0
37578,3
37579,3
37580,5
37581,4
37582,6
37583,5
37584,5
37585,0
37586,0
37587,4
37588,3
37589,5
37590,5
37591,3
37592,3
37593,5
37594,5
37595,5
37596,3
37597,5
37598,5
37599,5
37600,4
37601,5
37602,5
37603,5
37604,0
37605,3
37606,5
37607,4
37608,3
37609,5
37610,1
37611,4
37612,5
37613,5
37614,5
37615,5
37616,5
37617,3
37618,5
37619,2
37620,3
37621,4
37622,5
37623,1
37624,5
37625,0
37626,3
37627,5
37628,5
37629,5
37630,5
37631,3
37632,3
37633,5
37634,5
37635,5
37636,5
37637,5
37638,5
37639,5
37640,5
37641,5
37642,5
37643,5
37644,3
37645,0
37646,5
37647,4
37648,5
37649,0
37650,3
37651,3
37652,5
37653,0
37654,5
37655,4
37656,5
37657,3
37658,5
37659,0
37660,3
37661,3
37662,3
37663,0
37664,5
37665,5
37666,5
37667,5
37668,0
37669,2
37670,5
37671,5
37672,5
37673,3
37674,5
37675,5
37676,0
37677,0
37678,5
37679,5
37680,5
37681,3
37682,2
37683,5
37684,5
37685,0
37686,5
37687,3
37688,5
37689,5
37690,1
37691,4
37692,5
37693,5
37694,3
37695,6
37696,5
37697,5
37698,3
37699,2
37700,5
37701,5
37702,5
37703,5
37704,5
37705,5
37706,5
37707,5
37708,4
37709,4
37710,4
37711,4
37712,5
37713,6
37714,3
37715,5
37716,6
37717,5
37718,5
37719,0
37720,0
37721,0
37722,0
37723,0
37724,5
37725,5
37726,5
37727,0
37728,6
37729,5
37730,5
37731,3
37732,3
37733,3
37734,3
37735,3
37736,4
37737,5
37738,5
37739,5
37740,0
37741,3
37742,3
37743,6
37744,5
37745,5
37746,6
37747,6
37748,6
37749,5
37750,5
37751,5
37752,5
37753,0
37754,5
37755,3
37756,5
37757,0
37758,5
37759,5
37760,5
37761,5
37762,5
37763,2
37764,5
37765,3
37766,5
37767,0
37768,3
37769,3
37770,3
37771,6
37772,0
37773,3
37774,3
37775,3
37776,3
37777,4
37778,6
37779,6
37780,6
37781,6
37782,3
37783,4
37784,0
37785,4
37786,4
37787,4
37788,3
37789,3
37790,3
37791,3
37792,3
37793,5
37794,5
37795,3
37796,5
37797,4
37798,5
37799,4
37800,5
37801,0
37802,0
37803,0
37804,0
37805,6
37806,5
37807,5
37808,5
37809,5
37810,0
37811,5
37812,5
37813,5
37814,5
37815,3
37816,5
37817,5
37818,5
37819,5
37820,6
37821,5
37822,3
37823,6
37824,5
37825,6
37826,6
37827,6
37828,6
37829,6
37830,3
37831,3
37832,3
37833,4
37834,3
37835,2
37836,5
37837,4
37838,3
37839,5
37840,4
37841,6
37842,3
37843,6
37844,3
37845,5
37846,4
37847,3
37848,5
37849,3
37850,5
37851,3
37852,0
37853,4
37854,4
37855,3
37856,3
37857,5
37858,5
37859,5
37860,5
37861,3
37862,3
37863,5
37864,5
37865,5
37866,5
37867,5
37868,5
37869,5
37870,5
37871,6
37872,1
37873,5
37874,5
37875,6
37876,3
37877,2
37878,5
37879,5
37880,5
37881,5
37882,5
37883,4
37884,4
37885,3
37886,6
37887,2
37888,1
37889,1
37890,5
37891,2
37892,5
37893,4
37894,4
37895,5
37896,4
37897,1
37898,6
37899,6
37900,5
37901,5
37902,6
37903,5
37904,5
37905,4
37906,4
37907,4
37908,5
37909,5
37910,6
37911,6
37912,3
37913,3
37914,6
37915,6
37916,6
37917,0
37918,3
37919,5
37920,2
37921,5
37922,4
37923,4
37924,4
37925,5
37926,1
37927,4
37928,6
37929,3
37930,3
37931,5
37932,3
37933,6
37934,6
37935,2
37936,0
37937,6
37938,5
37939,3
37940,4
37941,6
37942,3
37943,2
37944,3
37945,5
37946,5
37947,5
37948,5
37949,5
37950,0
37951,6
37952,5
37953,6
37954,0
37955,5
37956,5
37957,4
37958,5
37959,4
37960,4
37961,2
37962,3
37963,5
37964,4
37965,5
37966,5
37967,5
37968,5
37969,5
37970,5
37971,5
37972,4
37973,5
37974,5
37975,0
37976,5
37977,4
37978,3
37979,0
37980,5
37981,0
37982,3
37983,5
37984,5
37985,6
37986,3
37987,6
37988,2
37989,0
37990,3
37991,6
37992,5
37993,3
37994,4
37995,6
37996,5
37997,2
37998,0
37999,0
38000,3
38001,6
38002,6
38003,3
38004,5
38005,5
38006,5
38007,5
38008,6
38009,5
38010,5
38011,5
38012,0
38013,3
38014,5
38015,0
38016,5
38017,5
38018,1
38019,3
38020,6
38021,3
38022,1
38023,4
38024,3
38025,5
38026,0
38027,0
38028,5
38029,5
38030,0
38031,5
38032,5
38033,3
38034,5
38035,5
38036,0
38037,4
38038,3
38039,3
38040,5
38041,3
38042,6
38043,5
38044,4
38045,5
38046,5
38047,6
38048,3
38049,4
38050,5
38051,5
38052,5
38053,0
38054,0
38055,0
38056,0
38057,3
38058,5
38059,5
38060,2
38061,3
38062,5
38063,0
38064,5
38065,4
38066,4
38067,5
38068,5
38069,3
38070,0
38071,5
38072,5
38073,5
38074,3
38075,3
38076,5
38077,3
38078,3
38079,3
38080,3
38081,5
38082,1
38083,4
38084,3
38085,3
38086,3
38087,3
38088,4
38089,5
38090,4
38091,5
38092,3
38093,5
38094,3
38095,4
38096,4
38097,4
38098,5
38099,0
38100,5
38101,4
38102,4
38103,2
38104,0
38105,5
38106,5
38107,3
38108,5
38109,5
38110,5
38111,5
38112,5
38113,2
38114,5
38115,0
38116,5
38117,5
38118,0
38119,5
38120,5
38121,5
38122,1
38123,1
38124,1
38125,3
38126,0
38127,0
38128,5
38129,3
38130,3
38131,4
38132,5
38133,5
38134,5
38135,5
38136,5
38137,5
38138,1
38139,5
38140,3
38141,3
38142,5
38143,5
38144,5
38145,6
38146,6
38147,6
38148,2
38149,5
38150,5
38151,0
38152,5
38153,4
38154,6
38155,2
38156,3
38157,0
38158,5
38159,5
38160,0
38161,4
38162,0
38163,1
38164,0
38165,2
38166,5
38167,4
38168,3
38169,5
38170,5
38171,5
38172,4
38173,5
38174,5
38175,0
38176,3
38177,0
38178,4
38179,3
38180,0
38181,0
38182,5
38183,5
38184,3
38185,3
38186,6
38187,5
38188,0
38189,5
38190,5
38191,0
38192,5
38193,6
38194,5
38195,5
38196,5
38197,5
38198,5
38199,0
38200,6
38201,0
38202,5
38203,3
38204,3
38205,4
38206,3
38207,4
38208,6
38209,6
38210,6
38211,6
38212,5
38213,4
38214,2
38215,4
38216,5
38217,3
38218,5
38219,5
38220,5
38221,5
38222,5
38223,2
38224,5
38225,3
38226,5
38227,0
38228,5
38229,5
38230,4
38231,4
38232,2
38233,1
38234,0
38235,5
38236,5
38237,5
38238,2
38239,5
38240,5
38241,5
38242,0
38243,2
38244,3
38245,2
38246,4
38247,4
38248,4
38249,4
38250,4
38251,4
38252,3
38253,2
38254,6
38255,2
38256,6
38257,3
38258,2
38259,2
38260,1
38261,0
38262,4
38263,5
38264,3
38265,3
38266,3
38267,5
38268,2
38269,5
38270,6
38271,5
38272,5
38273,4
38274,2
38275,3
38276,5
38277,2
38278,5
38279,5
38280,5
38281,3
38282,5
38283,1
38284,5
38285,5
38286,3
38287,4
38288,3
38289,3
38290,5
38291,4
38292,1
38293,1
38294,4
38295,6
38296,4
38297,5
38298,2
38299,1
38300,1
38301,5
38302,5
38303,5
38304,2
38305,5
38306,2
38307,2
38308,0
38309,3
38310,4
38311,5
38312,5
38313,4
38314,5
38315,5
38316,5
38317,3
38318,3
38319,5
38320,5
38321,4
38322,5
38323,4
38324,3
38325,3
38326,3
38327,3
38328,5
38329,4
38330,5
38331,5
38332,5
38333,5
38334,5
38335,4
38336,5
38337,3
38338,5
38339,0
38340,0
38341,5
38342,5
38343,3
38344,0
38345,0
38346,0
38347,5
38348,3
38349,4
38350,0
38351,4
38352,3
38353,3
38354,3
38355,3
38356,0
38357,2
38358,3
38359,4
38360,2
38361,2
38362,4
38363,6
38364,4
38365,4
38366,5
38367,4
38368,3
38369,0
38370,0
38371,4
38372,2
38373,2
38374,1
38375,5
38376,5
38377,3
38378,4
38379,5
38380,0
38381,0
38382,0
38383,0
38384,4
38385,5
38386,3
38387,5
38388,5
38389,5
38390,3
38391,5
38392,0
38393,5
38394,5
38395,5
38396,5
38397,0
38398,5
38399,5
38400,5
38401,4
38402,4
38403,2
38404,2
38405,4
38406,5
38407,5
38408,5
38409,5
38410,0
38411,3
38412,5
38413,4
38414,4
38415,3
38416,5
38417,5
38418,4
38419,5
38420,0
38421,3
38422,5
38423,5
38424,5
38425,6
38426,5
38427,3
38428,3
38429,5
38430,3
38431,3
38432,6
38433,5
38434,0
38435,3
38436,3
38437,0
38438,2
38439,2
38440,5
38441,5
38442,5
38443,3
38444,5
38445,1
38446,1
38447,3
38448,5
38449,3
38450,3
38451,5
38452,4
38453,0
38454,5
38455,2
38456,5
38457,3
38458,3
38459,3
38460,3
38461,3
38462,5
38463,5
38464,2
38465,2
38466,5
38467,4
38468,5
38469,0
38470,0
38471,5
38472,3
38473,0
38474,5
38475,3
38476,3
38477,0
38478,5
38479,3
38480,1
38481,1
38482,4
38483,5
38484,4
38485,4
38486,4
38487,5
38488,0
38489,6
38490,5
38491,4
38492,2
38493,3
38494,5
38495,3
38496,0
38497,3
38498,5
38499,0
38500,0
38501,4
38502,3
38503,3
38504,3
38505,3
38506,5
38507,3
38508,5
38509,3
38510,3
38511,2
38512,3
38513,5
38514,5
38515,5
38516,5
38517,5
38518,0
38519,5
38520,3
38521,3
38522,0
38523,3
38524,4
38525,5
38526,3
38527,4
38528,0
38529,5
38530,3
38531,0
38532,5
38533,3
38534,3
38535,3
38536,4
38537,5
38538,1
38539,0
38540,5
38541,4
38542,5
38543,0
38544,3
38545,0
38546,4
38547,3
38548,3
38549,6
38550,5
38551,0
38552,5
38553,5
38554,2
38555,0
38556,0
38557,3
38558,4
38559,0
38560,0
38561,5
38562,1
38563,5
38564,1
38565,0
38566,3
38567,5
38568,2
38569,0
38570,0
38571,5
38572,5
38573,5
38574,5
38575,5
38576,2
38577,3
38578,0
38579,1
38580,0
38581,5
38582,1
38583,3
38584,3
38585,3
38586,3
38587,3
38588,5
38589,5
38590,5
38591,2
38592,4
38593,5
38594,5
38595,3
38596,2
38597,4
38598,0
38599,3
38600,3
38601,3
38602,5
38603,3
38604,5
38605,5
38606,3
38607,5
38608,4
38609,3
38610,3
38611,3
38612,5
38613,5
38614,4
38615,1
38616,3
38617,4
38618,5
38619,3
38620,5
38621,5
38622,5
38623,3
38624,5
38625,0
38626,4
38627,3
38628,2
38629,2
38630,5
38631,5
38632,5
38633,4
38634,4
38635,3
38636,5
38637,2
38638,4
38639,3
38640,3
38641,3
38642,3
38643,0
38644,2
38645,2
38646,3
38647,3
38648,4
38649,5
38650,3
38651,5
38652,4
38653,5
38654,0
38655,4
38656,0
38657,3
38658,5
38659,0
38660,5
38661,1
38662,5
38663,3
38664,3
38665,5
38666,2
38667,5
38668,5
38669,5
38670,3
38671,3
38672,3
38673,5
38674,3
38675,5
38676,3
38677,5
38678,4
38679,6
38680,5
38681,3
38682,6
38683,6
38684,5
38685,0
38686,5
38687,5
38688,3
38689,0
38690,3
38691,4
38692,5
38693,5
38694,5
38695,4
38696,0
38697,5
38698,5
38699,5
38700,5
38701,3
38702,5
38703,5
38704,0
38705,3
38706,2
38707,5
38708,0
38709,3
38710,5
38711,0
38712,5
38713,5
38714,5
38715,5
38716,3
38717,4
38718,3
38719,5
38720,2
38721,5
38722,0
38723,3
38724,5
38725,5
38726,1
38727,5
38728,3
38729,3
38730,3
38731,3
38732,5
38733,1
38734,3
38735,5
38736,5
38737,5
38738,5
38739,3
38740,0
38741,5
38742,3
38743,4
38744,4
38745,5
38746,4
38747,0
38748,5
38749,5
38750,3
38751,3
38752,6
38753,3
38754,0
38755,6
38756,5
38757,5
38758,5
38759,0
38760,2
38761,4
38762,5
38763,5
38764,5
38765,0
38766,0
38767,0
38768,5
38769,2
38770,0
38771,4
38772,2
38773,0
38774,5
38775,6
38776,4
38777,4
38778,5
38779,0
38780,5
38781,5
38782,3
38783,5
38784,3
38785,4
38786,5
38787,3
38788,5
38789,5
38790,5
38791,5
38792,6
38793,6
38794,5
38795,5
38796,5
38797,6
38798,3
38799,5
38800,3
38801,4
38802,4
38803,4
38804,5
38805,5
38806,6
38807,6
38808,3
38809,3
38810,6
38811,4
38812,0
38813,0
38814,3
38815,5
38816,6
38817,5
38818,3
38819,5
38820,5
38821,5
38822,0
38823,3
38824,5
38825,3
38826,0
38827,5
38828,0
38829,5
38830,5
38831,5
38832,5
38833,5
38834,5
38835,3
38836,5
38837,3
38838,3
38839,5
38840,3
38841,3
38842,2
38843,3
38844,3
38845,5
38846,5
38847,6
38848,0
38849,3
38850,4
38851,3
38852,6
38853,6
38854,5
38855,5
38856,4
38857,5
38858,3
38859,3
38860,0
38861,5
38862,5
38863,5
38864,5
38865,2
38866,3
38867,5
38868,2
38869,5
38870,2
38871,5
38872,5
38873,0
38874,0
38875,5
38876,5
38877,5
38878,0
38879,5
38880,5
38881,0
38882,0
38883,0
38884,5
38885,5
38886,5
38887,3
38888,5
38889,0
38890,5
38891,0
38892,5
38893,4
38894,5
38895,6
38896,6
38897,0
38898,2
38899,5
38900,5
38901,5
38902,3
38903,2
38904,6
38905,5
38906,4
38907,4
38908,5
38909,5
38910,0
38911,0
38912,5
38913,5
38914,5
38915,5
38916,0
38917,4
38918,0
38919,5
38920,4
38921,4
38922,5
38923,5
38924,4
38925,2
38926,0
38927,0
38928,5
38929,1
38930,5
38931,3
38932,5
38933,5
38934,0
38935,0
38936,0
38937,0
38938,1
38939,0
38940,6
38941,5
38942,5
38943,3
38944,5
38945,2
38946,5
38947,3
38948,2
38949,3
38950,3
38951,5
38952,3
38953,5
38954,4
38955,5
38956,3
38957,3
38958,5
38959,5
38960,5
38961,5
38962,5
38963,5
38964,5
38965,3
38966,0
38967,5
38968,6
38969,3
38970,5
38971,3
38972,3
38973,4
38974,5
38975,3
38976,3
38977,5
38978,5
38979,5
38980,5
38981,3
38982,5
38983,0
38984,3
38985,5
38986,5
38987,3
38988,0
38989,4
38990,6
38991,5
38992,3
38993,4
38994,5
38995,5
38996,6
38997,3
38998,3
38999,2
39000,6
39001,6
39002,0
39003,0
39004,3
39005,4
39006,0
39007,6
39008,0
39009,0
39010,0
39011,0
39012,0
39013,4
39014,0
39015,5
39016,3
39017,4
39018,2
39019,4
39020,3
39021,2
39022,6
39023,0
39024,3
39025,0
39026,4
39027,5
39028,0
39029,3
39030,2
39031,0
39032,6
39033,3
39034,0
39035,2
39036,2
39037,5
39038,6
39039,2
39040,5
39041,3
39042,3
39043,5
39044,5
39045,3
39046,5
39047,5
39048,3
39049,3
39050,5
39051,2
39052,5
39053,5
39054,5
39055,5
39056,6
39057,5
39058,5
39059,3
39060,4
39061,4
39062,2
39063,3
39064,2
39065,5
39066,5
39067,2
39068,5
39069,6
39070,6
39071,5
39072,2
39073,5
39074,5
39075,4
39076,2
39077,5
39078,4
39079,5
39080,4
39081,4
39082,4
39083,5
39084,5
39085,5
39086,4
39087,5
39088,5
39089,5
39090,6
39091,4
39092,5
39093,5
39094,5
39095,5
39096,5
39097,3
39098,2
39099,5
39100,5
39101,5
39102,5
39103,5
39104,5
39105,5
39106,3
39107,4
39108,3
39109,3
39110,5
39111,5
39112,5
39113,5
39114,3
39115,4
39116,0
39117,4
39118,4
39119,3
39120,4
39121,4
39122,4
39123,4
39124,5
39125,4
39126,4
39127,3
39128,5
39129,1
39130,4
39131,1
39132,3
39133,4
39134,5
39135,2
39136,3
39137,3
39138,5
39139,3
39140,5
39141,3
39142,2
39143,3
39144,5
39145,5
39146,5
39147,5
39148,5
39149,3
39150,4
39151,5
39152,5
39153,5
39154,5
39155,2
39156,5
39157,2
39158,0
39159,5
39160,4
39161,5
39162,5
39163,3
39164,5
39165,3
39166,4
39167,4
39168,4
39169,3
39170,4
39171,4
39172,6
39173,3
39174,2
39175,5
39176,5
39177,3
39178,5
39179,5
39180,5
39181,0
39182,4
39183,3
39184,5
39185,5
39186,6
39187,6
39188,2
39189,2
39190,5
39191,2
39192,0
39193,5
39194,5
39195,2
39196,5
39197,5
39198,5
39199,1
39200,3
39201,4
39202,5
39203,5
39204,5
39205,5
39206,5
39207,5
39208,5
39209,5
39210,3
39211,5
39212,5
39213,3
39214,4
39215,3
39216,5
39217,5
39218,5
39219,5
39220,5
39221,3
39222,5
39223,5
39224,5
39225,5
39226,5
39227,5
39228,3
39229,5
39230,4
39231,5
39232,5
39233,4
39234,4
39235,5
39236,5
39237,3
39238,3
39239,5
39240,3
39241,5
39242,5
39243,0
39244,6
39245,5
39246,0
39247,4
39248,5
39249,3
39250,6
39251,5
39252,4
39253,4
39254,5
39255,5
39256,6
39257,4
39258,5
39259,4
39260,6
39261,5
39262,4
39263,4
39264,5
39265,5
39266,4
39267,0
39268,5
39269,5
39270,5
39271,4
39272,5
39273,5
39274,5
39275,4
39276,3
39277,5
39278,3
39279,5
39280,3
39281,3
39282,5
39283,4
39284,0
39285,5
39286,2
39287,2
39288,6
39289,6
39290,5
39291,5
39292,5
39293,6
39294,5
39295,3
39296,5
39297,4
39298,4
39299,5
39300,4
39301,2
39302,2
39303,6
39304,5
39305,5
39306,5
39307,6
39308,6
39309,6
39310,3
39311,3
39312,3
39313,6
39314,2
39315,6
39316,6
39317,2
39318,6
39319,5
39320,6
39321,5
39322,6
39323,6
39324,0
39325,3
39326,5
39327,6
39328,5
39329,6
39330,6
39331,0
39332,6
39333,2
39334,0
39335,3
39336,3
39337,6
39338,3
39339,5
39340,5
39341,3
39342,0
39343,5
39344,5
39345,2
39346,3
39347,3
39348,3
39349,3
39350,3
39351,5
39352,5
39353,6
39354,3
39355,6
39356,3
39357,0
39358,4
39359,0
39360,0
39361,5
39362,5
39363,4
39364,5
39365,5
39366,5
39367,4
39368,0
39369,0
39370,0
39371,5
39372,5
39373,5
39374,5
39375,5
39376,0
39377,5
39378,5
39379,6
39380,3
39381,6
39382,3
39383,6
39384,0
39385,5
39386,3
39387,5
39388,4
39389,4
39390,5
39391,3
39392,0
39393,0
39394,0
39395,4
39396,5
39397,6
39398,5
39399,5
39400,4
39401,5
39402,4
39403,5
39404,4
39405,4
39406,3
39407,5
39408,5
39409,5
39410,4
39411,2
39412,4
39413,5
39414,4
39415,3
39416,0
39417,5
39418,4
39419,3
39420,0
39421,5
39422,5
39423,3
39424,5
39425,5
39426,0
39427,5
39428,0
39429,0
39430,0
39431,2
39432,5
39433,5
39434,5
39435,5
39436,5
39437,5
39438,5
39439,0
39440,4
39441,3
39442,4
39443,0
39444,5
39445,5
39446,4
39447,5
39448,0
39449,6
39450,5
39451,6
39452,3
39453,0
39454,0
39455,0
39456,0
39457,0
39458,0
39459,0
39460,3
39461,0
39462,0
39463,6
39464,3
39465,3
39466,0
39467,0
39468,0
39469,0
39470,0
39471,0
39472,0
39473,2
39474,5
39475,0
39476,3
39477,3
39478,3
39479,3
39480,0
39481,5
39482,5
39483,5
39484,2
39485,3
39486,4
39487,3
39488,5
39489,6
39490,0
39491,5
39492,3
39493,5
39494,5
39495,4
39496,3
39497,5
39498,3
39499,3
39500,3
39501,3
39502,0
39503,3
39504,0
39505,5
39506,3
39507,5
39508,5
39509,2
39510,2
39511,5
39512,3
39513,5
39514,6
39515,6
39516,3
39517,4
39518,6
39519,6
39520,6
39521,6
39522,5
39523,6
39524,2
39525,5
39526,6
39527,3
39528,2
39529,5
39530,6
39531,4
39532,5
39533,5
39534,6
39535,4
39536,5
39537,5
39538,3
39539,4
39540,6
39541,5
39542,6
39543,5
39544,6
39545,5
39546,5
39547,5
39548,3
39549,6
39550,5
39551,3
39552,5
39553,5
39554,5
39555,4
39556,2
39557,6
39558,6
39559,2
39560,2
39561,4
39562,5
39563,3
39564,5
39565,2
39566,3
39567,3
39568,6
39569,5
39570,3
39571,3
39572,3
39573,3
39574,5
39575,6
39576,5
39577,5
39578,1
39579,3
39580,6
39581,5
39582,2
39583,0
39584,4
39585,5
39586,3
39587,5
39588,5
39589,5
39590,5
39591,0
39592,6
39593,5
39594,4
39595,6
39596,0
39597,3
39598,5
39599,3
39600,5
39601,3
39602,4
39603,5
39604,0
39605,5
39606,1
39607,3
39608,6
39609,4
39610,5
39611,4
39612,3
39613,4
39614,3
39615,6
39616,5
39617,5
39618,0
39619,3
39620,5
39621,5
39622,6
39623,3
39624,5
39625,4
39626,4
39627,3
39628,4
39629,3
39630,6
39631,4
39632,5
39633,3
39634,5
39635,5
39636,4
39637,6
39638,5
39639,5
39640,2
39641,3
39642,5
39643,3
39644,0
39645,2
39646,2
39647,3
39648,6
39649,5
39650,5
39651,5
39652,3
39653,4
39654,5
39655,5
39656,0
39657,4
39658,0
39659,5
39660,6
39661,4
39662,5
39663,5
39664,0
39665,5
39666,4
39667,5
39668,5
39669,4
39670,0
39671,5
39672,4
39673,5
39674,5
39675,5
39676,3
39677,3
39678,5
39679,3
39680,4
39681,4
39682,5
39683,2
39684,5
39685,4
39686,5
39687,3
39688,3
39689,5
39690,5
39691,2
39692,2
39693,1
39694,6
39695,5
39696,5
39697,3
39698,3
39699,5
39700,3
39701,0
39702,5
39703,4
39704,2
39705,3
39706,0
39707,5
39708,6
39709,6
39710,5
39711,5
39712,0
39713,3
39714,4
39715,3
39716,6
39717,6
39718,5
39719,2
39720,5
39721,3
39722,3
39723,3
39724,3
39725,5
39726,5
39727,5
39728,5
39729,2
39730,3
39731,4
39732,4
39733,2
39734,3
39735,2
39736,5
39737,6
39738,3
39739,3
39740,5
39741,3
39742,5
39743,3
39744,4
39745,4
39746,5
39747,0
39748,5
39749,5
39750,5
39751,5
39752,4
39753,3
39754,2
39755,3
39756,2
39757,5
39758,3
39759,3
39760,5
39761,3
39762,5
39763,5
39764,5
39765,2
39766,6
39767,6
39768,0
39769,6
39770,6
39771,3
39772,3
39773,5
39774,4
39775,4
39776,4
39777,0
39778,5
39779,5
39780,4
39781,1
39782,5
39783,2
39784,5
39785,3
39786,4
39787,5
39788,3
39789,3
39790,4
39791,3
39792,5
39793,1
39794,1
39795,1
39796,3
39797,3
39798,3
39799,3
39800,2
39801,4
39802,4
39803,2
39804,2
39805,3
39806,5
39807,3
39808,3
39809,3
39810,5
39811,5
39812,5
39813,5
39814,3
39815,5
39816,5
39817,3
39818,5
39819,5
39820,3
39821,5
39822,5
39823,5
39824,5
39825,5
39826,5
39827,3
39828,5
39829,0
39830,5
39831,3
39832,5
39833,5
39834,5
39835,5
39836,0
39837,5
39838,5
39839,3
39840,5
39841,5
39842,3
39843,3
39844,5
39845,5
39846,3
39847,5
39848,4
39849,3
39850,1
39851,0
39852,3
39853,4
39854,4
39855,5
39856,5
39857,4
39858,3
39859,5
39860,2
39861,3
39862,3
39863,5
39864,3
39865,5
39866,4
39867,4
39868,3
39869,3
39870,3
39871,5
39872,6
39873,3
39874,6
39875,6
39876,5
39877,5
39878,0
39879,3
39880,5
39881,3
39882,5
39883,4
39884,4
39885,0
39886,3
39887,5
39888,5
39889,5
39890,5
39891,3
39892,5
39893,5
39894,3
39895,4
39896,5
39897,3
39898,4
39899,3
39900,2
39901,3
39902,5
39903,3
39904,4
39905,0
39906,5
39907,4
39908,5
39909,4
39910,3
39911,5
39912,5
39913,5
39914,0
39915,2
39916,3
39917,3
39918,3
39919,5
39920,4
39921,4
39922,5
39923,1
39924,5
39925,5
39926,5
39927,3
39928,4
39929,0
39930,5
39931,4
39932,5
39933,5
39934,3
39935,5
39936,5
39937,5
39938,5
39939,5
39940,0
39941,5
39942,3
39943,3
39944,5
39945,5
39946,3
39947,5
39948,5
39949,0
39950,5
39951,5
39952,5
39953,3
39954,5
39955,0
39956,4
39957,4
39958,3
39959,4
39960,0
39961,3
39962,2
39963,5
39964,3
39965,1
39966,1
39967,3
39968,5
39969,4
39970,5
39971,5
39972,0
39973,4
39974,3
39975,5
39976,5
39977,3
39978,5
39979,5
39980,3
39981,0
39982,3
39983,2
39984,3
39985,3
39986,3
39987,0
39988,5
39989,5
39990,3
39991,3
39992,3
39993,5
39994,3
39995,3
39996,5
39997,3
39998,3
39999,3
40000,5
40001,3
40002,1
40003,3
40004,5
40005,5
40006,5
40007,5
40008,5
40009,3
40010,2
40011,5
40012,5
40013,3
40014,5
40015,5
40016,3
40017,5
40018,5
40019,5
40020,5
40021,5
40022,5
40023,2
40024,3
40025,3
40026,5
40027,0
40028,3
40029,5
40030,3
40031,5
40032,0
40033,2
40034,5
40035,3
40036,3
40037,3
40038,3
40039,3
40040,0
40041,3
40042,5
40043,3
40044,3
40045,6
40046,3
40047,6
40048,6
40049,6
40050,5
40051,4
40052,3
40053,3
40054,3
40055,5
40056,6
40057,3
40058,4
40059,5
40060,0
40061,3
40062,0
40063,0
40064,5
40065,5
40066,5
40067,0
40068,4
40069,5
40070,3
40071,2
40072,0
40073,5
40074,5
40075,0
40076,5
40077,3
40078,6
40079,4
40080,6
40081,6
40082,6
40083,5
40084,3
40085,3
40086,2
40087,0
40088,3
40089,2
40090,6
40091,6
40092,5
40093,5
40094,3
40095,5
40096,0
40097,3
40098,4
40099,5
40100,1
40101,5
40102,3
40103,3
40104,5
40105,5
40106,3
40107,5
40108,4
40109,4
40110,4
40111,0
40112,1
40113,4
40114,3
40115,4
40116,2
40117,4
40118,3
40119,2
40120,2
40121,5
40122,4
40123,2
40124,6
40125,5
40126,2
40127,2
40128,5
40129,2
40130,4
40131,6
40132,0
40133,2
40134,3
40135,1
40136,5
40137,3
40138,3
40139,6
40140,5
40141,5
40142,5
40143,2
40144,0
40145,0
40146,5
40147,2
40148,5
40149,5
40150,2
40151,4
40152,0
40153,0
40154,5
40155,5
40156,5
40157,6
40158,3
40159,5
40160,5
40161,3
40162,6
40163,5
40164,3
40165,3
40166,5
40167,5
40168,5
40169,3
40170,4
40171,3
40172,5
40173,5
40174,4
40175,4
40176,0
40177,0
40178,0
40179,0
40180,4
40181,0
40182,0
40183,0
40184,5
40185,5
40186,5
40187,3
40188,0
40189,4
40190,2
40191,5
40192,6
40193,3
40194,3
40195,3
40196,3
40197,4
40198,0
40199,5
40200,0
40201,1
40202,1
40203,5
40204,2
40205,4
40206,4
40207,5
40208,3
40209,4
40210,3
40211,5
40212,5
40213,5
40214,2
40215,5
40216,2
40217,3
40218,3
40219,5
40220,5
40221,0
40222,5
40223,5
40224,5
40225,4
40226,5
40227,3
40228,5
40229,5
40230,5
40231,2
40232,3
40233,5
40234,5
40235,5
40236,4
40237,5
40238,1
40239,5
40240,5
40241,5
40242,6
40243,4
40244,0
40245,5
40246,5
40247,6
40248,4
40249,4
40250,5
40251,4
40252,4
40253,4
40254,4
40255,0
40256,3
40257,4
40258,3
40259,0
40260,4
40261,6
40262,0
40263,4
40264,3
40265,3
40266,0
40267,5
40268,4
40269,4
40270,4
40271,6
40272,3
40273,0
40274,5
40275,1
40276,5
40277,5
40278,5
40279,3
40280,5
40281,4
40282,0
40283,5
40284,5
40285,3
40286,3
40287,3
40288,5
40289,5
40290,5
40291,5
40292,5
40293,3
40294,2
40295,5
40296,3
40297,5
40298,5
40299,5
40300,0
40301,3
40302,3
40303,3
40304,3
40305,5
40306,6
40307,5
40308,0
40309,6
40310,2
40311,6
40312,4
40313,0
40314,3
40315,5
40316,5
40317,0
40318,0
40319,3
40320,5
40321,6
40322,5
40323,2
40324,6
40325,5
40326,4
40327,5
40328,5
40329,4
40330,5
40331,5
40332,2
40333,5
40334,6
40335,3
40336,5
40337,3
40338,6
40339,3
40340,3
40341,0
40342,5
40343,6
40344,5
40345,5
40346,5
40347,2
40348,5
40349,5
40350,5
40351,5
40352,6
40353,2
40354,2
40355,6
40356,5
40357,2
40358,5
40359,5
40360,2
40361,6
40362,5
40363,5
40364,5
40365,6
40366,1
40367,4
40368,3
40369,3
40370,3
40371,5
40372,4
40373,5
40374,5
40375,0
40376,3
40377,5
40378,5
40379,5
40380,3
40381,6
40382,0
40383,6
40384,5
40385,3
40386,5
40387,5
40388,3
40389,4
40390,0
40391,3
40392,5
40393,5
40394,0
40395,4
40396,1
40397,4
40398,3
40399,5
40400,4
40401,3
40402,3
40403,6
40404,5
40405,5
40406,5
40407,5
40408,5
40409,0
40410,6
40411,4
40412,5
40413,3
40414,5
40415,5
40416,5
40417,3
40418,5
40419,0
40420,0
40421,5
40422,2
40423,5
40424,5
40425,5
40426,5
40427,0
40428,3
40429,3
40430,5
40431,2
40432,6
40433,6
40434,5
40435,4
40436,4
40437,3
40438,5
40439,5
40440,0
40441,5
40442,5
40443,3
40444,4
40445,3
40446,3
40447,5
40448,3
40449,2
40450,6
40451,6
40452,0
40453,5
40454,5
40455,5
40456,5
40457,5
40458,4
40459,0
40460,4
40461,0
40462,5
40463,6
40464,5
40465,4
40466,5
40467,5
40468,0
40469,5
40470,5
40471,3
40472,5
40473,5
40474,2
40475,3
40476,5
40477,5
40478,3
40479,5
40480,5
40481,5
40482,5
40483,5
40484,5
40485,0
40486,5
40487,5
40488,4
40489,0
40490,2
40491,5
40492,2
40493,5
40494,2
40495,3
40496,4
40497,2
40498,4
40499,5
40500,3
40501,3
40502,5
40503,3
40504,5
40505,3
40506,3
40507,5
40508,5
40509,4
40510,4
40511,5
40512,4
40513,2
40514,2
40515,5
40516,4
40517,2
40518,3
40519,3
40520,5
40521,6
40522,3
40523,5
40524,5
40525,3
40526,4
40527,3
40528,0
40529,3
40530,5
40531,0
40532,2
40533,3
40534,5
40535,4
40536,4
40537,5
40538,3
40539,4
40540,5
40541,6
40542,6
40543,4
40544,3
40545,5
40546,3
40547,6
40548,6
40549,5
40550,4
40551,5
40552,5
40553,6
40554,5
40555,3
40556,5
40557,0
40558,4
40559,3
40560,5
40561,5
40562,0
40563,1
40564,5
40565,5
40566,5
40567,5
40568,5
40569,5
40570,5
40571,5
40572,2
40573,5
40574,3
40575,5
40576,5
40577,5
40578,5
40579,5
40580,2
40581,4
40582,5
40583,5
40584,4
40585,3
40586,3
40587,4
40588,4
40589,4
40590,3
40591,2
40592,3
40593,2
40594,4
40595,5
40596,5
40597,5
40598,5
40599,5
40600,0
40601,5
40602,3
40603,0
40604,3
40605,3
40606,0
40607,5
40608,3
40609,3
40610,5
40611,3
40612,5
40613,0
40614,5
40615,1
40616,3
40617,2
40618,0
40619,6
40620,0
40621,0
40622,3
40623,5
40624,6
40625,5
40626,5
40627,5
40628,5
40629,5
40630,5
40631,5
40632,6
40633,0
40634,3
40635,5
40636,3
40637,5
40638,6
40639,5
40640,5
40641,5
40642,0
40643,6
40644,6
40645,5
40646,0
40647,3
40648,5
40649,0
40650,4
40651,0
40652,3
40653,4
40654,4
40655,4
40656,5
40657,5
40658,4
40659,3
40660,4
40661,5
40662,5
40663,4
40664,2
40665,3
40666,5
40667,4
40668,0
40669,3
40670,4
40671,5
40672,0
40673,4
40674,3
40675,3
40676,6
40677,5
40678,5
40679,0
40680,4
40681,2
40682,2
40683,4
40684,5
40685,3
40686,4
40687,2
40688,3
40689,5
40690,0
40691,3
40692,4
40693,6
40694,5
40695,4
40696,6
40697,5
40698,0
40699,4
40700,6
40701,3
40702,4
40703,4
40704,5
40705,5
40706,4
40707,4
40708,3
40709,6
40710,3
40711,4
40712,3
40713,0
40714,5
40715,5
40716,4
40717,3
40718,4
40719,5
40720,4
40721,5
40722,5
40723,4
40724,3
40725,5
40726,1
40727,4
40728,5
40729,3
40730,0
40731,3
40732,6
40733,5
40734,5
40735,5
40736,5
40737,2
40738,0
40739,5
40740,6
40741,1
40742,5
40743,3
40744,2
40745,5
40746,5
40747,5
40748,5
40749,5
40750,5
40751,5
40752,5
40753,5
40754,5
40755,5
40756,3
40757,3
40758,0
40759,0
40760,5
40761,3
40762,3
40763,5
40764,5
40765,4
40766,2
40767,2
40768,3
40769,5
40770,5
40771,5
40772,3
40773,5
40774,5
40775,5
40776,5
40777,5
40778,4
40779,3
40780,3
40781,3
40782,6
40783,5
40784,5
40785,5
40786,4
40787,5
40788,4
40789,5
40790,4
40791,5
40792,3
40793,6
40794,3
40795,5
40796,3
40797,5
40798,5
40799,5
40800,5
40801,5
40802,6
40803,4
40804,4
40805,4
40806,6
40807,4
40808,3
40809,3
40810,3
40811,4
40812,1
40813,3
40814,4
40815,5
40816,3
40817,4
40818,4
40819,4
40820,3
40821,4
40822,5
40823,5
40824,4
40825,4
40826,4
40827,5
40828,3
40829,3
40830,5
40831,5
40832,3
40833,5
40834,5
40835,5
40836,5
40837,6
40838,5
40839,5
40840,2
40841,5
40842,5
40843,0
40844,5
40845,2
40846,5
40847,4
40848,4
40849,4
40850,5
40851,1
40852,4
40853,5
40854,4
40855,3
40856,4
40857,5
40858,5
40859,4
40860,4
40861,0
40862,3
40863,2
40864,5
40865,0
40866,5
40867,5
40868,0
40869,5
40870,6
40871,0
40872,0
40873,4
40874,3
40875,6
40876,0
40877,0
40878,6
40879,5
40880,4
40881,0
40882,0
40883,0
40884,3
40885,4
40886,3
40887,5
40888,4
40889,4
40890,6
40891,5
40892,5
40893,5
40894,5
40895,0
40896,2
40897,5
40898,3
40899,3
40900,4
40901,5
40902,5
40903,4
40904,3
40905,6
40906,2
40907,4
40908,2
40909,5
40910,3
40911,6
40912,5
40913,5
40914,3
40915,4
40916,5
40917,6
40918,5
40919,3
40920,0
40921,3
40922,3
40923,0
40924,0
40925,5
40926,5
40927,3
40928,0
40929,5
40930,5
40931,5
40932,0
40933,4
40934,3
40935,4
40936,4
40937,4
40938,5
40939,3
40940,5
40941,3
40942,3
40943,5
40944,3
40945,5
40946,3
40947,0
40948,5
40949,4
40950,0
40951,0
40952,5
40953,3
40954,3
40955,3
40956,5
40957,3
40958,4
40959,4
40960,5
40961,4
40962,5
40963,3
40964,0
40965,0
40966,3
40967,5
40968,0
40969,5
40970,3
40971,4
40972,5
40973,0
40974,5
40975,5
40976,3
40977,3
40978,0
40979,3
40980,5
40981,0
40982,3
40983,2
40984,6
40985,5
40986,4
40987,4
40988,5
40989,5
40990,3
40991,3
40992,5
40993,5
40994,3
40995,3
40996,4
40997,5
40998,5
40999,3
41000,3
41001,3
41002,3
41003,3
41004,3
41005,5
41006,4
41007,3
41008,3
41009,3
41010,5
41011,5
41012,5
41013,3
41014,3
41015,5
41016,3
41017,4
41018,5
41019,5
41020,3
41021,5
41022,4
41023,5
41024,3
41025,5
41026,3
41027,3
41028,3
41029,3
41030,3
41031,3
41032,5
41033,5
41034,0
41035,3
41036,5
41037,5
41038,4
41039,5
41040,0
41041,2
41042,2
41043,5
41044,3
41045,5
41046,5
41047,5
41048,5
41049,5
41050,3
41051,3
41052,5
41053,5
41054,3
41055,3
41056,2
41057,5
41058,4
41059,3
41060,5
41061,3
41062,3
41063,3
41064,3
41065,5
41066,6
41067,3
41068,4
41069,4
41070,0
41071,4
41072,5
41073,5
41074,5
41075,5
41076,2
41077,5
41078,3
41079,5
41080,3
41081,3
41082,5
41083,0
41084,5
41085,2
41086,3
41087,3
41088,3
41089,3
41090,6
41091,6
41092,6
41093,5
41094,3
41095,6
41096,6
41097,5
41098,1
41099,4
41100,6
41101,1
41102,6
41103,5
41104,6
41105,1
41106,4
41107,4
41108,3
41109,3
41110,3
41111,3
41112,5
41113,5
41114,2
41115,5
41116,3
41117,6
41118,4
41119,5
41120,5
41121,3
41122,5
41123,5
41124,5
41125,4
41126,4
41127,5
41128,5
41129,4
41130,4
41131,5
41132,2
41133,4
41134,5
41135,4
41136,4
41137,5
41138,4
41139,5
41140,0
41141,0
41142,5
41143,5
41144,0
41145,0
41146,4
41147,5
41148,5
41149,5
41150,5
41151,3
41152,5
41153,4
41154,5
41155,5
41156,5
41157,6
41158,3
41159,4
41160,5
41161,4
41162,5
41163,5
41164,0
41165,4
41166,4
41167,5
41168,4
41169,4
