node_id,group_id
0,1
1,1
2,1
3,0
4,0
5,0
6,0
7,0
8,1
9,1
10,1
11,0
12,1
13,0
14,1
15,0
16,0
17,1
18,0
19,1
20,1
21,1
22,1
23,0
24,1
25,0
26,1
27,1
28,0
29,1
30,0
31,1
32,1
33,1
34,1
35,0
36,0
37,1
38,0
39,1
40,0
41,1
42,1
43,1
44,0
45,0
46,0
47,0
48,0
49,1
50,1
51,1
52,1
53,0
54,1
55,0
56,1
57,0
58,1
59,0
60,1
61,0
62,1
63,1
64,1
65,1
66,0
67,0
68,1
69,1
70,1
71,0
72,1
73,1
74,1
75,0
76,0
77,1
78,0
79,0
80,0
81,1
82,0
83,0
84,1
85,0
86,0
87,1
88,1
89,0
90,1
91,0
92,1
93,0
94,1
95,1
96,0
97,1
98,0
99,1
100,1
101,0
102,1
103,0
104,0
105,0
106,0
107,1
108,0
109,1
110,0
111,0
112,1
113,0
114,1
115,1
116,0
117,1
118,1
119,1
120,1
121,1
122,1
123,1
124,0
125,1
126,1
127,1
128,0
129,1
130,0
131,0
132,1
133,1
134,0
135,1
136,1
137,1
138,1
139,1
140,0
141,0
142,0
143,1
144,0
145,0
146,0
147,1
148,0
149,0
150,1
151,0
152,0
153,0
154,0
155,1
156,1
157,1
158,1
159,1
160,1
161,1
162,1
163,0
164,1
165,0
166,1
167,0
168,0
169,0
170,0
171,0
172,0
173,0
174,0
175,1
176,0
177,0
178,1
179,0
180,0
181,1
182,0
183,1
184,1
185,1
186,1
187,1
188,0
189,0
190,1
191,1
192,1
193,0
194,0
195,0
196,1
197,0
198,0
199,1
200,1
201,0
202,0
203,1
204,1
205,1
206,0
207,0
208,0
209,0
210,1
211,1
212,0
213,1
214,1
215,0
216,1
217,0
218,0
219,1
220,0
221,0
222,0
223,0
224,0
225,1
226,0
227,0
228,1
229,1
230,1
231,1
232,0
233,1
234,0
235,1
236,1
237,1
238,1
239,1
240,1
241,1
242,0
243,0
244,1
245,0
246,0
247,1
248,1
249,0
250,1
251,0
252,0
253,0
254,0
255,1
256,1
257,1
258,1
259,1
260,1
261,0
262,1
263,1
264,1
265,1
266,1
267,1
268,0
269,0
270,0
271,1
272,0
273,1
274,1
275,0
276,0
277,1
278,0
279,1
280,1
281,1
282,0
283,0
284,1
285,1
286,1
287,1
288,1
289,1
290,0
291,0
292,1
293,1
294,1
295,1
296,0
297,0
298,1
299,1
300,1
301,0
302,1
303,1
304,0
305,1
306,0
307,1
308,0
309,1
310,0
311,1
312,1
313,0
314,1
315,1
316,1
317,0
318,1
319,1
320,0
321,0
322,1
323,0
324,0
325,0
326,0
327,1
328,0
329,0
330,1
331,0
332,1
333,1
334,1
335,1
336,0
337,0
338,1
339,0
340,1
341,1
342,1
343,0
344,0
345,1
346,1
347,0
348,1
349,0
350,1
351,0
352,0
353,1
354,1
355,1
356,1
357,1
358,0
359,1
360,0
361,0
362,0
363,1
364,0
365,0
366,0
367,0
368,0
369,0
370,0
371,1
372,0
373,0
374,0
375,1
376,1
377,1
378,0
379,1
380,1
381,0
382,0
383,1
384,1
385,1
386,0
387,1
388,0
389,1
390,1
391,0
392,0
393,0
394,1
395,1
396,1
397,0
398,1
399,0
400,0
401,1
402,0
403,1
404,1
405,0
406,1
407,1
408,1
409,0
410,0
411,1
412,1
413,1
414,0
415,1
416,1
417,1
418,0
419,0
420,0
421,0
422,1
423,0
424,1
425,0
426,0
427,0
428,1
429,0
430,0
431,0
432,1
433,1
434,0
435,1
436,0
437,0
438,1
439,1
440,0
441,1
442,0
443,1
444,0
445,1
446,1
447,0
448,0
449,1
450,0
451,1
452,1
453,1
454,0
455,1
456,0
457,1
458,1
459,1
460,0
461,1
462,0
463,1
464,1
465,1
466,1
467,0
468,0
469,0
470,0
471,1
472,0
473,0
474,1
475,1
476,1
477,1
478,1
479,1
480,1
481,0
482,1
483,1
484,1
485,1
486,0
487,1
488,0
489,0
490,1
491,1
492,0
493,0
494,0
495,0
496,0
497,0
498,0
499,0
500,1
501,0
502,0
503,1
504,0
505,0
506,1
507,0
508,0
509,1
510,1
511,1
512,1
513,1
514,0
515,0
516,0
517,0
518,0
519,1
520,0
521,0
522,0
523,1
524,0
525,1
526,0
527,1
528,0
529,1
530,0
531,0
532,0
533,1
534,1
535,1
536,0
537,0
538,1
539,1
540,0
541,0
542,0
543,1
544,0
545,1
546,0
547,1
548,0
549,0
550,0
551,1
552,1
553,1
554,1
555,1
556,1
557,1
558,1
559,1
560,1
561,1
562,0
563,0
564,1
565,1
566,1
567,1
568,0
569,0
570,1
571,1
572,0
573,0
574,1
575,1
576,0
577,0
578,1
579,1
580,0
581,0
582,0
583,1
584,1
585,1
586,0
587,1
588,1
589,0
590,1
591,0
592,1
593,0
594,0
595,0
596,1
597,1
598,0
599,1
600,1
601,1
602,0
603,0
604,1
605,1
606,0
607,1
608,1
609,0
610,1
611,1
612,1
613,0
614,1
615,0
616,1
617,1
618,0
619,0
620,0
621,1
622,1
623,0
624,1
625,1
626,0
627,1
628,0
629,1
630,0
631,1
632,0
633,1
634,1
635,1
636,0
637,0
638,1
639,1
640,0
641,1
642,0
643,1
644,0
645,1
646,0
647,1
648,1
649,1
650,1
651,1
652,0
653,0
654,1
655,0
656,1
657,0
658,1
659,1
660,1
661,0
662,1
663,0
664,1
665,1
666,0
667,1
668,1
669,1
670,0
671,0
672,0
673,0
674,0
675,1
676,0
677,0
678,0
679,1
680,1
681,0
682,1
683,1
684,1
685,0
686,1
687,1
688,0
689,0
690,1
691,1
692,1
693,1
694,1
695,0
696,0
697,1
698,0
699,0
700,0
701,0
702,0
703,0
704,1
705,0
706,0
707,0
708,0
709,0
710,1
711,1
712,1
713,0
714,1
715,0
716,1
717,1
718,1
719,1
720,1
721,0
722,1
723,0
724,0
725,0
726,0
727,0
728,0
729,1
730,1
731,1
732,0
733,0
734,0
735,1
736,1
737,1
738,1
739,0
740,1
741,1
742,1
743,0
744,1
745,1
746,1
747,1
748,0
749,1
750,1
751,0
752,1
753,0
754,0
755,0
756,1
757,0
758,1
759,0
760,0
761,1
762,1
763,0
764,1
765,0
766,1
767,1
768,1
769,1
770,1
771,1
772,1
773,1
774,0
775,1
776,0
777,1
778,0
779,0
780,1
781,0
782,1
783,1
784,1
785,0
786,1
787,0
788,0
789,1
790,0
791,1
792,0
793,1
794,0
795,0
796,0
797,0
798,0
799,0
800,0
801,1
802,0
803,1
804,0
805,1
806,1
807,0
808,1
809,0
810,0
811,1
812,0
813,1
814,1
815,1
816,1
817,0
818,1
819,0
820,0
821,0
822,1
823,0
824,0
825,1
826,1
827,1
828,1
829,1
830,1
831,1
832,0
833,0
834,1
835,1
836,1
837,1
838,1
839,0
840,0
841,0
842,0
843,1
844,1
845,1
846,1
847,0
848,0
849,1
850,0
851,1
852,0
853,1
854,1
855,1
856,1
857,0
858,0
859,1
860,0
861,1
862,1
863,0
864,1
865,0
866,0
867,0
868,0
869,0
870,0
871,0
872,1
873,0
874,0
875,0
876,1
877,1
878,1
879,0
880,1
881,0
882,0
883,0
884,0
885,1
886,1
887,0
888,0
889,1
890,1
891,1
892,1
893,0
894,1
895,1
896,0
897,0
898,1
899,0
900,1
901,0
902,0
903,1
904,0
905,1
906,0
907,1
908,0
909,0
910,1
911,1
912,0
913,1
914,1
915,0
916,0
917,0
918,0
919,1
920,1
921,1
922,1
923,1
924,1
925,1
926,0
927,1
928,1
929,0
930,1
931,0
932,1
933,0
934,1
935,1
936,0
937,0
938,1
939,1
940,1
941,0
942,0
943,1
944,1
945,0
946,1
947,0
948,1
949,0
950,0
951,0
952,0
953,0
954,0
955,0
956,1
957,0
958,0
959,1
960,1
961,1
962,1
963,0
964,0
965,0
966,0
967,1
968,0
969,0
970,0
971,1
972,0
973,0
974,0
975,0
976,0
977,1
978,0
979,1
980,0
981,1
982,0
983,1
984,1
985,1
986,0
987,0
988,1
989,1
990,1
991,1
992,1
993,1
994,1
995,0
996,1
997,1
998,1
999,1
1000,1
1001,1
1002,1
1003,1
1004,1
1005,0
1006,0
1007,0
1008,0
1009,0
1010,1
1011,1
1012,1
1013,0
1014,1
1015,1
1016,0
1017,1
1018,0
1019,1
1020,0
1021,1
1022,1
1023,1
1024,0
1025,1
1026,1
1027,1
1028,1
1029,1
1030,1
1031,0
1032,1
1033,1
1034,0
1035,1
1036,0
1037,0
1038,0
1039,1
1040,1
1041,0
1042,0
1043,1
1044,0
1045,1
1046,1
1047,0
1048,1
1049,0
1050,1
1051,1
1052,0
1053,1
1054,0
1055,1
1056,0
1057,0
1058,1
1059,0
1060,0
1061,0
1062,0
1063,1
1064,1
1065,0
1066,1
1067,0
1068,0
1069,0
1070,1
1071,0
1072,0
1073,0
1074,0
1075,0
1076,1
1077,0
1078,1
1079,0
1080,1
1081,0
1082,1
1083,0
1084,1
1085,1
1086,0
1087,1
1088,1
1089,1
1090,1
1091,1
1092,1
1093,1
1094,1
1095,1
1096,1
1097,0
1098,0
1099,0
1100,1
1101,0
1102,1
1103,0
1104,1
1105,1
1106,0
1107,1
1108,0
1109,1
1110,0
1111,1
1112,0
1113,0
1114,0
1115,0
1116,1
1117,0
1118,1
1119,1
1120,1
1121,1
1122,1
1123,1
1124,1
1125,0
1126,0
1127,0
1128,1
1129,1
1130,1
1131,1
1132,0
1133,0
1134,0
1135,0
1136,0
1137,1
1138,1
1139,0
1140,1
1141,0
1142,0
1143,0
1144,0
1145,1
1146,1
1147,0
1148,0
1149,1
1150,0
1151,1
1152,0
1153,1
1154,0
1155,1
1156,0
1157,1
1158,0
1159,1
1160,1
1161,1
1162,1
1163,1
1164,1
1165,0
1166,0
1167,1
1168,0
1169,0
1170,0
1171,1
1172,1
1173,1
1174,1
1175,1
1176,1
1177,1
1178,0
1179,1
1180,1
1181,0
1182,0
1183,1
1184,0
1185,0
1186,1
1187,1
1188,1
1189,0
1190,1
1191,0
1192,0
1193,0
1194,0
1195,1
1196,0
1197,1
1198,1
1199,0
1200,0
1201,1
1202,1
1203,0
1204,0
1205,1
1206,1
1207,1
1208,1
1209,1
1210,1
1211,1
1212,1
1213,1
1214,1
1215,0
1216,1
1217,0
1218,0
1219,1
1220,1
1221,1
1222,1
1223,1
1224,1
1225,0
1226,1
1227,1
1228,0
1229,0
1230,1
1231,0
1232,1
1233,1
1234,0
1235,1
1236,0
1237,0
1238,0
1239,0
1240,0
1241,0
1242,1
1243,0
1244,0
1245,1
1246,0
1247,1
1248,1
1249,1
1250,1
1251,0
1252,0
1253,1
1254,0
1255,1
1256,1
1257,0
1258,1
1259,1
1260,1
1261,1
1262,1
1263,0
1264,1
1265,0
1266,0
1267,1
1268,1
1269,1
1270,1
1271,1
1272,1
1273,0
1274,0
1275,1
1276,1
1277,1
1278,0
1279,1
1280,0
1281,1
1282,1
1283,0
1284,0
1285,1
1286,1
1287,1
1288,1
1289,1
1290,0
1291,0
1292,0
1293,0
1294,1
1295,1
1296,0
1297,0
1298,1
1299,0
1300,0
1301,0
1302,0
1303,1
1304,1
1305,0
1306,1
1307,1
1308,1
1309,1
1310,1
1311,1
1312,0
1313,0
1314,1
1315,1
1316,0
1317,1
1318,1
1319,0
1320,0
1321,0
1322,1
1323,1
1324,1
1325,1
1326,1
1327,0
1328,0
1329,0
1330,0
1331,0
1332,0
1333,0
1334,0
1335,1
1336,0
1337,0
1338,0
1339,1
1340,1
1341,0
1342,1
1343,1
1344,0
1345,0
1346,1
1347,0
1348,1
1349,1
1350,1
1351,0
1352,0
1353,0
1354,1
1355,0
1356,1
1357,1
1358,0
1359,0
1360,0
1361,0
1362,1
1363,1
1364,1
1365,0
1366,1
1367,1
1368,1
1369,0
1370,1
1371,0
1372,0
1373,1
1374,0
1375,0
1376,0
1377,0
1378,1
1379,1
1380,1
1381,1
1382,1
1383,0
1384,0
1385,0
1386,1
1387,0
1388,0
1389,1
1390,0
1391,0
1392,1
1393,1
1394,0
1395,0
1396,0
1397,1
1398,1
1399,1
1400,0
1401,0
1402,1
1403,1
1404,1
1405,1
1406,0
1407,1
1408,1
1409,1
1410,0
1411,0
1412,0
1413,0
1414,1
1415,0
1416,1
1417,0
1418,1
1419,0
1420,0
1421,1
1422,0
1423,0
1424,1
1425,1
1426,0
1427,1
1428,1
1429,0
1430,0
1431,1
1432,1
1433,1
1434,0
1435,1
1436,1
1437,1
1438,0
1439,1
1440,1
1441,0
1442,0
1443,0
1444,0
1445,0
1446,0
1447,1
1448,0
1449,0
1450,1
1451,1
1452,0
1453,1
1454,1
1455,0
1456,1
1457,1
1458,0
1459,1
1460,1
1461,1
1462,1
1463,0
1464,1
1465,1
1466,1
1467,1
1468,0
1469,0
1470,0
1471,1
1472,0
1473,1
1474,0
1475,1
1476,0
1477,1
1478,1
1479,0
1480,0
1481,1
1482,1
1483,0
1484,1
1485,0
1486,0
1487,0
1488,1
1489,1
1490,1
1491,1
1492,1
1493,1
1494,0
1495,1
1496,0
1497,0
1498,0
1499,1
1500,0
1501,0
1502,1
1503,1
1504,0
1505,0
1506,0
1507,1
1508,1
1509,0
1510,1
1511,0
1512,1
1513,0
1514,1
1515,1
1516,0
1517,1
1518,0
1519,0
1520,0
1521,0
1522,0
1523,1
1524,1
1525,0
1526,1
1527,0
1528,1
1529,1
1530,0
1531,1
1532,0
1533,0
1534,1
1535,0
1536,0
1537,1
1538,1
1539,0
1540,1
1541,1
1542,0
1543,1
1544,1
1545,0
1546,0
1547,1
1548,1
1549,0
1550,0
1551,1
1552,0
1553,0
1554,1
1555,0
1556,0
1557,1
1558,0
1559,1
1560,0
1561,1
1562,1
1563,0
1564,0
1565,1
1566,1
1567,0
1568,0
1569,0
1570,1
1571,1
1572,0
1573,0
1574,1
1575,1
1576,1
1577,1
1578,0
1579,1
1580,1
1581,0
1582,1
1583,1
1584,1
1585,1
1586,0
1587,0
1588,1
1589,0
1590,1
1591,0
1592,0
1593,1
1594,1
1595,1
1596,0
1597,1
1598,0
1599,0
1600,0
1601,0
1602,0
1603,0
1604,1
1605,0
1606,0
1607,1
1608,1
1609,1
1610,1
1611,0
1612,0
1613,0
1614,0
1615,1
1616,1
1617,1
1618,0
1619,0
1620,1
1621,1
1622,0
1623,1
1624,0
1625,0
1626,0
1627,0
1628,0
1629,1
1630,0
1631,1
1632,1
1633,0
1634,0
1635,0
1636,1
1637,0
1638,1
1639,1
1640,0
1641,0
1642,0
1643,1
1644,1
1645,0
1646,1
1647,1
1648,1
1649,0
1650,1
1651,0
1652,1
1653,1
1654,0
1655,0
1656,1
1657,0
1658,1
1659,1
1660,1
1661,1
1662,1
1663,0
1664,1
1665,1
1666,1
1667,0
1668,1
1669,0
1670,1
1671,0
1672,1
1673,1
1674,0
1675,0
1676,1
1677,0
1678,0
1679,1
1680,1
1681,1
1682,0
1683,1
1684,1
1685,1
1686,0
1687,1
1688,0
1689,1
1690,1
1691,1
1692,0
1693,0
1694,1
1695,0
1696,0
1697,0
1698,1
1699,1
1700,0
1701,1
1702,1
1703,0
1704,0
1705,1
1706,1
1707,1
1708,0
1709,1
1710,0
1711,1
1712,0
1713,1
1714,0
1715,0
1716,0
1717,0
1718,0
1719,1
1720,1
1721,0
1722,0
1723,0
1724,0
1725,0
1726,1
1727,0
1728,1
1729,1
1730,1
1731,0
1732,1
1733,1
1734,1
1735,1
1736,1
1737,1
1738,1
1739,1
1740,1
1741,0
1742,1
1743,1
1744,1
1745,1
1746,1
1747,1
1748,1
1749,1
1750,1
1751,0
1752,0
1753,0
1754,0
1755,0
1756,0
1757,0
1758,0
1759,0
1760,0
1761,1
1762,0
1763,1
1764,1
1765,0
1766,1
1767,1
1768,1
1769,0
1770,0
1771,0
1772,1
1773,0
1774,0
1775,0
1776,1
1777,1
1778,0
1779,1
1780,1
1781,0
1782,1
1783,1
1784,1
1785,0
1786,1
1787,1
1788,0
1789,0
1790,1
1791,0
1792,1
1793,0
1794,1
1795,0
1796,0
1797,0
1798,1
1799,0
1800,1
1801,0
1802,1
1803,1
1804,0
1805,1
1806,1
1807,0
1808,0
1809,0
1810,1
1811,1
1812,1
1813,0
1814,1
1815,1
1816,1
1817,1
1818,1
1819,0
1820,1
1821,0
1822,0
1823,1
1824,0
1825,1
1826,0
1827,1
1828,0
1829,0
1830,1
1831,0
1832,1
1833,0
1834,1
1835,1
1836,1
1837,1
1838,1
1839,1
1840,1
1841,1
1842,1
1843,1
1844,0
1845,0
1846,0
1847,0
1848,0
1849,1
1850,0
1851,1
1852,1
1853,0
1854,0
1855,0
1856,1
1857,0
1858,1
1859,1
1860,0
1861,1
1862,1
1863,1
1864,0
1865,1
1866,0
1867,0
1868,1
1869,0
1870,1
1871,0
1872,1
1873,1
1874,1
1875,1
1876,0
1877,1
1878,0
1879,1
1880,0
1881,1
1882,0
1883,1
1884,0
1885,1
1886,1
1887,0
1888,0
1889,1
1890,1
1891,0
1892,1
1893,1
1894,0
1895,0
1896,0
1897,0
1898,1
1899,0
1900,1
1901,1
1902,0
1903,0
1904,0
1905,1
1906,0
1907,0
1908,1
1909,0
1910,1
1911,1
1912,0
1913,1
1914,0
1915,0
1916,1
1917,1
1918,0
1919,0
1920,0
1921,0
1922,1
1923,1
1924,0
1925,1
1926,1
1927,0
1928,0
1929,1
1930,1
1931,1
1932,0
1933,1
1934,0
1935,0
1936,1
1937,0
1938,1
1939,1
1940,0
1941,1
1942,0
1943,0
1944,1
1945,0
1946,1
1947,0
1948,1
1949,0
1950,0
1951,1
1952,0
1953,0
1954,0
1955,0
1956,1
1957,0
1958,1
1959,1
1960,1
1961,0
1962,1
1963,1
1964,1
1965,0
1966,1
1967,0
1968,0
1969,1
1970,1
1971,0
1972,0
1973,1
1974,0
1975,0
1976,0
1977,1
1978,0
1979,1
1980,1
1981,1
1982,1
1983,1
1984,0
1985,1
1986,1
1987,0
1988,0
1989,1
1990,0
1991,1
1992,1
1993,0
1994,0
1995,1
1996,0
1997,1
1998,0
1999,1
2000,0
2001,1
2002,1
2003,0
2004,1
2005,0
2006,1
2007,0
2008,0
2009,1
2010,0
2011,0
2012,0
2013,1
2014,1
2015,1
2016,1
2017,0
2018,1
2019,1
2020,1
2021,0
2022,0
2023,0
2024,0
2025,1
2026,1
2027,0
2028,1
2029,0
2030,1
2031,0
2032,1
2033,1
2034,0
2035,1
2036,0
2037,0
2038,1
2039,0
2040,0
2041,0
2042,1
2043,1
2044,1
2045,1
2046,1
2047,1
2048,0
2049,1
2050,1
2051,0
2052,0
2053,1
2054,1
2055,0
2056,1
2057,1
2058,0
2059,0
2060,0
2061,0
2062,1
2063,0
2064,1
2065,0
2066,1
2067,0
2068,0
2069,0
2070,0
2071,1
2072,0
2073,1
2074,1
2075,1
2076,0
2077,1
2078,0
2079,0
2080,1
2081,1
2082,1
2083,0
2084,0
2085,0
2086,0
2087,1
2088,1
2089,0
2090,0
2091,1
2092,0
2093,1
2094,1
2095,1
2096,1
2097,1
2098,0
2099,1
2100,0
2101,1
2102,1
2103,0
2104,0
2105,0
2106,0
2107,1
2108,1
2109,0
2110,1
2111,1
2112,1
2113,0
2114,1
2115,1
2116,1
2117,0
2118,0
2119,1
2120,0
2121,0
2122,1
2123,0
2124,1
2125,1
2126,1
2127,1
2128,0
2129,0
2130,1
2131,1
2132,1
2133,0
2134,1
2135,0
2136,0
2137,1
2138,1
2139,0
2140,0
2141,1
2142,0
2143,1
2144,1
2145,0
2146,1
2147,0
2148,0
2149,1
2150,1
2151,0
2152,1
2153,1
2154,1
2155,1
2156,1
2157,0
2158,0
2159,0
2160,0
2161,0
2162,0
2163,1
2164,1
2165,1
2166,1
2167,0
2168,1
2169,1
2170,1
2171,1
2172,1
2173,0
2174,0
2175,0
2176,1
2177,1
2178,1
2179,1
2180,1
2181,1
2182,1
2183,1
2184,1
2185,1
2186,0
2187,0
2188,0
2189,0
2190,0
2191,0
2192,0
2193,1
2194,0
2195,0
2196,1
2197,0
2198,1
2199,0
2200,1
2201,1
2202,0
2203,1
2204,1
2205,1
2206,1
2207,0
2208,1
2209,1
2210,0
2211,1
2212,1
2213,0
2214,1
2215,1
2216,1
2217,0
2218,1
2219,1
2220,1
2221,1
2222,0
2223,0
2224,1
2225,1
2226,1
2227,1
2228,0
2229,0
2230,1
2231,0
2232,0
2233,0
2234,0
2235,1
2236,1
2237,1
2238,1
2239,0
2240,1
2241,0
2242,1
2243,0
2244,0
2245,0
2246,1
2247,1
2248,0
2249,1
2250,0
2251,0
2252,0
2253,0
2254,0
2255,1
2256,1
2257,0
2258,0
2259,1
2260,0
2261,0
2262,1
2263,1
2264,0
2265,1
2266,1
2267,0
2268,0
2269,1
2270,1
2271,0
2272,0
2273,1
2274,0
2275,1
2276,0
2277,1
2278,1
2279,0
2280,0
2281,0
2282,1
2283,0
2284,0
2285,1
2286,0
2287,0
2288,0
2289,1
2290,1
2291,1
2292,1
2293,0
2294,1
2295,1
2296,0
2297,1
2298,1
2299,1
2300,1
2301,0
2302,1
2303,1
2304,1
2305,0
2306,0
2307,0
2308,0
2309,1
2310,0
2311,1
2312,0
2313,0
2314,0
2315,1
2316,0
2317,1
2318,1
2319,1
2320,0
2321,1
2322,1
2323,0
2324,1
2325,1
2326,0
2327,0
2328,1
2329,1
2330,0
2331,1
2332,1
2333,0
2334,1
2335,1
2336,0
2337,0
2338,1
2339,0
2340,1
2341,1
2342,1
2343,1
2344,0
2345,1
2346,1
2347,1
2348,0
2349,1
2350,0
2351,0
2352,1
2353,1
2354,1
2355,0
2356,1
2357,1
2358,1
2359,1
2360,1
2361,1
2362,1
2363,1
2364,1
2365,0
2366,0
2367,1
2368,1
2369,1
2370,1
2371,0
2372,0
2373,0
2374,1
2375,1
2376,1
2377,1
2378,1
2379,0
2380,1
2381,1
2382,0
2383,1
2384,1
2385,0
2386,1
2387,1
2388,0
2389,0
2390,0
2391,1
2392,0
2393,1
2394,0
2395,1
2396,0
2397,0
2398,1
2399,0
2400,0
2401,0
2402,0
2403,0
2404,0
2405,0
2406,0
2407,1
2408,1
2409,0
2410,0
2411,1
2412,0
2413,0
2414,0
2415,0
2416,1
2417,1
2418,1
2419,1
2420,1
2421,0
2422,0
2423,1
2424,0
2425,0
2426,1
2427,1
2428,0
2429,1
2430,1
2431,1
2432,1
2433,1
2434,1
2435,1
2436,1
2437,1
2438,1
2439,1
2440,0
2441,0
2442,0
2443,1
2444,1
2445,0
2446,1
2447,1
2448,0
2449,0
2450,0
2451,1
2452,0
2453,0
2454,1
2455,1
2456,1
2457,0
2458,1
2459,1
2460,0
2461,0
2462,1
2463,1
2464,1
2465,1
2466,0
2467,1
2468,0
2469,0
2470,0
2471,1
2472,0
2473,1
2474,1
2475,1
2476,0
2477,1
2478,0
2479,1
2480,1
2481,1
2482,0
2483,1
2484,1
2485,1
2486,0
2487,1
2488,1
2489,0
2490,0
2491,1
2492,0
2493,0
2494,0
2495,1
2496,1
2497,0
2498,1
2499,1
2500,1
2501,0
2502,0
2503,0
2504,0
2505,0
2506,0
2507,1
2508,1
2509,1
2510,0
2511,0
2512,0
2513,1
2514,1
2515,1
2516,0
2517,1
2518,0
2519,0
2520,1
2521,0
2522,1
2523,1
2524,1
2525,1
2526,1
2527,1
2528,1
2529,0
2530,1
2531,1
2532,1
2533,0
2534,1
2535,1
2536,1
2537,1
2538,1
2539,0
2540,1
2541,0
2542,0
2543,1
2544,0
2545,0
2546,1
2547,0
2548,0
2549,0
2550,0
2551,1
2552,1
2553,0
2554,1
2555,1
2556,0
2557,0
2558,0
2559,1
2560,1
2561,0
2562,1
2563,1
2564,1
2565,1
2566,1
2567,1
2568,1
2569,1
2570,1
2571,0
2572,0
2573,1
2574,1
2575,0
2576,1
2577,1
2578,1
2579,0
2580,1
2581,0
2582,1
2583,0
2584,0
2585,1
2586,1
2587,1
2588,0
2589,1
2590,1
2591,1
2592,0
2593,1
2594,0
2595,0
2596,1
2597,1
2598,0
2599,0
2600,1
2601,1
2602,1
2603,0
2604,0
2605,1
2606,1
2607,1
2608,0
2609,1
2610,0
2611,1
2612,1
2613,0
2614,1
2615,0
2616,1
2617,0
2618,0
2619,0
2620,0
2621,1
2622,0
2623,0
2624,1
2625,1
2626,1
2627,0
2628,0
2629,0
2630,0
2631,1
2632,1
2633,1
2634,1
2635,0
2636,0
2637,0
2638,0
2639,0
2640,0
2641,0
2642,1
2643,1
2644,0
2645,1
2646,0
2647,1
2648,0
2649,1
2650,0
2651,1
2652,0
2653,1
2654,1
2655,1
2656,1
2657,1
2658,0
2659,0
2660,0
2661,1
2662,1
2663,1
2664,1
2665,1
2666,1
2667,0
2668,0
2669,1
2670,0
2671,1
2672,1
2673,1
2674,1
2675,0
2676,1
2677,0
2678,1
2679,1
2680,1
2681,1
2682,1
2683,1
2684,0
2685,1
2686,0
2687,0
2688,1
2689,1
2690,0
2691,0
2692,0
2693,0
2694,1
2695,0
2696,1
2697,1
2698,1
2699,0
2700,0
2701,1
2702,0
2703,1
2704,1
2705,0
2706,1
2707,1
2708,1
2709,1
2710,1
2711,0
2712,1
2713,1
2714,1
2715,1
2716,0
2717,1
2718,1
2719,0
2720,0
2721,0
2722,0
2723,1
2724,1
2725,0
2726,0
2727,1
2728,1
2729,1
2730,1
2731,0
2732,0
2733,1
2734,0
2735,1
2736,0
2737,1
2738,1
2739,0
2740,1
2741,0
2742,1
2743,1
2744,1
2745,1
2746,1
2747,0
2748,0
2749,1
2750,1
2751,1
2752,1
2753,0
2754,0
2755,1
2756,0
2757,1
2758,0
2759,0
2760,1
2761,1
2762,1
2763,0
2764,1
2765,1
2766,0
2767,0
2768,1
2769,1
2770,0
2771,1
2772,1
2773,0
2774,0
2775,1
2776,1
2777,0
2778,0
2779,0
2780,0
2781,1
2782,0
2783,1
2784,1
2785,1
2786,0
2787,0
2788,0
2789,0
2790,1
2791,1
2792,0
2793,1
2794,1
2795,0
2796,1
2797,0
2798,0
2799,0
2800,0
2801,0
2802,1
2803,0
2804,0
2805,1
2806,1
2807,1
2808,0
2809,0
2810,0
2811,0
2812,1
2813,1
2814,0
2815,0
2816,0
2817,0
2818,0
2819,1
2820,0
2821,1
2822,0
2823,0
2824,1
2825,1
2826,0
2827,1
2828,0
2829,1
2830,0
2831,1
2832,0
2833,1
2834,1
2835,1
2836,1
2837,0
2838,0
2839,1
2840,0
2841,0
2842,0
2843,1
2844,1
2845,1
2846,0
2847,0
2848,1
2849,1
2850,1
2851,1
2852,1
2853,1
2854,0
2855,0
2856,1
2857,1
2858,1
2859,0
2860,0
2861,1
2862,1
2863,1
2864,1
2865,0
2866,0
2867,1
2868,1
2869,0
2870,0
2871,0
2872,0
2873,0
2874,1
2875,0
2876,0
2877,0
2878,0
2879,1
2880,1
2881,0
2882,0
2883,0
2884,0
2885,1
2886,0
2887,1
2888,1
2889,0
2890,1
2891,1
2892,1
2893,0
2894,0
2895,1
2896,0
2897,0
2898,1
2899,0
2900,0
2901,1
2902,0
2903,0
2904,0
2905,0
2906,0
2907,0
2908,1
2909,1
2910,0
2911,0
2912,1
2913,0
2914,1
2915,0
2916,1
2917,0
2918,1
2919,1
2920,1
2921,0
2922,1
2923,0
2924,1
2925,0
2926,1
2927,0
2928,1
2929,1
2930,0
2931,0
2932,1
2933,1
2934,0
2935,1
2936,0
2937,1
2938,1
2939,0
2940,1
2941,0
2942,1
2943,1
2944,1
2945,1
2946,0
2947,1
2948,0
2949,1
2950,0
2951,0
2952,1
2953,1
2954,0
2955,0
2956,0
2957,1
2958,1
2959,0
2960,1
2961,1
2962,0
2963,1
2964,1
2965,0
2966,1
2967,1
2968,1
2969,1
2970,1
2971,1
2972,1
2973,1
2974,1
2975,0
2976,1
2977,1
2978,1
2979,0
2980,0
2981,1
2982,1
2983,0
2984,1
2985,1
2986,1
2987,1
2988,0
2989,1
2990,0
2991,1
2992,1
2993,0
2994,0
2995,1
2996,0
2997,1
2998,1
2999,0
3000,1
3001,1
3002,0
3003,0
3004,1
3005,0
3006,1
3007,1
3008,0
3009,0
3010,1
3011,1
3012,1
3013,0
3014,0
3015,1
3016,0
3017,0
3018,1
3019,1
3020,0
3021,0
3022,1
3023,0
3024,1
3025,0
3026,0
3027,1
3028,0
3029,0
3030,0
3031,1
3032,1
3033,0
3034,0
3035,0
3036,1
3037,1
3038,1
3039,1
3040,0
3041,0
3042,0
3043,0
3044,1
3045,1
3046,0
3047,1
3048,1
3049,1
3050,1
3051,1
3052,1
3053,1
3054,1
3055,1
3056,1
3057,1
3058,0
3059,1
3060,1
3061,0
3062,1
3063,1
3064,1
3065,0
3066,1
3067,1
3068,1
3069,1
3070,0
3071,1
3072,0
3073,0
3074,0
3075,1
3076,1
3077,1
3078,0
3079,1
3080,1
3081,1
3082,1
3083,1
3084,1
3085,0
3086,0
3087,0
3088,1
3089,1
3090,0
3091,0
3092,1
3093,0
3094,1
3095,0
3096,0
3097,1
3098,0
3099,0
3100,0
3101,0
3102,0
3103,1
3104,1
3105,0
3106,0
3107,1
3108,0
3109,1
3110,0
3111,0
3112,0
3113,0
3114,0
3115,1
3116,0
3117,0
3118,0
3119,0
3120,1
3121,1
3122,0
3123,0
3124,1
3125,0
3126,0
3127,0
3128,1
3129,0
3130,0
3131,1
3132,1
3133,0
3134,1
3135,0
3136,0
3137,1
3138,0
3139,1
3140,1
3141,1
3142,1
3143,1
3144,1
3145,0
3146,0
3147,0
3148,1
3149,1
3150,1
3151,0
3152,1
3153,1
3154,1
3155,0
3156,0
3157,0
3158,0
3159,0
3160,1
3161,0
3162,1
3163,1
3164,0
3165,1
3166,0
3167,0
3168,1
3169,1
3170,0
3171,0
3172,0
3173,0
3174,1
3175,0
3176,0
3177,1
3178,1
3179,1
3180,1
3181,1
3182,0
3183,1
3184,1
3185,1
3186,1
3187,1
3188,0
3189,0
3190,1
3191,1
3192,1
3193,1
3194,0
3195,1
3196,1
3197,0
3198,0
3199,1
3200,1
3201,0
3202,1
3203,1
3204,0
3205,1
3206,1
3207,1
3208,1
3209,1
3210,1
3211,1
3212,1
3213,1
3214,0
3215,0
3216,1
3217,1
3218,0
3219,0
3220,0
3221,0
3222,0
3223,1
3224,0
3225,0
3226,1
3227,0
3228,0
3229,0
3230,1
3231,0
3232,1
3233,1
3234,1
3235,1
3236,1
3237,1
3238,1
3239,1
3240,1
3241,1
3242,0
3243,1
3244,0
3245,0
3246,0
3247,1
3248,0
3249,0
3250,1
3251,1
3252,1
3253,1
3254,1
3255,0
3256,1
3257,1
3258,1
3259,1
3260,0
3261,1
3262,1
3263,1
3264,0
3265,1
3266,0
3267,0
3268,0
3269,1
3270,0
3271,1
3272,0
3273,0
3274,1
3275,1
3276,1
3277,1
3278,0
3279,0
3280,1
3281,0
3282,1
3283,1
3284,0
3285,0
3286,0
3287,0
3288,0
3289,1
3290,1
3291,1
3292,0
3293,1
3294,1
3295,1
3296,0
3297,0
3298,0
3299,0
3300,0
3301,1
3302,1
3303,0
3304,0
3305,1
3306,1
3307,1
3308,1
3309,1
3310,0
3311,0
3312,1
3313,1
3314,0
3315,0
3316,0
3317,0
3318,0
3319,1
3320,1
3321,0
3322,1
3323,0
3324,0
3325,0
3326,1
3327,0
3328,0
3329,1
3330,1
3331,1
3332,1
3333,1
3334,0
3335,0
3336,1
3337,1
3338,1
3339,0
3340,1
3341,1
3342,1
3343,1
3344,1
3345,1
3346,1
3347,0
3348,1
3349,1
3350,0
3351,1
3352,0
3353,0
3354,1
3355,1
3356,0
3357,1
3358,1
3359,0
3360,1
3361,0
3362,1
3363,0
3364,1
3365,1
3366,0
3367,0
3368,1
3369,0
3370,1
3371,1
3372,0
3373,0
3374,1
3375,0
3376,1
3377,0
3378,0
3379,0
3380,0
3381,1
3382,1
3383,1
3384,1
3385,0
3386,0
3387,0
3388,1
3389,0
3390,1
3391,1
3392,1
3393,1
3394,0
3395,0
3396,0
3397,1
3398,1
3399,1
3400,0
3401,1
3402,0
3403,1
3404,0
3405,0
3406,1
3407,0
3408,0
3409,0
3410,1
3411,1
3412,1
3413,0
3414,0
3415,1
3416,1
3417,1
3418,1
3419,1
3420,1
3421,0
3422,0
3423,0
3424,0
3425,0
3426,1
3427,0
3428,1
3429,1
3430,0
3431,0
3432,1
3433,1
3434,0
3435,1
3436,1
3437,1
3438,0
3439,0
3440,0
3441,0
3442,1
3443,0
3444,1
3445,1
3446,1
3447,0
3448,0
3449,0
3450,0
3451,0
3452,1
3453,0
3454,1
3455,0
3456,1
3457,1
3458,1
3459,0
3460,1
3461,0
3462,0
3463,1
3464,0
3465,0
3466,1
3467,0
3468,1
3469,1
3470,0
3471,0
3472,1
3473,1
3474,0
3475,1
3476,0
3477,0
3478,1
3479,0
3480,0
3481,1
3482,1
3483,0
3484,1
3485,0
3486,1
3487,1
3488,0
3489,1
3490,0
3491,0
3492,0
3493,0
3494,1
3495,0
3496,0
3497,1
3498,0
3499,1
3500,1
3501,0
3502,1
3503,1
3504,0
3505,1
3506,1
3507,1
3508,0
3509,1
3510,1
3511,1
3512,0
3513,1
3514,1
3515,0
3516,1
3517,1
3518,1
3519,0
3520,0
3521,1
3522,1
3523,1
3524,1
3525,0
3526,1
3527,1
3528,0
3529,0
3530,0
3531,1
3532,1
3533,1
3534,0
3535,1
3536,1
3537,0
3538,1
3539,0
3540,1
3541,1
3542,0
3543,1
3544,1
3545,1
3546,1
3547,0
3548,1
3549,1
3550,0
3551,1
3552,0
3553,0
3554,0
3555,1
3556,1
3557,1
3558,1
3559,1
3560,0
3561,1
3562,0
3563,0
3564,0
3565,0
3566,0
3567,1
3568,1
3569,1
3570,1
3571,1
3572,0
3573,1
3574,0
3575,1
3576,0
3577,1
3578,0
3579,1
3580,1
3581,1
3582,1
3583,1
3584,0
3585,1
3586,1
3587,1
3588,1
3589,0
3590,0
3591,0
3592,0
3593,0
3594,1
3595,1
3596,0
3597,1
3598,1
3599,1
3600,1
3601,1
3602,1
3603,0
3604,0
3605,1
3606,0
3607,0
3608,0
3609,1
3610,0
3611,0
3612,0
3613,1
3614,1
3615,1
3616,0
3617,1
3618,0
3619,1
3620,0
3621,1
3622,0
3623,0
3624,1
3625,0
3626,0
3627,1
3628,1
3629,0
3630,1
3631,1
3632,1
3633,1
3634,1
3635,1
3636,0
3637,1
3638,0
3639,0
3640,0
3641,0
3642,1
3643,1
3644,1
3645,1
3646,0
3647,0
3648,0
3649,0
3650,1
3651,1
3652,1
3653,0
3654,0
3655,0
3656,0
3657,1
3658,0
3659,0
3660,0
3661,0
3662,1
3663,0
3664,1
3665,1
3666,1
3667,0
3668,1
3669,1
3670,0
3671,1
3672,0
3673,0
3674,1
3675,1
3676,0
3677,1
3678,0
3679,1
3680,0
3681,1
3682,1
3683,1
3684,0
3685,1
3686,1
3687,1
3688,1
3689,1
3690,1
3691,1
3692,0
3693,0
3694,0
3695,0
3696,0
3697,1
3698,0
3699,1
3700,1
3701,0
3702,1
3703,0
3704,1
3705,1
3706,1
3707,1
3708,0
3709,0
3710,1
3711,0
3712,1
3713,1
3714,1
3715,1
3716,1
3717,0
3718,1
3719,0
3720,0
3721,1
3722,0
3723,0
3724,0
3725,1
3726,0
3727,0
3728,0
3729,1
3730,1
3731,0
3732,1
3733,1
3734,0
3735,1
3736,0
3737,0
3738,0
3739,1
3740,1
3741,0
3742,1
3743,0
3744,0
3745,1
3746,1
3747,0
3748,0
3749,0
3750,0
3751,1
3752,0
3753,0
3754,0
3755,0
3756,1
3757,1
3758,0
3759,0
3760,1
3761,0
3762,0
3763,0
3764,1
3765,0
3766,0
3767,0
3768,1
3769,0
3770,0
3771,1
3772,1
3773,1
3774,0
3775,0
3776,1
3777,1
3778,0
3779,0
3780,0
3781,0
3782,0
3783,0
3784,0
3785,1
3786,1
3787,0
3788,0
3789,1
3790,0
3791,1
3792,0
3793,0
3794,0
3795,1
3796,0
3797,1
3798,0
3799,0
3800,1
3801,1
3802,0
3803,1
3804,1
3805,0
3806,1
3807,1
3808,1
3809,1
3810,1
3811,0
3812,1
3813,1
3814,1
3815,0
3816,1
3817,1
3818,0
3819,0
3820,0
3821,0
3822,1
3823,0
3824,0
3825,1
3826,1
3827,1
3828,1
3829,1
3830,1
3831,0
3832,0
3833,1
3834,1
3835,1
3836,1
3837,0
3838,0
3839,0
3840,1
3841,0
3842,1
3843,1
3844,1
3845,0
3846,1
3847,1
3848,1
3849,0
3850,0
3851,1
3852,0
3853,0
3854,1
3855,1
3856,1
3857,0
3858,0
3859,1
3860,1
3861,0
3862,0
3863,1
3864,0
3865,0
3866,0
3867,1
3868,0
3869,1
3870,1
3871,1
3872,0
3873,0
3874,1
3875,1
3876,0
3877,1
3878,1
3879,0
3880,1
3881,1
3882,1
3883,1
3884,0
3885,0
3886,1
3887,0
3888,0
3889,1
3890,1
3891,0
3892,0
3893,0
3894,0
3895,1
3896,1
3897,0
3898,0
3899,0
3900,1
3901,1
3902,0
3903,1
3904,0
3905,0
3906,1
3907,1
3908,0
3909,0
3910,1
3911,1
3912,0
3913,1
3914,1
3915,1
3916,0
3917,1
3918,0
3919,0
3920,0
3921,0
3922,1
3923,0
3924,1
3925,0
3926,1
3927,1
3928,0
3929,0
3930,0
3931,0
3932,1
3933,1
3934,0
3935,1
3936,1
3937,1
3938,1
3939,0
3940,0
3941,1
3942,0
3943,1
3944,0
3945,1
3946,1
3947,0
3948,0
3949,0
3950,1
3951,0
3952,1
3953,0
3954,1
3955,1
3956,1
3957,1
3958,0
3959,0
3960,0
3961,1
3962,0
3963,0
3964,0
3965,0
3966,1
3967,1
3968,1
3969,0
3970,1
3971,0
3972,0
3973,0
3974,0
3975,1
3976,0
3977,0
3978,0
3979,0
3980,0
3981,1
3982,0
3983,1
3984,1
3985,0
3986,1
3987,0
3988,0
3989,1
3990,1
3991,0
3992,0
3993,1
3994,1
3995,1
3996,1
3997,0
3998,0
3999,0
4000,1
4001,1
4002,1
4003,1
4004,1
4005,1
4006,0
4007,0
4008,1
4009,0
4010,1
4011,0
4012,0
4013,1
4014,1
4015,1
4016,1
4017,1
4018,1
4019,0
4020,1
4021,1
4022,0
4023,1
4024,1
4025,1
4026,0
4027,1
4028,1
4029,0
4030,1
4031,1
4032,1
4033,1
4034,0
4035,0
4036,0
4037,0
4038,1
4039,1
4040,1
4041,0
4042,0
4043,1
4044,1
4045,1
4046,1
4047,0
4048,1
4049,0
4050,1
4051,1
4052,0
4053,1
4054,0
4055,0
4056,1
4057,0
4058,0
4059,1
4060,0
4061,1
4062,1
4063,0
4064,1
4065,1
4066,1
4067,1
4068,1
4069,1
4070,0
4071,1
4072,1
4073,0
4074,0
4075,0
4076,0
4077,0
4078,0
4079,1
4080,1
4081,0
4082,1
4083,1
4084,0
4085,1
4086,1
4087,1
4088,1
4089,1
4090,0
4091,1
4092,0
4093,0
4094,1
4095,0
4096,1
4097,1
4098,0
4099,1
4100,0
4101,1
4102,1
4103,1
4104,1
4105,0
4106,0
4107,1
4108,1
4109,1
4110,0
4111,0
4112,0
4113,0
4114,0
4115,1
4116,1
4117,1
4118,0
4119,1
4120,0
4121,1
4122,1
4123,1
4124,0
4125,0
4126,0
4127,1
4128,0
4129,0
4130,1
4131,0
4132,0
4133,1
4134,0
4135,0
4136,0
4137,1
4138,1
4139,0
4140,1
4141,0
4142,1
4143,1
4144,0
4145,1
4146,1
4147,0
4148,1
4149,1
4150,1
4151,0
4152,1
4153,0
4154,1
4155,0
4156,1
4157,1
4158,1
4159,0
4160,1
4161,1
4162,1
4163,1
4164,1
4165,0
4166,0
4167,0
4168,1
4169,0
4170,1
4171,0
4172,1
4173,1
4174,1
4175,1
4176,1
4177,0
4178,1
4179,1
4180,1
4181,0
4182,1
4183,0
4184,0
4185,1
4186,0
4187,0
4188,1
4189,0
4190,0
4191,1
4192,0
4193,0
4194,1
4195,1
4196,0
4197,1
4198,0
4199,0
4200,1
4201,0
4202,0
4203,1
4204,0
4205,0
4206,0
4207,1
4208,1
4209,0
4210,1
4211,1
4212,1
4213,1
4214,1
4215,1
4216,1
4217,0
4218,1
4219,1
4220,0
4221,1
4222,0
4223,1
4224,0
4225,0
4226,1
4227,1
4228,1
4229,0
4230,1
4231,1
4232,0
4233,1
4234,0
4235,1
4236,0
4237,1
4238,0
4239,1
4240,0
4241,1
4242,0
4243,1
4244,0
4245,1
4246,1
4247,0
4248,1
4249,0
4250,1
4251,1
4252,0
4253,0
4254,1
4255,1
4256,0
4257,0
4258,1
4259,1
4260,1
4261,1
4262,1
4263,1
4264,1
4265,0
4266,1
4267,1
4268,0
4269,1
4270,0
4271,1
4272,0
4273,1
4274,1
4275,1
4276,0
4277,1
4278,1
4279,1
4280,1
4281,0
4282,0
4283,1
4284,1
4285,0
4286,0
4287,0
4288,1
4289,1
4290,1
4291,1
4292,1
4293,1
4294,1
4295,1
4296,1
4297,0
4298,1
4299,0
4300,1
4301,0
4302,0
4303,1
4304,1
4305,1
4306,1
4307,1
4308,1
4309,0
4310,1
4311,0
4312,1
4313,1
4314,1
4315,0
4316,1
4317,1
4318,0
4319,0
4320,1
4321,1
4322,1
4323,1
4324,1
4325,1
4326,0
4327,1
4328,0
4329,0
4330,1
4331,0
4332,1
4333,1
4334,0
4335,0
4336,0
4337,1
4338,0
4339,0
4340,1
4341,1
4342,0
4343,1
4344,1
4345,0
4346,0
4347,1
4348,0
4349,1
4350,1
4351,0
4352,1
4353,0
4354,0
4355,1
4356,1
4357,1
4358,1
4359,0
4360,0
4361,1
4362,0
4363,1
4364,1
4365,1
4366,1
4367,0
4368,0
4369,1
4370,0
4371,0
4372,1
4373,0
4374,0
4375,1
4376,1
4377,1
4378,1
4379,1
4380,0
4381,1
4382,1
4383,1
4384,0
4385,1
4386,1
4387,0
4388,1
4389,1
4390,1
4391,0
4392,0
4393,0
4394,0
4395,1
4396,1
4397,0
4398,1
4399,0
4400,1
4401,1
4402,1
4403,1
4404,0
4405,1
4406,0
4407,0
4408,0
4409,1
4410,1
4411,0
4412,0
4413,1
4414,1
4415,0
4416,0
4417,1
4418,0
4419,0
4420,0
4421,0
4422,0
4423,0
4424,0
4425,0
4426,1
4427,1
4428,1
4429,1
4430,0
4431,1
4432,1
4433,1
4434,0
4435,0
4436,1
4437,0
4438,0
4439,0
4440,1
4441,1
4442,1
4443,1
4444,0
4445,0
4446,1
4447,1
4448,1
4449,1
4450,1
4451,0
4452,1
4453,1
4454,1
4455,0
4456,0
4457,0
4458,1
4459,0
4460,1
4461,1
4462,1
4463,1
4464,0
4465,0
4466,1
4467,0
4468,1
4469,0
4470,1
4471,1
4472,1
4473,1
4474,1
4475,1
4476,1
4477,0
4478,0
4479,0
4480,1
4481,1
4482,0
4483,1
4484,1
4485,0
4486,0
4487,1
4488,1
4489,0
4490,1
4491,1
4492,1
4493,1
4494,0
4495,0
4496,0
4497,0
4498,1
4499,1
4500,0
4501,1
4502,0
4503,0
4504,1
4505,1
4506,1
4507,0
4508,0
4509,1
4510,1
4511,0
4512,0
4513,1
4514,0
4515,1
4516,1
4517,1
4518,1
4519,1
4520,1
4521,0
4522,0
4523,1
4524,0
4525,1
4526,0
4527,0
4528,0
4529,0
4530,1
4531,0
4532,1
4533,0
4534,0
4535,1
4536,0
4537,0
4538,0
4539,1
4540,1
4541,1
4542,0
4543,0
4544,0
4545,0
4546,1
4547,1
4548,1
4549,1
4550,0
4551,0
4552,0
4553,0
4554,0
4555,1
4556,0
4557,1
4558,0
4559,1
4560,0
4561,1
4562,1
4563,1
4564,0
4565,0
4566,0
4567,1
4568,0
4569,0
4570,0
4571,1
4572,0
4573,1
4574,0
4575,1
4576,0
4577,0
4578,1
4579,1
4580,0
4581,1
4582,0
4583,1
4584,0
4585,1
4586,0
4587,0
4588,1
4589,0
4590,1
4591,1
4592,0
4593,0
4594,1
4595,0
4596,1
4597,0
4598,1
4599,1
4600,1
4601,1
4602,0
4603,1
4604,0
4605,1
4606,1
4607,0
4608,0
4609,0
4610,1
4611,0
4612,1
4613,1
4614,1
4615,0
4616,0
4617,1
4618,1
4619,0
4620,0
4621,1
4622,1
4623,0
4624,1
4625,1
4626,1
4627,1
4628,1
4629,0
4630,1
4631,0
4632,0
4633,0
4634,1
4635,1
4636,1
4637,1
4638,0
4639,1
4640,1
4641,1
4642,1
4643,0
4644,1
4645,1
4646,0
4647,1
4648,1
4649,1
4650,1
4651,1
4652,1
4653,1
4654,0
4655,0
4656,0
4657,0
4658,1
4659,1
4660,1
4661,0
4662,0
4663,1
4664,1
4665,0
4666,0
4667,1
4668,1
4669,1
4670,0
4671,1
4672,1
4673,1
4674,1
4675,1
4676,0
4677,1
4678,0
4679,0
4680,1
4681,0
4682,1
4683,1
4684,1
4685,1
4686,1
4687,0
4688,1
4689,0
4690,0
4691,1
4692,0
4693,1
4694,1
4695,1
4696,1
4697,1
4698,0
4699,1
4700,1
4701,0
4702,0
4703,1
4704,0
4705,1
4706,1
4707,1
4708,0
4709,0
4710,0
4711,1
4712,1
4713,0
4714,0
4715,1
4716,1
4717,1
4718,0
4719,1
4720,1
4721,0
4722,1
4723,1
4724,1
4725,1
4726,1
4727,0
4728,0
4729,0
4730,0
4731,0
4732,1
4733,0
4734,1
4735,0
4736,1
4737,1
4738,0
4739,1
4740,1
4741,0
4742,0
4743,1
4744,0
4745,0
4746,0
4747,0
4748,0
4749,1
4750,0
4751,1
4752,0
4753,1
4754,0
4755,0
4756,1
4757,0
4758,1
4759,0
4760,0
4761,1
4762,0
4763,1
4764,0
4765,1
4766,0
4767,0
4768,0
4769,0
4770,1
4771,0
4772,1
4773,1
4774,0
4775,1
4776,1
4777,0
4778,1
4779,0
4780,1
4781,1
4782,1
4783,1
4784,0
4785,0
4786,1
4787,1
4788,1
4789,0
4790,0
4791,1
4792,1
4793,0
4794,1
4795,1
4796,0
4797,1
4798,0
4799,1
4800,0
4801,0
4802,1
4803,0
4804,0
4805,0
4806,0
4807,1
4808,1
4809,1
4810,0
4811,1
4812,0
4813,1
4814,1
4815,0
4816,1
4817,0
4818,1
4819,1
4820,0
4821,0
4822,1
4823,1
4824,0
4825,1
4826,1
4827,0
4828,1
4829,0
4830,0
4831,0
4832,1
4833,0
4834,1
4835,1
4836,1
4837,1
4838,1
4839,1
4840,0
4841,1
4842,0
4843,0
4844,0
4845,1
4846,1
4847,0
4848,0
4849,0
4850,1
4851,0
4852,0
4853,0
4854,0
4855,0
4856,1
4857,1
4858,0
4859,0
4860,0
4861,1
4862,1
4863,1
4864,1
4865,0
4866,1
4867,1
4868,0
4869,1
4870,0
4871,0
4872,1
4873,0
4874,1
4875,0
4876,1
4877,1
4878,1
4879,0
4880,0
4881,0
4882,0
4883,1
4884,0
4885,1
4886,1
4887,0
4888,0
4889,1
4890,1
4891,1
4892,0
4893,0
4894,1
4895,1
4896,0
4897,0
4898,0
4899,1
4900,1
4901,1
4902,1
4903,0
4904,1
4905,0
4906,1
4907,1
4908,0
4909,1
4910,0
4911,1
4912,0
4913,0
4914,1
4915,1
4916,1
4917,1
4918,0
4919,0
4920,1
4921,0
4922,1
4923,1
4924,0
4925,1
4926,0
4927,0
4928,1
4929,1
4930,0
4931,1
4932,1
4933,0
4934,1
4935,1
4936,0
4937,0
4938,1
4939,0
4940,1
4941,1
4942,1
4943,1
4944,0
4945,1
4946,0
4947,1
4948,0
4949,0
4950,0
4951,1
4952,1
4953,1
4954,0
4955,0
4956,1
4957,1
4958,1
4959,1
4960,1
4961,0
4962,1
4963,0
4964,1
4965,0
4966,0
4967,0
4968,1
4969,1
4970,1
4971,0
4972,0
4973,1
4974,0
4975,0
4976,0
4977,1
4978,1
4979,1
4980,0
4981,0
4982,0
4983,0
4984,1
4985,1
4986,1
4987,0
4988,0
4989,0
4990,0
4991,0
4992,0
4993,1
4994,0
4995,0
4996,1
4997,1
4998,0
4999,1
5000,0
5001,1
5002,1
5003,0
5004,1
5005,1
5006,0
5007,1
5008,0
5009,0
5010,1
5011,0
5012,1
5013,0
5014,0
5015,0
5016,1
5017,0
5018,0
5019,1
5020,1
5021,0
5022,1
5023,1
5024,1
5025,1
5026,1
5027,1
5028,1
5029,1
5030,0
5031,0
5032,0
5033,1
5034,1
5035,0
5036,1
5037,1
5038,1
5039,1
5040,0
5041,0
5042,1
5043,0
5044,0
5045,1
5046,0
5047,0
5048,1
5049,0
5050,1
5051,0
5052,0
5053,0
5054,0
5055,1
5056,0
5057,1
5058,0
5059,0
5060,1
5061,1
5062,0
5063,1
5064,1
5065,1
5066,0
5067,0
5068,0
5069,0
5070,1
5071,0
5072,1
5073,1
5074,0
5075,1
5076,1
5077,1
5078,0
5079,1
5080,0
5081,0
5082,1
5083,1
5084,0
5085,0
5086,1
5087,1
5088,1
5089,1
5090,1
5091,0
5092,1
5093,0
5094,1
5095,0
5096,1
5097,0
5098,1
5099,0
5100,0
5101,0
5102,1
5103,0
5104,1
5105,1
5106,1
5107,0
5108,1
5109,1
5110,0
5111,1
5112,0
5113,1
5114,1
5115,1
5116,1
5117,0
5118,1
5119,1
5120,1
5121,1
5122,1
5123,0
5124,0
5125,1
5126,1
5127,1
5128,1
5129,0
5130,0
5131,1
5132,0
5133,1
5134,0
5135,1
5136,1
5137,0
5138,1
5139,1
5140,0
5141,1
5142,1
5143,0
5144,0
5145,0
5146,1
5147,1
5148,0
5149,1
5150,0
5151,1
5152,1
5153,0
5154,1
5155,1
5156,0
5157,0
5158,0
5159,1
5160,1
5161,0
5162,0
5163,0
5164,1
5165,0
5166,1
5167,1
5168,0
5169,1
5170,0
5171,1
5172,0
5173,1
5174,0
5175,1
5176,0
5177,1
5178,0
5179,0
5180,0
5181,1
5182,0
5183,1
5184,1
5185,0
5186,0
5187,1
5188,0
5189,0
5190,0
5191,1
5192,1
5193,0
5194,0
5195,1
5196,1
5197,1
5198,1
5199,1
5200,0
5201,0
5202,1
5203,1
5204,1
5205,1
5206,1
5207,0
5208,0
5209,1
5210,1
5211,1
5212,1
5213,0
5214,1
5215,1
5216,1
5217,0
5218,0
5219,0
5220,1
5221,1
5222,1
5223,1
5224,1
5225,0
5226,1
5227,1
5228,0
5229,0
5230,0
5231,1
5232,0
5233,1
5234,1
5235,0
5236,1
5237,1
5238,1
5239,0
5240,0
5241,0
5242,1
5243,1
5244,1
5245,1
5246,0
5247,0
5248,0
5249,0
5250,0
5251,0
5252,1
5253,1
5254,1
5255,0
5256,0
5257,1
5258,0
5259,1
5260,1
5261,0
5262,1
5263,1
5264,0
5265,1
5266,1
5267,0
5268,0
5269,1
5270,1
5271,1
5272,1
5273,1
5274,0
5275,1
5276,0
5277,1
5278,0
5279,0
5280,1
5281,0
5282,1
5283,1
5284,0
5285,1
5286,1
5287,0
5288,1
5289,0
5290,0
5291,1
5292,1
5293,1
5294,1
5295,1
5296,1
5297,1
5298,0
5299,0
5300,0
5301,0
5302,1
5303,0
5304,0
5305,1
5306,1
5307,0
5308,0
5309,0
5310,0
5311,0
5312,0
5313,1
5314,1
5315,0
5316,0
5317,0
5318,1
5319,0
5320,0
5321,0
5322,1
5323,1
5324,0
5325,0
5326,1
5327,0
5328,1
5329,1
5330,0
5331,0
5332,0
5333,1
5334,1
5335,0
5336,1
5337,1
5338,1
5339,0
5340,0
5341,0
5342,0
5343,1
5344,0
5345,1
5346,1
5347,0
5348,1
5349,0
5350,1
5351,1
5352,1
5353,0
5354,1
5355,1
5356,1
5357,0
5358,0
5359,1
5360,1
5361,0
5362,0
5363,1
5364,0
5365,0
5366,0
5367,0
5368,1
5369,1
5370,1
5371,1
5372,1
5373,0
5374,0
5375,1
5376,0
5377,0
5378,1
5379,1
5380,1
5381,1
5382,1
5383,1
5384,1
5385,1
5386,0
5387,1
5388,1
5389,0
5390,1
5391,1
5392,1
5393,0
5394,1
5395,0
5396,1
5397,0
5398,0
5399,1
5400,0
5401,1
5402,1
5403,0
5404,0
5405,0
5406,1
5407,1
5408,0
5409,0
5410,1
5411,1
5412,1
5413,0
5414,1
5415,0
5416,1
5417,1
5418,0
5419,0
5420,1
5421,1
5422,0
5423,0
5424,1
5425,1
5426,0
5427,0
5428,1
5429,1
5430,0
5431,0
5432,0
5433,0
5434,1
5435,1
5436,0
5437,0
5438,0
5439,0
5440,0
5441,0
5442,1
5443,1
5444,0
5445,0
5446,0
5447,1
5448,1
5449,0
5450,0
5451,0
5452,1
5453,1
5454,1
5455,1
5456,1
5457,1
5458,0
5459,1
5460,0
5461,0
5462,0
5463,0
5464,0
5465,1
5466,1
5467,0
5468,0
5469,1
5470,0
5471,1
5472,1
5473,0
5474,0
5475,0
5476,0
5477,1
5478,1
5479,0
5480,0
5481,0
5482,1
5483,0
5484,0
5485,1
5486,1
5487,0
5488,0
5489,0
5490,1
5491,1
5492,0
5493,0
5494,0
5495,0
5496,1
5497,1
5498,0
5499,1
5500,0
5501,0
5502,1
5503,0
5504,0
5505,1
5506,1
5507,0
5508,0
5509,0
5510,0
5511,0
5512,1
5513,1
5514,1
5515,1
5516,1
5517,1
5518,0
5519,1
5520,0
5521,0
5522,1
5523,0
5524,1
5525,0
5526,1
5527,1
5528,1
5529,0
5530,0
5531,1
5532,0
5533,1
5534,0
5535,1
5536,0
5537,0
5538,1
5539,0
5540,0
5541,1
5542,1
5543,0
5544,0
5545,0
5546,1
5547,1
5548,1
5549,1
5550,1
5551,0
5552,0
5553,0
5554,0
5555,1
5556,0
5557,1
5558,0
5559,1
5560,1
5561,1
5562,0
5563,0
5564,1
5565,1
5566,1
5567,0
5568,0
5569,1
5570,0
5571,1
5572,1
5573,1
5574,1
5575,1
5576,0
5577,1
5578,1
5579,1
5580,1
5581,0
5582,1
5583,1
5584,0
5585,1
5586,1
5587,1
5588,0
5589,1
5590,0
5591,1
5592,1
5593,1
5594,0
5595,0
5596,1
5597,1
5598,1
5599,1
5600,0
5601,0
5602,1
5603,1
5604,0
5605,0
5606,0
5607,0
5608,0
5609,0
5610,0
5611,1
5612,1
5613,0
5614,0
5615,1
5616,1
5617,1
5618,0
5619,1
5620,1
5621,0
5622,0
5623,1
5624,0
5625,1
5626,1
5627,0
5628,1
5629,0
5630,1
5631,1
5632,0
5633,0
5634,0
5635,1
5636,0
5637,1
5638,0
5639,0
5640,0
5641,1
5642,1
5643,1
5644,0
5645,1
5646,1
5647,0
5648,0
5649,0
5650,0
5651,1
5652,0
5653,0
5654,1
5655,1
5656,1
5657,1
5658,0
5659,0
5660,1
5661,1
5662,1
5663,1
5664,0
5665,0
5666,0
5667,1
5668,1
5669,1
5670,0
5671,0
5672,1
5673,1
5674,1
5675,1
5676,1
5677,1
5678,0
5679,1
5680,0
5681,1
5682,0
5683,1
5684,1
5685,0
5686,1
5687,1
5688,1
5689,0
5690,1
5691,1
5692,0
5693,1
5694,0
5695,0
5696,0
5697,1
5698,1
5699,1
5700,1
5701,0
5702,0
5703,0
5704,0
5705,0
5706,1
5707,1
5708,1
5709,1
5710,0
5711,0
5712,0
5713,1
5714,1
5715,0
5716,1
5717,1
5718,0
5719,0
5720,0
5721,0
5722,0
5723,0
5724,0
5725,0
5726,1
5727,1
5728,1
5729,0
5730,0
5731,1
5732,0
5733,1
5734,0
5735,1
5736,0
5737,1
5738,0
5739,0
5740,1
5741,0
5742,0
5743,1
5744,1
5745,1
5746,0
5747,1
5748,0
5749,1
5750,0
5751,0
5752,1
5753,1
5754,1
5755,1
5756,1
5757,0
5758,0
5759,1
5760,0
5761,1
5762,1
5763,1
5764,1
5765,0
5766,1
5767,1
5768,1
5769,0
5770,0
5771,0
5772,0
5773,0
5774,0
5775,0
5776,1
5777,1
5778,1
5779,1
5780,1
5781,0
5782,1
5783,1
5784,0
5785,0
5786,1
5787,0
5788,1
5789,1
5790,1
5791,1
5792,1
5793,1
5794,1
5795,1
5796,1
5797,1
5798,1
5799,1
5800,1
5801,1
5802,1
5803,0
5804,1
5805,1
5806,0
5807,0
5808,1
5809,1
5810,1
5811,0
5812,1
5813,0
5814,0
5815,1
5816,0
5817,1
5818,0
5819,1
5820,0
5821,1
5822,0
5823,0
5824,0
5825,0
5826,0
5827,1
5828,1
5829,0
5830,1
5831,1
5832,0
5833,1
5834,1
5835,0
5836,0
5837,1
5838,1
5839,0
5840,0
5841,1
5842,1
5843,1
5844,1
5845,1
5846,1
5847,0
5848,0
5849,1
5850,0
5851,1
5852,1
5853,0
5854,1
5855,0
5856,0
5857,0
5858,0
5859,0
5860,0
5861,1
5862,1
5863,0
5864,0
5865,0
5866,1
5867,1
5868,1
5869,0
5870,1
5871,1
5872,1
5873,1
5874,0
5875,0
5876,1
5877,0
5878,0
5879,1
5880,1
5881,1
5882,0
5883,1
5884,0
5885,0
5886,0
5887,1
5888,0
5889,1
5890,1
5891,0
5892,0
5893,0
5894,0
5895,1
5896,1
5897,1
5898,1
5899,0
5900,1
5901,1
5902,0
5903,0
5904,1
5905,0
5906,1
5907,0
5908,0
5909,0
5910,0
5911,1
5912,0
5913,1
5914,1
5915,1
5916,0
5917,1
5918,1
5919,1
5920,1
5921,0
5922,0
5923,1
5924,0
5925,0
5926,1
5927,1
5928,0
5929,1
5930,1
5931,1
5932,1
5933,0
5934,0
5935,1
5936,1
5937,1
5938,0
5939,0
5940,0
5941,0
5942,1
5943,1
5944,1
5945,0
5946,0
5947,1
5948,0
5949,0
5950,0
5951,1
5952,0
5953,0
5954,0
5955,0
5956,1
5957,0
5958,0
5959,0
5960,0
5961,1
5962,0
5963,1
5964,1
5965,0
5966,1
5967,1
5968,1
5969,1
5970,1
5971,1
5972,1
5973,1
5974,0
5975,1
5976,0
5977,0
5978,0
5979,0
5980,0
5981,0
5982,0
5983,1
5984,0
5985,1
5986,0
5987,1
5988,1
5989,0
5990,0
5991,1
5992,0
5993,1
5994,0
5995,1
5996,0
5997,0
5998,1
5999,0
6000,0
6001,1
6002,0
6003,0
6004,1
6005,0
6006,1
6007,0
6008,1
6009,0
6010,0
6011,1
6012,0
6013,1
6014,1
6015,0
6016,0
6017,0
6018,1
6019,0
6020,0
6021,0
6022,0
6023,0
6024,1
6025,0
6026,0
6027,0
6028,1
6029,1
6030,0
6031,0
6032,0
6033,1
6034,1
6035,0
6036,1
6037,0
6038,0
6039,0
6040,0
6041,0
6042,1
6043,1
6044,0
6045,1
6046,1
6047,1
6048,0
6049,0
6050,1
6051,1
6052,0
6053,1
6054,0
6055,0
6056,0
6057,1
6058,0
6059,0
6060,0
6061,0
6062,1
6063,1
6064,0
6065,1
6066,1
6067,1
6068,1
6069,0
6070,1
6071,0
6072,1
6073,0
6074,1
6075,1
6076,0
6077,0
6078,1
6079,0
6080,1
6081,0
6082,0
6083,0
6084,1
6085,1
6086,1
6087,1
6088,0
6089,0
6090,1
6091,0
6092,1
6093,1
6094,0
6095,0
6096,0
6097,0
6098,1
6099,0
6100,1
6101,0
6102,1
6103,0
6104,1
6105,1
6106,0
6107,1
6108,0
6109,1
6110,1
6111,1
6112,1
6113,1
6114,0
6115,0
6116,0
6117,0
6118,0
6119,1
6120,0
6121,0
6122,0
6123,0
6124,1
6125,0
6126,0
6127,0
6128,1
6129,1
6130,1
6131,0
6132,1
6133,1
6134,0
6135,0
6136,1
6137,0
6138,0
6139,1
6140,0
6141,1
6142,0
6143,0
6144,0
6145,0
6146,0
6147,1
6148,1
6149,0
6150,0
6151,1
6152,1
6153,1
6154,1
6155,0
6156,0
6157,1
6158,1
6159,1
6160,1
6161,0
6162,1
6163,0
6164,0
6165,0
6166,1
6167,0
6168,1
6169,1
6170,0
6171,1
6172,1
6173,0
6174,1
6175,1
6176,0
6177,0
6178,1
6179,0
6180,1
6181,1
6182,0
6183,0
6184,1
6185,0
6186,0
6187,1
6188,1
6189,0
6190,0
6191,0
6192,1
6193,1
6194,1
6195,1
6196,0
6197,1
6198,1
6199,1
6200,0
6201,0
6202,1
6203,1
6204,1
6205,1
6206,1
6207,1
6208,0
6209,1
6210,1
6211,0
6212,0
6213,0
6214,1
6215,0
6216,1
6217,1
6218,1
6219,0
6220,1
6221,0
6222,0
6223,1
6224,0
6225,0
6226,1
6227,1
6228,0
6229,1
6230,1
6231,0
6232,1
6233,1
6234,1
6235,1
6236,1
6237,0
6238,1
6239,0
6240,0
6241,1
6242,1
6243,0
6244,0
6245,1
6246,1
6247,1
6248,1
6249,1
6250,1
6251,0
6252,0
6253,0
6254,1
6255,0
6256,0
6257,1
6258,1
6259,0
6260,0
6261,0
6262,0
6263,1
6264,0
6265,0
6266,1
6267,0
6268,0
6269,0
6270,0
6271,1
6272,1
6273,0
6274,1
6275,1
6276,0
6277,1
6278,1
6279,1
6280,1
6281,1
6282,0
6283,0
6284,1
6285,0
6286,1
6287,1
6288,1
6289,1
6290,1
6291,1
6292,1
6293,1
6294,0
6295,1
6296,1
6297,0
6298,0
6299,1
6300,1
6301,1
6302,1
6303,1
6304,0
6305,0
6306,1
6307,1
6308,0
6309,0
6310,0
6311,1
6312,1
6313,1
6314,1
6315,1
6316,0
6317,0
6318,1
6319,1
6320,1
6321,1
6322,1
6323,1
6324,0
6325,1
6326,0
6327,1
6328,1
6329,1
6330,0
6331,1
6332,0
6333,1
6334,1
6335,1
6336,0
6337,1
6338,1
6339,1
6340,0
6341,0
6342,0
6343,0
6344,1
6345,0
6346,0
6347,0
6348,1
6349,1
6350,0
6351,1
6352,1
6353,0
6354,1
6355,0
6356,0
6357,1
6358,1
6359,0
6360,1
6361,0
6362,0
6363,1
6364,1
6365,1
6366,0
6367,1
6368,1
6369,0
6370,1
6371,0
6372,0
6373,0
6374,0
6375,1
6376,0
6377,1
6378,0
6379,0
6380,0
6381,0
6382,0
6383,0
6384,1
6385,1
6386,0
6387,0
6388,1
6389,0
6390,1
6391,1
6392,1
6393,0
6394,1
6395,1
6396,1
6397,0
6398,1
6399,1
6400,1
6401,0
6402,1
6403,1
6404,1
6405,0
6406,0
6407,0
6408,1
6409,0
6410,1
6411,0
6412,0
6413,0
6414,0
6415,0
6416,0
6417,0
6418,0
6419,1
6420,1
6421,1
6422,1
6423,1
6424,1
6425,1
6426,0
6427,1
6428,1
6429,1
6430,0
6431,1
6432,1
6433,1
6434,1
6435,0
6436,1
6437,1
6438,1
6439,0
6440,1
6441,0
6442,1
6443,1
6444,0
6445,1
6446,1
6447,0
6448,1
6449,1
6450,0
6451,0
6452,0
6453,0
6454,0
6455,1
6456,0
6457,1
6458,1
6459,0
6460,0
6461,1
6462,0
6463,0
6464,0
6465,0
6466,1
6467,0
6468,1
6469,1
6470,0
6471,1
6472,1
6473,1
6474,1
6475,0
6476,0
6477,0
6478,1
6479,1
6480,1
6481,1
6482,0
6483,0
6484,0
6485,1
6486,0
6487,0
6488,1
6489,0
6490,1
6491,1
6492,0
6493,0
6494,1
6495,0
6496,0
6497,1
6498,1
6499,1
6500,0
6501,1
6502,0
6503,1
6504,0
6505,1
6506,1
6507,0
6508,0
6509,0
6510,1
6511,0
6512,0
6513,0
6514,0
6515,0
6516,0
6517,1
6518,0
6519,0
6520,1
6521,1
6522,1
6523,1
6524,0
6525,0
6526,0
6527,0
6528,1
6529,1
6530,1
6531,1
6532,1
6533,1
6534,1
6535,1
6536,0
6537,1
6538,0
6539,1
6540,1
6541,1
6542,0
6543,1
6544,0
6545,1
6546,1
6547,1
6548,0
6549,1
6550,1
6551,1
6552,1
6553,1
6554,1
6555,0
6556,0
6557,0
6558,0
6559,1
6560,1
6561,1
6562,1
6563,0
6564,0
6565,0
6566,0
6567,1
6568,1
6569,1
6570,1
6571,0
6572,0
6573,1
6574,1
6575,1
6576,0
6577,1
6578,1
6579,0
6580,0
6581,0
6582,1
6583,0
6584,0
6585,1
6586,1
6587,1
6588,1
6589,1
6590,1
6591,0
6592,1
6593,1
6594,1
6595,0
6596,1
6597,1
6598,1
6599,1
6600,1
6601,1
6602,0
6603,0
6604,0
6605,0
6606,0
6607,1
6608,0
6609,1
6610,1
6611,1
6612,0
6613,0
6614,1
6615,1
6616,1
6617,1
6618,1
6619,1
6620,0
6621,1
6622,0
6623,0
6624,0
6625,1
6626,0
6627,1
6628,1
6629,1
6630,0
6631,1
6632,0
6633,1
6634,0
6635,1
6636,1
6637,0
6638,0
6639,1
6640,0
6641,1
6642,0
6643,0
6644,1
6645,0
6646,1
6647,0
6648,1
6649,0
6650,1
6651,1
6652,1
6653,0
6654,1
6655,1
6656,1
6657,1
6658,0
6659,1
6660,1
6661,0
6662,0
6663,0
6664,1
6665,1
6666,1
6667,1
6668,0
6669,1
6670,1
6671,0
6672,1
6673,1
6674,0
6675,1
6676,0
6677,0
6678,1
6679,0
6680,0
6681,0
6682,0
6683,1
6684,0
6685,0
6686,1
6687,0
6688,0
6689,0
6690,0
6691,1
6692,1
6693,1
6694,1
6695,0
6696,1
6697,1
6698,1
6699,0
6700,1
6701,1
6702,0
6703,0
6704,1
6705,1
6706,1
6707,0
6708,0
6709,0
6710,1
6711,1
6712,1
6713,0
6714,1
6715,0
6716,1
6717,1
6718,1
6719,1
6720,1
6721,1
6722,0
6723,1
6724,1
6725,0
6726,1
6727,1
6728,0
6729,0
6730,0
6731,0
6732,1
6733,0
6734,1
6735,0
6736,0
6737,1
6738,1
6739,1
6740,1
6741,1
6742,0
6743,1
6744,0
6745,0
6746,0
6747,1
6748,1
6749,1
6750,1
6751,0
6752,1
6753,0
6754,1
6755,0
6756,0
6757,0
6758,1
6759,1
6760,1
6761,1
6762,1
6763,1
6764,1
6765,0
6766,1
6767,0
6768,0
6769,0
6770,1
6771,1
6772,0
6773,1
6774,0
6775,1
6776,0
6777,0
6778,0
6779,1
6780,1
6781,0
6782,0
6783,1
6784,1
6785,0
6786,1
6787,0
6788,0
6789,0
6790,1
6791,1
6792,1
6793,1
6794,0
6795,1
6796,1
6797,1
6798,1
6799,0
6800,0
6801,1
6802,0
6803,0
6804,1
6805,1
6806,0
6807,1
6808,0
6809,0
6810,0
6811,1
6812,0
6813,1
6814,1
6815,1
6816,1
6817,0
6818,1
6819,1
6820,1
6821,1
6822,0
6823,1
6824,0
6825,1
6826,0
6827,1
6828,1
6829,1
6830,1
6831,1
6832,0
6833,0
6834,1
6835,1
6836,0
6837,0
6838,1
6839,0
6840,1
6841,1
6842,0
6843,1
6844,0
6845,1
6846,1
6847,1
6848,1
6849,1
6850,0
6851,0
6852,0
6853,1
6854,1
6855,0
6856,1
6857,1
6858,0
6859,0
6860,1
6861,1
6862,1
6863,1
6864,1
6865,0
6866,0
6867,0
6868,0
6869,1
6870,1
6871,0
6872,1
6873,1
6874,1
6875,0
6876,1
6877,0
6878,1
6879,1
6880,0
6881,1
6882,0
6883,0
6884,0
6885,0
6886,1
6887,1
6888,1
6889,1
6890,1
6891,1
6892,1
6893,1
6894,1
6895,1
6896,1
6897,0
6898,1
6899,1
6900,1
6901,0
6902,1
6903,0
6904,0
6905,1
6906,1
6907,1
6908,0
6909,1
6910,1
6911,0
6912,1
6913,0
6914,1
6915,1
6916,0
6917,0
6918,0
6919,1
6920,1
6921,1
6922,0
6923,1
6924,0
6925,0
6926,0
6927,1
6928,1
6929,1
6930,1
6931,1
6932,0
6933,1
6934,1
6935,1
6936,1
6937,1
6938,1
6939,1
6940,1
6941,1
6942,1
6943,1
6944,0
6945,0
6946,0
6947,1
6948,1
6949,1
6950,1
6951,0
6952,0
6953,0
6954,1
6955,1
6956,1
6957,0
6958,1
6959,0
6960,1
6961,0
6962,0
6963,1
6964,1
6965,0
6966,0
6967,1
6968,1
6969,1
6970,0
6971,0
6972,1
6973,0
6974,0
6975,1
6976,1
6977,0
6978,1
6979,1
6980,0
6981,0
6982,1
6983,1
6984,1
6985,0
6986,1
6987,1
6988,0
6989,0
6990,0
6991,1
6992,1
6993,1
6994,1
6995,0
6996,0
6997,1
6998,0
6999,0
7000,1
7001,0
7002,1
7003,1
7004,0
7005,1
7006,1
7007,0
7008,0
7009,1
7010,1
7011,0
7012,1
7013,0
7014,0
7015,0
7016,1
7017,1
7018,1
7019,1
7020,0
7021,1
7022,1
7023,0
7024,0
7025,0
7026,0
7027,0
7028,1
7029,1
7030,0
7031,1
7032,0
7033,0
7034,1
7035,1
7036,0
7037,0
7038,0
7039,1
7040,1
7041,0
7042,0
7043,0
7044,1
7045,1
7046,0
7047,1
7048,1
7049,1
7050,0
7051,0
7052,1
7053,0
7054,1
7055,1
7056,0
7057,1
7058,0
7059,0
7060,0
7061,1
7062,0
7063,1
7064,1
7065,1
7066,1
7067,1
7068,0
7069,0
7070,1
7071,1
7072,0
7073,1
7074,1
7075,1
7076,0
7077,1
7078,0
7079,1
7080,1
7081,0
7082,1
7083,0
7084,1
7085,1
7086,0
7087,0
7088,1
7089,1
7090,1
7091,0
7092,1
7093,0
7094,0
7095,1
7096,0
7097,1
7098,1
7099,0
7100,1
7101,0
7102,1
7103,1
7104,0
7105,0
7106,1
7107,1
7108,0
7109,0
7110,1
7111,1
7112,0
7113,0
7114,1
7115,0
7116,1
7117,1
7118,1
7119,1
7120,1
7121,1
7122,0
7123,0
7124,0
7125,1
7126,1
7127,0
7128,1
7129,0
7130,0
7131,1
7132,1
7133,0
7134,1
7135,0
7136,1
7137,1
7138,0
7139,1
7140,0
7141,1
7142,1
7143,1
7144,0
7145,1
7146,0
7147,1
7148,1
7149,1
7150,0
7151,0
7152,1
7153,0
7154,1
7155,0
7156,1
7157,0
7158,1
7159,1
7160,1
7161,1
7162,0
7163,1
7164,1
7165,0
7166,0
7167,1
7168,0
7169,1
7170,1
7171,1
7172,1
7173,1
7174,0
7175,0
7176,1
7177,0
7178,0
7179,1
7180,0
7181,1
7182,1
7183,0
7184,0
7185,1
7186,1
7187,1
7188,0
7189,1
7190,0
7191,0
7192,1
7193,0
7194,1
7195,1
7196,0
7197,0
7198,1
7199,0
7200,1
7201,0
7202,0
7203,0
7204,0
7205,0
7206,1
7207,1
7208,0
7209,1
7210,0
7211,1
7212,1
7213,1
7214,1
7215,1
7216,0
7217,1
7218,1
7219,1
7220,1
7221,1
7222,1
7223,1
7224,0
7225,0
7226,0
7227,1
7228,0
7229,0
7230,1
7231,0
7232,0
7233,0
7234,1
7235,1
7236,1
7237,1
7238,1
7239,0
7240,0
7241,0
7242,0
7243,0
7244,0
7245,0
7246,0
7247,0
7248,1
7249,1
7250,1
7251,0
7252,0
7253,1
7254,0
7255,1
7256,1
7257,0
7258,1
7259,0
7260,1
7261,1
7262,0
7263,1
7264,1
7265,1
7266,0
7267,1
7268,0
7269,0
7270,0
7271,1
7272,1
7273,1
7274,1
7275,0
7276,1
7277,1
7278,1
7279,1
7280,1
7281,0
7282,1
7283,0
7284,0
7285,0
7286,1
7287,0
7288,1
7289,0
7290,0
7291,1
7292,1
7293,1
7294,0
7295,1
7296,1
7297,1
7298,0
7299,1
7300,0
7301,0
7302,0
7303,1
7304,1
7305,0
7306,1
7307,0
7308,0
7309,0
7310,0
7311,1
7312,1
7313,1
7314,0
7315,1
7316,1
7317,1
7318,1
7319,1
7320,0
7321,0
7322,1
7323,0
7324,1
7325,0
7326,0
7327,0
7328,0
7329,0
7330,1
7331,0
7332,1
7333,1
7334,0
7335,0
7336,1
7337,1
7338,0
7339,1
7340,0
7341,0
7342,1
7343,1
7344,0
7345,1
7346,0
7347,1
7348,1
7349,1
7350,0
7351,0
7352,1
7353,1
7354,0
7355,1
7356,1
7357,1
7358,1
7359,0
7360,1
7361,1
7362,1
7363,1
7364,0
7365,0
7366,0
7367,1
7368,1
7369,0
7370,0
7371,0
7372,1
7373,0
7374,0
7375,1
7376,0
7377,0
7378,0
7379,1
7380,0
7381,1
7382,0
7383,0
7384,0
7385,1
7386,0
7387,1
7388,0
7389,1
7390,0
7391,1
7392,0
7393,1
7394,1
7395,0
7396,0
7397,1
7398,0
7399,1
7400,0
7401,0
7402,1
7403,1
7404,1
7405,0
7406,0
7407,0
7408,1
7409,1
7410,0
7411,0
7412,0
7413,1
7414,0
7415,0
7416,0
7417,1
7418,1
7419,1
7420,1
7421,1
7422,1
7423,0
7424,1
7425,0
7426,0
7427,1
7428,1
7429,1
7430,1
7431,0
7432,0
7433,1
7434,0
7435,0
7436,1
7437,0
7438,1
7439,1
7440,1
7441,0
7442,1
7443,0
7444,0
7445,0
7446,1
7447,0
7448,1
7449,1
7450,1
7451,0
7452,0
7453,1
7454,0
7455,0
7456,1
7457,0
7458,1
7459,0
7460,0
7461,0
7462,1
7463,0
7464,1
7465,0
7466,1
7467,0
7468,0
7469,0
7470,1
7471,1
7472,1
7473,1
7474,1
7475,0
7476,0
7477,1
7478,1
7479,0
7480,1
7481,1
7482,1
7483,1
7484,1
7485,1
7486,0
7487,1
7488,1
7489,1
7490,0
7491,0
7492,1
7493,1
7494,1
7495,0
7496,0
7497,1
7498,1
7499,1
7500,1
7501,0
7502,0
7503,0
7504,0
7505,1
7506,0
7507,1
7508,0
7509,1
7510,0
7511,0
7512,0
7513,1
7514,1
7515,1
7516,0
7517,1
7518,0
7519,1
7520,0
7521,1
7522,1
7523,1
7524,0
7525,0
7526,0
7527,1
7528,0
7529,0
7530,0
7531,1
7532,0
7533,0
7534,0
7535,1
7536,1
7537,1
7538,0
7539,0
7540,1
7541,0
7542,0
7543,0
7544,1
7545,0
7546,0
7547,1
7548,1
7549,0
7550,1
7551,0
7552,1
7553,1
7554,0
7555,0
7556,1
7557,1
7558,0
7559,1
7560,1
7561,1
7562,0
7563,1
7564,0
7565,0
7566,1
7567,0
7568,1
7569,0
7570,1
7571,1
7572,1
7573,1
7574,1
7575,0
7576,0
7577,0
7578,1
7579,0
7580,0
7581,1
7582,1
7583,0
7584,0
7585,1
7586,1
7587,1
7588,1
7589,1
7590,0
7591,1
7592,0
7593,0
7594,0
7595,0
7596,1
7597,1
7598,1
7599,0
7600,0
7601,0
7602,1
7603,1
7604,0
7605,1
7606,1
7607,0
7608,0
7609,0
7610,0
7611,0
7612,1
7613,1
7614,0
7615,1
7616,1
7617,1
7618,0
7619,1
7620,0
7621,1
7622,0
7623,1
7624,0
7625,0
7626,1
7627,0
7628,0
7629,0
7630,0
7631,1
7632,1
7633,0
7634,0
7635,0
7636,1
7637,1
7638,0
7639,1
7640,1
7641,1
7642,1
7643,1
7644,1
7645,1
7646,1
7647,1
7648,1
7649,0
7650,1
7651,1
7652,0
7653,1
7654,1
7655,1
7656,1
7657,0
7658,1
7659,0
7660,1
7661,0
7662,0
7663,1
7664,0
7665,1
7666,0
7667,1
7668,0
7669,1
7670,1
7671,1
7672,1
7673,1
7674,1
7675,1
7676,0
7677,1
7678,0
7679,0
7680,1
7681,1
7682,0
7683,1
7684,1
7685,1
7686,0
7687,1
7688,0
7689,0
7690,1
7691,1
7692,1
7693,0
7694,0
7695,0
7696,0
7697,0
7698,1
7699,1
7700,1
7701,0
7702,1
7703,1
7704,1
7705,0
7706,1
7707,0
7708,0
7709,1
7710,0
7711,1
7712,0
7713,0
7714,1
7715,0
7716,1
7717,1
7718,1
7719,0
7720,0
7721,1
7722,0
7723,1
7724,0
7725,0
7726,1
7727,1
7728,0
7729,1
7730,1
7731,1
7732,0
7733,1
7734,1
7735,1
7736,1
7737,1
7738,0
7739,1
7740,1
7741,0
7742,0
7743,1
7744,1
7745,1
7746,1
7747,1
7748,1
7749,1
7750,1
7751,1
7752,1
7753,0
7754,1
7755,0
7756,0
7757,0
7758,0
7759,1
7760,0
7761,1
7762,1
7763,0
7764,0
7765,1
7766,0
7767,0
7768,0
7769,1
7770,1
7771,0
7772,0
7773,0
7774,0
7775,0
7776,1
7777,0
7778,1
7779,1
7780,1
7781,1
7782,0
7783,0
7784,0
7785,0
7786,0
7787,0
7788,0
7789,0
7790,0
7791,1
7792,1
7793,0
7794,1
7795,1
7796,1
7797,0
7798,1
7799,0
7800,1
7801,1
7802,1
7803,1
7804,0
7805,0
7806,0
7807,0
7808,0
7809,1
7810,1
7811,1
7812,1
7813,1
7814,1
7815,0
7816,1
7817,1
7818,0
7819,0
7820,0
7821,1
7822,0
7823,0
7824,1
7825,1
7826,0
7827,1
7828,1
7829,1
7830,1
7831,1
7832,1
7833,0
7834,0
7835,0
7836,0
7837,1
7838,0
7839,1
7840,0
7841,0
7842,1
7843,1
7844,1
7845,0
7846,1
7847,0
7848,1
7849,0
7850,1
7851,0
7852,0
7853,1
7854,0
7855,0
7856,1
7857,0
7858,0
7859,1
7860,0
7861,1
7862,1
7863,0
7864,1
7865,1
7866,1
7867,0
7868,1
7869,1
7870,1
7871,0
7872,0
7873,1
7874,0
7875,0
7876,1
7877,0
7878,1
7879,1
7880,1
7881,1
7882,1
7883,1
7884,0
7885,1
7886,1
7887,0
7888,0
7889,1
7890,0
7891,1
7892,1
7893,1
7894,1
7895,1
7896,0
7897,1
7898,0
7899,1
7900,0
7901,0
7902,1
7903,1
7904,1
7905,1
7906,1
7907,1
7908,1
7909,1
7910,0
7911,0
7912,1
7913,0
7914,0
7915,0
7916,1
7917,1
7918,1
7919,1
7920,1
7921,0
7922,1
7923,1
7924,1
7925,1
7926,0
7927,0
7928,0
7929,0
7930,1
7931,0
7932,0
7933,0
7934,1
7935,1
7936,1
7937,0
7938,0
7939,0
7940,1
7941,1
7942,1
7943,1
7944,1
7945,1
7946,1
7947,1
7948,0
7949,0
7950,1
7951,1
7952,1
7953,0
7954,0
7955,0
7956,0
7957,0
7958,1
7959,1
7960,0
7961,0
7962,1
7963,1
7964,1
7965,0
7966,0
7967,1
7968,1
7969,1
7970,0
7971,1
7972,1
7973,0
7974,1
7975,0
7976,0
7977,1
7978,1
7979,1
7980,0
7981,1
7982,0
7983,0
7984,0
7985,0
7986,0
7987,1
7988,1
7989,0
7990,1
7991,1
7992,0
7993,1
7994,1
7995,1
7996,1
7997,1
7998,1
7999,0
8000,0
8001,1
8002,1
8003,0
8004,1
8005,0
8006,0
8007,1
8008,0
8009,0
8010,1
8011,1
8012,0
8013,1
8014,1
8015,1
8016,1
8017,0
8018,0
8019,0
8020,1
8021,0
8022,0
8023,1
8024,1
8025,0
8026,1
8027,1
8028,1
8029,1
8030,1
8031,1
8032,1
8033,1
8034,1
8035,1
8036,1
8037,0
8038,0
8039,0
8040,0
8041,0
8042,0
8043,1
8044,1
8045,0
8046,0
8047,0
8048,0
8049,0
8050,0
8051,1
8052,0
8053,1
8054,1
8055,1
8056,0
8057,1
8058,1
8059,1
8060,0
8061,1
8062,1
8063,1
8064,0
8065,1
8066,0
8067,0
8068,1
8069,1
8070,1
8071,0
8072,1
8073,0
8074,0
8075,0
8076,1
8077,1
8078,0
8079,1
8080,1
8081,0
8082,1
8083,1
8084,1
8085,0
8086,1
8087,0
8088,1
8089,1
8090,1
8091,1
8092,1
8093,1
8094,1
8095,0
8096,0
8097,0
8098,0
8099,0
8100,0
8101,1
8102,0
8103,1
8104,0
8105,1
8106,1
8107,1
8108,1
8109,0
8110,0
8111,0
8112,0
8113,1
8114,0
8115,1
8116,1
8117,0
8118,0
8119,1
8120,1
8121,1
8122,1
8123,0
8124,1
8125,0
8126,1
8127,0
8128,1
8129,1
8130,0
8131,1
8132,0
8133,0
8134,0
8135,1
8136,1
8137,0
8138,1
8139,0
8140,1
8141,0
8142,1
8143,0
8144,1
8145,1
8146,0
8147,1
8148,1
8149,0
8150,1
8151,0
8152,1
8153,0
8154,1
8155,0
8156,1
8157,1
8158,0
8159,1
8160,0
8161,0
8162,1
8163,1
8164,1
8165,0
8166,1
8167,0
8168,1
8169,0
8170,1
8171,0
8172,1
8173,1
8174,1
8175,1
8176,0
8177,0
8178,0
8179,0
8180,0
8181,0
8182,1
8183,0
8184,0
8185,1
8186,0
8187,0
8188,1
8189,0
8190,1
8191,0
8192,0
8193,0
8194,1
8195,0
8196,0
8197,1
8198,1
8199,0
8200,1
8201,0
8202,0
8203,0
8204,1
8205,0
8206,0
8207,0
8208,0
8209,0
8210,0
8211,0
8212,0
8213,1
8214,1
8215,0
8216,1
8217,0
8218,0
8219,0
8220,1
8221,1
8222,1
8223,1
8224,0
8225,0
8226,1
8227,0
8228,1
8229,1
8230,1
8231,1
8232,0
8233,1
8234,1
8235,1
8236,1
8237,1
8238,1
8239,1
8240,1
8241,0
8242,1
8243,0
8244,0
8245,0
8246,1
8247,1
8248,1
8249,1
8250,1
8251,0
8252,0
8253,1
8254,0
8255,0
8256,1
8257,0
8258,0
8259,1
8260,1
8261,1
8262,0
8263,1
8264,1
8265,0
8266,1
8267,1
8268,0
8269,1
8270,1
8271,1
8272,0
8273,1
8274,0
8275,0
8276,1
8277,1
8278,0
8279,0
8280,1
8281,0
8282,0
8283,0
8284,0
8285,1
8286,1
8287,0
8288,0
8289,0
8290,0
8291,0
8292,1
8293,0
8294,0
8295,0
8296,0
8297,1
8298,1
8299,1
8300,1
8301,0
8302,1
8303,0
8304,1
8305,1
8306,0
8307,1
8308,1
8309,1
8310,0
8311,1
8312,1
8313,1
8314,1
8315,0
8316,0
8317,1
8318,1
8319,0
8320,0
8321,1
8322,1
8323,1
8324,1
8325,1
8326,1
8327,1
8328,1
8329,1
8330,1
8331,1
8332,1
8333,0
8334,1
8335,0
8336,0
8337,1
8338,1
8339,1
8340,0
8341,0
8342,0
8343,1
8344,0
8345,0
8346,0
8347,0
8348,0
8349,1
8350,0
8351,0
8352,1
8353,0
8354,1
8355,1
8356,0
8357,1
8358,0
8359,1
8360,0
8361,0
8362,1
8363,1
8364,0
8365,1
8366,0
8367,1
8368,1
8369,1
8370,1
8371,1
8372,1
8373,1
8374,1
8375,1
8376,0
8377,0
8378,0
8379,0
8380,0
8381,1
8382,1
8383,0
8384,1
8385,0
8386,1
8387,1
8388,1
8389,0
8390,1
8391,1
8392,0
8393,0
8394,1
8395,1
8396,1
8397,1
8398,1
8399,1
8400,1
8401,0
8402,1
8403,1
8404,0
8405,0
8406,1
8407,1
8408,0
8409,0
8410,0
8411,0
8412,1
8413,0
8414,0
8415,1
8416,1
8417,0
8418,0
8419,0
8420,1
8421,1
8422,0
8423,1
8424,1
8425,0
8426,0
8427,0
8428,1
8429,0
8430,1
8431,1
8432,1
8433,0
8434,1
8435,0
8436,0
8437,0
8438,1
8439,1
8440,1
8441,0
8442,1
8443,1
8444,1
8445,0
8446,0
8447,1
8448,1
8449,1
8450,0
8451,0
8452,1
8453,0
8454,0
8455,0
8456,1
8457,1
8458,0
8459,1
8460,0
8461,0
8462,0
8463,0
8464,1
8465,0
8466,0
8467,0
8468,1
8469,0
8470,1
8471,0
8472,1
8473,1
8474,0
8475,0
8476,0
8477,1
8478,1
8479,0
8480,1
8481,0
8482,0
8483,1
8484,1
8485,1
8486,1
8487,1
8488,0
8489,1
8490,1
8491,0
8492,0
8493,0
8494,1
8495,1
8496,0
8497,0
8498,0
8499,1
8500,1
8501,0
8502,1
8503,0
8504,1
8505,0
8506,1
8507,1
8508,1
8509,0
8510,0
8511,0
8512,0
8513,0
8514,1
8515,1
8516,0
8517,1
8518,1
8519,1
8520,0
8521,1
8522,0
8523,0
8524,1
8525,1
8526,1
8527,0
8528,0
8529,0
8530,1
8531,0
8532,0
8533,1
8534,1
8535,0
8536,0
8537,0
8538,0
8539,1
8540,1
8541,0
8542,0
8543,0
8544,1
8545,1
8546,0
8547,1
8548,0
8549,1
8550,1
8551,0
8552,1
8553,1
8554,1
8555,1
8556,1
8557,1
8558,1
8559,1
8560,1
8561,0
8562,1
8563,0
8564,1
8565,1
8566,1
8567,1
8568,1
8569,0
8570,0
8571,0
8572,1
8573,1
8574,1
8575,1
8576,1
8577,1
8578,1
8579,1
8580,1
8581,0
8582,0
8583,0
8584,0
8585,0
8586,1
8587,1
8588,0
8589,0
8590,1
8591,0
8592,0
8593,0
8594,0
8595,1
8596,0
8597,1
8598,0
8599,1
8600,1
8601,1
8602,1
8603,1
8604,1
8605,0
8606,0
8607,0
8608,0
8609,0
8610,0
8611,1
8612,1
8613,1
8614,0
8615,1
8616,0
8617,0
8618,0
8619,1
8620,0
8621,1
8622,1
8623,1
8624,0
8625,0
8626,1
8627,0
8628,1
8629,0
8630,1
8631,1
8632,1
8633,0
8634,0
8635,1
8636,0
8637,1
8638,1
8639,0
8640,1
8641,0
8642,0
8643,0
8644,0
8645,0
8646,1
8647,1
8648,1
8649,0
8650,0
8651,1
8652,1
8653,1
8654,1
8655,1
8656,1
8657,1
8658,0
8659,1
8660,0
8661,0
8662,1
8663,0
8664,1
8665,1
8666,1
8667,1
8668,0
8669,1
8670,0
8671,1
8672,0
8673,0
8674,1
8675,1
8676,1
8677,1
8678,0
8679,0
8680,0
8681,0
8682,0
8683,1
8684,0
8685,0
8686,1
8687,0
8688,1
8689,1
8690,0
8691,1
8692,0
8693,1
8694,0
8695,1
8696,0
8697,0
8698,0
8699,1
8700,0
8701,0
8702,0
8703,0
8704,0
8705,1
8706,1
8707,0
8708,1
8709,0
8710,0
8711,1
8712,0
8713,0
8714,1
8715,0
8716,1
8717,0
8718,1
8719,1
8720,1
8721,1
8722,0
8723,1
8724,1
8725,0
8726,1
8727,0
8728,1
8729,1
8730,0
8731,0
8732,1
8733,1
8734,0
8735,1
8736,0
8737,1
8738,1
8739,1
8740,1
8741,1
8742,1
8743,0
8744,1
8745,0
8746,0
8747,0
8748,1
8749,1
8750,1
8751,0
8752,0
8753,1
8754,1
8755,0
8756,1
8757,1
8758,0
8759,1
8760,1
8761,0
8762,0
8763,1
8764,0
8765,1
8766,0
8767,1
8768,1
8769,0
8770,0
8771,0
8772,1
8773,0
8774,1
8775,0
8776,1
8777,0
8778,0
8779,0
8780,0
8781,1
8782,1
8783,0
8784,1
8785,0
8786,1
8787,0
8788,0
8789,1
8790,0
8791,0
8792,0
8793,0
8794,1
8795,0
8796,1
8797,1
8798,0
8799,1
8800,1
8801,1
8802,0
8803,1
8804,1
8805,1
8806,1
8807,0
8808,0
8809,1
8810,0
8811,0
8812,1
8813,1
8814,1
8815,1
8816,1
8817,0
8818,1
8819,0
8820,0
8821,1
8822,0
8823,0
8824,1
8825,1
8826,0
8827,0
8828,0
8829,0
8830,0
8831,1
8832,1
8833,0
8834,1
8835,0
8836,0
8837,1
8838,0
8839,1
8840,0
8841,1
8842,0
8843,0
8844,0
8845,1
8846,0
8847,0
8848,0
8849,0
8850,1
8851,1
8852,1
8853,0
8854,0
8855,0
8856,0
8857,0
8858,0
8859,0
8860,1
8861,1
8862,1
8863,0
8864,0
8865,1
8866,0
8867,1
8868,1
8869,1
8870,1
8871,1
8872,1
8873,0
8874,0
8875,0
8876,1
8877,1
8878,1
8879,0
8880,0
8881,0
8882,0
8883,1
8884,0
8885,1
8886,1
8887,1
8888,1
8889,0
8890,1
8891,1
8892,0
8893,0
8894,1
8895,0
8896,0
8897,1
8898,1
8899,0
8900,0
8901,0
8902,0
8903,0
8904,1
8905,0
8906,0
8907,0
8908,0
8909,0
8910,1
8911,0
8912,1
8913,0
8914,1
8915,0
8916,1
8917,1
8918,0
8919,0
8920,1
8921,1
8922,1
8923,0
8924,0
8925,0
8926,1
8927,0
8928,0
8929,1
8930,0
8931,0
8932,0
8933,1
8934,0
8935,1
8936,0
8937,1
8938,0
8939,1
8940,0
8941,1
8942,0
8943,1
8944,1
8945,0
8946,1
8947,1
8948,0
8949,1
8950,1
8951,1
8952,0
8953,1
8954,1
8955,0
8956,1
8957,0
8958,0
8959,1
8960,0
8961,1
8962,1
8963,1
8964,1
8965,0
8966,1
8967,1
8968,0
8969,1
8970,1
8971,0
8972,1
8973,0
8974,0
8975,0
8976,1
8977,1
8978,1
8979,0
8980,1
8981,0
8982,0
8983,0
8984,1
8985,1
8986,1
8987,1
8988,1
8989,1
8990,1
8991,0
8992,0
8993,0
8994,1
8995,0
8996,1
8997,1
8998,0
8999,1
9000,0
9001,1
9002,1
9003,1
9004,1
9005,1
9006,1
9007,1
9008,0
9009,0
9010,1
9011,0
9012,1
9013,1
9014,1
9015,0
9016,1
9017,1
9018,0
9019,0
9020,0
9021,1
9022,1
9023,1
9024,1
9025,1
9026,0
9027,1
9028,1
9029,1
9030,1
9031,1
9032,0
9033,0
9034,1
9035,1
9036,0
9037,0
9038,0
9039,1
9040,1
9041,0
9042,0
9043,0
9044,1
9045,0
9046,1
9047,1
9048,1
9049,0
9050,0
9051,1
9052,0
9053,1
9054,1
9055,1
9056,0
9057,1
9058,0
9059,0
9060,1
9061,0
9062,0
9063,0
9064,1
9065,0
9066,1
9067,1
9068,0
9069,0
9070,1
9071,0
9072,0
9073,0
9074,1
9075,1
9076,1
9077,0
9078,1
9079,1
9080,1
9081,0
9082,1
9083,0
9084,1
9085,1
9086,1
9087,0
9088,1
9089,1
9090,1
9091,0
9092,1
9093,0
9094,1
9095,0
9096,0
9097,0
9098,1
9099,1
9100,1
9101,0
9102,1
9103,1
9104,0
9105,1
9106,0
9107,1
9108,1
9109,1
9110,1
9111,1
9112,0
9113,1
9114,1
9115,1
9116,0
9117,1
9118,0
9119,1
9120,1
9121,0
9122,1
9123,0
9124,0
9125,1
9126,1
9127,1
9128,1
9129,0
9130,1
9131,0
9132,1
9133,1
9134,1
9135,1
9136,1
9137,0
9138,1
9139,1
9140,1
9141,1
9142,1
9143,0
9144,0
9145,1
9146,0
9147,0
9148,1
9149,1
9150,0
9151,1
9152,0
9153,1
9154,0
9155,0
9156,1
9157,0
9158,0
9159,0
9160,1
9161,1
9162,0
9163,1
9164,0
9165,1
9166,1
9167,1
9168,1
9169,0
9170,1
9171,0
9172,1
9173,1
9174,0
9175,1
9176,1
9177,1
9178,0
9179,1
9180,0
9181,0
9182,0
9183,0
9184,1
9185,0
9186,1
9187,1
9188,0
9189,1
9190,0
9191,1
9192,0
9193,0
9194,0
9195,1
9196,1
9197,0
9198,0
9199,1
9200,0
9201,0
9202,0
9203,0
9204,0
9205,1
9206,1
9207,0
9208,1
9209,1
9210,1
9211,0
9212,0
9213,1
9214,0
9215,0
9216,0
9217,0
9218,1
9219,1
9220,0
9221,1
9222,1
9223,0
9224,1
9225,0
9226,0
9227,1
9228,0
9229,0
9230,0
9231,1
9232,1
9233,0
9234,0
9235,1
9236,0
9237,0
9238,1
9239,1
9240,0
9241,1
9242,1
9243,1
9244,1
9245,1
9246,1
9247,1
9248,0
9249,0
9250,1
9251,0
9252,1
9253,1
9254,1
9255,1
9256,0
9257,0
9258,0
9259,0
9260,1
9261,1
9262,0
9263,1
9264,0
9265,1
9266,0
9267,0
9268,1
9269,1
9270,1
9271,1
9272,1
9273,1
9274,0
9275,0
9276,0
9277,1
9278,0
9279,0
9280,1
9281,1
9282,0
9283,1
9284,1
9285,0
9286,0
9287,1
9288,1
9289,1
9290,1
9291,1
9292,1
9293,1
9294,0
9295,1
9296,1
9297,1
9298,0
9299,1
9300,0
9301,0
9302,0
9303,1
9304,0
9305,1
9306,0
9307,0
9308,1
9309,0
9310,1
9311,0
9312,1
9313,1
9314,0
9315,0
9316,1
9317,0
9318,0
9319,0
9320,1
9321,1
9322,0
9323,1
9324,1
9325,1
9326,0
9327,0
9328,0
9329,1
9330,0
9331,1
9332,1
9333,0
9334,0
9335,1
9336,0
9337,1
9338,0
9339,0
9340,0
9341,0
9342,0
9343,1
9344,1
9345,1
9346,0
9347,1
9348,0
9349,1
9350,1
9351,1
9352,1
9353,1
9354,0
9355,0
9356,0
9357,1
9358,1
9359,1
9360,0
9361,1
9362,0
9363,0
9364,1
9365,1
9366,1
9367,1
9368,1
9369,1
9370,0
9371,0
9372,1
9373,1
9374,1
9375,0
9376,1
9377,0
9378,0
9379,0
9380,0
9381,1
9382,0
9383,0
9384,1
9385,1
9386,1
9387,0
9388,0
9389,0
9390,1
9391,0
9392,0
9393,1
9394,1
9395,0
9396,0
9397,0
9398,1
9399,1
9400,1
9401,0
9402,1
9403,0
9404,1
9405,0
9406,0
9407,1
9408,1
9409,0
9410,0
9411,1
9412,1
9413,0
9414,1
9415,1
9416,0
9417,1
9418,0
9419,1
9420,1
9421,0
9422,1
9423,1
9424,0
9425,0
9426,0
9427,0
9428,0
9429,0
9430,1
9431,0
9432,1
9433,1
9434,0
9435,1
9436,0
9437,1
9438,0
9439,1
9440,0
9441,0
9442,0
9443,1
9444,1
9445,1
9446,0
9447,0
9448,1
9449,1
9450,1
9451,0
9452,1
9453,0
9454,1
9455,0
9456,0
9457,1
9458,0
9459,1
9460,1
9461,0
9462,0
9463,0
9464,1
9465,0
9466,0
9467,1
9468,1
9469,1
9470,0
9471,0
9472,1
9473,1
9474,0
9475,0
9476,1
9477,1
9478,1
9479,0
9480,1
9481,1
9482,1
9483,0
9484,1
9485,0
9486,0
9487,0
9488,0
9489,0
9490,0
9491,0
9492,0
9493,1
9494,1
9495,0
9496,1
9497,0
9498,1
9499,1
9500,0
9501,0
9502,1
9503,0
9504,1
9505,0
9506,1
9507,0
9508,1
9509,0
9510,1
9511,1
9512,1
9513,1
9514,1
9515,1
9516,0
9517,0
9518,1
9519,0
9520,1
9521,1
9522,1
9523,0
9524,0
9525,0
9526,1
9527,0
9528,0
9529,1
9530,1
9531,1
9532,0
9533,0
9534,0
9535,0
9536,0
9537,1
9538,0
9539,0
9540,0
9541,0
9542,1
9543,1
9544,1
9545,0
9546,0
9547,1
9548,1
9549,0
9550,0
9551,0
9552,0
9553,0
9554,1
9555,1
9556,1
9557,0
9558,1
9559,1
9560,0
9561,0
9562,0
9563,0
9564,0
9565,1
9566,0
9567,0
9568,1
9569,0
9570,0
9571,1
9572,0
9573,1
9574,0
9575,1
9576,0
9577,0
9578,0
9579,1
9580,1
9581,1
9582,1
9583,0
9584,0
9585,0
9586,0
9587,1
9588,1
9589,0
9590,1
9591,1
9592,0
9593,0
9594,1
9595,0
9596,0
9597,0
9598,1
9599,1
9600,1
9601,0
9602,1
9603,1
9604,1
9605,0
9606,1
9607,0
9608,1
9609,1
9610,1
9611,0
9612,1
9613,0
9614,1
9615,1
9616,1
9617,1
9618,0
9619,0
9620,1
9621,0
9622,0
9623,0
9624,1
9625,1
9626,0
9627,1
9628,1
9629,0
9630,1
9631,0
9632,0
9633,0
9634,0
9635,1
9636,0
9637,1
9638,0
9639,1
9640,1
9641,0
9642,1
9643,1
9644,1
9645,0
9646,1
9647,0
9648,0
9649,0
9650,1
9651,0
9652,0
9653,1
9654,1
9655,1
9656,1
9657,1
9658,0
9659,0
9660,0
9661,0
9662,0
9663,0
9664,0
9665,0
9666,0
9667,1
9668,1
9669,0
9670,1
9671,0
9672,0
9673,1
9674,1
9675,1
9676,1
9677,1
9678,0
9679,1
9680,1
9681,0
9682,1
9683,0
9684,1
9685,0
9686,1
9687,1
9688,1
9689,0
9690,0
9691,1
9692,0
9693,1
9694,0
9695,0
9696,1
9697,0
9698,0
9699,0
9700,1
9701,0
9702,1
9703,0
9704,0
9705,1
9706,1
9707,1
9708,0
9709,1
9710,1
9711,1
9712,1
9713,1
9714,1
9715,1
9716,1
9717,1
9718,0
9719,1
9720,1
9721,0
9722,1
9723,1
9724,0
9725,1
9726,0
9727,1
9728,0
9729,1
9730,1
9731,1
9732,0
9733,1
9734,0
9735,0
9736,0
9737,0
9738,1
9739,1
9740,0
9741,0
9742,1
9743,1
9744,1
9745,0
9746,1
9747,1
9748,1
9749,1
9750,1
9751,1
9752,1
9753,0
9754,0
9755,0
9756,1
9757,0
9758,0
9759,1
9760,1
9761,1
9762,0
9763,1
9764,1
9765,1
9766,1
9767,1
9768,0
9769,0
9770,0
9771,0
9772,1
9773,0
9774,1
9775,1
9776,1
9777,0
9778,0
9779,0
9780,1
9781,0
9782,0
9783,1
9784,1
9785,1
9786,0
9787,1
9788,0
9789,1
9790,1
9791,1
9792,0
9793,1
9794,0
9795,0
9796,1
9797,1
9798,1
9799,0
9800,0
9801,1
9802,1
9803,1
9804,0
9805,1
9806,0
9807,0
9808,1
9809,0
9810,1
9811,1
9812,1
9813,0
9814,1
9815,0
9816,1
9817,1
9818,1
9819,1
9820,0
9821,0
9822,0
9823,1
9824,1
9825,0
9826,1
9827,0
9828,1
9829,0
9830,0
9831,1
9832,1
9833,1
9834,0
9835,1
9836,0
9837,1
9838,1
9839,0
9840,0
9841,0
9842,1
9843,1
9844,0
9845,1
9846,0
9847,1
9848,1
9849,1
9850,0
9851,0
9852,1
9853,1
9854,1
9855,0
9856,0
9857,0
9858,1
9859,0
9860,1
9861,0
9862,0
9863,1
9864,1
9865,1
9866,0
9867,1
9868,0
9869,1
9870,0
9871,1
9872,1
9873,0
9874,0
9875,1
9876,1
9877,0
9878,0
9879,0
9880,1
9881,0
9882,0
9883,0
9884,1
9885,0
9886,0
9887,1
9888,0
9889,1
9890,1
9891,0
9892,1
9893,1
9894,1
9895,1
9896,1
9897,0
9898,1
9899,0
9900,0
9901,0
9902,0
9903,1
9904,0
9905,1
9906,0
9907,1
9908,0
9909,1
9910,0
9911,0
9912,1
9913,1
9914,0
9915,0
9916,1
9917,1
9918,1
9919,0
9920,1
9921,1
9922,1
9923,0
9924,1
9925,1
9926,1
9927,0
9928,1
9929,1
9930,0
9931,0
9932,0
9933,0
9934,1
9935,0
9936,1
9937,0
9938,1
9939,1
9940,1
9941,0
9942,0
9943,0
9944,0
9945,0
9946,0
9947,0
9948,0
9949,1
9950,0
9951,1
9952,0
9953,0
9954,0
9955,1
9956,0
9957,0
9958,0
9959,0
9960,1
9961,0
9962,1
9963,0
9964,1
9965,1
9966,0
9967,1
9968,1
9969,1
9970,0
9971,0
9972,1
9973,0
9974,0
9975,1
9976,1
9977,1
9978,0
9979,1
9980,1
9981,0
9982,0
9983,0
9984,0
9985,1
9986,1
9987,1
9988,0
9989,1
9990,1
9991,0
9992,1
9993,0
9994,0
9995,1
9996,1
9997,1
9998,1
9999,1
10000,0
10001,1
10002,0
10003,1
10004,0
10005,0
10006,1
10007,0
10008,0
10009,0
10010,0
10011,0
10012,0
10013,0
10014,0
10015,1
10016,1
10017,0
10018,0
10019,0
10020,0
10021,0
10022,0
10023,0
10024,1
10025,1
10026,0
10027,0
10028,1
10029,0
10030,1
10031,0
10032,1
10033,0
10034,0
10035,1
10036,1
10037,1
10038,0
10039,0
10040,1
10041,0
10042,1
10043,0
10044,1
10045,0
10046,0
10047,1
10048,0
10049,1
10050,0
10051,1
10052,1
10053,0
10054,1
10055,1
10056,1
10057,1
10058,1
10059,0
10060,0
10061,0
10062,1
10063,0
10064,1
10065,1
10066,1
10067,0
10068,0
10069,0
10070,1
10071,1
10072,0
10073,1
10074,0
10075,0
10076,1
10077,0
10078,0
10079,0
10080,1
10081,1
10082,1
10083,1
10084,1
10085,1
10086,0
10087,1
10088,0
10089,0
10090,1
10091,0
10092,0
10093,1
10094,1
10095,1
10096,1
10097,0
10098,1
10099,1
10100,1
10101,0
10102,1
10103,0
10104,1
10105,0
10106,1
10107,1
10108,1
10109,1
10110,0
10111,1
10112,1
10113,1
10114,1
10115,1
10116,1
10117,0
10118,0
10119,1
10120,1
10121,1
10122,0
10123,0
10124,1
10125,1
10126,0
10127,1
10128,1
10129,0
10130,0
10131,1
10132,1
10133,1
10134,1
10135,1
10136,0
10137,0
10138,1
10139,0
10140,0
10141,0
10142,1
10143,1
10144,0
10145,1
10146,1
10147,1
10148,1
10149,1
10150,0
10151,0
10152,0
10153,0
10154,1
10155,0
10156,0
10157,1
10158,1
10159,0
10160,0
10161,0
10162,0
10163,1
10164,1
10165,0
10166,1
10167,0
10168,0
10169,0
10170,0
10171,1
10172,0
10173,0
10174,1
10175,0
10176,0
10177,1
10178,1
10179,1
10180,0
10181,0
10182,1
10183,1
10184,1
10185,0
10186,0
10187,0
10188,1
10189,1
10190,0
10191,0
10192,1
10193,0
10194,0
10195,0
10196,0
10197,0
10198,1
10199,1
10200,0
10201,0
10202,1
10203,0
10204,0
10205,1
10206,1
10207,1
10208,1
10209,1
10210,1
10211,0
10212,1
10213,1
10214,1
10215,0
10216,1
10217,1
10218,0
10219,0
10220,0
10221,0
10222,0
10223,0
10224,0
10225,0
10226,1
10227,0
10228,0
10229,1
10230,1
10231,0
10232,1
10233,1
10234,1
10235,1
10236,0
10237,0
10238,1
10239,1
10240,1
10241,1
10242,1
10243,1
10244,1
10245,0
10246,0
10247,0
10248,1
10249,0
10250,1
10251,0
10252,1
10253,1
10254,0
10255,1
10256,1
10257,1
10258,1
10259,1
10260,0
10261,1
10262,0
10263,1
10264,0
10265,1
10266,1
10267,1
10268,0
10269,1
10270,0
10271,0
10272,1
10273,1
10274,0
10275,0
10276,1
10277,0
10278,0
10279,1
10280,1
10281,1
10282,1
10283,1
10284,1
10285,1
10286,0
10287,1
10288,1
10289,1
10290,0
10291,0
10292,1
10293,0
10294,1
10295,0
10296,1
10297,1
10298,0
10299,0
10300,1
10301,1
10302,0
10303,1
10304,0
10305,0
10306,1
10307,1
10308,1
10309,1
10310,0
10311,0
10312,1
10313,1
10314,0
10315,0
10316,0
10317,1
10318,1
10319,1
10320,1
10321,1
10322,0
10323,1
10324,1
10325,0
10326,0
10327,1
10328,0
10329,1
10330,1
10331,0
10332,1
10333,0
10334,0
10335,1
10336,1
10337,1
10338,1
10339,0
10340,0
10341,1
10342,0
10343,0
10344,0
10345,1
10346,1
10347,1
10348,1
10349,0
10350,1
10351,0
10352,1
10353,0
10354,0
10355,1
10356,1
10357,1
10358,0
10359,1
10360,1
10361,0
10362,0
10363,0
10364,0
10365,0
10366,1
10367,0
10368,1
10369,1
10370,1
10371,0
10372,0
10373,1
10374,0
10375,1
10376,1
10377,0
10378,0
10379,1
10380,1
10381,1
10382,0
10383,1
10384,1
10385,1
10386,1
10387,1
10388,0
10389,0
10390,1
10391,0
10392,1
10393,0
10394,1
10395,0
10396,1
10397,0
10398,0
10399,0
10400,1
10401,0
10402,0
10403,1
10404,0
10405,0
10406,0
10407,0
10408,1
10409,1
10410,0
10411,1
10412,0
10413,1
10414,1
10415,0
10416,1
10417,0
10418,1
10419,1
10420,1
10421,0
10422,0
10423,1
10424,1
10425,0
10426,0
10427,0
10428,1
10429,1
10430,1
10431,0
10432,0
10433,0
10434,0
10435,1
10436,0
10437,0
10438,1
10439,0
10440,1
10441,0
10442,1
10443,1
10444,0
10445,1
10446,0
10447,1
10448,1
10449,1
10450,1
10451,0
10452,1
10453,1
10454,0
10455,0
10456,0
10457,0
10458,0
10459,0
10460,0
10461,1
10462,1
10463,1
10464,0
10465,0
10466,0
10467,1
10468,1
10469,1
10470,1
10471,1
10472,1
10473,1
10474,1
10475,0
10476,0
10477,0
10478,1
10479,1
10480,1
10481,1
10482,1
10483,1
10484,0
10485,1
10486,0
10487,1
10488,0
10489,1
10490,0
10491,1
10492,0
10493,1
10494,0
10495,1
10496,1
10497,1
10498,0
10499,0
10500,0
10501,0
10502,1
10503,1
10504,1
10505,1
10506,0
10507,1
10508,0
10509,0
10510,1
10511,0
10512,0
10513,0
10514,1
10515,1
10516,1
10517,0
10518,0
10519,0
10520,0
10521,0
10522,0
10523,0
10524,1
10525,1
10526,1
10527,1
10528,1
10529,1
10530,0
10531,1
10532,1
10533,1
10534,1
10535,1
10536,1
10537,1
10538,0
10539,0
10540,1
10541,0
10542,0
10543,1
10544,1
10545,1
10546,0
10547,0
10548,1
10549,0
10550,0
10551,0
10552,0
10553,1
10554,1
10555,1
10556,1
10557,0
10558,0
10559,1
10560,0
10561,0
10562,1
10563,0
10564,0
10565,0
10566,1
10567,0
10568,1
10569,0
10570,0
10571,0
10572,1
10573,0
10574,1
10575,1
10576,0
10577,1
10578,1
10579,0
10580,0
10581,1
10582,0
10583,1
10584,0
10585,1
10586,1
10587,0
10588,0
10589,0
10590,1
10591,1
10592,1
10593,0
10594,0
10595,1
10596,0
10597,1
10598,0
10599,0
10600,0
10601,0
10602,1
10603,1
10604,0
10605,0
10606,0
10607,1
10608,1
10609,1
10610,1
10611,1
10612,0
10613,0
10614,1
10615,1
10616,1
10617,1
10618,1
10619,1
10620,1
10621,1
10622,1
10623,1
10624,0
10625,1
10626,1
10627,0
10628,1
10629,1
10630,1
10631,0
10632,1
10633,1
10634,1
10635,0
10636,0
10637,0
10638,1
10639,0
10640,1
10641,1
10642,0
10643,1
10644,1
10645,0
10646,0
10647,1
10648,0
10649,0
10650,1
10651,1
10652,0
10653,0
10654,1
10655,1
10656,1
10657,0
10658,1
10659,0
10660,0
10661,1
10662,0
10663,0
10664,1
10665,0
10666,0
10667,1
10668,0
10669,0
10670,0
10671,1
10672,1
10673,0
10674,0
10675,0
10676,1
10677,1
10678,0
10679,0
10680,1
10681,1
10682,1
10683,1
10684,0
10685,0
10686,1
10687,0
10688,0
10689,1
10690,1
10691,0
10692,0
10693,0
10694,0
10695,0
10696,1
10697,0
10698,1
10699,0
10700,1
10701,1
10702,0
10703,1
10704,0
10705,0
10706,1
10707,0
10708,0
10709,0
10710,1
10711,0
10712,0
10713,0
10714,0
10715,1
10716,1
10717,1
10718,0
10719,1
10720,0
10721,1
10722,0
10723,0
10724,1
10725,0
10726,0
10727,0
10728,0
10729,0
10730,0
10731,1
10732,1
10733,1
10734,1
10735,0
10736,1
10737,1
10738,1
10739,1
10740,0
10741,0
10742,1
10743,0
10744,0
10745,0
10746,0
10747,0
10748,1
10749,0
10750,0
10751,0
10752,0
10753,1
10754,1
10755,0
10756,0
10757,0
10758,1
10759,1
10760,1
10761,1
10762,1
10763,0
10764,0
10765,1
10766,1
10767,0
10768,0
10769,1
10770,1
10771,1
10772,0
10773,0
10774,0
10775,0
10776,0
10777,0
10778,1
10779,0
10780,1
10781,0
10782,0
10783,0
10784,1
10785,1
10786,0
10787,1
10788,0
10789,0
10790,1
10791,1
10792,1
10793,0
10794,0
10795,1
10796,0
10797,0
10798,0
10799,1
10800,0
10801,1
10802,1
10803,1
10804,1
10805,1
10806,0
10807,1
10808,0
10809,0
10810,0
10811,1
10812,1
10813,0
10814,0
10815,1
10816,0
10817,1
10818,0
10819,1
10820,0
10821,1
10822,1
10823,1
10824,0
10825,1
10826,0
10827,0
10828,0
10829,0
10830,1
10831,0
10832,1
10833,0
10834,1
10835,1
10836,1
10837,1
10838,1
10839,1
10840,1
10841,0
10842,1
10843,0
10844,1
10845,0
10846,1
10847,0
10848,0
10849,0
10850,1
10851,1
10852,1
10853,0
10854,1
10855,1
10856,0
10857,1
10858,1
10859,0
10860,0
10861,0
10862,0
10863,1
10864,1
10865,1
10866,0
10867,1
10868,0
10869,1
10870,1
10871,1
10872,1
10873,0
10874,1
10875,0
10876,0
10877,0
10878,0
10879,1
10880,1
10881,0
10882,0
10883,1
10884,0
10885,1
10886,1
10887,1
10888,1
10889,0
10890,1
10891,1
10892,1
10893,0
10894,1
10895,1
10896,0
10897,1
10898,1
10899,1
10900,1
10901,1
10902,1
10903,1
10904,1
10905,1
10906,1
10907,1
10908,1
10909,1
10910,1
10911,1
10912,1
10913,0
10914,1
10915,1
10916,0
10917,1
10918,0
10919,1
10920,1
10921,0
10922,1
10923,1
10924,0
10925,1
10926,0
10927,0
10928,1
10929,0
10930,1
10931,1
10932,0
10933,0
10934,1
10935,1
10936,0
10937,1
10938,1
10939,1
10940,1
10941,0
10942,0
10943,0
10944,0
10945,0
10946,1
10947,1
10948,1
10949,1
10950,1
10951,1
10952,0
10953,1
10954,0
10955,1
10956,1
10957,0
10958,0
10959,0
10960,0
10961,1
10962,0
10963,1
10964,1
10965,1
10966,0
10967,1
10968,1
10969,0
10970,1
10971,1
10972,1
10973,0
10974,1
10975,1
10976,1
10977,1
10978,0
10979,0
10980,1
10981,0
10982,1
10983,1
10984,1
10985,1
10986,1
10987,0
10988,0
10989,0
10990,1
10991,1
10992,1
10993,1
10994,1
10995,1
10996,0
10997,0
10998,1
10999,1
11000,0
11001,0
11002,0
11003,1
11004,0
11005,1
11006,1
11007,1
11008,0
11009,1
11010,1
11011,0
11012,1
11013,0
11014,0
11015,1
11016,0
11017,1
11018,1
11019,0
11020,0
11021,1
11022,0
11023,0
11024,0
11025,1
11026,0
11027,0
11028,0
11029,0
11030,1
11031,1
11032,1
11033,1
11034,1
11035,1
11036,0
11037,1
11038,0
11039,0
11040,1
11041,1
11042,1
11043,1
11044,1
11045,0
11046,1
11047,0
11048,1
11049,1
11050,0
11051,0
11052,0
11053,1
11054,1
11055,1
11056,1
11057,1
11058,1
11059,0
11060,1
11061,1
11062,1
11063,1
11064,0
11065,1
11066,0
11067,1
11068,0
11069,0
11070,1
11071,0
11072,0
11073,1
11074,1
11075,1
11076,1
11077,1
11078,0
11079,1
11080,0
11081,0
11082,1
11083,0
11084,1
11085,0
11086,0
11087,0
11088,1
11089,0
11090,0
11091,1
11092,1
11093,0
11094,0
11095,0
11096,0
11097,1
11098,0
11099,1
11100,0
11101,0
11102,0
11103,1
11104,1
11105,0
11106,0
11107,1
11108,1
11109,1
11110,1
11111,0
11112,0
11113,1
11114,1
11115,0
11116,1
11117,1
11118,0
11119,1
11120,0
11121,1
11122,1
11123,1
11124,0
11125,0
11126,1
11127,0
11128,1
11129,1
11130,0
11131,0
11132,0
11133,0
11134,1
11135,1
11136,1
11137,1
11138,1
11139,0
11140,1
11141,1
11142,1
11143,0
11144,1
11145,1
11146,0
11147,0
11148,0
11149,0
11150,1
11151,0
11152,1
11153,1
11154,0
11155,1
11156,0
11157,0
11158,0
11159,1
11160,1
11161,1
11162,1
11163,0
11164,0
11165,0
11166,0
11167,0
11168,0
11169,0
11170,1
11171,0
11172,0
11173,1
11174,0
11175,0
11176,1
11177,0
11178,1
11179,1
11180,1
11181,0
11182,1
11183,1
11184,1
11185,1
11186,1
11187,1
11188,0
11189,0
11190,1
11191,0
11192,1
11193,1
11194,0
11195,1
11196,1
11197,0
11198,1
11199,0
11200,0
11201,0
11202,0
11203,1
11204,0
11205,1
11206,0
11207,0
11208,0
11209,1
11210,0
11211,0
11212,1
11213,0
11214,0
11215,1
11216,1
11217,1
11218,0
11219,0
11220,0
11221,1
11222,0
11223,0
11224,1
11225,0
11226,1
11227,0
11228,1
11229,0
11230,0
11231,1
11232,0
11233,1
11234,0
11235,0
11236,0
11237,1
11238,1
11239,1
11240,0
11241,1
11242,0
11243,1
11244,1
11245,1
11246,0
11247,1
11248,0
11249,1
11250,0
11251,0
11252,1
11253,1
11254,1
11255,0
11256,1
11257,0
11258,0
11259,1
11260,0
11261,1
11262,1
11263,0
11264,1
11265,1
11266,1
11267,0
11268,1
11269,0
11270,0
11271,0
11272,1
11273,0
11274,0
11275,0
11276,0
11277,1
11278,0
11279,0
11280,0
11281,0
11282,1
11283,1
11284,1
11285,0
11286,0
11287,1
11288,0
11289,0
11290,1
11291,0
11292,0
11293,0
11294,0
11295,0
11296,1
11297,1
11298,0
11299,0
11300,1
11301,0
11302,0
11303,1
11304,1
11305,0
11306,0
11307,1
11308,1
11309,0
11310,0
11311,0
11312,1
11313,1
11314,0
11315,0
11316,0
11317,1
11318,0
11319,0
11320,0
11321,0
11322,0
11323,0
11324,0
11325,1
11326,1
11327,1
11328,1
11329,0
11330,0
11331,1
11332,1
11333,0
11334,0
11335,1
11336,0
11337,1
11338,0
11339,1
11340,0
11341,1
11342,1
11343,1
11344,0
11345,1
11346,1
11347,1
11348,0
11349,0
11350,1
11351,0
11352,1
11353,1
11354,1
11355,0
11356,0
11357,1
11358,0
11359,0
11360,0
11361,0
11362,0
11363,0
11364,1
11365,1
11366,0
11367,0
11368,0
11369,0
11370,1
11371,1
11372,1
11373,1
11374,1
11375,1
11376,0
11377,0
11378,0
11379,0
11380,1
11381,1
11382,1
11383,1
11384,1
11385,0
11386,0
11387,1
11388,1
11389,1
11390,0
11391,1
11392,0
11393,1
11394,0
11395,0
11396,0
11397,0
11398,0
11399,1
11400,1
11401,0
11402,1
11403,1
11404,1
11405,0
11406,0
11407,1
11408,1
11409,1
11410,1
11411,1
11412,1
11413,0
11414,0
11415,1
11416,1
11417,0
11418,0
11419,0
11420,1
11421,0
11422,0
11423,1
11424,0
11425,1
11426,1
11427,1
11428,1
11429,1
11430,0
11431,0
11432,0
11433,1
11434,1
11435,1
11436,0
11437,0
11438,1
11439,1
11440,1
11441,1
11442,0
11443,0
11444,0
11445,1
11446,0
11447,1
11448,1
11449,1
11450,1
11451,1
11452,1
11453,1
11454,1
11455,0
11456,1
11457,0
11458,0
11459,1
11460,0
11461,0
11462,0
11463,1
11464,0
11465,0
11466,1
11467,1
11468,0
11469,0
11470,0
11471,1
11472,1
11473,0
11474,0
11475,0
11476,0
11477,0
11478,1
11479,1
11480,0
11481,1
11482,0
11483,1
11484,0
11485,1
11486,0
11487,1
11488,1
11489,1
11490,1
11491,0
11492,1
11493,0
11494,0
11495,0
11496,1
11497,0
11498,0
11499,1
11500,0
11501,1
11502,0
11503,1
11504,1
11505,1
11506,1
11507,1
11508,1
11509,1
11510,1
11511,1
11512,0
11513,1
11514,1
11515,1
11516,0
11517,1
11518,0
11519,0
11520,0
11521,1
11522,0
11523,1
11524,0
11525,0
11526,0
11527,1
11528,1
11529,0
11530,0
11531,0
11532,0
11533,0
11534,0
11535,1
11536,0
11537,0
11538,1
11539,0
11540,1
11541,1
11542,0
11543,0
11544,0
11545,0
11546,1
11547,0
11548,0
11549,1
11550,0
11551,0
11552,1
11553,1
11554,0
11555,1
11556,1
11557,0
11558,1
11559,0
11560,0
11561,1
11562,1
11563,1
11564,0
11565,0
11566,0
11567,1
11568,1
11569,0
11570,1
11571,1
11572,1
11573,0
11574,0
11575,0
11576,0
11577,0
11578,0
11579,1
11580,1
11581,1
11582,0
11583,0
11584,0
11585,0
11586,0
11587,0
11588,0
11589,0
11590,1
11591,0
11592,0
11593,1
11594,0
11595,0
11596,0
11597,1
11598,0
11599,0
11600,0
11601,1
11602,0
11603,1
11604,1
11605,1
11606,0
11607,0
11608,0
11609,1
11610,0
11611,1
11612,1
11613,1
11614,0
11615,1
11616,1
11617,0
11618,1
11619,0
11620,0
11621,0
11622,1
11623,0
11624,1
11625,0
11626,0
11627,1
11628,1
11629,1
11630,0
11631,1
11632,1
11633,1
11634,0
11635,1
11636,0
11637,1
11638,0
11639,1
11640,1
11641,1
11642,1
11643,0
11644,1
11645,1
11646,1
11647,1
11648,1
11649,0
11650,0
11651,1
11652,1
11653,0
11654,1
11655,0
11656,1
11657,1
11658,0
11659,1
11660,0
11661,0
11662,1
11663,1
11664,0
11665,0
11666,0
11667,1
11668,0
11669,0
11670,0
11671,1
11672,0
11673,1
11674,1
11675,1
11676,0
11677,0
11678,1
11679,0
11680,1
11681,0
11682,0
11683,0
11684,1
11685,0
11686,0
11687,0
11688,1
11689,0
11690,0
11691,1
11692,0
11693,1
11694,0
11695,0
11696,1
11697,0
11698,0
11699,0
11700,1
11701,0
11702,0
11703,1
11704,0
11705,1
11706,1
11707,1
11708,1
11709,0
11710,0
11711,1
11712,1
11713,0
11714,0
11715,1
11716,0
11717,0
11718,0
11719,1
11720,1
11721,1
11722,1
11723,0
11724,0
11725,0
11726,1
11727,1
11728,0
11729,1
11730,0
11731,1
11732,1
11733,0
11734,0
11735,1
11736,1
11737,1
11738,1
11739,1
11740,0
11741,0
11742,0
11743,1
11744,0
11745,0
11746,1
11747,1
11748,0
11749,0
11750,1
11751,1
11752,1
11753,1
11754,1
11755,1
11756,0
11757,1
11758,0
11759,1
11760,0
11761,0
11762,1
11763,0
11764,0
11765,1
11766,1
11767,0
11768,0
11769,1
11770,0
11771,0
11772,0
11773,1
11774,0
11775,0
11776,0
11777,0
11778,1
11779,1
11780,1
11781,0
11782,1
11783,1
11784,1
11785,1
11786,0
11787,0
11788,1
11789,0
11790,0
11791,1
11792,0
11793,1
11794,0
11795,1
11796,1
11797,0
11798,1
11799,0
11800,0
11801,1
11802,1
11803,1
11804,0
11805,1
11806,1
11807,0
11808,0
11809,1
11810,1
11811,1
11812,1
11813,0
11814,0
11815,1
11816,1
11817,1
11818,1
11819,0
11820,1
11821,1
11822,1
11823,0
11824,0
11825,1
11826,0
11827,0
11828,1
11829,0
11830,0
11831,1
11832,1
11833,1
11834,1
11835,1
11836,0
11837,1
11838,0
11839,1
11840,1
11841,1
11842,0
11843,1
11844,1
11845,1
11846,1
11847,1
11848,1
11849,1
11850,0
11851,1
11852,1
11853,1
11854,1
11855,0
11856,1
11857,1
11858,0
11859,0
11860,1
11861,1
11862,0
11863,1
11864,1
11865,1
11866,1
11867,1
11868,0
11869,0
11870,0
11871,0
11872,0
11873,0
11874,0
11875,0
11876,0
11877,0
11878,0
11879,0
11880,1
11881,1
11882,1
11883,0
11884,1
11885,1
11886,1
11887,1
11888,1
11889,0
11890,0
11891,1
11892,1
11893,1
11894,0
11895,1
11896,0
11897,1
11898,1
11899,1
11900,0
11901,1
11902,1
11903,0
11904,1
11905,1
11906,1
11907,0
11908,1
11909,0
11910,0
11911,0
11912,1
11913,0
11914,1
11915,0
11916,1
11917,0
11918,1
11919,1
11920,1
11921,1
11922,0
11923,0
11924,1
11925,0
11926,1
11927,0
11928,0
11929,1
11930,1
11931,1
11932,1
11933,1
11934,1
11935,0
11936,1
11937,0
11938,0
11939,0
11940,1
11941,0
11942,1
11943,1
11944,0
11945,0
11946,0
11947,0
11948,1
11949,0
11950,0
11951,1
11952,1
11953,1
11954,1
11955,1
11956,1
11957,1
11958,0
11959,0
11960,1
11961,0
11962,1
11963,1
11964,1
11965,1
11966,1
11967,1
11968,0
11969,0
11970,0
11971,1
11972,1
11973,0
11974,1
11975,1
11976,0
11977,1
11978,1
11979,1
11980,0
11981,1
11982,0
11983,0
11984,1
11985,1
11986,1
11987,1
11988,1
11989,1
11990,1
11991,1
11992,1
11993,0
11994,1
11995,0
11996,1
11997,0
11998,0
11999,0
12000,0
12001,1
12002,1
12003,1
12004,1
12005,0
12006,1
12007,0
12008,0
12009,1
12010,0
12011,0
12012,1
12013,0
12014,1
12015,0
12016,1
12017,0
12018,1
12019,1
12020,0
12021,0
12022,0
12023,1
12024,1
12025,0
12026,0
12027,0
12028,0
12029,0
12030,1
12031,0
12032,1
12033,1
12034,0
12035,1
12036,1
12037,0
12038,0
12039,1
12040,0
12041,0
12042,0
12043,1
12044,1
12045,1
12046,1
12047,1
12048,1
12049,1
12050,1
12051,1
12052,1
12053,0
12054,0
12055,1
12056,1
12057,0
12058,1
12059,0
12060,1
12061,1
12062,0
12063,0
12064,0
12065,1
12066,0
12067,1
12068,1
12069,1
12070,0
12071,1
12072,0
12073,0
12074,0
12075,0
12076,1
12077,0
12078,0
12079,1
12080,1
12081,1
12082,1
12083,0
12084,1
12085,0
12086,0
12087,0
12088,0
12089,1
12090,1
12091,1
12092,1
12093,1
12094,1
12095,1
12096,0
12097,1
12098,1
12099,0
12100,1
12101,1
12102,0
12103,1
12104,0
12105,1
12106,1
12107,1
12108,0
12109,0
12110,0
12111,0
12112,0
12113,0
12114,1
12115,0
12116,1
12117,0
12118,1
12119,0
12120,1
12121,1
12122,0
12123,0
12124,0
12125,0
12126,1
12127,1
12128,1
12129,1
12130,0
12131,0
12132,1
12133,1
12134,0
12135,0
12136,0
12137,1
12138,0
12139,0
12140,1
12141,0
12142,0
12143,1
12144,1
12145,0
12146,0
12147,1
12148,1
12149,1
12150,0
12151,1
12152,1
12153,1
12154,1
12155,0
12156,1
12157,1
12158,0
12159,0
12160,0
12161,1
12162,0
12163,0
12164,1
12165,1
12166,1
12167,1
12168,1
12169,0
12170,1
12171,0
12172,0
12173,1
12174,1
12175,0
12176,0
12177,0
12178,1
12179,0
12180,1
12181,1
12182,1
12183,1
12184,0
12185,0
12186,0
12187,0
12188,0
12189,1
12190,1
12191,1
12192,0
12193,0
12194,1
12195,1
12196,0
12197,0
12198,1
12199,1
12200,1
12201,1
12202,1
12203,0
12204,1
12205,1
12206,0
12207,1
12208,1
12209,1
12210,1
12211,1
12212,0
12213,1
12214,1
12215,1
12216,1
12217,1
12218,0
12219,1
12220,1
12221,1
12222,1
12223,0
12224,1
12225,0
12226,1
12227,0
12228,0
12229,1
12230,1
12231,0
12232,1
12233,1
12234,0
12235,0
12236,0
12237,1
12238,1
12239,1
12240,1
12241,1
12242,1
12243,1
12244,1
12245,0
12246,0
12247,1
12248,0
12249,0
12250,0
12251,1
12252,0
12253,0
12254,1
12255,1
12256,1
12257,0
12258,1
12259,0
12260,0
12261,1
12262,0
12263,1
12264,0
12265,1
12266,1
12267,0
12268,0
12269,1
12270,1
12271,0
12272,1
12273,0
12274,0
12275,1
12276,0
12277,1
12278,0
12279,1
12280,1
12281,1
12282,1
12283,1
12284,0
12285,1
12286,0
12287,1
12288,1
12289,1
12290,0
12291,1
12292,0
12293,0
12294,0
12295,1
12296,1
12297,1
12298,0
12299,0
12300,1
12301,0
12302,0
12303,1
12304,1
12305,1
12306,1
12307,0
12308,1
12309,1
12310,1
12311,1
12312,0
12313,1
12314,1
12315,0
12316,0
12317,1
12318,0
12319,0
12320,1
12321,1
12322,1
12323,1
12324,0
12325,1
12326,0
12327,1
12328,1
12329,1
12330,0
12331,0
12332,0
12333,0
12334,1
12335,0
12336,0
12337,0
12338,0
12339,1
12340,1
12341,0
12342,0
12343,0
12344,0
12345,1
12346,1
12347,0
12348,1
12349,1
12350,1
12351,1
12352,0
12353,1
12354,1
12355,0
12356,1
12357,0
12358,1
12359,0
12360,1
12361,0
12362,0
12363,0
12364,1
12365,0
12366,1
12367,1
12368,0
12369,1
12370,1
12371,0
12372,0
12373,1
12374,1
12375,0
12376,0
12377,0
12378,1
12379,0
12380,0
12381,0
12382,0
12383,1
12384,0
12385,1
12386,0
12387,0
12388,1
12389,1
12390,1
12391,0
12392,0
12393,1
12394,1
12395,0
12396,0
12397,1
12398,0
12399,1
12400,1
12401,1
12402,1
12403,1
12404,0
12405,0
12406,1
12407,0
12408,1
12409,0
12410,0
12411,1
12412,0
12413,0
12414,1
12415,0
12416,1
12417,0
12418,0
12419,0
12420,1
12421,0
12422,1
12423,0
12424,0
12425,1
12426,1
12427,1
12428,1
12429,0
12430,1
12431,0
12432,0
12433,1
12434,0
12435,1
12436,1
12437,0
12438,1
12439,0
12440,0
12441,0
12442,0
12443,1
12444,1
12445,0
12446,1
12447,1
12448,1
12449,1
12450,1
12451,0
12452,0
12453,0
12454,0
12455,0
12456,1
12457,0
12458,0
12459,1
12460,0
12461,1
12462,0
12463,1
12464,1
12465,1
12466,1
12467,0
12468,0
12469,0
12470,0
12471,0
12472,0
12473,1
12474,1
12475,0
12476,1
12477,0
12478,0
12479,0
12480,1
12481,1
12482,0
12483,1
12484,0
12485,1
12486,1
12487,1
12488,1
12489,1
12490,1
12491,0
12492,1
12493,0
12494,1
12495,0
12496,0
12497,0
12498,1
12499,1
12500,1
12501,1
12502,1
12503,1
12504,1
12505,1
12506,1
12507,0
12508,0
12509,0
12510,0
12511,1
12512,0
12513,0
12514,1
12515,0
12516,0
12517,0
12518,1
12519,1
12520,1
12521,0
12522,1
12523,0
12524,0
12525,1
12526,1
12527,0
12528,0
12529,1
12530,1
12531,1
12532,0
12533,1
12534,0
12535,0
12536,0
12537,1
12538,1
12539,1
12540,0
12541,0
12542,0
12543,1
12544,1
12545,0
12546,1
12547,1
12548,0
12549,0
12550,1
12551,0
12552,0
12553,0
12554,0
12555,1
12556,0
12557,1
12558,1
12559,0
12560,1
12561,0
12562,1
12563,1
12564,0
12565,0
12566,1
12567,1
12568,1
12569,0
12570,1
12571,1
12572,1
12573,0
12574,0
12575,1
12576,1
12577,0
12578,0
12579,0
12580,0
12581,0
12582,1
12583,1
12584,0
12585,0
12586,0
12587,1
12588,0
12589,1
12590,0
12591,0
12592,0
12593,0
12594,1
12595,1
12596,1
12597,0
12598,1
12599,0
12600,1
12601,0
12602,1
12603,0
12604,1
12605,1
12606,0
12607,0
12608,1
12609,1
12610,0
12611,1
12612,0
12613,1
12614,1
12615,0
12616,1
12617,1
12618,1
12619,0
12620,0
12621,1
12622,1
12623,0
12624,0
12625,1
12626,1
12627,0
12628,1
12629,0
12630,1
12631,0
12632,0
12633,1
12634,0
12635,0
12636,1
12637,0
12638,1
12639,0
12640,0
12641,1
12642,0
12643,1
12644,0
12645,1
12646,0
12647,0
12648,0
12649,0
12650,0
12651,0
12652,0
12653,0
12654,0
12655,1
12656,1
12657,0
12658,0
12659,1
12660,1
12661,1
12662,1
12663,1
12664,1
12665,0
12666,0
12667,0
12668,1
12669,0
12670,1
12671,1
12672,1
12673,1
12674,1
12675,1
12676,1
12677,0
12678,1
12679,0
12680,1
12681,0
12682,0
12683,0
12684,1
12685,1
12686,0
12687,0
12688,0
12689,1
12690,0
12691,1
12692,0
12693,1
12694,1
12695,1
12696,1
12697,0
12698,0
12699,1
12700,0
12701,0
12702,1
12703,1
12704,1
12705,1
12706,0
12707,1
12708,0
12709,0
12710,0
12711,1
12712,1
12713,0
12714,0
12715,0
12716,0
12717,1
12718,1
12719,1
12720,0
12721,0
12722,0
12723,1
12724,0
12725,1
12726,1
12727,1
12728,1
12729,0
12730,0
12731,0
12732,0
12733,0
12734,1
12735,0
12736,0
12737,0
12738,0
12739,0
12740,1
12741,0
12742,0
12743,0
12744,0
12745,0
12746,1
12747,1
12748,1
12749,0
12750,0
12751,1
12752,1
12753,0
12754,1
12755,0
12756,0
12757,1
12758,1
12759,1
12760,1
12761,1
12762,0
12763,1
12764,0
12765,1
12766,0
12767,1
12768,1
12769,1
12770,1
12771,0
12772,0
12773,1
12774,0
12775,0
12776,0
12777,1
12778,1
12779,0
12780,0
12781,0
12782,1
12783,0
12784,1
12785,1
12786,0
12787,1
12788,1
12789,0
12790,1
12791,1
12792,0
12793,1
12794,1
12795,0
12796,0
12797,0
12798,0
12799,0
12800,1
12801,0
12802,0
12803,1
12804,0
12805,0
12806,1
12807,0
12808,0
12809,0
12810,0
12811,0
12812,0
12813,0
12814,1
12815,0
12816,1
12817,1
12818,0
12819,1
12820,1
12821,0
12822,0
12823,0
12824,0
12825,1
12826,1
12827,1
12828,1
12829,0
12830,1
12831,1
12832,1
12833,0
12834,1
12835,0
12836,1
12837,1
12838,1
12839,0
12840,1
12841,0
12842,1
12843,1
12844,1
12845,0
12846,1
12847,1
12848,1
12849,1
12850,0
12851,1
12852,1
12853,0
12854,0
12855,1
12856,0
12857,0
12858,0
12859,1
12860,0
12861,1
12862,1
12863,1
12864,1
12865,0
12866,0
12867,1
12868,1
12869,1
12870,1
12871,1
12872,1
12873,0
12874,0
12875,1
12876,0
12877,1
12878,1
12879,1
12880,0
12881,0
12882,0
12883,1
12884,1
12885,0
12886,0
12887,0
12888,1
12889,0
12890,1
12891,0
12892,0
12893,0
12894,1
12895,0
12896,0
12897,0
12898,1
12899,0
12900,1
12901,1
12902,1
12903,0
12904,0
12905,1
12906,0
12907,0
12908,0
12909,0
12910,0
12911,0
12912,1
12913,0
12914,1
12915,0
12916,1
12917,0
12918,0
12919,0
12920,0
12921,1
12922,0
12923,0
12924,0
12925,0
12926,1
12927,1
12928,1
12929,0
12930,1
12931,0
12932,1
12933,0
12934,0
12935,0
12936,0
12937,0
12938,1
12939,0
12940,1
12941,1
12942,0
12943,0
12944,0
12945,1
12946,0
12947,1
12948,0
12949,1
12950,1
12951,0
12952,1
12953,1
12954,0
12955,0
12956,1
12957,0
12958,1
12959,1
12960,0
12961,1
12962,0
12963,1
12964,1
12965,0
12966,0
12967,0
12968,1
12969,0
12970,1
12971,0
12972,0
12973,1
12974,1
12975,0
12976,0
12977,1
12978,0
12979,1
12980,0
12981,0
12982,1
12983,0
12984,1
12985,0
12986,1
12987,0
12988,0
12989,0
12990,0
12991,0
12992,1
12993,1
12994,1
12995,0
12996,1
12997,1
12998,0
12999,1
13000,0
13001,1
13002,0
13003,0
13004,1
13005,0
13006,1
13007,1
13008,1
13009,0
13010,1
13011,1
13012,0
13013,1
13014,0
13015,1
13016,0
13017,0
13018,1
13019,1
13020,0
13021,1
13022,1
13023,0
13024,1
13025,1
13026,0
13027,1
13028,1
13029,0
13030,1
13031,0
13032,1
13033,0
13034,1
13035,1
13036,1
13037,1
13038,0
13039,0
13040,0
13041,1
13042,1
13043,0
13044,1
13045,1
13046,1
13047,0
13048,1
13049,1
13050,1
13051,0
13052,1
13053,1
13054,0
13055,0
13056,1
13057,0
13058,1
13059,1
13060,1
13061,0
13062,1
13063,0
13064,0
13065,0
13066,0
13067,0
13068,0
13069,1
13070,0
13071,0
13072,0
13073,0
13074,1
13075,0
13076,1
13077,0
13078,1
13079,0
13080,0
13081,1
13082,1
13083,0
13084,1
13085,1
13086,0
13087,1
13088,1
13089,1
13090,0
13091,0
13092,1
13093,0
13094,0
13095,1
13096,1
13097,1
13098,1
13099,1
13100,1
13101,0
13102,0
13103,0
13104,1
13105,0
13106,1
13107,0
13108,0
13109,1
13110,1
13111,1
13112,0
13113,1
13114,1
13115,1
13116,1
13117,1
13118,1
13119,0
13120,0
13121,0
13122,0
13123,1
13124,0
13125,1
13126,0
13127,1
13128,1
13129,0
13130,0
13131,1
13132,0
13133,1
13134,0
13135,0
13136,1
13137,1
13138,0
13139,1
13140,1
13141,1
13142,0
13143,0
13144,1
13145,0
13146,1
13147,1
13148,0
13149,1
13150,1
13151,1
13152,0
13153,0
13154,0
13155,0
13156,0
13157,1
13158,0
13159,0
13160,0
13161,1
13162,0
13163,1
13164,0
13165,1
13166,0
13167,1
13168,0
13169,1
13170,1
13171,0
13172,1
13173,1
13174,0
13175,0
13176,0
13177,0
13178,0
13179,0
13180,1
13181,0
13182,0
13183,0
13184,0
13185,0
13186,1
13187,1
13188,0
13189,1
13190,0
13191,0
13192,0
13193,0
13194,1
13195,0
13196,1
13197,0
13198,1
13199,1
13200,0
13201,1
13202,1
13203,1
13204,1
13205,0
13206,1
13207,0
13208,0
13209,0
13210,1
13211,1
13212,1
13213,0
13214,1
13215,0
13216,1
13217,1
13218,0
13219,0
13220,0
13221,0
13222,1
13223,1
13224,0
13225,1
13226,0
13227,0
13228,0
13229,1
13230,1
13231,1
13232,1
13233,0
13234,0
13235,1
13236,1
13237,1
13238,1
13239,1
13240,0
13241,1
13242,1
13243,0
13244,0
13245,1
13246,1
13247,0
13248,0
13249,0
13250,0
13251,1
13252,1
13253,1
13254,0
13255,0
13256,1
13257,1
13258,1
13259,0
13260,1
13261,0
13262,1
13263,0
13264,1
13265,1
13266,1
13267,0
13268,1
13269,1
13270,0
13271,1
13272,0
13273,1
13274,1
13275,0
13276,1
13277,0
13278,0
13279,0
13280,1
13281,1
13282,0
13283,1
13284,1
13285,0
13286,0
13287,1
13288,0
13289,0
13290,1
13291,1
13292,0
13293,1
13294,0
13295,1
13296,0
13297,0
13298,1
13299,0
13300,1
13301,0
13302,1
13303,1
13304,0
13305,1
13306,1
13307,0
13308,0
13309,0
13310,0
13311,1
13312,0
13313,1
13314,1
13315,0
13316,0
13317,0
13318,1
13319,0
13320,1
13321,1
13322,1
13323,1
13324,0
13325,1
13326,1
13327,0
13328,1
13329,1
13330,1
13331,1
13332,0
13333,0
13334,1
13335,1
13336,1
13337,1
13338,1
13339,0
13340,0
13341,1
13342,1
13343,1
13344,1
13345,0
13346,1
13347,0
13348,1
13349,1
13350,0
13351,1
13352,0
13353,1
13354,1
13355,1
13356,1
13357,0
13358,1
13359,0
13360,1
13361,1
13362,0
13363,0
13364,1
13365,0
13366,0
13367,0
13368,0
13369,1
13370,0
13371,0
13372,1
13373,1
13374,0
13375,1
13376,1
13377,1
13378,1
13379,1
13380,0
13381,1
13382,1
13383,0
13384,1
13385,1
13386,1
13387,1
13388,0
13389,1
13390,1
13391,1
13392,0
13393,1
13394,0
13395,1
13396,1
13397,1
13398,0
13399,0
13400,1
13401,1
13402,1
13403,0
13404,1
13405,1
13406,1
13407,1
13408,1
13409,0
13410,0
13411,1
13412,1
13413,1
13414,1
13415,0
13416,0
13417,0
13418,0
13419,1
13420,0
13421,1
13422,0
13423,0
13424,1
13425,1
13426,0
13427,0
13428,1
13429,1
13430,0
13431,1
13432,0
13433,0
13434,0
13435,0
13436,1
13437,1
13438,1
13439,0
13440,0
13441,1
13442,1
13443,1
13444,0
13445,1
13446,1
13447,0
13448,1
13449,1
13450,1
13451,0
13452,1
13453,1
13454,1
13455,0
13456,0
13457,1
13458,0
13459,1
13460,1
13461,0
13462,1
13463,1
13464,0
13465,0
13466,0
13467,1
13468,0
13469,0
13470,0
13471,0
13472,0
13473,1
13474,0
13475,0
13476,1
13477,1
13478,0
13479,0
13480,0
13481,0
13482,0
13483,0
13484,0
13485,1
13486,1
13487,0
13488,0
13489,0
13490,1
13491,0
13492,0
13493,0
13494,0
13495,1
13496,0
13497,1
13498,0
13499,0
13500,0
13501,1
13502,0
13503,1
13504,0
13505,0
13506,1
13507,0
13508,1
13509,0
13510,0
13511,0
13512,0
13513,0
13514,0
13515,0
13516,0
13517,1
13518,0
13519,1
13520,0
13521,0
13522,1
13523,0
13524,1
13525,0
13526,0
13527,0
13528,0
13529,1
13530,0
13531,1
13532,1
13533,1
13534,1
13535,1
13536,0
13537,0
13538,1
13539,0
13540,1
13541,0
13542,1
13543,1
13544,0
13545,0
13546,0
13547,1
13548,1
13549,1
13550,0
13551,1
13552,0
13553,0
13554,1
13555,0
13556,1
13557,1
13558,0
13559,1
13560,1
13561,0
13562,1
13563,0
13564,0
13565,0
13566,0
13567,1
13568,0
13569,0
13570,0
13571,1
13572,1
13573,0
13574,0
13575,0
13576,0
13577,1
13578,1
13579,1
13580,0
13581,0
13582,1
13583,0
13584,1
13585,0
13586,1
13587,1
13588,0
13589,0
13590,0
13591,0
13592,1
13593,0
13594,1
13595,0
13596,0
13597,1
13598,0
13599,0
13600,1
13601,1
13602,0
13603,1
13604,0
13605,1
13606,1
13607,1
13608,0
13609,0
13610,0
13611,0
13612,1
13613,1
13614,0
13615,0
13616,1
13617,0
13618,0
13619,1
13620,0
13621,0
13622,1
13623,1
13624,0
13625,1
13626,1
13627,1
13628,0
13629,1
13630,0
13631,1
13632,1
13633,0
13634,1
13635,1
13636,0
13637,1
13638,1
13639,0
13640,1
13641,0
13642,0
13643,0
13644,0
13645,1
13646,1
13647,1
13648,0
13649,0
13650,1
13651,0
13652,0
13653,1
13654,1
13655,1
13656,1
13657,1
13658,1
13659,0
13660,1
13661,1
13662,0
13663,1
13664,1
13665,0
13666,0
13667,1
13668,0
13669,0
13670,1
13671,0
13672,1
13673,0
13674,0
13675,1
13676,0
13677,0
13678,1
13679,0
13680,0
13681,0
13682,1
13683,1
13684,1
13685,1
13686,0
13687,0
13688,1
13689,1
13690,1
13691,1
13692,1
13693,1
13694,1
13695,0
13696,1
13697,0
13698,1
13699,0
13700,1
13701,1
13702,1
13703,1
13704,1
13705,1
13706,0
13707,1
13708,0
13709,1
13710,0
13711,0
13712,1
13713,0
13714,0
13715,0
13716,1
13717,0
13718,1
13719,1
13720,0
13721,1
13722,1
13723,0
13724,0
13725,0
13726,0
13727,0
13728,1
13729,1
13730,1
13731,0
13732,0
13733,1
13734,0
13735,1
13736,1
13737,0
13738,0
13739,1
13740,0
13741,1
13742,1
13743,0
13744,1
13745,0
13746,1
13747,0
13748,1
13749,0
13750,1
13751,0
13752,1
13753,1
13754,0
13755,1
13756,1
13757,1
13758,1
13759,1
13760,1
13761,0
13762,1
13763,0
13764,1
13765,1
13766,0
13767,0
13768,0
13769,1
13770,0
13771,1
13772,1
13773,0
13774,1
13775,0
13776,1
13777,1
13778,1
13779,0
13780,0
13781,0
13782,0
13783,1
13784,1
13785,0
13786,1
13787,1
13788,1
13789,0
13790,1
13791,1
13792,1
13793,0
13794,0
13795,1
13796,1
13797,1
13798,1
13799,1
13800,1
13801,1
13802,1
13803,1
13804,0
13805,1
13806,1
13807,1
13808,0
13809,0
13810,0
13811,1
13812,0
13813,1
13814,1
13815,1
13816,1
13817,1
13818,0
13819,1
13820,1
13821,1
13822,0
13823,0
13824,1
13825,0
13826,0
13827,0
13828,1
13829,0
13830,1
13831,1
13832,0
13833,1
13834,1
13835,1
13836,1
13837,1
13838,1
13839,0
13840,0
13841,1
13842,1
13843,1
13844,0
13845,1
13846,0
13847,0
13848,0
13849,1
13850,1
13851,1
13852,1
13853,0
13854,0
13855,0
13856,1
13857,1
13858,1
13859,0
13860,1
13861,1
13862,0
13863,0
13864,1
13865,0
13866,0
13867,0
13868,1
13869,1
13870,1
13871,1
13872,1
13873,1
13874,1
13875,1
13876,0
13877,1
13878,0
13879,0
13880,0
13881,0
13882,1
13883,0
13884,0
13885,0
13886,0
13887,0
13888,0
13889,1
13890,1
13891,1
13892,0
13893,1
13894,1
13895,1
13896,1
13897,0
13898,0
13899,0
13900,0
13901,1
13902,0
13903,0
13904,0
13905,1
13906,1
13907,0
13908,1
13909,0
13910,0
13911,1
13912,1
13913,1
13914,1
13915,0
13916,1
13917,1
13918,1
13919,1
13920,1
13921,0
13922,1
13923,1
13924,0
13925,1
13926,1
13927,0
13928,1
13929,0
13930,1
13931,1
13932,1
13933,1
13934,0
13935,1
13936,0
13937,0
13938,0
13939,1
13940,1
13941,0
13942,1
13943,1
13944,1
13945,1
13946,1
13947,0
13948,1
13949,0
13950,0
13951,1
13952,1
13953,1
13954,0
13955,1
13956,1
13957,0
13958,1
13959,1
13960,1
13961,1
13962,1
13963,0
13964,1
13965,1
13966,0
13967,1
13968,1
13969,0
13970,1
13971,1
13972,0
13973,0
13974,0
13975,1
13976,0
13977,1
13978,0
13979,1
13980,0
13981,1
13982,1
13983,1
13984,0
13985,0
13986,0
13987,0
13988,1
13989,1
13990,0
13991,0
13992,1
13993,1
13994,0
13995,0
13996,0
13997,1
13998,1
13999,0
14000,0
14001,1
14002,0
14003,0
14004,1
14005,0
14006,1
14007,1
14008,1
14009,1
14010,0
14011,0
14012,0
14013,1
14014,1
14015,1
14016,0
14017,0
14018,1
14019,0
14020,1
14021,1
14022,1
14023,0
14024,1
14025,1
14026,0
14027,1
14028,1
14029,1
14030,0
14031,0
14032,0
14033,1
14034,1
14035,1
14036,0
14037,1
14038,0
14039,1
14040,1
14041,0
14042,1
14043,1
14044,1
14045,1
14046,1
14047,0
14048,1
14049,0
14050,1
14051,0
14052,0
14053,0
14054,1
14055,0
14056,1
14057,1
14058,1
14059,1
14060,1
14061,1
14062,1
14063,1
14064,0
14065,1
14066,0
14067,1
14068,1
14069,1
14070,0
14071,1
14072,1
14073,0
14074,0
14075,0
14076,0
14077,1
14078,0
14079,0
14080,0
14081,0
14082,1
14083,1
14084,0
14085,0
14086,1
14087,1
14088,0
14089,0
14090,1
14091,0
14092,1
14093,1
14094,1
14095,1
14096,0
14097,0
14098,0
14099,1
14100,0
14101,0
14102,0
14103,0
14104,1
14105,1
14106,1
14107,1
14108,0
14109,1
14110,0
14111,1
14112,1
14113,0
14114,0
14115,0
14116,0
14117,0
14118,1
14119,0
14120,1
14121,0
14122,0
14123,1
14124,0
14125,1
14126,1
14127,1
14128,1
14129,0
14130,1
14131,1
14132,0
14133,1
14134,0
14135,1
14136,0
14137,1
14138,1
14139,1
14140,1
14141,0
14142,1
14143,1
14144,1
14145,1
14146,0
14147,1
14148,0
14149,1
14150,0
14151,0
14152,0
14153,1
14154,1
14155,0
14156,1
14157,0
14158,0
14159,1
14160,1
14161,1
14162,1
14163,1
14164,0
14165,1
14166,1
14167,1
14168,0
14169,1
14170,0
14171,0
14172,0
14173,0
14174,1
14175,0
14176,0
14177,0
14178,0
14179,0
14180,1
14181,0
14182,1
14183,1
14184,0
14185,1
14186,1
14187,0
14188,1
14189,0
14190,1
14191,1
14192,1
14193,0
14194,1
14195,0
14196,1
14197,0
14198,0
14199,0
14200,1
14201,1
14202,1
14203,0
14204,0
14205,1
14206,0
14207,1
14208,1
14209,0
14210,1
14211,0
14212,1
14213,1
14214,0
14215,1
14216,0
14217,1
14218,1
14219,1
14220,1
14221,1
14222,1
14223,1
14224,1
14225,0
14226,1
14227,0
14228,1
14229,0
14230,0
14231,1
14232,0
14233,0
14234,1
14235,0
14236,0
14237,1
14238,1
14239,0
14240,0
14241,0
14242,0
14243,1
14244,0
14245,1
14246,1
14247,1
14248,0
14249,1
14250,1
14251,1
14252,0
14253,0
14254,1
14255,1
14256,1
14257,1
14258,1
14259,1
14260,1
14261,1
14262,1
14263,0
14264,1
14265,1
14266,0
14267,1
14268,1
14269,0
14270,1
14271,0
14272,0
14273,0
14274,1
14275,1
14276,1
14277,1
14278,0
14279,0
14280,1
14281,0
14282,1
14283,1
14284,0
14285,1
14286,0
14287,1
14288,0
14289,0
14290,1
14291,0
14292,1
14293,1
14294,1
14295,0
14296,0
14297,0
14298,1
14299,1
14300,0
14301,1
14302,1
14303,1
14304,0
14305,0
14306,1
14307,1
14308,1
14309,1
14310,1
14311,1
14312,1
14313,1
14314,0
14315,1
14316,0
14317,1
14318,0
14319,1
14320,1
14321,0
14322,0
14323,1
14324,1
14325,0
14326,0
14327,0
14328,0
14329,1
14330,0
14331,0
14332,0
14333,1
14334,0
14335,0
14336,0
14337,0
14338,1
14339,1
14340,1
14341,0
14342,1
14343,0
14344,1
14345,1
14346,1
14347,1
14348,1
14349,1
14350,0
14351,0
14352,0
14353,0
14354,1
14355,1
14356,0
14357,0
14358,1
14359,0
14360,1
14361,0
14362,0
14363,0
14364,0
14365,0
14366,0
14367,1
14368,1
14369,1
14370,0
14371,1
14372,1
14373,1
14374,1
14375,0
14376,1
14377,1
14378,0
14379,0
14380,1
14381,1
14382,0
14383,1
14384,1
14385,1
14386,0
14387,0
14388,0
14389,1
14390,1
14391,0
14392,0
14393,1
14394,1
14395,0
14396,0
14397,0
14398,1
14399,1
14400,0
14401,1
14402,0
14403,1
14404,1
14405,0
14406,0
14407,1
14408,0
14409,1
14410,1
14411,1
14412,1
14413,1
14414,1
14415,0
14416,1
14417,1
14418,1
14419,1
14420,1
14421,0
14422,1
14423,0
14424,0
14425,1
14426,1
14427,0
14428,0
14429,0
14430,1
14431,0
14432,0
14433,1
14434,1
14435,1
14436,1
14437,1
14438,1
14439,0
14440,1
14441,1
14442,0
14443,1
14444,1
14445,1
14446,0
14447,1
14448,1
14449,0
14450,0
14451,0
14452,1
14453,1
14454,1
14455,1
14456,0
14457,0
14458,0
14459,1
14460,1
14461,0
14462,0
14463,1
14464,1
14465,1
14466,0
14467,0
14468,0
14469,0
14470,1
14471,1
14472,0
14473,0
14474,0
14475,1
14476,1
14477,1
14478,1
14479,0
14480,1
14481,0
14482,1
14483,0
14484,1
14485,0
14486,1
14487,1
14488,1
14489,0
14490,1
14491,0
14492,0
14493,0
14494,0
14495,0
14496,0
14497,0
14498,1
14499,0
14500,1
14501,1
14502,0
14503,0
14504,0
14505,1
14506,1
14507,0
14508,1
14509,0
14510,1
14511,0
14512,1
14513,0
14514,1
14515,1
14516,0
14517,1
14518,1
14519,0
14520,0
14521,1
14522,0
14523,0
14524,0
14525,0
14526,0
14527,0
14528,0
14529,0
14530,0
14531,1
14532,0
14533,0
14534,0
14535,1
14536,1
14537,0
14538,0
14539,0
14540,1
14541,0
14542,0
14543,1
14544,0
14545,0
14546,1
14547,0
14548,1
14549,1
14550,0
14551,1
14552,1
14553,1
14554,0
14555,1
14556,1
14557,1
14558,1
14559,0
14560,1
14561,1
14562,0
14563,1
14564,1
14565,1
14566,0
14567,1
14568,1
14569,0
14570,1
14571,0
14572,0
14573,0
14574,0
14575,1
14576,0
14577,1
14578,0
14579,0
14580,1
14581,0
14582,1
14583,0
14584,1
14585,1
14586,1
14587,0
14588,1
14589,1
14590,0
14591,0
14592,1
14593,1
14594,0
14595,0
14596,0
14597,0
14598,0
14599,1
14600,1
14601,1
14602,1
14603,0
14604,1
14605,0
14606,0
14607,1
14608,0
14609,1
14610,1
14611,1
14612,1
14613,1
14614,0
14615,1
14616,0
14617,0
14618,1
14619,1
14620,1
14621,1
14622,1
14623,0
14624,1
14625,1
14626,1
14627,0
14628,0
14629,1
14630,0
14631,1
14632,0
14633,0
14634,0
14635,1
14636,0
14637,0
14638,1
14639,0
14640,1
14641,0
14642,0
14643,1
14644,1
14645,1
14646,1
14647,1
14648,0
14649,0
14650,1
14651,0
14652,0
14653,1
14654,1
14655,1
14656,1
14657,1
14658,0
14659,1
14660,1
14661,0
14662,0
14663,0
14664,0
14665,0
14666,1
14667,0
14668,0
14669,1
14670,0
14671,0
14672,0
14673,0
14674,0
14675,0
14676,0
14677,1
14678,1
14679,1
14680,0
14681,1
14682,1
14683,0
14684,0
14685,0
14686,1
14687,1
14688,1
14689,1
14690,1
14691,0
14692,0
14693,0
14694,1
14695,0
14696,0
14697,0
14698,0
14699,0
14700,0
14701,0
14702,1
14703,0
14704,1
14705,0
14706,0
14707,0
14708,1
14709,1
14710,0
14711,0
14712,1
14713,0
14714,0
14715,1
14716,1
14717,1
14718,1
14719,0
14720,0
14721,0
14722,0
14723,0
14724,0
14725,1
14726,1
14727,1
14728,1
14729,0
14730,1
14731,0
14732,1
14733,1
14734,0
14735,0
14736,0
14737,1
14738,0
14739,0
14740,0
14741,1
14742,0
14743,1
14744,1
14745,0
14746,1
14747,0
14748,1
14749,1
14750,1
14751,1
14752,1
14753,0
14754,0
14755,0
14756,0
14757,1
14758,0
14759,0
14760,1
14761,1
14762,1
14763,1
14764,0
14765,0
14766,1
14767,0
14768,1
14769,0
14770,1
14771,1
14772,1
14773,1
14774,1
14775,0
14776,0
14777,0
14778,1
14779,0
14780,0
14781,1
14782,1
14783,1
14784,1
14785,0
14786,0
14787,0
14788,1
14789,0
14790,1
14791,0
14792,0
14793,0
14794,0
14795,0
14796,1
14797,1
14798,0
14799,1
14800,0
14801,0
14802,0
14803,1
14804,0
14805,0
14806,1
14807,0
14808,0
14809,0
14810,1
14811,1
14812,1
14813,1
14814,0
14815,1
14816,1
14817,1
14818,0
14819,0
14820,1
14821,0
14822,1
14823,1
14824,1
14825,1
14826,1
14827,0
14828,1
14829,0
14830,1
14831,1
14832,0
14833,1
14834,0
14835,1
14836,0
14837,1
14838,0
14839,1
14840,1
14841,1
14842,0
14843,0
14844,1
14845,1
14846,1
14847,0
14848,0
14849,1
14850,0
14851,1
14852,0
14853,0
14854,1
14855,1
14856,0
14857,0
14858,1
14859,0
14860,0
14861,0
14862,1
14863,0
14864,1
14865,1
14866,1
14867,0
14868,1
14869,1
14870,0
14871,1
14872,1
14873,1
14874,1
14875,0
14876,0
14877,1
14878,0
14879,1
14880,1
14881,1
14882,1
14883,1
14884,1
14885,1
14886,1
14887,1
14888,0
14889,1
14890,1
14891,1
14892,1
14893,1
14894,0
14895,0
14896,1
14897,1
14898,0
14899,1
14900,0
14901,1
14902,0
14903,0
14904,1
14905,0
14906,1
14907,0
14908,1
14909,1
14910,0
14911,0
14912,0
14913,0
14914,0
14915,1
14916,1
14917,1
14918,1
14919,0
14920,1
14921,0
14922,0
14923,0
14924,1
14925,1
14926,0
14927,1
14928,0
14929,0
14930,1
14931,1
14932,1
14933,1
14934,0
14935,0
14936,1
14937,1
14938,1
14939,0
14940,0
14941,1
14942,0
14943,1
14944,1
14945,1
14946,1
14947,0
14948,1
14949,0
14950,0
14951,0
14952,1
14953,0
14954,0
14955,0
14956,0
14957,1
14958,1
14959,0
14960,1
14961,1
14962,1
14963,0
14964,0
14965,0
14966,1
14967,1
14968,0
14969,0
14970,1
14971,0
14972,0
14973,1
14974,0
14975,0
14976,0
14977,1
14978,0
14979,1
14980,1
14981,1
14982,0
14983,0
14984,0
14985,0
14986,1
14987,1
14988,0
14989,0
14990,1
14991,1
14992,1
14993,0
14994,1
14995,0
14996,1
14997,1
14998,0
14999,1
15000,0
15001,1
15002,1
15003,1
15004,1
15005,1
15006,0
15007,1
15008,1
15009,0
15010,0
15011,1
15012,1
15013,0
15014,1
15015,0
15016,0
15017,1
15018,1
15019,1
15020,0
15021,0
15022,1
15023,0
15024,0
15025,1
15026,1
15027,1
15028,0
15029,0
15030,0
15031,1
15032,0
15033,0
15034,0
15035,1
15036,1
15037,1
15038,1
15039,1
15040,0
15041,1
15042,1
15043,1
15044,0
15045,0
15046,1
15047,1
15048,1
15049,1
15050,1
15051,0
15052,1
15053,0
15054,0
15055,1
15056,0
15057,1
15058,0
15059,1
15060,1
15061,0
15062,1
15063,0
15064,0
15065,1
15066,0
15067,1
15068,0
15069,1
15070,1
15071,1
15072,1
15073,1
15074,0
15075,0
15076,1
15077,1
15078,1
15079,1
15080,1
15081,1
15082,0
15083,0
15084,0
15085,0
15086,0
15087,1
15088,0
15089,1
15090,1
15091,1
15092,0
15093,1
15094,0
15095,1
15096,0
15097,0
15098,1
15099,0
15100,0
15101,0
15102,1
15103,1
15104,1
15105,0
15106,1
15107,1
15108,1
15109,1
15110,0
15111,0
15112,0
15113,0
15114,1
15115,0
15116,0
15117,1
15118,0
15119,0
15120,0
15121,1
15122,0
15123,0
15124,1
15125,1
15126,0
15127,0
15128,1
15129,0
15130,1
15131,0
15132,0
15133,0
15134,0
15135,1
15136,1
15137,1
15138,1
15139,0
15140,0
15141,0
15142,1
15143,0
15144,1
15145,1
15146,1
15147,1
15148,1
15149,1
15150,1
15151,1
15152,0
15153,1
15154,1
15155,0
15156,0
15157,1
15158,1
15159,1
15160,0
15161,0
15162,0
15163,0
15164,0
15165,0
15166,1
15167,0
15168,0
15169,1
15170,0
15171,1
15172,1
15173,1
15174,0
15175,0
15176,1
15177,0
15178,0
15179,0
15180,1
15181,0
15182,1
15183,1
15184,0
15185,1
15186,1
15187,1
15188,0
15189,0
15190,1
15191,1
15192,1
15193,1
15194,1
15195,1
15196,1
15197,0
15198,0
15199,1
15200,1
15201,1
15202,0
15203,1
15204,0
15205,1
15206,1
15207,1
15208,0
15209,1
15210,0
15211,1
15212,1
15213,0
15214,1
15215,1
15216,1
15217,1
15218,0
15219,1
15220,1
15221,0
15222,0
15223,0
15224,1
15225,0
15226,0
15227,1
15228,0
15229,0
15230,0
15231,1
15232,1
15233,0
15234,0
15235,0
15236,0
15237,1
15238,1
15239,0
15240,1
15241,1
15242,0
15243,1
15244,0
15245,1
15246,1
15247,0
15248,1
15249,1
15250,0
15251,1
15252,0
15253,1
15254,1
15255,0
15256,0
15257,0
15258,0
15259,1
15260,1
15261,1
15262,0
15263,0
15264,1
15265,1
15266,0
15267,0
15268,0
15269,0
15270,1
15271,1
15272,0
15273,1
15274,1
15275,0
15276,1
15277,0
15278,0
15279,1
15280,0
15281,1
15282,1
15283,1
15284,1
15285,1
15286,0
15287,1
15288,1
15289,1
15290,0
15291,0
15292,0
15293,0
15294,1
15295,0
15296,0
15297,0
15298,1
15299,0
15300,0
15301,0
15302,1
15303,0
15304,0
15305,0
15306,1
15307,0
15308,0
15309,0
15310,1
15311,1
15312,0
15313,0
15314,1
15315,0
15316,1
15317,1
15318,1
15319,0
15320,1
15321,0
15322,0
15323,1
15324,1
15325,1
15326,0
15327,1
15328,0
15329,0
15330,1
15331,1
15332,1
15333,1
15334,0
15335,1
15336,1
15337,0
15338,0
15339,1
15340,0
15341,1
15342,1
15343,0
15344,0
15345,0
15346,1
15347,1
15348,0
15349,1
15350,0
15351,0
15352,1
15353,0
15354,1
15355,0
15356,1
15357,1
15358,1
15359,0
15360,0
15361,0
15362,1
15363,1
15364,0
15365,1
15366,1
15367,1
15368,1
15369,1
15370,0
15371,1
15372,0
15373,0
15374,1
15375,0
15376,0
15377,1
15378,1
15379,0
15380,0
15381,0
15382,1
15383,1
15384,1
15385,1
15386,0
15387,0
15388,0
15389,1
15390,0
15391,0
15392,1
15393,0
15394,0
15395,0
15396,1
15397,0
15398,1
15399,0
15400,1
15401,0
15402,0
15403,0
15404,0
15405,1
15406,0
15407,0
15408,1
15409,0
15410,0
15411,0
15412,1
15413,0
15414,0
15415,1
15416,1
15417,1
15418,1
15419,1
15420,1
15421,1
15422,0
15423,1
15424,1
15425,1
15426,1
15427,0
15428,1
15429,0
15430,1
15431,0
15432,0
15433,0
15434,1
15435,0
15436,0
15437,1
15438,0
15439,1
15440,1
15441,1
15442,0
15443,1
15444,0
15445,0
15446,1
15447,1
15448,0
15449,1
15450,1
15451,0
15452,0
15453,0
15454,1
15455,0
15456,1
15457,1
15458,1
15459,1
15460,1
15461,0
15462,1
15463,1
15464,1
15465,0
15466,1
15467,0
15468,0
15469,1
15470,0
15471,1
15472,1
15473,0
15474,0
15475,1
15476,0
15477,0
15478,1
15479,1
15480,1
15481,1
15482,1
15483,0
15484,0
15485,0
15486,0
15487,0
15488,0
15489,1
15490,0
15491,1
15492,0
15493,1
15494,0
15495,0
15496,0
15497,1
15498,1
15499,0
15500,0
15501,0
15502,0
15503,0
15504,1
15505,1
15506,0
15507,1
15508,0
15509,1
15510,1
15511,0
15512,1
15513,1
15514,1
15515,1
15516,0
15517,1
15518,0
15519,1
15520,1
15521,1
15522,0
15523,0
15524,1
15525,0
15526,0
15527,1
15528,1
15529,1
15530,0
15531,1
15532,0
15533,0
15534,0
15535,1
15536,1
15537,0
15538,1
15539,1
15540,0
15541,1
15542,0
15543,1
15544,0
15545,1
15546,0
15547,0
15548,0
15549,1
15550,1
15551,0
15552,0
15553,1
15554,1
15555,1
15556,0
15557,1
15558,0
15559,1
15560,0
15561,0
15562,1
15563,1
15564,0
15565,1
15566,0
15567,1
15568,1
15569,0
15570,0
15571,0
15572,1
15573,1
15574,0
15575,1
15576,0
15577,1
15578,0
15579,0
15580,0
15581,0
15582,1
15583,1
15584,1
15585,0
15586,1
15587,1
15588,1
15589,1
15590,0
15591,1
15592,0
15593,1
15594,1
15595,0
15596,0
15597,1
15598,0
15599,1
15600,0
15601,1
15602,0
15603,0
15604,1
15605,1
15606,1
15607,0
15608,0
15609,1
15610,1
15611,1
15612,1
15613,1
15614,1
15615,1
15616,1
15617,0
15618,0
15619,1
15620,1
15621,1
15622,1
15623,1
15624,1
15625,0
15626,0
15627,0
15628,1
15629,0
15630,0
15631,1
15632,1
15633,1
15634,1
15635,0
15636,1
15637,0
15638,1
15639,0
15640,0
15641,1
15642,0
15643,1
15644,0
15645,1
15646,1
15647,0
15648,1
15649,1
15650,0
15651,1
15652,0
15653,0
15654,0
15655,1
15656,0
15657,1
15658,0
15659,0
15660,1
15661,1
15662,1
15663,1
15664,0
15665,0
15666,0
15667,0
15668,1
15669,0
15670,1
15671,1
15672,0
15673,0
15674,1
15675,1
15676,1
15677,0
15678,1
15679,0
15680,0
15681,0
15682,0
15683,0
15684,1
15685,1
15686,1
15687,1
15688,1
15689,1
15690,0
15691,1
15692,1
15693,1
15694,1
15695,0
15696,1
15697,1
15698,1
15699,1
15700,1
15701,1
15702,0
15703,1
15704,0
15705,1
15706,1
15707,1
15708,1
15709,0
15710,0
15711,1
15712,1
15713,0
15714,0
15715,1
15716,1
15717,1
15718,1
15719,0
15720,0
15721,1
15722,1
15723,1
15724,0
15725,1
15726,0
15727,0
15728,1
15729,1
15730,1
15731,0
15732,0
15733,0
15734,0
15735,1
15736,0
15737,1
15738,0
15739,1
15740,1
15741,0
15742,0
15743,1
15744,1
15745,1
15746,0
15747,0
15748,1
15749,0
15750,1
15751,1
15752,0
15753,0
15754,1
15755,0
15756,1
15757,0
15758,0
15759,1
15760,1
15761,1
15762,1
15763,0
15764,1
15765,0
15766,1
15767,1
15768,0
15769,1
15770,1
15771,1
15772,0
15773,1
15774,1
15775,0
15776,1
15777,0
15778,1
15779,0
15780,1
15781,0
15782,1
15783,1
15784,1
15785,1
15786,0
15787,1
15788,1
15789,1
15790,0
15791,1
15792,1
15793,1
15794,1
15795,1
15796,0
15797,0
15798,0
15799,1
15800,0
15801,0
15802,1
15803,0
15804,1
15805,1
15806,1
15807,0
15808,0
15809,0
15810,1
15811,0
15812,1
15813,1
15814,1
15815,0
15816,1
15817,1
15818,0
15819,1
15820,0
15821,0
15822,0
15823,1
15824,0
15825,1
15826,0
15827,0
15828,0
15829,0
15830,1
15831,1
15832,1
15833,0
15834,1
15835,0
15836,1
15837,1
15838,1
15839,1
15840,0
15841,0
15842,1
15843,1
15844,1
15845,0
15846,1
15847,0
15848,1
15849,0
15850,1
15851,0
15852,1
15853,0
15854,1
15855,1
15856,0
15857,1
15858,0
15859,1
15860,0
15861,0
15862,0
15863,0
15864,1
15865,0
15866,1
15867,0
15868,0
15869,0
15870,1
15871,1
15872,0
15873,0
15874,1
15875,1
15876,0
15877,1
15878,0
15879,0
15880,1
15881,0
15882,0
15883,0
15884,0
15885,1
15886,1
15887,0
15888,0
15889,1
15890,1
15891,0
15892,0
15893,1
15894,0
15895,0
15896,0
15897,0
15898,0
15899,0
15900,0
15901,1
15902,1
15903,0
15904,1
15905,1
15906,0
15907,1
15908,0
15909,1
15910,1
15911,0
15912,1
15913,1
15914,0
15915,1
15916,1
15917,1
15918,0
15919,1
15920,0
15921,1
15922,1
15923,0
15924,1
15925,0
15926,1
15927,0
15928,1
15929,0
15930,1
15931,0
15932,0
15933,1
15934,0
15935,0
15936,1
15937,0
15938,1
15939,0
15940,0
15941,1
15942,1
15943,1
15944,0
15945,0
15946,0
15947,0
15948,0
15949,1
15950,0
15951,0
15952,1
15953,0
15954,0
15955,1
15956,0
15957,0
15958,1
15959,0
15960,0
15961,0
15962,0
15963,1
15964,0
15965,0
15966,0
15967,1
15968,1
15969,1
15970,0
15971,1
15972,0
15973,1
15974,0
15975,0
15976,0
15977,1
15978,0
15979,1
15980,1
15981,1
15982,1
15983,1
15984,1
15985,1
15986,0
15987,0
15988,0
15989,1
15990,0
15991,1
15992,1
15993,1
15994,1
15995,1
15996,1
15997,1
15998,0
15999,0
16000,0
16001,1
16002,1
16003,0
16004,1
16005,1
16006,1
16007,1
16008,0
16009,0
16010,1
16011,0
16012,1
16013,0
16014,0
16015,1
16016,0
16017,0
16018,1
16019,1
16020,0
16021,1
16022,0
16023,1
16024,1
16025,1
16026,1
16027,0
16028,1
16029,1
16030,1
16031,0
16032,0
16033,1
16034,0
16035,0
16036,1
16037,0
16038,0
16039,1
16040,1
16041,0
16042,0
16043,0
16044,0
16045,1
16046,1
16047,1
16048,0
16049,1
16050,1
16051,0
16052,1
16053,0
16054,0
16055,1
16056,1
16057,1
16058,1
16059,0
16060,1
16061,1
16062,1
16063,0
16064,0
16065,0
16066,1
16067,1
16068,0
16069,0
16070,1
16071,0
16072,1
16073,1
16074,1
16075,0
16076,1
16077,1
16078,0
16079,1
16080,0
16081,1
16082,0
16083,1
16084,1
16085,1
16086,1
16087,1
16088,1
16089,0
16090,1
16091,0
16092,1
16093,0
16094,0
16095,0
16096,1
16097,1
16098,0
16099,1
16100,1
16101,0
16102,1
16103,0
16104,1
16105,0
16106,0
16107,1
16108,0
16109,1
16110,1
16111,1
16112,1
16113,0
16114,0
16115,1
16116,0
16117,0
16118,1
16119,1
16120,1
16121,1
16122,1
16123,1
16124,1
16125,1
16126,0
16127,1
16128,1
16129,1
16130,1
16131,0
16132,0
16133,1
16134,0
16135,0
16136,0
16137,0
16138,1
16139,0
16140,1
16141,0
16142,1
16143,1
16144,1
16145,1
16146,1
16147,0
16148,1
16149,1
16150,1
16151,1
16152,0
16153,0
16154,0
16155,0
16156,0
16157,1
16158,0
16159,0
16160,1
16161,1
16162,1
16163,0
16164,0
16165,1
16166,1
16167,0
16168,1
16169,1
16170,0
16171,1
16172,1
16173,1
16174,1
16175,1
16176,1
16177,0
16178,1
16179,1
16180,0
16181,0
16182,1
16183,0
16184,0
16185,1
16186,0
16187,0
16188,1
16189,0
16190,0
16191,1
16192,1
16193,1
16194,0
16195,1
16196,0
16197,0
16198,1
16199,1
16200,1
16201,0
16202,1
16203,0
16204,1
16205,1
16206,1
16207,0
16208,0
16209,0
16210,1
16211,0
16212,0
16213,0
16214,1
16215,1
16216,1
16217,1
16218,0
16219,0
16220,0
16221,0
16222,0
16223,0
16224,1
16225,0
16226,0
16227,0
16228,0
16229,1
16230,1
16231,1
16232,1
16233,1
16234,1
16235,1
16236,0
16237,0
16238,0
16239,1
16240,1
16241,0
16242,0
16243,0
16244,1
16245,0
16246,1
16247,1
16248,1
16249,0
16250,0
16251,0
16252,1
16253,1
16254,0
16255,0
16256,0
16257,1
16258,0
16259,0
16260,1
16261,1
16262,0
16263,0
16264,1
16265,0
16266,1
16267,1
16268,1
16269,1
16270,0
16271,0
16272,0
16273,1
16274,1
16275,1
16276,1
16277,0
16278,1
16279,1
16280,1
16281,1
16282,1
16283,0
16284,1
16285,0
16286,1
16287,0
16288,1
16289,0
16290,1
16291,0
16292,0
16293,1
16294,1
16295,1
16296,0
16297,1
16298,0
16299,1
16300,1
16301,1
16302,1
16303,1
16304,1
16305,0
16306,1
16307,0
16308,0
16309,0
16310,0
16311,1
16312,0
16313,0
16314,1
16315,1
16316,1
16317,1
16318,1
16319,1
16320,0
16321,0
16322,1
16323,0
16324,0
16325,0
16326,0
16327,1
16328,0
16329,1
16330,1
16331,1
16332,1
16333,1
16334,1
16335,0
16336,0
16337,0
16338,1
16339,1
16340,1
16341,1
16342,0
16343,0
16344,0
16345,1
16346,0
16347,0
16348,1
16349,1
16350,1
16351,0
16352,0
16353,0
16354,0
16355,1
16356,0
16357,0
16358,0
16359,0
16360,0
16361,1
16362,0
16363,1
16364,1
16365,1
16366,1
16367,1
16368,0
16369,0
16370,0
16371,0
16372,1
16373,1
16374,1
16375,0
16376,0
16377,0
16378,0
16379,0
16380,0
16381,0
16382,1
16383,0
16384,1
16385,0
16386,0
16387,0
16388,0
16389,1
16390,1
16391,0
16392,1
16393,1
16394,0
16395,0
16396,0
16397,0
16398,0
16399,1
16400,0
16401,1
16402,1
16403,0
16404,0
16405,0
16406,1
16407,1
16408,1
16409,0
16410,0
16411,0
16412,1
16413,1
16414,0
16415,0
16416,0
16417,1
16418,1
16419,1
16420,1
16421,0
16422,1
16423,0
16424,1
16425,1
16426,1
16427,1
16428,0
16429,0
16430,0
16431,0
16432,1
16433,1
16434,1
16435,0
16436,1
16437,1
16438,0
16439,0
16440,0
16441,0
16442,1
16443,1
16444,1
16445,1
16446,0
16447,1
16448,1
16449,0
16450,1
16451,0
16452,1
16453,1
16454,0
16455,0
16456,0
16457,1
16458,1
16459,1
16460,1
16461,1
16462,1
16463,1
16464,1
16465,0
16466,1
16467,1
16468,1
16469,0
16470,1
16471,1
16472,0
16473,1
16474,1
16475,1
16476,1
16477,0
16478,0
16479,0
16480,1
16481,0
16482,0
16483,1
16484,1
16485,0
16486,1
16487,1
16488,0
16489,1
16490,1
16491,1
16492,0
16493,1
16494,1
16495,1
16496,1
16497,0
16498,1
16499,0
16500,1
16501,1
16502,1
16503,1
16504,1
16505,1
16506,0
16507,0
16508,1
16509,1
16510,1
16511,1
16512,0
16513,0
16514,0
16515,1
16516,1
16517,0
16518,1
16519,1
16520,0
16521,1
16522,1
16523,0
16524,1
16525,0
16526,1
16527,0
16528,1
16529,1
16530,0
16531,0
16532,1
16533,1
16534,1
16535,1
16536,1
16537,1
16538,1
16539,1
16540,1
16541,1
16542,1
16543,0
16544,0
16545,1
16546,0
16547,1
16548,1
16549,0
16550,0
16551,0
16552,0
16553,1
16554,0
16555,0
16556,0
16557,1
16558,0
16559,1
16560,1
16561,0
16562,1
16563,0
16564,1
16565,1
16566,1
16567,1
16568,1
16569,0
16570,1
16571,1
16572,0
16573,1
16574,1
16575,1
16576,1
16577,0
16578,0
16579,0
16580,1
16581,1
16582,1
16583,1
16584,1
16585,1
16586,0
16587,0
16588,1
16589,1
16590,1
16591,0
16592,1
16593,0
16594,1
16595,0
16596,0
16597,1
16598,1
16599,0
16600,1
16601,0
16602,0
16603,0
16604,1
16605,0
16606,0
16607,1
16608,0
16609,0
16610,1
16611,1
16612,0
16613,1
16614,0
16615,0
16616,1
16617,0
16618,1
16619,0
16620,0
16621,1
16622,1
16623,1
16624,0
16625,1
16626,1
16627,0
16628,0
16629,0
16630,0
16631,0
16632,0
16633,0
16634,1
16635,1
16636,1
16637,0
16638,1
16639,1
16640,0
16641,0
16642,1
16643,1
16644,0
16645,1
16646,1
16647,1
16648,0
16649,1
16650,1
16651,0
16652,1
16653,1
16654,0
16655,1
16656,1
16657,0
16658,0
16659,1
16660,1
16661,1
16662,1
16663,1
16664,1
16665,1
16666,0
16667,0
16668,1
16669,1
16670,0
16671,1
16672,1
16673,0
16674,1
16675,1
16676,1
16677,0
16678,1
16679,1
16680,0
16681,0
16682,1
16683,1
16684,0
16685,0
16686,0
16687,0
16688,1
16689,0
16690,0
16691,0
16692,1
16693,1
16694,1
16695,1
16696,0
16697,1
16698,0
16699,1
16700,0
16701,0
16702,1
16703,1
16704,1
16705,0
16706,0
16707,1
16708,1
16709,1
16710,1
16711,0
16712,0
16713,1
16714,1
16715,1
16716,1
16717,0
16718,0
16719,0
16720,1
16721,1
16722,1
16723,0
16724,0
16725,0
16726,1
16727,1
16728,1
16729,1
16730,1
16731,1
16732,1
16733,0
16734,1
16735,1
16736,1
16737,0
16738,0
16739,1
16740,1
16741,0
16742,1
16743,0
16744,0
16745,1
16746,0
16747,1
16748,1
16749,0
16750,0
16751,1
16752,1
16753,0
16754,0
16755,0
16756,0
16757,0
16758,1
16759,0
16760,0
16761,0
16762,1
16763,0
16764,0
16765,0
16766,0
16767,1
16768,1
16769,1
16770,1
16771,1
16772,1
16773,1
16774,1
16775,1
16776,1
16777,1
16778,1
16779,0
16780,1
16781,0
16782,0
16783,1
16784,1
16785,0
16786,0
16787,1
16788,1
16789,1
16790,0
16791,1
16792,1
16793,1
16794,0
16795,0
16796,0
16797,1
16798,0
16799,1
16800,1
16801,1
16802,0
16803,0
16804,0
16805,1
16806,1
16807,0
16808,0
16809,1
16810,1
16811,1
16812,0
16813,0
16814,1
16815,1
16816,0
16817,1
16818,1
16819,0
16820,1
16821,0
16822,0
16823,1
16824,0
16825,0
16826,0
16827,0
16828,0
16829,1
16830,1
16831,1
16832,1
16833,1
16834,1
16835,1
16836,0
16837,1
16838,1
16839,0
16840,0
16841,1
16842,0
16843,0
16844,0
16845,1
16846,1
16847,1
16848,1
16849,0
16850,0
16851,0
16852,1
16853,1
16854,0
16855,1
16856,0
16857,0
16858,1
16859,1
16860,0
16861,0
16862,0
16863,1
16864,0
16865,1
16866,1
16867,0
16868,1
16869,1
16870,0
16871,1
16872,1
16873,1
16874,1
16875,0
16876,0
16877,1
16878,1
16879,0
16880,0
16881,1
16882,1
16883,0
16884,1
16885,1
16886,0
16887,0
16888,0
16889,1
16890,0
16891,0
16892,0
16893,1
16894,1
16895,0
16896,0
16897,1
16898,0
16899,1
16900,1
16901,0
16902,1
16903,0
16904,0
16905,0
16906,0
16907,1
16908,1
16909,1
16910,1
16911,0
16912,1
16913,0
16914,1
16915,0
16916,1
16917,0
16918,0
16919,1
16920,1
16921,0
16922,0
16923,0
16924,1
16925,1
16926,1
16927,0
16928,0
16929,1
16930,1
16931,1
16932,1
16933,0
16934,1
16935,0
16936,1
16937,0
16938,0
16939,1
16940,0
16941,0
16942,0
16943,1
16944,1
16945,0
16946,1
16947,0
16948,1
16949,0
16950,1
16951,1
16952,0
16953,1
16954,1
16955,1
16956,1
16957,1
16958,1
16959,1
16960,0
16961,1
16962,0
16963,1
16964,1
16965,1
16966,1
16967,1
16968,1
16969,0
16970,1
16971,0
16972,1
16973,1
16974,0
16975,1
16976,0
16977,0
16978,0
16979,0
16980,1
16981,1
16982,0
16983,0
16984,1
16985,0
16986,0
16987,0
16988,0
16989,0
16990,1
16991,1
16992,0
16993,1
16994,0
16995,0
16996,1
16997,1
16998,1
16999,1
17000,0
17001,0
17002,1
17003,1
17004,1
17005,1
17006,0
17007,1
17008,0
17009,1
17010,0
17011,0
17012,0
17013,1
17014,1
17015,0
17016,0
17017,1
17018,1
17019,0
17020,1
17021,0
17022,1
17023,0
17024,1
17025,1
17026,1
17027,0
17028,0
17029,0
17030,0
17031,0
17032,0
17033,0
17034,0
17035,1
17036,1
17037,0
17038,0
17039,0
17040,0
17041,0
17042,0
17043,0
17044,1
17045,0
17046,0
17047,0
17048,1
17049,0
17050,0
17051,0
17052,1
17053,0
17054,1
17055,0
17056,0
17057,0
17058,0
17059,0
17060,1
17061,0
17062,1
17063,0
17064,1
17065,0
17066,1
17067,1
17068,1
17069,0
17070,1
17071,1
17072,0
17073,1
17074,1
17075,1
17076,1
17077,0
17078,1
17079,0
17080,0
17081,1
17082,0
17083,1
17084,0
17085,0
17086,1
17087,0
17088,0
17089,1
17090,0
17091,0
17092,1
17093,0
17094,0
17095,0
17096,1
17097,0
17098,1
17099,1
17100,0
17101,0
17102,1
17103,1
17104,0
17105,0
17106,0
17107,1
17108,1
17109,1
17110,0
17111,0
17112,0
17113,0
17114,0
17115,0
17116,0
17117,1
17118,1
17119,1
17120,1
17121,1
17122,0
17123,0
17124,0
17125,1
17126,0
17127,0
17128,0
17129,0
17130,0
17131,0
17132,1
17133,0
17134,1
17135,1
17136,1
17137,1
17138,1
17139,1
17140,1
17141,1
17142,0
17143,0
17144,0
17145,0
17146,0
17147,0
17148,0
17149,1
17150,1
17151,0
17152,1
17153,1
17154,0
17155,0
17156,1
17157,1
17158,0
17159,1
17160,0
17161,1
17162,1
17163,0
17164,0
17165,0
17166,1
17167,0
17168,0
17169,1
17170,1
17171,0
17172,1
17173,0
17174,1
17175,1
17176,0
17177,1
17178,1
17179,1
17180,0
17181,1
17182,1
17183,0
17184,0
17185,1
17186,1
17187,0
17188,1
17189,1
17190,1
17191,0
17192,1
17193,1
17194,1
17195,0
17196,0
17197,1
17198,1
17199,1
17200,0
17201,1
17202,1
17203,1
17204,1
17205,1
17206,1
17207,1
17208,0
17209,1
17210,1
17211,0
17212,1
17213,1
17214,1
17215,1
17216,1
17217,0
17218,0
17219,1
17220,0
17221,1
17222,0
17223,1
17224,1
17225,1
17226,0
17227,0
17228,1
17229,1
17230,0
17231,0
17232,1
17233,1
17234,1
17235,1
17236,1
17237,1
17238,1
17239,1
17240,0
17241,0
17242,1
17243,1
17244,0
17245,0
17246,0
17247,1
17248,1
17249,1
17250,0
17251,0
17252,0
17253,1
17254,1
17255,0
17256,1
17257,0
17258,0
17259,1
17260,0
17261,0
17262,1
17263,1
17264,1
17265,1
17266,1
17267,1
17268,0
17269,0
17270,1
17271,1
17272,1
17273,1
17274,0
17275,1
17276,1
17277,1
17278,0
17279,0
17280,0
17281,0
17282,1
17283,0
17284,1
17285,1
17286,1
17287,1
17288,0
17289,1
17290,0
17291,1
17292,0
17293,0
17294,1
17295,1
17296,0
17297,0
17298,0
17299,0
17300,1
17301,1
17302,1
17303,0
17304,0
17305,1
17306,0
17307,0
17308,0
17309,1
17310,0
17311,0
17312,1
17313,0
17314,0
17315,1
17316,0
17317,1
17318,0
17319,0
17320,0
17321,0
17322,1
17323,1
17324,0
17325,1
17326,0
17327,0
17328,0
17329,0
17330,0
17331,0
17332,1
17333,1
17334,1
17335,0
17336,1
17337,0
17338,0
17339,1
17340,1
17341,1
17342,0
17343,1
17344,1
17345,0
17346,1
17347,1
17348,1
17349,1
17350,1
17351,0
17352,0
17353,1
17354,1
17355,0
17356,1
17357,1
17358,0
17359,0
17360,0
17361,1
17362,1
17363,0
17364,0
17365,0
17366,1
17367,1
17368,1
17369,0
17370,0
17371,1
17372,0
17373,1
17374,0
17375,0
17376,1
17377,1
17378,1
17379,0
17380,0
17381,1
17382,0
17383,1
17384,1
17385,0
17386,1
17387,1
17388,1
17389,0
17390,0
17391,1
17392,1
17393,1
17394,1
17395,1
17396,0
17397,1
17398,1
17399,1
17400,1
17401,0
17402,0
17403,1
17404,0
17405,0
17406,1
17407,0
17408,0
17409,1
17410,1
17411,0
17412,0
17413,1
17414,1
17415,0
17416,0
17417,1
17418,0
17419,1
17420,1
17421,1
17422,1
17423,1
17424,1
17425,0
17426,0
17427,1
17428,0
17429,1
17430,0
17431,1
17432,1
17433,1
17434,0
17435,1
17436,0
17437,1
17438,1
17439,0
17440,1
17441,1
17442,0
17443,1
17444,0
17445,0
17446,1
17447,1
17448,0
17449,0
17450,0
17451,0
17452,1
17453,1
17454,1
17455,0
17456,1
17457,1
17458,1
17459,1
17460,0
17461,1
17462,0
17463,1
17464,0
17465,1
17466,1
17467,0
17468,1
17469,1
17470,1
17471,1
17472,1
17473,1
17474,0
17475,1
17476,1
17477,0
17478,0
17479,0
17480,0
17481,1
17482,0
17483,1
17484,0
17485,1
17486,1
17487,1
17488,1
17489,0
17490,0
17491,0
17492,0
17493,0
17494,0
17495,1
17496,1
17497,0
17498,0
17499,0
17500,0
17501,0
17502,1
17503,1
17504,1
17505,0
17506,1
17507,1
17508,1
17509,1
17510,1
17511,1
17512,0
17513,0
17514,1
17515,1
17516,1
17517,0
17518,1
17519,1
17520,0
17521,1
17522,1
17523,0
17524,1
17525,1
17526,1
17527,1
17528,1
17529,0
17530,1
17531,1
17532,1
17533,0
17534,0
17535,1
17536,0
17537,1
17538,0
17539,0
17540,0
17541,1
17542,1
17543,0
17544,1
17545,0
17546,1
17547,1
17548,0
17549,1
17550,1
17551,1
17552,1
17553,1
17554,1
17555,1
17556,0
17557,1
17558,0
17559,1
17560,1
17561,0
17562,1
17563,1
17564,1
17565,0
17566,0
17567,0
17568,1
17569,1
17570,0
17571,1
17572,1
17573,0
17574,1
17575,0
17576,1
17577,0
17578,1
17579,1
17580,1
17581,1
17582,1
17583,0
17584,1
17585,1
17586,1
17587,1
17588,1
17589,0
17590,1
17591,0
17592,1
17593,0
17594,1
17595,1
17596,1
17597,1
17598,1
17599,1
17600,0
17601,1
17602,1
17603,0
17604,0
17605,0
17606,1
17607,1
17608,0
17609,0
17610,1
17611,1
17612,1
17613,0
17614,0
17615,0
17616,0
17617,0
17618,0
17619,0
17620,1
17621,0
17622,1
17623,0
17624,1
17625,1
17626,1
17627,0
17628,0
17629,1
17630,1
17631,0
17632,0
17633,1
17634,0
17635,1
17636,1
17637,1
17638,1
17639,1
17640,0
17641,1
17642,0
17643,0
17644,0
17645,1
17646,1
17647,1
17648,1
17649,0
17650,0
17651,0
17652,1
17653,0
17654,1
17655,0
17656,1
17657,0
17658,1
17659,0
17660,1
17661,1
17662,0
17663,1
17664,1
17665,1
17666,1
17667,0
17668,0
17669,1
17670,1
17671,0
17672,1
17673,0
17674,1
17675,0
17676,1
17677,0
17678,0
17679,1
17680,1
17681,1
17682,0
17683,0
17684,1
17685,1
17686,1
17687,1
17688,0
17689,1
17690,0
17691,1
17692,0
17693,1
17694,1
17695,0
17696,0
17697,1
17698,0
17699,1
17700,0
17701,0
17702,0
17703,1
17704,1
17705,0
17706,1
17707,1
17708,1
17709,1
17710,0
17711,1
17712,1
17713,1
17714,1
17715,0
17716,1
17717,0
17718,0
17719,1
17720,1
17721,1
17722,0
17723,0
17724,1
17725,0
17726,1
17727,0
17728,1
17729,0
17730,1
17731,0
17732,1
17733,0
17734,0
17735,0
17736,1
17737,1
17738,1
17739,1
17740,0
17741,0
17742,1
17743,0
17744,1
17745,0
17746,1
17747,1
17748,0
17749,1
17750,1
17751,1
17752,1
17753,0
17754,0
17755,1
17756,0
17757,0
17758,0
17759,1
17760,0
17761,1
17762,0
17763,1
17764,0
17765,1
17766,0
17767,1
17768,1
17769,0
17770,0
17771,0
17772,1
17773,1
17774,1
17775,0
17776,1
17777,0
17778,1
17779,0
17780,1
17781,0
17782,0
17783,1
17784,0
17785,0
17786,0
17787,0
17788,0
17789,1
17790,1
17791,1
17792,0
17793,1
17794,0
17795,0
17796,1
17797,1
17798,1
17799,1
17800,0
17801,1
17802,1
17803,1
17804,1
17805,0
17806,0
17807,0
17808,0
17809,1
17810,1
17811,1
17812,0
17813,0
17814,1
17815,1
17816,0
17817,1
17818,0
17819,1
17820,1
17821,0
17822,0
17823,0
17824,1
17825,1
17826,1
17827,1
17828,0
17829,1
17830,1
17831,0
17832,1
17833,1
17834,0
17835,0
17836,1
17837,0
17838,0
17839,0
17840,1
17841,1
17842,1
17843,1
17844,1
17845,1
17846,1
17847,0
17848,0
17849,1
17850,1
17851,1
17852,1
17853,1
17854,1
17855,0
17856,1
17857,0
17858,1
17859,1
17860,0
17861,0
17862,1
17863,1
17864,0
17865,1
17866,0
17867,0
17868,0
17869,0
17870,1
17871,1
17872,0
17873,0
17874,0
17875,1
17876,1
17877,0
17878,0
17879,0
17880,1
17881,0
17882,0
17883,0
17884,1
17885,0
17886,0
17887,1
17888,0
17889,0
17890,0
17891,0
17892,1
17893,1
17894,1
17895,1
17896,0
17897,0
17898,0
17899,0
17900,0
17901,1
17902,1
17903,1
17904,1
17905,1
17906,1
17907,1
17908,0
17909,1
17910,0
17911,0
17912,0
17913,1
17914,1
17915,1
17916,0
17917,1
17918,0
17919,0
17920,0
17921,1
17922,1
17923,1
17924,0
17925,1
17926,1
17927,1
17928,1
17929,0
17930,0
17931,1
17932,1
17933,0
17934,0
17935,0
17936,1
17937,1
17938,0
17939,1
17940,0
17941,1
17942,0
17943,1
17944,0
17945,0
17946,0
17947,1
17948,1
17949,0
17950,1
17951,1
17952,0
17953,0
17954,0
17955,1
17956,1
17957,1
17958,0
17959,1
17960,1
17961,0
17962,1
17963,0
17964,1
17965,1
17966,0
17967,0
17968,0
17969,1
17970,1
17971,0
17972,0
17973,0
17974,1
17975,0
17976,1
17977,1
17978,0
17979,0
17980,1
17981,1
17982,0
17983,0
17984,0
17985,1
17986,0
17987,0
17988,1
17989,0
17990,0
17991,0
17992,0
17993,1
17994,1
17995,1
17996,1
17997,1
17998,1
17999,0
18000,1
18001,1
18002,1
18003,1
18004,0
18005,1
18006,0
18007,1
18008,0
18009,1
18010,0
18011,1
18012,0
18013,1
18014,1
18015,1
18016,1
18017,0
18018,1
18019,0
18020,1
18021,0
18022,1
18023,0
18024,0
18025,1
18026,1
18027,1
18028,1
18029,1
18030,0
18031,0
18032,0
18033,1
18034,1
18035,1
18036,1
18037,1
18038,1
18039,1
18040,1
18041,1
18042,1
18043,0
18044,1
18045,0
18046,0
18047,1
18048,1
18049,1
18050,1
18051,1
18052,0
18053,1
18054,0
18055,1
18056,0
18057,0
18058,1
18059,0
18060,0
18061,0
18062,1
18063,1
18064,0
18065,1
18066,0
18067,1
18068,1
18069,0
18070,1
18071,1
18072,1
18073,1
18074,0
18075,0
18076,1
18077,1
18078,1
18079,1
18080,1
18081,1
18082,0
18083,0
18084,0
18085,1
18086,1
18087,1
18088,0
18089,1
18090,1
18091,0
18092,0
18093,0
18094,1
18095,0
18096,1
18097,1
18098,1
18099,0
18100,1
18101,1
18102,0
18103,0
18104,0
18105,1
18106,1
18107,1
18108,1
18109,1
18110,1
18111,1
18112,0
18113,1
18114,0
18115,0
18116,1
18117,1
18118,0
18119,0
18120,1
18121,1
18122,1
18123,0
18124,0
18125,1
18126,1
18127,1
18128,1
18129,1
18130,1
18131,1
18132,1
18133,1
18134,0
18135,1
18136,1
18137,0
18138,0
18139,0
18140,0
18141,1
18142,0
18143,0
18144,0
18145,0
18146,1
18147,0
18148,0
18149,1
18150,0
18151,0
18152,0
18153,1
18154,0
18155,1
18156,1
18157,0
18158,0
18159,1
18160,1
18161,1
18162,1
18163,1
18164,1
18165,1
18166,0
18167,1
18168,1
18169,0
18170,1
18171,0
18172,1
18173,0
18174,1
18175,1
18176,1
18177,0
18178,0
18179,1
18180,1
18181,1
18182,1
18183,1
18184,1
18185,1
18186,1
18187,1
18188,1
18189,0
18190,0
18191,0
18192,1
18193,1
18194,0
18195,0
18196,0
18197,1
18198,1
18199,0
18200,0
18201,0
18202,1
18203,0
18204,0
18205,1
18206,0
18207,1
18208,0
18209,0
18210,1
18211,0
18212,0
18213,0
18214,0
18215,1
18216,0
18217,0
18218,1
18219,1
18220,0
18221,1
18222,1
18223,1
18224,0
18225,0
18226,1
18227,1
18228,0
18229,0
18230,1
18231,1
18232,1
18233,1
18234,1
18235,1
18236,1
18237,1
18238,0
18239,1
18240,0
18241,1
18242,1
18243,1
18244,1
18245,0
18246,1
18247,0
18248,0
18249,0
18250,0
18251,0
18252,1
18253,1
18254,0
18255,1
18256,1
18257,0
18258,0
18259,1
18260,1
18261,0
18262,1
18263,0
18264,0
18265,1
18266,1
18267,1
18268,1
18269,0
18270,1
18271,1
18272,0
18273,1
18274,0
18275,1
18276,1
18277,1
18278,0
18279,0
18280,1
18281,0
18282,0
18283,1
18284,1
18285,0
18286,0
18287,1
18288,1
18289,0
18290,1
18291,0
18292,0
18293,1
18294,0
18295,1
18296,1
18297,0
18298,1
18299,0
18300,0
18301,1
18302,1
18303,1
18304,1
18305,1
18306,1
18307,0
18308,1
18309,1
18310,0
18311,0
18312,0
18313,1
18314,1
18315,0
18316,1
18317,0
18318,1
18319,0
18320,1
18321,1
18322,0
18323,0
18324,0
18325,1
18326,1
18327,1
18328,1
18329,1
18330,0
18331,1
18332,1
18333,1
18334,1
18335,1
18336,1
18337,1
18338,1
18339,0
18340,1
18341,0
18342,1
18343,1
18344,1
18345,1
18346,0
18347,0
18348,0
18349,1
18350,0
18351,1
18352,0
18353,0
18354,1
18355,1
18356,1
18357,0
18358,1
18359,1
18360,1
18361,1
18362,1
18363,0
18364,0
18365,0
18366,1
18367,0
18368,0
18369,0
18370,0
18371,0
18372,1
18373,0
18374,1
18375,1
18376,0
18377,1
18378,1
18379,0
18380,0
18381,0
18382,0
18383,1
18384,1
18385,0
18386,1
18387,1
18388,1
18389,0
18390,1
18391,1
18392,0
18393,1
18394,1
18395,0
18396,0
18397,1
18398,0
18399,0
18400,1
18401,1
18402,0
18403,0
18404,1
18405,1
18406,1
18407,0
18408,1
18409,1
18410,0
18411,0
18412,1
18413,1
18414,1
18415,0
18416,1
18417,0
18418,1
18419,1
18420,0
18421,1
18422,1
18423,0
18424,1
18425,0
18426,0
18427,1
18428,0
18429,0
18430,1
18431,0
18432,1
18433,1
18434,0
18435,1
18436,1
18437,1
18438,1
18439,0
18440,0
18441,0
18442,0
18443,0
18444,0
18445,1
18446,1
18447,0
18448,1
18449,0
18450,1
18451,1
18452,0
18453,1
18454,0
18455,1
18456,0
18457,0
18458,0
18459,0
18460,0
18461,1
18462,0
18463,0
18464,0
18465,0
18466,1
18467,0
18468,1
18469,0
18470,1
18471,1
18472,0
18473,0
18474,1
18475,1
18476,0
18477,1
18478,1
18479,1
18480,0
18481,0
18482,0
18483,0
18484,0
18485,0
18486,1
18487,1
18488,1
18489,1
18490,1
18491,0
18492,1
18493,0
18494,0
18495,0
18496,0
18497,1
18498,1
18499,0
18500,1
18501,1
18502,0
18503,1
18504,1
18505,0
18506,0
18507,0
18508,1
18509,0
18510,1
18511,1
18512,1
18513,1
18514,0
18515,1
18516,0
18517,1
18518,1
18519,1
18520,0
18521,0
18522,0
18523,1
18524,1
18525,1
18526,1
18527,0
18528,0
18529,0
18530,0
18531,0
18532,1
18533,1
18534,1
18535,0
18536,0
18537,1
18538,0
18539,1
18540,1
18541,1
18542,1
18543,1
18544,1
18545,0
18546,1
18547,1
18548,0
18549,1
18550,0
18551,1
18552,0
18553,1
18554,0
18555,0
18556,0
18557,1
18558,0
18559,1
18560,1
18561,0
18562,0
18563,1
18564,1
18565,0
18566,0
18567,1
18568,1
18569,1
18570,0
18571,1
18572,0
18573,1
18574,0
18575,1
18576,1
18577,1
18578,1
18579,0
18580,0
18581,0
18582,0
18583,1
18584,1
18585,1
18586,0
18587,1
18588,0
18589,1
18590,1
18591,0
18592,1
18593,0
18594,0
18595,1
18596,1
18597,0
18598,1
18599,0
18600,0
18601,0
18602,0
18603,0
18604,0
18605,0
18606,1
18607,1
18608,0
18609,0
18610,0
18611,0
18612,0
18613,1
18614,0
18615,1
18616,0
18617,0
18618,0
18619,1
18620,0
18621,1
18622,0
18623,1
18624,0
18625,0
18626,0
18627,0
18628,0
18629,0
18630,1
18631,0
18632,0
18633,0
18634,0
18635,0
18636,0
18637,1
18638,0
18639,1
18640,1
18641,0
18642,1
18643,0
18644,1
18645,1
18646,0
18647,1
18648,0
18649,0
18650,0
18651,1
18652,1
18653,1
18654,1
18655,0
18656,1
18657,0
18658,1
18659,0
18660,1
18661,1
18662,1
18663,1
18664,1
18665,1
18666,0
18667,0
18668,0
18669,0
18670,1
18671,0
18672,0
18673,1
18674,1
18675,0
18676,1
18677,0
18678,1
18679,0
18680,0
18681,0
18682,1
18683,1
18684,0
18685,1
18686,1
18687,0
18688,1
18689,0
18690,0
18691,1
18692,0
18693,1
18694,1
18695,1
18696,0
18697,0
18698,0
18699,0
18700,1
18701,0
18702,0
18703,0
18704,0
18705,0
18706,1
18707,1
18708,0
18709,1
18710,1
18711,0
18712,0
18713,1
18714,1
18715,1
18716,0
18717,0
18718,1
18719,0
18720,1
18721,1
18722,0
18723,0
18724,0
18725,0
18726,1
18727,0
18728,0
18729,1
18730,0
18731,1
18732,1
18733,1
18734,0
18735,1
18736,0
18737,0
18738,0
18739,0
18740,0
18741,0
18742,0
18743,1
18744,0
18745,1
18746,1
18747,0
18748,0
18749,1
18750,1
18751,0
18752,0
18753,0
18754,0
18755,0
18756,0
18757,0
18758,1
18759,0
18760,1
18761,0
18762,1
18763,1
18764,1
18765,0
18766,1
18767,0
18768,0
18769,1
18770,0
18771,0
18772,0
18773,0
18774,1
18775,0
18776,0
18777,0
18778,1
18779,0
18780,1
18781,0
18782,0
18783,0
18784,1
18785,0
18786,0
18787,0
18788,0
18789,1
18790,1
18791,0
18792,1
18793,0
18794,0
18795,0
18796,1
18797,1
18798,1
18799,1
18800,0
18801,0
18802,0
18803,0
18804,1
18805,0
18806,0
18807,0
18808,0
18809,0
18810,0
18811,1
18812,0
18813,1
18814,1
18815,0
18816,0
18817,0
18818,1
18819,1
18820,1
18821,1
18822,1
18823,1
18824,0
18825,0
18826,1
18827,0
18828,1
18829,1
18830,1
18831,0
18832,0
18833,1
18834,0
18835,0
18836,1
18837,0
18838,1
18839,0
18840,1
18841,1
18842,1
18843,1
18844,1
18845,1
18846,0
18847,1
18848,1
18849,1
18850,1
18851,0
18852,0
18853,1
18854,0
18855,1
18856,0
18857,0
18858,0
18859,1
18860,1
18861,1
18862,1
18863,0
18864,0
18865,1
18866,1
18867,0
18868,0
18869,1
18870,1
18871,1
18872,1
18873,0
18874,1
18875,1
18876,1
18877,1
18878,1
18879,0
18880,1
18881,1
18882,0
18883,0
18884,1
18885,0
18886,0
18887,0
18888,1
18889,0
18890,0
18891,0
18892,1
18893,1
18894,1
18895,1
18896,0
18897,0
18898,1
18899,1
18900,0
18901,0
18902,1
18903,0
18904,1
18905,1
18906,0
18907,1
18908,0
18909,1
18910,1
18911,0
18912,0
18913,1
18914,0
18915,1
18916,0
18917,1
18918,1
18919,1
18920,0
18921,0
18922,1
18923,1
18924,0
18925,0
18926,1
18927,0
18928,1
18929,0
18930,0
18931,1
18932,0
18933,0
18934,1
18935,1
18936,1
18937,1
18938,0
18939,1
18940,1
18941,1
18942,0
18943,0
18944,0
18945,1
18946,0
18947,1
18948,1
18949,1
18950,1
18951,0
18952,0
18953,0
18954,0
18955,0
18956,1
18957,1
18958,1
18959,0
18960,1
18961,1
18962,0
18963,1
18964,1
18965,0
18966,0
18967,1
18968,1
18969,0
18970,0
18971,1
18972,1
18973,0
18974,1
18975,0
18976,1
18977,0
18978,1
18979,1
18980,1
18981,1
18982,1
18983,0
18984,0
18985,0
18986,1
18987,1
18988,0
18989,1
18990,1
18991,1
18992,0
18993,1
18994,0
18995,1
18996,0
18997,1
18998,0
18999,0
19000,1
19001,1
19002,0
19003,1
19004,0
19005,0
19006,1
19007,1
19008,1
19009,0
19010,0
19011,1
19012,1
19013,1
19014,1
19015,1
19016,1
19017,1
19018,1
19019,1
19020,1
19021,1
19022,1
19023,1
19024,1
19025,0
19026,1
19027,1
19028,1
19029,1
19030,0
19031,1
19032,0
19033,1
19034,0
19035,0
19036,1
19037,1
19038,1
19039,0
19040,1
19041,0
19042,0
19043,0
19044,1
19045,1
19046,0
19047,1
19048,0
19049,0
19050,0
19051,0
19052,1
19053,1
19054,0
19055,0
19056,1
19057,1
19058,0
19059,1
19060,1
19061,0
19062,1
19063,1
19064,1
19065,1
19066,1
19067,1
19068,0
19069,0
19070,0
19071,1
19072,1
19073,0
19074,0
19075,0
19076,0
19077,1
19078,0
19079,1
19080,0
19081,1
19082,1
19083,1
19084,1
19085,1
19086,1
19087,1
19088,0
19089,0
19090,1
19091,0
19092,0
19093,1
19094,0
19095,1
19096,0
19097,0
19098,1
19099,0
19100,0
19101,1
19102,0
19103,1
19104,1
19105,1
19106,1
19107,0
19108,0
19109,0
19110,1
19111,0
19112,1
19113,1
19114,1
19115,1
19116,1
19117,0
19118,0
19119,0
19120,1
19121,0
19122,0
19123,1
19124,1
19125,0
19126,1
19127,0
19128,0
19129,1
19130,0
19131,1
19132,1
19133,0
19134,0
19135,0
19136,0
19137,1
19138,1
19139,0
19140,1
19141,1
19142,1
19143,1
19144,1
19145,1
19146,0
19147,1
19148,0
19149,1
19150,0
19151,0
19152,1
19153,1
19154,0
19155,1
19156,0
19157,0
19158,1
19159,0
19160,1
19161,1
19162,0
19163,0
19164,0
19165,1
19166,0
19167,0
19168,1
19169,0
19170,0
19171,0
19172,1
19173,1
19174,0
19175,0
19176,1
19177,0
19178,1
19179,0
19180,0
19181,1
19182,0
19183,1
19184,0
19185,1
19186,1
19187,0
19188,1
19189,0
19190,1
19191,0
19192,0
19193,1
19194,1
19195,0
19196,0
19197,1
19198,1
19199,1
19200,1
19201,0
19202,0
19203,1
19204,1
19205,0
19206,0
19207,1
19208,0
19209,0
19210,1
19211,1
19212,1
19213,1
19214,0
19215,1
19216,1
19217,0
19218,0
19219,1
19220,0
19221,1
19222,1
19223,1
19224,0
19225,1
19226,1
19227,0
19228,0
19229,0
19230,0
19231,0
19232,0
19233,0
19234,0
19235,1
19236,0
19237,1
19238,0
19239,1
19240,1
19241,1
19242,0
19243,0
19244,1
19245,0
19246,0
19247,1
19248,0
19249,0
19250,0
19251,1
19252,1
19253,0
19254,1
19255,1
19256,0
19257,0
19258,1
19259,0
19260,1
19261,1
19262,1
19263,0
19264,1
19265,0
19266,1
19267,0
19268,0
19269,1
19270,0
19271,0
19272,1
19273,0
19274,1
19275,0
19276,1
19277,0
19278,1
19279,0
19280,1
19281,1
19282,1
19283,0
19284,1
19285,1
19286,0
19287,0
19288,1
19289,0
19290,1
19291,0
19292,1
19293,1
19294,1
19295,1
19296,1
19297,0
19298,0
19299,0
19300,1
19301,1
19302,1
19303,1
19304,1
19305,1
19306,1
19307,1
19308,0
19309,1
19310,1
19311,0
19312,1
19313,1
19314,0
19315,1
19316,0
19317,1
19318,1
19319,1
19320,1
19321,0
19322,0
19323,0
19324,1
19325,1
19326,1
19327,0
19328,1
19329,1
19330,0
19331,1
19332,1
19333,0
19334,1
19335,0
19336,1
19337,1
19338,0
19339,0
19340,0
19341,0
19342,0
19343,1
19344,0
19345,1
19346,0
19347,0
19348,0
19349,0
19350,1
19351,0
19352,1
19353,0
19354,1
19355,0
19356,0
19357,0
19358,1
19359,1
19360,0
19361,0
19362,0
19363,0
19364,0
19365,1
19366,1
19367,1
19368,0
19369,0
19370,1
19371,0
19372,1
19373,1
19374,0
19375,0
19376,1
19377,0
19378,1
19379,1
19380,0
19381,1
19382,1
19383,0
19384,0
19385,0
19386,0
19387,0
19388,0
19389,1
19390,1
19391,1
19392,1
19393,0
19394,1
19395,0
19396,1
19397,0
19398,1
19399,1
19400,1
19401,0
19402,0
19403,1
19404,1
19405,0
19406,1
19407,1
19408,0
19409,1
19410,1
19411,1
19412,0
19413,0
19414,0
19415,0
19416,0
19417,0
19418,1
19419,1
19420,0
19421,0
19422,0
19423,0
19424,0
19425,1
19426,0
19427,0
19428,0
19429,1
19430,0
19431,1
19432,1
19433,1
19434,0
19435,1
19436,1
19437,0
19438,0
19439,1
19440,1
19441,1
19442,1
19443,0
19444,0
19445,0
19446,1
19447,1
19448,0
19449,1
19450,0
19451,1
19452,0
19453,0
19454,1
19455,0
19456,0
19457,0
19458,1
19459,1
19460,1
19461,0
19462,0
19463,1
19464,0
19465,0
19466,1
19467,1
19468,0
19469,0
19470,0
19471,1
19472,1
19473,1
19474,0
19475,1
19476,0
19477,1
19478,0
19479,1
19480,0
19481,1
19482,1
19483,1
19484,0
19485,1
19486,1
19487,1
19488,0
19489,0
19490,0
19491,1
19492,0
19493,1
19494,1
19495,0
19496,1
19497,0
19498,0
19499,0
19500,0
19501,1
19502,1
19503,1
19504,0
19505,0
19506,1
19507,0
19508,0
19509,1
19510,0
19511,0
19512,0
19513,0
19514,1
19515,1
19516,1
19517,1
19518,1
19519,1
19520,1
19521,1
19522,1
19523,1
19524,1
19525,0
19526,1
19527,1
19528,1
19529,1
19530,0
19531,0
19532,0
19533,1
19534,0
19535,1
19536,0
19537,0
19538,1
19539,0
19540,1
19541,0
19542,0
19543,1
19544,0
19545,0
19546,1
19547,0
19548,1
19549,1
19550,1
19551,1
19552,0
19553,0
19554,0
19555,0
19556,0
19557,0
19558,1
19559,1
19560,0
19561,1
19562,1
19563,1
19564,0
19565,1
19566,1
19567,1
19568,0
19569,0
19570,1
19571,1
19572,1
19573,0
19574,0
19575,1
19576,0
19577,1
19578,1
19579,1
19580,1
19581,0
19582,1
19583,1
19584,1
19585,1
19586,1
19587,1
19588,1
19589,0
19590,1
19591,0
19592,1
19593,1
19594,1
19595,1
19596,0
19597,1
19598,0
19599,1
19600,0
19601,1
19602,0
19603,1
19604,1
19605,1
19606,0
19607,1
19608,0
19609,1
19610,1
19611,0
19612,0
19613,0
19614,0
19615,0
19616,0
19617,1
19618,1
19619,1
19620,0
19621,0
19622,0
19623,0
19624,1
19625,0
19626,0
19627,0
19628,0
19629,1
19630,1
19631,1
19632,1
19633,0
19634,1
19635,0
19636,0
19637,0
19638,0
19639,1
19640,0
19641,0
19642,0
19643,0
19644,1
19645,1
19646,0
19647,1
19648,0
19649,0
19650,1
19651,1
19652,1
19653,1
19654,0
19655,0
19656,0
19657,0
19658,1
19659,0
19660,0
19661,0
19662,1
19663,1
19664,1
19665,1
19666,0
19667,1
19668,0
19669,1
19670,0
19671,1
19672,0
19673,1
19674,0
19675,0
19676,1
19677,0
19678,0
19679,1
19680,1
19681,0
19682,1
19683,1
19684,0
19685,1
19686,0
19687,1
19688,1
19689,1
19690,1
19691,0
19692,1
19693,1
19694,0
19695,1
19696,0
19697,0
19698,0
19699,0
19700,1
19701,1
19702,1
19703,1
19704,1
19705,1
19706,0
19707,1
19708,0
19709,0
19710,1
19711,0
19712,0
19713,0
19714,1
19715,1
19716,1
19717,0
19718,0
19719,0
19720,0
19721,0
19722,1
19723,1
19724,0
19725,0
19726,0
19727,0
19728,0
19729,0
19730,1
19731,0
19732,0
19733,1
19734,0
19735,0
19736,0
19737,1
19738,1
19739,1
19740,0
19741,1
19742,1
19743,0
19744,0
19745,0
19746,1
19747,0
19748,1
19749,0
19750,0
19751,1
19752,0
19753,1
19754,1
19755,1
19756,1
19757,1
19758,0
19759,1
19760,0
19761,1
19762,1
19763,0
19764,1
19765,1
19766,1
19767,0
19768,0
19769,1
19770,0
19771,0
19772,1
19773,1
19774,0
19775,1
19776,0
19777,0
19778,0
19779,1
19780,0
19781,1
19782,1
19783,0
19784,1
19785,1
19786,0
19787,1
19788,1
19789,1
19790,1
19791,0
19792,0
19793,0
19794,0
19795,0
19796,1
19797,1
19798,1
19799,1
19800,1
19801,1
19802,1
19803,1
19804,1
19805,0
19806,0
19807,1
19808,1
19809,0
19810,0
19811,1
19812,1
19813,1
19814,0
19815,1
19816,0
19817,1
19818,0
19819,0
19820,1
19821,0
19822,0
19823,1
19824,1
19825,0
19826,1
19827,0
19828,1
19829,1
19830,0
19831,1
19832,0
19833,0
19834,1
19835,1
19836,0
19837,1
19838,0
19839,1
19840,1
19841,0
19842,1
19843,0
19844,0
19845,0
19846,0
19847,0
19848,1
19849,1
19850,1
19851,1
19852,0
19853,0
19854,0
19855,0
19856,0
19857,0
19858,1
19859,0
19860,0
19861,1
19862,1
19863,0
19864,0
19865,1
19866,1
19867,0
19868,1
19869,0
19870,0
19871,0
19872,1
19873,0
19874,1
19875,1
19876,1
19877,1
19878,1
19879,1
19880,0
19881,0
19882,1
19883,1
19884,1
19885,0
19886,1
19887,1
19888,1
19889,0
19890,1
19891,0
19892,1
19893,0
19894,1
19895,1
19896,0
19897,0
19898,1
19899,0
19900,0
19901,0
19902,0
19903,1
19904,1
19905,1
19906,1
19907,0
19908,1
19909,1
19910,1
19911,0
19912,1
19913,1
19914,1
19915,1
19916,1
19917,1
19918,1
19919,1
19920,1
19921,0
19922,0
19923,1
19924,1
19925,0
19926,0
19927,1
19928,1
19929,1
19930,1
19931,0
19932,0
19933,1
19934,0
19935,0
19936,1
19937,0
19938,1
19939,0
19940,1
19941,0
19942,1
19943,0
19944,0
19945,0
19946,1
19947,0
19948,0
19949,0
19950,0
19951,0
19952,1
19953,0
19954,0
19955,0
19956,1
19957,0
19958,1
19959,1
19960,1
19961,1
19962,1
19963,0
19964,1
19965,0
19966,1
19967,0
19968,0
19969,1
19970,1
19971,0
19972,1
19973,0
19974,1
19975,1
19976,0
19977,1
19978,1
19979,1
19980,0
19981,1
19982,1
19983,1
19984,0
19985,0
19986,0
19987,0
19988,1
19989,1
19990,0
19991,1
19992,1
19993,0
19994,0
19995,1
19996,1
19997,1
19998,1
19999,1
20000,0
20001,1
20002,1
20003,0
20004,1
20005,1
20006,0
20007,0
20008,0
20009,0
20010,0
20011,1
20012,1
20013,1
20014,0
20015,1
20016,0
20017,1
20018,1
20019,0
20020,0
20021,1
20022,0
20023,0
20024,1
20025,1
20026,0
20027,0
20028,0
20029,0
20030,1
20031,1
20032,1
20033,0
20034,1
20035,0
20036,1
20037,0
20038,1
20039,0
20040,0
20041,0
20042,1
20043,0
20044,0
20045,0
20046,0
20047,0
20048,0
20049,1
20050,0
20051,0
20052,0
20053,1
20054,1
20055,1
20056,1
20057,1
20058,0
20059,1
20060,0
20061,1
20062,0
20063,0
20064,1
20065,0
20066,1
20067,0
20068,0
20069,0
20070,0
20071,0
20072,0
20073,0
20074,1
20075,1
20076,1
20077,1
20078,1
20079,1
20080,1
20081,0
20082,0
20083,1
20084,0
20085,0
20086,1
20087,0
20088,1
20089,1
20090,0
20091,0
20092,1
20093,1
20094,1
20095,0
20096,1
20097,1
20098,1
20099,0
20100,1
20101,1
20102,0
20103,0
20104,1
20105,0
20106,0
20107,0
20108,1
20109,0
20110,1
20111,0
20112,0
20113,1
20114,1
20115,1
20116,1
20117,1
20118,1
20119,1
20120,1
20121,1
20122,1
20123,1
20124,1
20125,0
20126,0
20127,1
20128,1
20129,0
20130,0
20131,0
20132,1
20133,0
20134,0
20135,0
20136,1
20137,0
20138,0
20139,1
20140,1
20141,0
20142,0
20143,1
20144,1
20145,1
20146,1
20147,1
20148,0
20149,0
20150,0
20151,1
20152,1
20153,1
20154,1
20155,1
20156,0
20157,1
20158,1
20159,0
20160,1
20161,0
20162,0
20163,0
20164,1
20165,0
20166,0
20167,0
20168,0
20169,1
20170,1
20171,0
20172,0
20173,1
20174,1
20175,0
20176,1
20177,1
20178,1
20179,1
20180,0
20181,0
20182,1
20183,0
20184,0
20185,0
20186,0
20187,1
20188,1
20189,1
20190,0
20191,1
20192,0
20193,0
20194,0
20195,0
20196,1
20197,0
20198,1
20199,0
20200,1
20201,0
20202,1
20203,1
20204,1
20205,1
20206,0
20207,0
20208,1
20209,0
20210,1
20211,1
20212,0
20213,0
20214,0
20215,1
20216,1
20217,1
20218,1
20219,0
20220,1
20221,1
20222,1
20223,0
20224,0
20225,1
20226,1
20227,1
20228,1
20229,1
20230,1
20231,1
20232,0
20233,1
20234,0
20235,1
20236,0
20237,1
20238,1
20239,0
20240,0
20241,0
20242,1
20243,1
20244,0
20245,1
20246,1
20247,0
20248,0
20249,1
20250,0
20251,1
20252,0
20253,0
20254,1
20255,0
20256,1
20257,1
20258,1
20259,1
20260,1
20261,0
20262,1
20263,1
20264,0
20265,1
20266,0
20267,0
20268,0
20269,0
20270,0
20271,0
20272,1
20273,1
20274,1
20275,0
20276,0
20277,0
20278,0
20279,0
20280,1
20281,0
20282,1
20283,1
20284,0
20285,1
20286,0
20287,1
20288,1
20289,1
20290,0
20291,0
20292,1
20293,0
20294,1
20295,0
20296,1
20297,1
20298,1
20299,0
20300,1
20301,1
20302,1
20303,1
20304,0
20305,1
20306,0
20307,1
20308,1
20309,1
20310,1
20311,0
20312,0
20313,1
20314,0
20315,1
20316,0
20317,0
20318,0
20319,0
20320,1
20321,1
20322,1
20323,1
20324,1
20325,0
20326,1
20327,0
20328,1
20329,1
20330,1
20331,1
20332,0
20333,1
20334,1
20335,0
20336,1
20337,0
20338,0
20339,1
20340,0
20341,1
20342,1
20343,1
20344,1
20345,0
20346,0
20347,1
20348,1
20349,1
20350,1
20351,0
20352,1
20353,1
20354,1
20355,1
20356,1
20357,0
20358,0
20359,1
20360,0
20361,0
20362,0
20363,0
20364,1
20365,0
20366,0
20367,0
20368,0
20369,1
20370,1
20371,1
20372,1
20373,1
20374,1
20375,1
20376,1
20377,0
20378,1
20379,0
20380,0
20381,1
20382,1
20383,1
20384,0
20385,0
20386,1
20387,0
20388,0
20389,0
20390,0
20391,1
20392,1
20393,0
20394,0
20395,1
20396,1
20397,1
20398,1
20399,1
20400,1
20401,0
20402,0
20403,0
20404,0
20405,1
20406,0
20407,0
20408,0
20409,1
20410,0
20411,1
20412,0
20413,0
20414,1
20415,0
20416,1
20417,1
20418,1
20419,1
20420,1
20421,1
20422,0
20423,1
20424,1
20425,1
20426,1
20427,1
20428,0
20429,0
20430,1
20431,1
20432,1
20433,0
20434,0
20435,1
20436,1
20437,1
20438,0
20439,0
20440,0
20441,1
20442,0
20443,1
20444,1
20445,1
20446,1
20447,1
20448,0
20449,1
20450,1
20451,0
20452,1
20453,1
20454,0
20455,1
20456,1
20457,0
20458,1
20459,0
20460,0
20461,0
20462,1
20463,0
20464,1
20465,1
20466,1
20467,0
20468,0
20469,0
20470,1
20471,0
20472,0
20473,0
20474,0
20475,1
20476,0
20477,0
20478,1
20479,1
20480,1
20481,1
20482,1
20483,1
20484,0
20485,0
20486,1
20487,1
20488,0
20489,1
20490,0
20491,1
20492,0
20493,1
20494,1
20495,0
20496,1
20497,1
20498,1
20499,0
20500,1
20501,1
20502,1
20503,0
20504,1
20505,0
20506,1
20507,0
20508,0
20509,1
20510,1
20511,0
20512,1
20513,1
20514,1
20515,1
20516,0
20517,0
20518,1
20519,0
20520,1
20521,0
20522,0
20523,0
20524,1
20525,0
20526,0
20527,1
20528,1
20529,1
20530,1
20531,1
20532,1
20533,0
20534,1
20535,1
20536,0
20537,1
20538,1
20539,0
20540,1
20541,1
20542,0
20543,0
20544,1
20545,0
20546,1
20547,0
20548,0
20549,0
20550,1
20551,0
20552,1
20553,1
20554,1
20555,1
20556,0
20557,0
20558,1
20559,1
20560,1
20561,1
20562,0
20563,0
20564,1
20565,0
20566,0
20567,0
20568,1
20569,1
20570,0
20571,0
20572,1
20573,1
20574,1
20575,1
20576,1
20577,1
20578,1
20579,0
20580,0
20581,0
20582,1
20583,1
20584,1
20585,0
20586,0
20587,1
20588,1
20589,0
20590,1
20591,1
20592,0
20593,0
20594,0
20595,1
20596,1
20597,0
20598,1
20599,0
20600,1
20601,0
20602,1
20603,0
20604,1
20605,0
20606,0
20607,1
20608,1
20609,1
20610,1
20611,1
20612,0
20613,1
20614,1
20615,0
20616,1
20617,1
20618,0
20619,0
20620,1
20621,0
20622,1
20623,0
20624,0
20625,1
20626,0
20627,0
20628,0
20629,1
20630,1
20631,0
20632,0
20633,1
20634,0
20635,1
20636,0
20637,0
20638,0
20639,1
20640,1
20641,1
20642,1
20643,0
20644,1
20645,0
20646,1
20647,0
20648,1
20649,1
20650,0
20651,1
20652,0
20653,1
20654,0
20655,0
20656,0
20657,1
20658,1
20659,1
20660,0
20661,0
20662,1
20663,0
20664,0
20665,0
20666,0
20667,0
20668,0
20669,1
20670,1
20671,0
20672,1
20673,0
20674,1
20675,0
20676,0
20677,0
20678,1
20679,0
20680,0
20681,1
20682,0
20683,0
20684,0
20685,0
20686,1
20687,1
20688,1
20689,1
20690,1
20691,0
20692,0
20693,1
20694,1
20695,1
20696,0
20697,1
20698,0
20699,0
20700,1
20701,1
20702,0
20703,1
20704,0
20705,1
20706,1
20707,1
20708,0
20709,0
20710,0
20711,1
20712,1
20713,0
20714,1
20715,0
20716,0
20717,1
20718,0
20719,1
20720,1
20721,1
20722,0
20723,1
20724,0
20725,0
20726,1
20727,1
20728,0
20729,1
20730,0
20731,0
20732,0
20733,0
20734,1
20735,1
20736,0
20737,1
20738,1
20739,0
20740,1
20741,0
20742,1
20743,1
20744,0
20745,1
20746,1
20747,1
20748,1
20749,0
20750,1
20751,0
20752,1
20753,0
20754,0
20755,0
20756,1
20757,0
20758,0
20759,1
20760,1
20761,0
20762,1
20763,0
20764,1
20765,0
20766,1
20767,1
20768,0
20769,1
20770,1
20771,0
20772,0
20773,1
20774,1
20775,1
20776,0
20777,0
20778,0
20779,0
20780,1
20781,1
20782,0
20783,0
20784,0
20785,1
20786,0
20787,0
20788,0
20789,1
20790,1
20791,0
20792,1
20793,1
20794,0
20795,0
20796,1
20797,0
20798,1
20799,0
20800,0
20801,1
20802,0
20803,1
20804,1
20805,0
20806,1
20807,1
20808,1
20809,1
20810,0
20811,1
20812,0
20813,1
20814,1
20815,0
20816,0
20817,1
20818,0
20819,0
20820,0
20821,1
20822,0
20823,0
20824,1
20825,0
20826,1
20827,1
20828,1
20829,0
20830,1
20831,1
20832,1
20833,0
20834,1
20835,0
20836,0
20837,0
20838,1
20839,1
20840,1
20841,0
20842,0
20843,1
20844,1
20845,1
20846,0
20847,1
20848,0
20849,0
20850,0
20851,1
20852,0
20853,0
20854,1
20855,1
20856,0
20857,1
20858,0
20859,0
20860,1
20861,1
20862,0
20863,0
20864,0
20865,1
20866,0
20867,1
20868,0
20869,0
20870,1
20871,1
20872,0
20873,0
20874,0
20875,0
20876,0
20877,1
20878,0
20879,1
20880,0
20881,1
20882,1
20883,0
20884,0
20885,0
20886,1
20887,0
20888,0
20889,1
20890,1
20891,1
20892,0
20893,0
20894,0
20895,1
20896,1
20897,0
20898,1
20899,0
20900,0
20901,0
20902,0
20903,0
20904,0
20905,0
20906,0
20907,1
20908,1
20909,0
20910,1
20911,0
20912,1
20913,1
20914,0
20915,0
20916,0
20917,1
20918,0
20919,1
20920,0
20921,1
20922,0
20923,1
20924,0
20925,1
20926,0
20927,0
20928,1
20929,1
20930,0
20931,1
20932,1
20933,0
20934,0
20935,1
20936,1
20937,0
20938,0
20939,1
20940,0
20941,1
20942,1
20943,0
20944,1
20945,1
20946,1
20947,0
20948,1
20949,0
20950,0
20951,1
20952,1
20953,1
20954,1
20955,1
20956,1
20957,1
20958,0
20959,0
20960,1
20961,0
20962,1
20963,1
20964,1
20965,1
20966,1
20967,0
20968,1
20969,0
20970,1
20971,0
20972,1
20973,0
20974,1
20975,0
20976,0
20977,0
20978,0
20979,0
20980,1
20981,0
20982,0
20983,1
20984,1
20985,1
20986,0
20987,0
20988,0
20989,1
20990,1
20991,1
20992,0
20993,1
20994,0
20995,0
20996,1
20997,1
20998,0
20999,0
21000,1
21001,1
21002,1
21003,0
21004,1
21005,1
21006,0
21007,1
21008,0
21009,0
21010,0
21011,1
21012,1
21013,1
21014,0
21015,1
21016,0
21017,1
21018,1
21019,1
21020,0
21021,1
21022,1
21023,1
21024,1
21025,0
21026,0
21027,1
21028,0
21029,0
21030,0
21031,0
21032,1
21033,1
21034,0
21035,0
21036,1
21037,0
21038,1
21039,1
21040,0
21041,1
21042,0
21043,1
21044,1
21045,0
21046,1
21047,0
21048,0
21049,0
21050,0
21051,1
21052,1
21053,1
21054,0
21055,0
21056,1
21057,0
21058,0
21059,1
21060,0
21061,1
21062,1
21063,0
21064,1
21065,1
21066,0
21067,0
21068,0
21069,1
21070,0
21071,0
21072,0
21073,0
21074,1
21075,1
21076,1
21077,1
21078,1
21079,1
21080,1
21081,1
21082,1
21083,0
21084,0
21085,0
21086,0
21087,1
21088,0
21089,1
21090,0
21091,0
21092,1
21093,0
21094,0
21095,0
21096,0
21097,1
21098,0
21099,0
21100,0
21101,1
21102,0
21103,0
21104,0
21105,0
21106,0
21107,0
21108,1
21109,0
21110,0
21111,1
21112,1
21113,1
21114,0
21115,0
21116,1
21117,0
21118,0
21119,1
21120,0
21121,1
21122,1
21123,0
21124,0
21125,1
21126,0
21127,0
21128,1
21129,1
21130,0
21131,0
21132,1
21133,0
21134,0
21135,0
21136,1
21137,0
21138,0
21139,1
21140,0
21141,1
21142,1
21143,0
21144,1
21145,0
21146,1
21147,0
21148,0
21149,1
21150,0
21151,1
21152,0
21153,0
21154,1
21155,1
21156,0
21157,1
21158,0
21159,1
21160,0
21161,0
21162,0
21163,0
21164,1
21165,1
21166,1
21167,1
21168,0
21169,0
21170,1
21171,0
21172,1
21173,0
21174,1
21175,0
21176,0
21177,0
21178,1
21179,0
21180,1
21181,1
21182,0
21183,0
21184,1
21185,1
21186,1
21187,1
21188,0
21189,0
21190,0
21191,0
21192,1
21193,0
21194,1
21195,1
21196,1
21197,1
21198,0
21199,0
21200,1
21201,1
21202,0
21203,1
21204,0
21205,1
21206,1
21207,1
21208,0
21209,0
21210,1
21211,1
21212,0
21213,1
21214,0
21215,0
21216,1
21217,1
21218,0
21219,0
21220,1
21221,1
21222,0
21223,1
21224,1
21225,0
21226,0
21227,0
21228,1
21229,1
21230,1
21231,0
21232,1
21233,0
21234,1
21235,1
21236,1
21237,1
21238,1
21239,1
21240,0
21241,0
21242,1
21243,1
21244,0
21245,1
21246,1
21247,0
21248,1
21249,0
21250,1
21251,0
21252,1
21253,0
21254,1
21255,1
21256,1
21257,0
21258,1
21259,0
21260,1
21261,1
21262,1
21263,1
21264,0
21265,1
21266,0
21267,1
21268,0
21269,0
21270,1
21271,1
21272,1
21273,1
21274,1
21275,0
21276,0
21277,0
21278,1
21279,1
21280,0
21281,0
21282,0
21283,1
21284,0
21285,0
21286,0
21287,0
21288,1
21289,1
21290,1
21291,0
21292,1
21293,1
21294,1
21295,1
21296,1
21297,0
21298,0
21299,0
21300,0
21301,1
21302,1
21303,0
21304,1
21305,0
21306,0
21307,1
21308,1
21309,0
21310,1
21311,0
21312,1
21313,1
21314,0
21315,0
21316,0
21317,0
21318,0
21319,0
21320,0
21321,0
21322,0
21323,1
21324,0
21325,0
21326,0
21327,0
21328,0
21329,0
21330,1
21331,0
21332,1
21333,1
21334,1
21335,0
21336,0
21337,0
21338,1
21339,1
21340,0
21341,1
21342,0
21343,0
21344,0
21345,1
21346,0
21347,1
21348,0
21349,0
21350,0
21351,1
21352,1
21353,0
21354,1
21355,1
21356,0
21357,0
21358,0
21359,0
21360,0
21361,1
21362,1
21363,0
21364,1
21365,0
21366,1
21367,0
21368,0
21369,1
21370,0
21371,0
21372,1
21373,0
21374,0
21375,1
21376,0
21377,1
21378,1
21379,0
21380,0
21381,1
21382,1
21383,1
21384,0
21385,0
21386,1
21387,0
21388,1
21389,1
21390,0
21391,0
21392,1
21393,1
21394,0
21395,0
21396,0
21397,0
21398,1
21399,0
21400,0
21401,1
21402,1
21403,1
21404,1
21405,0
21406,1
21407,1
21408,0
21409,1
21410,1
21411,1
21412,0
21413,1
21414,1
21415,1
21416,1
21417,1
21418,0
21419,1
21420,0
21421,0
21422,0
21423,1
21424,1
21425,0
21426,1
21427,1
21428,1
21429,0
21430,1
21431,0
21432,0
21433,0
21434,0
21435,0
21436,1
21437,1
21438,0
21439,1
21440,1
21441,1
21442,0
21443,0
21444,1
21445,1
21446,0
21447,1
21448,1
21449,1
21450,1
21451,0
21452,1
21453,0
21454,0
21455,0
21456,1
21457,0
21458,0
21459,1
21460,1
21461,0
21462,0
21463,0
21464,1
21465,1
21466,1
21467,1
21468,1
21469,1
21470,0
21471,0
21472,1
21473,0
21474,0
21475,1
21476,0
21477,0
21478,0
21479,0
21480,1
21481,1
21482,0
21483,0
21484,0
21485,1
21486,1
21487,0
21488,1
21489,1
21490,1
21491,0
21492,1
21493,0
21494,0
21495,1
21496,0
21497,1
21498,0
21499,1
21500,1
21501,0
21502,0
21503,1
21504,0
21505,0
21506,1
21507,0
21508,1
21509,1
21510,0
21511,1
21512,0
21513,0
21514,0
21515,1
21516,0
21517,0
21518,0
21519,1
21520,1
21521,1
21522,1
21523,1
21524,1
21525,1
21526,0
21527,1
21528,0
21529,1
21530,1
21531,0
21532,0
21533,1
21534,0
21535,0
21536,0
21537,0
21538,0
21539,0
21540,0
21541,1
21542,1
21543,0
21544,1
21545,1
21546,0
21547,1
21548,1
21549,1
21550,1
21551,0
21552,1
21553,0
21554,0
21555,1
21556,0
21557,0
21558,1
21559,0
21560,0
21561,1
21562,1
21563,0
21564,1
21565,0
21566,1
21567,1
21568,1
21569,1
21570,0
21571,0
21572,0
21573,0
21574,0
21575,0
21576,1
21577,0
21578,1
21579,0
21580,1
21581,0
21582,0
21583,0
21584,1
21585,1
21586,0
21587,0
21588,0
21589,0
21590,0
21591,1
21592,0
21593,0
21594,1
21595,0
21596,1
21597,1
21598,0
21599,0
21600,1
21601,0
21602,0
21603,0
21604,1
21605,1
21606,1
21607,0
21608,0
21609,1
21610,0
21611,1
21612,0
21613,1
21614,1
21615,1
21616,1
21617,1
21618,0
21619,0
21620,1
21621,0
21622,1
21623,1
21624,1
21625,1
21626,1
21627,0
21628,1
21629,0
21630,1
21631,0
21632,0
21633,0
21634,0
21635,0
21636,1
21637,0
21638,1
21639,1
21640,1
21641,1
21642,1
21643,0
21644,0
21645,0
21646,1
21647,0
21648,0
21649,1
21650,1
21651,1
21652,1
21653,0
21654,0
21655,0
21656,0
21657,1
21658,1
21659,0
21660,0
21661,1
21662,1
21663,1
21664,0
21665,0
21666,1
21667,0
21668,1
21669,0
21670,0
21671,0
21672,1
21673,0
21674,1
21675,1
21676,1
21677,1
21678,1
21679,1
21680,0
21681,0
21682,1
21683,1
21684,0
21685,0
21686,1
21687,0
21688,1
21689,1
21690,0
21691,1
21692,0
21693,1
21694,0
21695,1
21696,1
21697,0
21698,1
21699,0
21700,1
21701,0
21702,1
21703,1
21704,0
21705,1
21706,1
21707,0
21708,0
21709,1
21710,1
21711,1
21712,1
21713,0
21714,0
21715,1
21716,0
21717,1
21718,1
21719,0
21720,1
21721,1
21722,1
21723,1
21724,1
21725,1
21726,1
21727,1
21728,0
21729,0
21730,0
21731,1
21732,1
21733,1
21734,0
21735,1
21736,0
21737,1
21738,0
21739,1
21740,1
21741,1
21742,1
21743,1
21744,0
21745,0
21746,0
21747,0
21748,0
21749,1
21750,0
21751,0
21752,0
21753,1
21754,0
21755,1
21756,0
21757,1
21758,1
21759,1
21760,0
21761,0
21762,0
21763,0
21764,0
21765,1
21766,1
21767,1
21768,1
21769,0
21770,1
21771,1
21772,1
21773,0
21774,1
21775,1
21776,0
21777,1
21778,1
21779,1
21780,1
21781,0
21782,0
21783,0
21784,0
21785,0
21786,1
21787,0
21788,0
21789,1
21790,1
21791,1
21792,1
21793,1
21794,1
21795,1
21796,1
21797,0
21798,1
21799,0
21800,0
21801,0
21802,1
21803,0
21804,0
21805,1
21806,0
21807,1
21808,0
21809,0
21810,1
21811,1
21812,1
21813,1
21814,1
21815,1
21816,1
21817,1
21818,1
21819,0
21820,0
21821,0
21822,1
21823,1
21824,1
21825,1
21826,1
21827,0
21828,1
21829,1
21830,1
21831,0
21832,1
21833,1
21834,1
21835,1
21836,1
21837,1
21838,1
21839,1
21840,1
21841,0
21842,0
21843,0
21844,0
21845,1
21846,0
21847,1
21848,0
21849,1
21850,1
21851,1
21852,1
21853,0
21854,1
21855,1
21856,0
21857,0
21858,1
21859,1
21860,0
21861,0
21862,1
21863,1
21864,0
21865,0
21866,0
21867,1
21868,0
21869,1
21870,0
21871,1
21872,0
21873,0
21874,1
21875,0
21876,1
21877,1
21878,0
21879,1
21880,0
21881,1
21882,0
21883,0
21884,1
21885,0
21886,0
21887,1
21888,1
21889,0
21890,0
21891,0
21892,1
21893,0
21894,1
21895,0
21896,1
21897,1
21898,0
21899,0
21900,0
21901,1
21902,0
21903,0
21904,1
21905,1
21906,1
21907,1
21908,0
21909,1
21910,1
21911,0
21912,1
21913,0
21914,1
21915,0
21916,0
21917,1
21918,0
21919,1
21920,1
21921,1
21922,1
21923,1
21924,0
21925,1
21926,1
21927,0
21928,1
21929,0
21930,1
21931,0
21932,0
21933,1
21934,0
21935,0
21936,1
21937,0
21938,1
21939,0
21940,1
21941,1
21942,1
21943,1
21944,0
21945,1
21946,0
21947,1
21948,1
21949,0
21950,1
21951,1
21952,0
21953,0
21954,0
21955,0
21956,1
21957,1
21958,0
21959,1
21960,0
21961,1
21962,1
21963,1
21964,0
21965,1
21966,1
21967,1
21968,0
21969,1
21970,0
21971,1
21972,0
21973,1
21974,1
21975,1
21976,1
21977,1
21978,1
21979,0
21980,0
21981,1
21982,0
21983,1
21984,0
21985,0
21986,1
21987,1
21988,0
21989,0
21990,0
21991,1
21992,0
21993,0
21994,0
21995,1
21996,0
21997,0
21998,0
21999,1
22000,1
22001,1
22002,0
22003,1
22004,0
22005,0
22006,1
22007,1
22008,0
22009,0
22010,1
22011,1
22012,1
22013,1
22014,0
22015,0
22016,1
22017,0
22018,1
22019,1
22020,0
22021,0
22022,1
22023,1
22024,0
22025,1
22026,0
22027,1
22028,0
22029,0
22030,0
22031,0
22032,0
22033,0
22034,1
22035,0
22036,1
22037,1
22038,0
22039,1
22040,1
22041,0
22042,0
22043,0
22044,1
22045,1
22046,0
22047,1
22048,0
22049,1
22050,1
22051,0
22052,1
22053,1
22054,0
22055,1
22056,1
22057,1
22058,1
22059,1
22060,0
22061,1
22062,0
22063,1
22064,0
22065,1
22066,0
22067,0
22068,0
22069,0
22070,0
22071,1
22072,0
22073,1
22074,1
22075,0
22076,0
22077,0
22078,0
22079,0
22080,1
22081,0
22082,1
22083,1
22084,0
22085,0
22086,0
22087,0
22088,1
22089,0
22090,0
22091,0
22092,0
22093,0
22094,0
22095,1
22096,1
22097,1
22098,1
22099,0
22100,1
22101,1
22102,0
22103,0
22104,1
22105,1
22106,0
22107,1
22108,0
22109,1
22110,1
22111,1
22112,0
22113,0
22114,1
22115,0
22116,0
22117,1
22118,0
22119,0
22120,1
22121,0
22122,1
22123,0
22124,1
22125,1
22126,0
22127,1
22128,0
22129,1
22130,1
22131,1
22132,0
22133,1
22134,0
22135,1
22136,1
22137,1
22138,0
22139,1
22140,0
22141,1
22142,1
22143,0
22144,1
22145,0
22146,1
22147,1
22148,0
22149,1
22150,0
22151,1
22152,1
22153,1
22154,0
22155,0
22156,1
22157,1
22158,1
22159,1
22160,1
22161,0
22162,0
22163,0
22164,0
22165,0
22166,1
22167,0
22168,0
22169,1
22170,0
22171,1
22172,1
22173,1
22174,1
22175,0
22176,0
22177,1
22178,0
22179,0
22180,1
22181,1
22182,1
22183,1
22184,1
22185,0
22186,0
22187,1
22188,1
22189,1
22190,1
22191,0
22192,0
22193,1
22194,0
22195,1
22196,0
22197,1
22198,1
22199,1
22200,0
22201,1
22202,0
22203,1
22204,1
22205,0
22206,0
22207,0
22208,1
22209,0
22210,0
22211,0
22212,0
22213,0
22214,0
22215,0
22216,1
22217,1
22218,1
22219,1
22220,1
22221,0
22222,1
22223,1
22224,1
22225,1
22226,1
22227,1
22228,0
22229,0
22230,1
22231,0
22232,1
22233,0
22234,1
22235,0
22236,1
22237,0
22238,1
22239,1
22240,0
22241,1
22242,0
22243,0
22244,0
22245,0
22246,0
22247,0
22248,1
22249,0
22250,1
22251,1
22252,0
22253,0
22254,0
22255,0
22256,1
22257,0
22258,0
22259,1
22260,0
22261,0
22262,1
22263,1
22264,1
22265,1
22266,1
22267,0
22268,1
22269,0
22270,0
22271,1
22272,1
22273,1
22274,1
22275,0
22276,1
22277,1
22278,0
22279,0
22280,1
22281,1
22282,0
22283,0
22284,1
22285,0
22286,0
22287,1
22288,1
22289,0
22290,0
22291,0
22292,1
22293,0
22294,0
22295,0
22296,1
22297,1
22298,1
22299,1
22300,1
22301,1
22302,0
22303,1
22304,0
22305,1
22306,1
22307,1
22308,1
22309,1
22310,1
22311,0
22312,1
22313,1
22314,0
22315,0
22316,1
22317,0
22318,0
22319,0
22320,0
22321,1
22322,0
22323,1
22324,0
22325,0
22326,0
22327,1
22328,0
22329,0
22330,1
22331,0
22332,1
22333,1
22334,0
22335,0
22336,1
22337,1
22338,0
22339,0
22340,0
22341,0
22342,0
22343,1
22344,0
22345,0
22346,0
22347,1
22348,0
22349,0
22350,1
22351,1
22352,1
22353,0
22354,1
22355,1
22356,0
22357,1
22358,0
22359,0
22360,1
22361,0
22362,1
22363,0
22364,1
22365,0
22366,1
22367,0
22368,1
22369,1
22370,1
22371,1
22372,1
22373,0
22374,0
22375,1
22376,0
22377,1
22378,1
22379,0
22380,0
22381,1
22382,1
22383,0
22384,1
22385,1
22386,1
22387,0
22388,1
22389,1
22390,0
22391,0
22392,0
22393,0
22394,1
22395,1
22396,1
22397,0
22398,0
22399,0
22400,1
22401,0
22402,1
22403,1
22404,0
22405,1
22406,1
22407,1
22408,0
22409,1
22410,1
22411,1
22412,0
22413,0
22414,1
22415,0
22416,0
22417,1
22418,1
22419,0
22420,1
22421,1
22422,1
22423,1
22424,0
22425,1
22426,1
22427,0
22428,0
22429,1
22430,1
22431,1
22432,1
22433,1
22434,1
22435,1
22436,1
22437,0
22438,1
22439,0
22440,1
22441,0
22442,1
22443,1
22444,0
22445,1
22446,0
22447,1
22448,0
22449,0
22450,0
22451,1
22452,1
22453,1
22454,1
22455,1
22456,1
22457,0
22458,1
22459,1
22460,0
22461,1
22462,1
22463,0
22464,0
22465,1
22466,1
22467,0
22468,0
22469,1
22470,0
22471,0
22472,0
22473,1
22474,1
22475,1
22476,1
22477,0
22478,0
22479,0
22480,0
22481,0
22482,1
22483,0
22484,0
22485,0
22486,1
22487,1
22488,0
22489,1
22490,1
22491,1
22492,1
22493,1
22494,1
22495,1
22496,1
22497,1
22498,1
22499,1
22500,1
22501,1
22502,1
22503,0
22504,0
22505,1
22506,0
22507,1
22508,1
22509,0
22510,1
22511,1
22512,1
22513,0
22514,0
22515,1
22516,1
22517,1
22518,0
22519,0
22520,1
22521,1
22522,0
22523,1
22524,0
22525,0
22526,1
22527,0
22528,1
22529,1
22530,0
22531,0
22532,1
22533,0
22534,1
22535,0
22536,1
22537,0
22538,0
22539,1
22540,0
22541,0
22542,1
22543,1
22544,1
22545,0
22546,0
22547,0
22548,0
22549,1
22550,1
22551,1
22552,0
22553,1
22554,1
22555,1
22556,1
22557,1
22558,0
22559,0
22560,0
22561,0
22562,1
22563,0
22564,0
22565,1
22566,1
22567,0
22568,0
22569,1
22570,1
22571,0
22572,1
22573,0
22574,0
22575,0
22576,0
22577,1
22578,0
22579,0
22580,0
22581,0
22582,0
22583,0
22584,1
22585,1
22586,0
22587,1
22588,1
22589,1
22590,0
22591,1
22592,1
22593,0
22594,1
22595,1
22596,1
22597,1
22598,0
22599,0
22600,0
22601,1
22602,1
22603,0
22604,1
22605,1
22606,0
22607,1
22608,1
22609,0
22610,1
22611,1
22612,0
22613,1
22614,1
22615,0
22616,0
22617,1
22618,0
22619,1
22620,1
22621,1
22622,0
22623,1
22624,0
22625,0
22626,1
22627,0
22628,0
22629,1
22630,0
22631,1
22632,1
22633,0
22634,0
22635,0
22636,0
22637,0
22638,1
22639,1
22640,1
22641,1
22642,1
22643,0
22644,0
22645,0
22646,0
22647,1
22648,1
22649,1
22650,0
22651,1
22652,1
22653,0
22654,1
22655,0
22656,0
22657,0
22658,0
22659,0
22660,0
22661,0
22662,1
22663,0
22664,0
22665,0
22666,0
22667,1
22668,1
22669,1
22670,0
22671,1
22672,1
22673,0
22674,1
22675,0
22676,1
22677,1
22678,0
22679,1
22680,1
22681,0
22682,0
22683,1
22684,0
22685,0
22686,1
22687,1
22688,1
22689,1
22690,1
22691,0
22692,1
22693,1
22694,1
22695,1
22696,0
22697,1
22698,1
22699,1
22700,0
22701,0
22702,1
22703,0
22704,1
22705,0
22706,1
22707,1
22708,1
22709,1
22710,0
22711,1
22712,1
22713,0
22714,1
22715,1
22716,1
22717,1
22718,0
22719,1
22720,0
22721,1
22722,1
22723,1
22724,1
22725,0
22726,0
22727,0
22728,0
22729,0
22730,1
22731,1
22732,0
22733,0
22734,0
22735,0
22736,1
22737,0
22738,1
22739,0
22740,1
22741,0
22742,0
22743,1
22744,1
22745,0
22746,1
22747,1
22748,1
22749,1
22750,1
22751,0
22752,0
22753,1
22754,0
22755,0
22756,1
22757,1
22758,0
22759,1
22760,1
22761,0
22762,1
22763,1
22764,0
22765,1
22766,0
22767,1
22768,1
22769,1
22770,0
22771,0
22772,1
22773,1
22774,1
22775,1
22776,0
22777,1
22778,1
22779,1
22780,0
22781,1
22782,1
22783,1
22784,1
22785,1
22786,1
22787,0
22788,1
22789,0
22790,0
22791,1
22792,0
22793,1
22794,1
22795,1
22796,1
22797,1
22798,0
22799,1
22800,0
22801,1
22802,0
22803,0
22804,0
22805,1
22806,1
22807,1
22808,0
22809,1
22810,0
22811,1
22812,1
22813,1
22814,1
22815,0
22816,1
22817,1
22818,0
22819,0
22820,1
22821,0
22822,0
22823,1
22824,0
22825,1
22826,0
22827,0
22828,0
22829,0
22830,0
22831,0
22832,1
22833,1
22834,0
22835,1
22836,1
22837,1
22838,0
22839,1
22840,0
22841,1
22842,0
22843,1
22844,0
22845,0
22846,0
22847,1
22848,1
22849,0
22850,0
22851,1
22852,1
22853,0
22854,1
22855,0
22856,0
22857,0
22858,0
22859,0
22860,1
22861,0
22862,0
22863,0
22864,0
22865,0
22866,0
22867,1
22868,1
22869,0
22870,0
22871,0
22872,1
22873,1
22874,1
22875,0
22876,1
22877,0
22878,0
22879,1
22880,1
22881,0
22882,1
22883,0
22884,0
22885,0
22886,0
22887,0
22888,1
22889,1
22890,0
22891,0
22892,0
22893,1
22894,0
22895,0
22896,1
22897,0
22898,0
22899,1
22900,0
22901,1
22902,0
22903,1
22904,1
22905,1
22906,1
22907,0
22908,0
22909,1
22910,1
22911,1
22912,0
22913,1
22914,1
22915,1
22916,1
22917,1
22918,1
22919,0
22920,1
22921,0
22922,0
22923,1
22924,0
22925,1
22926,1
22927,1
22928,1
22929,1
22930,0
22931,0
22932,1
22933,1
22934,1
22935,1
22936,1
22937,0
22938,1
22939,1
22940,1
22941,1
22942,0
22943,0
22944,1
22945,1
22946,1
22947,1
22948,1
22949,1
22950,1
22951,1
22952,0
22953,1
22954,1
22955,1
22956,0
22957,0
22958,0
22959,1
22960,0
22961,1
22962,1
22963,1
22964,0
22965,0
22966,1
22967,1
22968,0
22969,0
22970,0
22971,0
22972,0
22973,1
22974,1
22975,1
22976,1
22977,0
22978,1
22979,1
22980,1
22981,0
22982,0
22983,1
22984,0
22985,1
22986,1
22987,1
22988,1
22989,1
22990,0
22991,0
22992,0
22993,0
22994,1
22995,1
22996,0
22997,0
22998,1
22999,0
23000,0
23001,0
23002,1
23003,0
23004,0
23005,0
23006,0
23007,1
23008,0
23009,1
23010,1
23011,1
23012,1
23013,0
23014,1
23015,0
23016,0
23017,1
23018,0
23019,0
23020,0
23021,0
23022,1
23023,0
23024,1
23025,1
23026,1
23027,1
23028,1
23029,1
23030,0
23031,0
23032,1
23033,1
23034,0
23035,1
23036,1
23037,1
23038,1
23039,1
23040,1
23041,0
23042,1
23043,1
23044,0
23045,1
23046,1
23047,1
23048,0
23049,0
23050,1
23051,0
23052,1
23053,1
23054,0
23055,0
23056,1
23057,1
23058,0
23059,1
23060,1
23061,1
23062,0
23063,1
23064,1
23065,0
23066,0
23067,0
23068,0
23069,1
23070,1
23071,0
23072,0
23073,1
23074,1
23075,0
23076,1
23077,1
23078,0
23079,1
23080,1
23081,1
23082,1
23083,1
23084,1
23085,0
23086,1
23087,1
23088,0
23089,0
23090,0
23091,0
23092,1
23093,1
23094,1
23095,1
23096,0
23097,1
23098,0
23099,0
23100,0
23101,1
23102,0
23103,0
23104,0
23105,1
23106,1
23107,1
23108,0
23109,1
23110,0
23111,0
23112,1
23113,0
23114,1
23115,0
23116,0
23117,0
23118,0
23119,1
23120,1
23121,0
23122,0
23123,1
23124,0
23125,1
23126,1
23127,1
23128,1
23129,0
23130,0
23131,1
23132,0
23133,0
23134,1
23135,1
23136,1
23137,0
23138,0
23139,0
23140,1
23141,0
23142,0
23143,0
23144,0
23145,0
23146,0
23147,1
23148,0
23149,0
23150,1
23151,1
23152,0
23153,0
23154,1
23155,1
23156,1
23157,0
23158,1
23159,0
23160,1
23161,1
23162,1
23163,0
23164,1
23165,1
23166,1
23167,0
23168,1
23169,0
23170,0
23171,1
23172,1
23173,0
23174,1
23175,0
23176,0
23177,1
23178,1
23179,0
23180,1
23181,1
23182,1
23183,0
23184,1
23185,0
23186,0
23187,1
23188,1
23189,1
23190,1
23191,1
23192,0
23193,0
23194,0
23195,1
23196,1
23197,0
23198,1
23199,1
23200,0
23201,0
23202,0
23203,1
23204,1
23205,1
23206,0
23207,1
23208,0
23209,1
23210,0
23211,0
23212,0
23213,1
23214,0
23215,0
23216,1
23217,1
23218,0
23219,0
23220,0
23221,1
23222,1
23223,1
23224,1
23225,0
23226,0
23227,0
23228,0
23229,0
23230,1
23231,1
23232,1
23233,1
23234,0
23235,1
23236,1
23237,1
23238,0
23239,1
23240,0
23241,1
23242,0
23243,0
23244,0
23245,1
23246,1
23247,0
23248,1
23249,1
23250,0
23251,1
23252,0
23253,0
23254,0
23255,1
23256,0
23257,1
23258,0
23259,1
23260,0
23261,1
23262,1
23263,0
23264,0
23265,0
23266,1
23267,1
23268,1
23269,0
23270,1
23271,1
23272,1
23273,0
23274,1
23275,1
23276,1
23277,1
23278,1
23279,0
23280,1
23281,1
23282,1
23283,0
23284,0
23285,0
23286,1
23287,1
23288,0
23289,0
23290,0
23291,0
23292,0
23293,1
23294,0
23295,1
23296,1
23297,1
23298,0
23299,0
23300,1
23301,0
23302,1
23303,0
23304,0
23305,1
23306,1
23307,0
23308,1
23309,0
23310,0
23311,1
23312,0
23313,0
23314,1
23315,0
23316,1
23317,1
23318,1
23319,0
23320,1
23321,0
23322,1
23323,1
23324,0
23325,1
23326,1
23327,1
23328,0
23329,1
23330,0
23331,1
23332,1
23333,1
23334,0
23335,0
23336,1
23337,0
23338,1
23339,0
23340,1
23341,0
23342,1
23343,0
23344,1
23345,1
23346,0
23347,1
23348,1
23349,0
23350,1
23351,0
23352,0
23353,1
23354,1
23355,0
23356,1
23357,0
23358,0
23359,0
23360,1
23361,0
23362,0
23363,0
23364,1
23365,1
23366,1
23367,0
23368,0
23369,0
23370,0
23371,1
23372,0
23373,1
23374,1
23375,1
23376,0
23377,1
23378,0
23379,1
23380,1
23381,0
23382,1
23383,0
23384,0
23385,1
23386,0
23387,1
23388,0
23389,1
23390,0
23391,0
23392,0
23393,0
23394,1
23395,0
23396,1
23397,0
23398,1
23399,0
23400,1
23401,1
23402,0
23403,1
23404,0
23405,1
23406,0
23407,0
23408,1
23409,0
23410,0
23411,1
23412,0
23413,0
23414,0
23415,1
23416,1
23417,1
23418,0
23419,1
23420,0
23421,1
23422,0
23423,1
23424,0
23425,1
23426,1
23427,0
23428,0
23429,1
23430,1
23431,1
23432,0
23433,0
23434,0
23435,1
23436,1
23437,1
23438,1
23439,0
23440,1
23441,1
23442,0
23443,0
23444,1
23445,0
23446,0
23447,1
23448,1
23449,0
23450,1
23451,0
23452,0
23453,1
23454,1
23455,0
23456,0
23457,0
23458,1
23459,0
23460,1
23461,0
23462,1
23463,1
23464,1
23465,1
23466,1
23467,0
23468,0
23469,1
23470,1
23471,0
23472,0
23473,1
23474,1
23475,0
23476,0
23477,1
23478,1
23479,0
23480,1
23481,1
23482,1
23483,1
23484,1
23485,1
23486,1
23487,0
23488,1
23489,0
23490,0
23491,1
23492,1
23493,1
23494,0
23495,1
23496,1
23497,0
23498,0
23499,1
23500,1
23501,1
23502,0
23503,1
23504,0
23505,1
23506,1
23507,1
23508,0
23509,1
23510,1
23511,0
23512,1
23513,0
23514,1
23515,1
23516,1
23517,0
23518,0
23519,1
23520,1
23521,1
23522,1
23523,1
23524,1
23525,1
23526,0
23527,1
23528,0
23529,1
23530,1
23531,0
23532,1
23533,1
23534,1
23535,0
23536,0
23537,0
23538,0
23539,1
23540,1
23541,1
23542,0
23543,0
23544,1
23545,0
23546,1
23547,0
23548,1
23549,1
23550,1
23551,0
23552,0
23553,1
23554,0
23555,1
23556,1
23557,0
23558,1
23559,1
23560,1
23561,0
23562,1
23563,0
23564,0
23565,0
23566,1
23567,0
23568,1
23569,1
23570,0
23571,1
23572,1
23573,1
23574,0
23575,1
23576,0
23577,0
23578,1
23579,1
23580,0
23581,0
23582,1
23583,1
23584,1
23585,0
23586,0
23587,0
23588,0
23589,0
23590,0
23591,0
23592,1
23593,1
23594,1
23595,0
23596,0
23597,0
23598,0
23599,1
23600,1
23601,1
23602,1
23603,0
23604,0
23605,0
23606,0
23607,0
23608,1
23609,1
23610,0
23611,1
23612,0
23613,1
23614,1
23615,1
23616,1
23617,1
23618,0
23619,1
23620,0
23621,1
23622,0
23623,0
23624,0
23625,1
23626,1
23627,0
23628,0
23629,1
23630,0
23631,1
23632,1
23633,1
23634,0
23635,0
23636,1
23637,0
23638,1
23639,1
23640,0
23641,0
23642,1
23643,1
23644,0
23645,0
23646,1
23647,0
23648,0
23649,1
23650,0
23651,1
23652,0
23653,0
23654,1
23655,0
23656,0
23657,1
23658,1
23659,1
23660,0
23661,1
23662,1
23663,1
23664,1
23665,1
23666,0
23667,1
23668,0
23669,1
23670,1
23671,0
23672,0
23673,1
23674,1
23675,1
23676,1
23677,0
23678,1
23679,0
23680,0
23681,1
23682,1
23683,1
23684,1
23685,1
23686,0
23687,0
23688,1
23689,1
23690,1
23691,1
23692,1
23693,0
23694,1
23695,1
23696,1
23697,1
23698,1
23699,0
23700,0
23701,1
23702,0
23703,1
23704,1
23705,0
23706,1
23707,1
23708,0
23709,0
23710,0
23711,1
23712,0
23713,0
23714,0
23715,0
23716,0
23717,0
23718,1
23719,0
23720,1
23721,0
23722,0
23723,1
23724,1
23725,0
23726,0
23727,1
23728,0
23729,1
23730,1
23731,1
23732,0
23733,0
23734,1
23735,1
23736,0
23737,0
23738,0
23739,0
23740,0
23741,0
23742,1
23743,1
23744,0
23745,0
23746,0
23747,1
23748,1
23749,1
23750,1
23751,0
23752,0
23753,1
23754,0
23755,1
23756,0
23757,0
23758,0
23759,1
23760,1
23761,1
23762,1
23763,0
23764,0
23765,1
23766,1
23767,0
23768,1
23769,0
23770,1
23771,1
23772,1
23773,0
23774,1
23775,1
23776,1
23777,1
23778,1
23779,0
23780,0
23781,0
23782,0
23783,1
23784,0
23785,1
23786,1
23787,0
23788,1
23789,1
23790,1
23791,1
23792,0
23793,1
23794,1
23795,1
23796,1
23797,1
23798,0
23799,1
23800,0
23801,0
23802,0
23803,1
23804,0
23805,0
23806,0
23807,0
23808,1
23809,0
23810,0
23811,0
23812,0
23813,1
23814,0
23815,1
23816,1
23817,1
23818,1
23819,1
23820,1
23821,0
23822,0
23823,1
23824,1
23825,1
23826,1
23827,1
23828,1
23829,1
23830,0
23831,0
23832,0
23833,1
23834,1
23835,1
23836,1
23837,0
23838,1
23839,0
23840,0
23841,1
23842,1
23843,1
23844,1
23845,0
23846,0
23847,1
23848,0
23849,0
23850,1
23851,1
23852,0
23853,1
23854,1
23855,1
23856,0
23857,1
23858,1
23859,1
23860,0
23861,0
23862,1
23863,0
23864,1
23865,1
23866,1
23867,0
23868,1
23869,1
23870,0
23871,0
23872,1
23873,0
23874,1
23875,1
23876,1
23877,0
23878,0
23879,0
23880,0
23881,1
23882,0
23883,1
23884,0
23885,1
23886,0
23887,0
23888,0
23889,1
23890,1
23891,1
23892,0
23893,1
23894,0
23895,0
23896,1
23897,1
23898,1
23899,1
23900,0
23901,0
23902,0
23903,0
23904,0
23905,0
23906,0
23907,1
23908,1
23909,1
23910,0
23911,1
23912,0
23913,0
23914,1
23915,0
23916,1
23917,0
23918,1
23919,0
23920,1
23921,0
23922,1
23923,1
23924,0
23925,1
23926,1
23927,0
23928,1
23929,1
23930,0
23931,0
23932,0
23933,1
23934,1
23935,0
23936,1
23937,1
23938,1
23939,1
23940,0
23941,1
23942,1
23943,1
23944,1
23945,1
23946,0
23947,1
23948,1
23949,1
23950,1
23951,0
23952,1
23953,0
23954,1
23955,0
23956,1
23957,1
23958,1
23959,1
23960,1
23961,1
23962,1
23963,1
23964,1
23965,0
23966,0
23967,1
23968,0
23969,0
23970,1
23971,0
23972,0
23973,0
23974,1
23975,1
23976,1
23977,0
23978,0
23979,0
23980,1
23981,0
23982,1
23983,0
23984,0
23985,1
23986,1
23987,1
23988,1
23989,1
23990,0
23991,0
23992,0
23993,1
23994,1
23995,0
23996,1
23997,0
23998,0
23999,1
24000,1
24001,1
24002,0
24003,0
24004,1
24005,1
24006,1
24007,0
24008,1
24009,1
24010,0
24011,1
24012,1
24013,0
24014,1
24015,1
24016,1
24017,0
24018,1
24019,1
24020,1
24021,1
24022,1
24023,0
24024,1
24025,1
24026,0
24027,1
24028,0
24029,1
24030,0
24031,1
24032,0
24033,0
24034,1
24035,0
24036,0
24037,0
24038,0
24039,1
24040,0
24041,1
24042,0
24043,0
24044,1
24045,1
24046,0
24047,1
24048,0
24049,0
24050,1
24051,0
24052,1
24053,0
24054,1
24055,0
24056,0
24057,1
24058,0
24059,0
24060,0
24061,1
24062,1
24063,1
24064,1
24065,1
24066,0
24067,0
24068,1
24069,0
24070,0
24071,1
24072,1
24073,1
24074,1
24075,0
24076,1
24077,0
24078,0
24079,0
24080,0
24081,1
24082,0
24083,1
24084,0
24085,0
24086,0
24087,0
24088,0
24089,1
24090,0
24091,0
24092,0
24093,1
24094,0
24095,1
24096,1
24097,1
24098,1
24099,1
24100,1
24101,1
24102,1
24103,1
24104,0
24105,0
24106,0
24107,1
24108,1
24109,1
24110,1
24111,0
24112,1
24113,1
24114,0
24115,1
24116,1
24117,1
24118,1
24119,1
24120,1
24121,0
24122,1
24123,0
24124,0
24125,0
24126,0
24127,0
24128,0
24129,1
24130,1
24131,0
24132,1
24133,0
24134,0
24135,0
24136,0
24137,1
24138,0
24139,0
24140,0
24141,1
24142,0
24143,1
24144,0
24145,0
24146,0
24147,0
24148,1
24149,1
24150,0
24151,0
24152,0
24153,0
24154,1
24155,1
24156,1
24157,1
24158,1
24159,0
24160,1
24161,0
24162,0
24163,0
24164,0
24165,1
24166,0
24167,1
24168,1
24169,1
24170,1
24171,1
24172,1
24173,1
24174,1
24175,1
24176,1
24177,1
24178,1
24179,1
24180,1
24181,0
24182,0
24183,1
24184,0
24185,0
24186,1
24187,0
24188,1
24189,0
24190,1
24191,1
24192,1
24193,1
24194,1
24195,1
24196,1
24197,0
24198,0
24199,1
24200,0
24201,1
24202,1
24203,1
24204,0
24205,0
24206,1
24207,0
24208,0
24209,0
24210,1
24211,1
24212,1
24213,1
24214,0
24215,0
24216,1
24217,1
24218,0
24219,0
24220,1
24221,1
24222,1
24223,1
24224,0
24225,0
24226,1
24227,1
24228,1
24229,1
24230,1
24231,1
24232,0
24233,0
24234,1
24235,0
24236,1
24237,0
24238,0
24239,0
24240,1
24241,0
24242,0
24243,1
24244,0
24245,0
24246,1
24247,1
24248,0
24249,1
24250,0
24251,0
24252,0
24253,1
24254,0
24255,0
24256,1
24257,1
24258,1
24259,0
24260,0
24261,1
24262,0
24263,0
24264,1
24265,0
24266,0
24267,0
24268,1
24269,1
24270,0
24271,1
24272,1
24273,0
24274,1
24275,1
24276,0
24277,1
24278,0
24279,0
24280,1
24281,1
24282,1
24283,1
24284,1
24285,1
24286,0
24287,1
24288,1
24289,0
24290,0
24291,0
24292,1
24293,1
24294,0
24295,1
24296,0
24297,1
24298,0
24299,0
24300,0
24301,1
24302,0
24303,1
24304,0
24305,1
24306,0
24307,0
24308,1
24309,1
24310,1
24311,1
24312,1
24313,0
24314,1
24315,0
24316,0
24317,1
24318,1
24319,0
24320,1
24321,1
24322,1
24323,1
24324,0
24325,1
24326,1
24327,0
24328,0
24329,1
24330,0
24331,0
24332,1
24333,0
24334,1
24335,0
24336,1
24337,1
24338,1
24339,1
24340,1
24341,0
24342,1
24343,1
24344,0
24345,1
24346,1
24347,1
24348,1
24349,1
24350,1
24351,0
24352,1
24353,1
24354,1
24355,0
24356,1
24357,0
24358,0
24359,0
24360,1
24361,0
24362,0
24363,0
24364,0
24365,0
24366,1
24367,0
24368,1
24369,0
24370,0
24371,0
24372,1
24373,0
24374,0
24375,1
24376,0
24377,0
24378,1
24379,1
24380,1
24381,0
24382,1
24383,0
24384,0
24385,0
24386,0
24387,0
24388,0
24389,1
24390,1
24391,0
24392,0
24393,0
24394,1
24395,0
24396,0
24397,1
24398,0
24399,0
24400,1
24401,0
24402,0
24403,0
24404,0
24405,1
24406,1
24407,1
24408,1
24409,1
24410,1
24411,1
24412,0
24413,1
24414,1
24415,1
24416,1
24417,0
24418,0
24419,1
24420,0
24421,0
24422,1
24423,1
24424,1
24425,0
24426,1
24427,1
24428,0
24429,0
24430,1
24431,1
24432,1
24433,0
24434,1
24435,1
24436,1
24437,1
24438,0
24439,0
24440,0
24441,1
24442,1
24443,0
24444,1
24445,0
24446,1
24447,0
24448,0
24449,0
24450,1
24451,1
24452,0
24453,1
24454,0
24455,1
24456,1
24457,0
24458,1
24459,1
24460,1
24461,1
24462,1
24463,1
24464,1
24465,0
24466,1
24467,1
24468,0
24469,1
24470,0
24471,0
24472,1
24473,0
24474,1
24475,1
24476,1
24477,0
24478,1
24479,1
24480,0
24481,1
24482,1
24483,1
24484,0
24485,1
24486,1
24487,0
24488,1
24489,1
24490,0
24491,1
24492,0
24493,0
24494,1
24495,0
24496,0
24497,1
24498,1
24499,0
24500,0
24501,0
24502,1
24503,1
24504,1
24505,1
24506,1
24507,0
24508,0
24509,0
24510,1
24511,1
24512,0
24513,1
24514,1
24515,1
24516,1
24517,0
24518,1
24519,1
24520,0
24521,1
24522,0
24523,1
24524,0
24525,1
24526,1
24527,0
24528,0
24529,0
24530,1
24531,0
24532,0
24533,0
24534,0
24535,1
24536,1
24537,0
24538,1
24539,0
24540,1
24541,0
24542,0
24543,0
24544,1
24545,0
24546,0
24547,0
24548,1
24549,1
24550,1
24551,1
24552,0
24553,0
24554,0
24555,1
24556,0
24557,1
24558,1
24559,1
24560,1
24561,0
24562,0
24563,0
24564,1
24565,1
24566,1
24567,0
24568,1
24569,1
24570,1
24571,0
24572,0
24573,0
24574,1
24575,0
24576,0
24577,0
24578,1
24579,0
24580,0
24581,1
24582,1
24583,0
24584,1
24585,1
24586,1
24587,1
24588,1
24589,0
24590,0
24591,1
24592,0
24593,1
24594,1
24595,1
24596,1
24597,1
24598,1
24599,1
24600,1
24601,1
24602,1
24603,0
24604,0
24605,0
24606,0
24607,0
24608,1
24609,1
24610,0
24611,0
24612,0
24613,1
24614,0
24615,1
24616,1
24617,1
24618,0
24619,1
24620,1
24621,0
24622,0
24623,0
24624,0
24625,1
24626,0
24627,0
24628,1
24629,1
24630,1
24631,1
24632,0
24633,0
24634,1
24635,0
24636,0
24637,1
24638,0
24639,0
24640,0
24641,1
24642,0
24643,1
24644,1
24645,0
24646,0
24647,1
24648,0
24649,1
24650,0
24651,0
24652,0
24653,0
24654,1
24655,1
24656,1
24657,1
24658,0
24659,0
24660,0
24661,0
24662,1
24663,0
24664,0
24665,1
24666,0
24667,1
24668,0
24669,0
24670,1
24671,1
24672,1
24673,1
24674,1
24675,1
24676,0
24677,0
24678,0
24679,1
24680,0
24681,0
24682,0
24683,0
24684,1
24685,1
24686,0
24687,1
24688,0
24689,1
24690,0
24691,0
24692,0
24693,1
24694,1
24695,1
24696,0
24697,0
24698,1
24699,0
24700,0
24701,1
24702,1
24703,0
24704,0
24705,0
24706,0
24707,0
24708,0
24709,0
24710,1
24711,1
24712,0
24713,1
24714,1
24715,0
24716,1
24717,1
24718,0
24719,1
24720,1
24721,0
24722,1
24723,0
24724,1
24725,1
24726,1
24727,0
24728,1
24729,0
24730,1
24731,1
24732,1
24733,0
24734,0
24735,1
24736,1
24737,0
24738,1
24739,1
24740,1
24741,1
24742,1
24743,1
24744,1
24745,0
24746,1
24747,0
24748,1
24749,0
24750,1
24751,0
24752,0
24753,0
24754,1
24755,1
24756,1
24757,0
24758,0
24759,1
24760,1
24761,1
24762,1
24763,1
24764,1
24765,1
24766,0
24767,1
24768,0
24769,1
24770,1
24771,1
24772,1
24773,1
24774,1
24775,1
24776,0
24777,1
24778,0
24779,1
24780,0
24781,1
24782,1
24783,1
24784,1
24785,0
24786,0
24787,1
24788,0
24789,1
24790,0
24791,1
24792,1
24793,1
24794,1
24795,0
24796,1
24797,0
24798,1
24799,0
24800,0
24801,1
24802,1
24803,0
24804,1
24805,1
24806,0
24807,1
24808,1
24809,0
24810,1
24811,1
24812,1
24813,1
24814,1
24815,1
24816,0
24817,1
24818,0
24819,0
24820,0
24821,1
24822,1
24823,1
24824,1
24825,0
24826,1
24827,1
24828,0
24829,0
24830,1
24831,1
24832,0
24833,0
24834,1
24835,0
24836,1
24837,0
24838,1
24839,0
24840,0
24841,1
24842,1
24843,1
24844,0
24845,0
24846,1
24847,0
24848,0
24849,1
24850,1
24851,0
24852,0
24853,1
24854,1
24855,1
24856,1
24857,0
24858,1
24859,0
24860,0
24861,1
24862,1
24863,0
24864,0
24865,1
24866,1
24867,0
24868,0
24869,0
24870,1
24871,0
24872,0
24873,0
24874,0
24875,0
24876,1
24877,0
24878,0
24879,1
24880,0
24881,0
24882,1
24883,0
24884,1
24885,0
24886,1
24887,0
24888,1
24889,0
24890,0
24891,0
24892,1
24893,0
24894,0
24895,0
24896,1
24897,1
24898,0
24899,0
24900,0
24901,0
24902,1
24903,1
24904,1
24905,0
24906,1
24907,0
24908,0
24909,1
24910,1
24911,0
24912,1
24913,1
24914,0
24915,0
24916,0
24917,0
24918,1
24919,0
24920,1
24921,1
24922,1
24923,1
24924,0
24925,0
24926,0
24927,0
24928,1
24929,0
24930,1
24931,1
24932,0
24933,0
24934,0
24935,1
24936,1
24937,1
24938,1
24939,1
24940,1
24941,1
24942,0
24943,0
24944,1
24945,1
24946,1
24947,0
24948,1
24949,1
24950,0
24951,1
24952,1
24953,1
24954,0
24955,0
24956,0
24957,0
24958,0
24959,0
24960,1
24961,0
24962,1
24963,0
24964,0
24965,0
24966,1
24967,0
24968,0
24969,0
24970,1
24971,1
24972,1
24973,0
24974,0
24975,1
24976,1
24977,0
24978,0
24979,0
24980,1
24981,0
24982,0
24983,1
24984,0
24985,1
24986,0
24987,0
24988,1
24989,1
24990,0
24991,1
24992,0
24993,1
24994,0
24995,1
24996,1
24997,1
24998,1
24999,1
25000,0
25001,1
25002,0
25003,1
25004,1
25005,1
25006,1
25007,0
25008,0
25009,0
25010,1
25011,1
25012,0
25013,0
25014,0
25015,1
25016,0
25017,1
25018,1
25019,1
25020,1
25021,1
25022,1
25023,1
25024,1
25025,1
25026,1
25027,1
25028,1
25029,0
25030,1
25031,1
25032,1
25033,1
25034,0
25035,1
25036,0
25037,1
25038,1
25039,0
25040,0
25041,0
25042,0
25043,1
25044,0
25045,0
25046,1
25047,1
25048,1
25049,1
25050,1
25051,0
25052,1
25053,0
25054,1
25055,0
25056,0
25057,0
25058,0
25059,1
25060,1
25061,1
25062,0
25063,1
25064,0
25065,1
25066,0
25067,1
25068,0
25069,1
25070,1
25071,1
25072,1
25073,0
25074,1
25075,1
25076,1
25077,1
25078,1
25079,1
25080,0
25081,1
25082,1
25083,1
25084,1
25085,1
25086,1
25087,1
25088,1
25089,1
25090,1
25091,0
25092,1
25093,1
25094,0
25095,1
25096,0
25097,0
25098,0
25099,0
25100,1
25101,0
25102,0
25103,1
25104,1
25105,0
25106,1
25107,1
25108,0
25109,0
25110,0
25111,1
25112,0
25113,0
25114,1
25115,1
25116,1
25117,1
25118,1
25119,1
25120,1
25121,1
25122,0
25123,1
25124,0
25125,1
25126,0
25127,0
25128,1
25129,0
25130,1
25131,1
25132,0
25133,0
25134,1
25135,0
25136,0
25137,0
25138,0
25139,0
25140,1
25141,1
25142,0
25143,1
25144,1
25145,0
25146,1
25147,0
25148,1
25149,1
25150,1
25151,0
25152,1
25153,1
25154,1
25155,1
25156,1
25157,1
25158,0
25159,1
25160,1
25161,0
25162,0
25163,0
25164,1
25165,1
25166,1
25167,1
25168,1
25169,1
25170,1
25171,0
25172,0
25173,0
25174,0
25175,1
25176,0
25177,0
25178,0
25179,1
25180,0
25181,0
25182,0
25183,0
25184,1
25185,0
25186,0
25187,1
25188,1
25189,1
25190,0
25191,1
25192,1
25193,0
25194,1
25195,0
25196,1
25197,0
25198,1
25199,1
25200,0
25201,1
25202,1
25203,1
25204,0
25205,0
25206,1
25207,0
25208,0
25209,0
25210,1
25211,1
25212,1
25213,1
25214,0
25215,1
25216,1
25217,0
25218,0
25219,0
25220,1
25221,0
25222,0
25223,0
25224,1
25225,0
25226,0
25227,1
25228,1
25229,0
25230,0
25231,0
25232,1
25233,0
25234,1
25235,1
25236,0
25237,0
25238,1
25239,0
25240,1
25241,1
25242,0
25243,0
25244,0
25245,1
25246,1
25247,1
25248,1
25249,1
25250,1
25251,1
25252,0
25253,1
25254,0
25255,0
25256,0
25257,1
25258,0
25259,1
25260,0
25261,1
25262,1
25263,1
25264,0
25265,1
25266,1
25267,1
25268,0
25269,1
25270,1
25271,0
25272,0
25273,0
25274,1
25275,0
25276,1
25277,1
25278,1
25279,0
25280,1
25281,0
25282,0
25283,1
25284,1
25285,1
25286,0
25287,0
25288,1
25289,0
25290,0
25291,1
25292,1
25293,0
25294,1
25295,1
25296,1
25297,1
25298,0
25299,0
25300,1
25301,1
25302,1
25303,1
25304,1
25305,1
25306,1
25307,1
25308,1
25309,1
25310,0
25311,1
25312,0
25313,1
25314,1
25315,1
25316,0
25317,1
25318,0
25319,0
25320,0
25321,0
25322,0
25323,0
25324,0
25325,1
25326,1
25327,0
25328,1
25329,0
25330,0
25331,1
25332,1
25333,0
25334,1
25335,0
25336,0
25337,1
25338,1
25339,1
25340,0
25341,1
25342,1
25343,0
25344,1
25345,0
25346,1
25347,0
25348,1
25349,0
25350,1
25351,1
25352,0
25353,0
25354,1
25355,1
25356,0
25357,1
25358,0
25359,1
25360,0
25361,1
25362,1
25363,1
25364,1
25365,1
25366,1
25367,0
25368,0
25369,0
25370,0
25371,0
25372,1
25373,0
25374,0
25375,1
25376,1
25377,1
25378,1
25379,0
25380,1
25381,0
25382,0
25383,0
25384,1
25385,1
25386,0
25387,0
25388,1
25389,0
25390,1
25391,0
25392,0
25393,1
25394,1
25395,0
25396,1
25397,1
25398,0
25399,1
25400,1
25401,0
25402,0
25403,0
25404,1
25405,0
25406,1
25407,1
25408,0
25409,0
25410,0
25411,0
25412,1
25413,0
25414,0
25415,0
25416,1
25417,1
25418,1
25419,0
25420,1
25421,1
25422,0
25423,1
25424,1
25425,1
25426,0
25427,0
25428,1
25429,1
25430,0
25431,0
25432,1
25433,1
25434,0
25435,0
25436,1
25437,1
25438,0
25439,1
25440,1
25441,0
25442,1
25443,1
25444,1
25445,1
25446,0
25447,1
25448,1
25449,1
25450,0
25451,0
25452,0
25453,1
25454,0
25455,0
25456,0
25457,1
25458,0
25459,1
25460,0
25461,0
25462,0
25463,1
25464,1
25465,0
25466,1
25467,0
25468,0
25469,1
25470,0
25471,1
25472,1
25473,0
25474,0
25475,1
25476,0
25477,1
25478,1
25479,1
25480,1
25481,1
25482,1
25483,0
25484,0
25485,1
25486,1
25487,0
25488,0
25489,1
25490,0
25491,0
25492,0
25493,1
25494,1
25495,1
25496,1
25497,1
25498,1
25499,1
25500,1
25501,0
25502,1
25503,1
25504,0
25505,1
25506,0
25507,0
25508,1
25509,1
25510,1
25511,1
25512,1
25513,1
25514,1
25515,1
25516,1
25517,1
25518,1
25519,0
25520,1
25521,1
25522,1
25523,0
25524,0
25525,1
25526,1
25527,1
25528,1
25529,1
25530,0
25531,1
25532,1
25533,0
25534,0
25535,1
25536,1
25537,1
25538,1
25539,0
25540,0
25541,1
25542,1
25543,1
25544,0
25545,0
25546,0
25547,1
25548,1
25549,0
25550,0
25551,1
25552,0
25553,1
25554,0
25555,1
25556,0
25557,1
25558,1
25559,1
25560,0
25561,0
25562,1
25563,1
25564,0
25565,1
25566,1
25567,0
25568,0
25569,1
25570,0
25571,0
25572,1
25573,1
25574,1
25575,0
25576,1
25577,1
25578,0
25579,1
25580,1
25581,1
25582,0
25583,1
25584,1
25585,0
25586,1
25587,1
25588,1
25589,1
25590,1
25591,1
25592,1
25593,0
25594,1
25595,1
25596,1
25597,0
25598,1
25599,1
25600,0
25601,1
25602,0
25603,1
25604,0
25605,1
25606,1
25607,0
25608,1
25609,0
25610,1
25611,1
25612,1
25613,0
25614,0
25615,0
25616,1
25617,1
25618,1
25619,1
25620,0
25621,1
25622,1
25623,0
25624,1
25625,1
25626,1
25627,1
25628,0
25629,0
25630,0
25631,0
25632,1
25633,1
25634,1
25635,1
25636,0
25637,0
25638,1
25639,1
25640,0
25641,1
25642,0
25643,0
25644,1
25645,0
25646,1
25647,1
25648,1
25649,1
25650,1
25651,1
25652,1
25653,0
25654,0
25655,1
25656,1
25657,0
25658,1
25659,1
25660,0
25661,0
25662,1
25663,1
25664,0
25665,0
25666,0
25667,1
25668,1
25669,1
25670,1
25671,1
25672,1
25673,0
25674,0
25675,1
25676,1
25677,1
25678,1
25679,1
25680,1
25681,1
25682,1
25683,1
25684,0
25685,1
25686,1
25687,0
25688,1
25689,0
25690,0
25691,1
25692,0
25693,1
25694,0
25695,0
25696,0
25697,1
25698,0
25699,0
25700,1
25701,1
25702,1
25703,1
25704,0
25705,0
25706,1
25707,0
25708,0
25709,1
25710,0
25711,1
25712,0
25713,1
25714,1
25715,1
25716,1
25717,0
25718,1
25719,0
25720,1
25721,0
25722,1
25723,1
25724,0
25725,1
25726,1
25727,0
25728,1
25729,1
25730,1
25731,0
25732,1
25733,0
25734,1
25735,0
25736,0
25737,1
25738,1
25739,0
25740,0
25741,1
25742,0
25743,0
25744,0
25745,0
25746,0
25747,0
25748,0
25749,1
25750,1
25751,1
25752,1
25753,1
25754,0
25755,1
25756,1
25757,0
25758,1
25759,1
25760,0
25761,1
25762,0
25763,1
25764,0
25765,1
25766,0
25767,0
25768,0
25769,1
25770,1
25771,1
25772,0
25773,1
25774,1
25775,0
25776,1
25777,0
25778,1
25779,1
25780,1
25781,0
25782,0
25783,1
25784,1
25785,0
25786,0
25787,0
25788,1
25789,0
25790,1
25791,1
25792,1
25793,1
25794,0
25795,1
25796,0
25797,1
25798,0
25799,1
25800,1
25801,0
25802,1
25803,1
25804,1
25805,0
25806,0
25807,0
25808,0
25809,1
25810,1
25811,1
25812,0
25813,1
25814,1
25815,0
25816,1
25817,1
25818,1
25819,0
25820,1
25821,0
25822,0
25823,0
25824,0
25825,1
25826,1
25827,1
25828,1
25829,0
25830,0
25831,1
25832,1
25833,0
25834,0
25835,0
25836,0
25837,1
25838,1
25839,1
25840,1
25841,1
25842,1
25843,0
25844,1
25845,0
25846,0
25847,1
25848,1
25849,0
25850,0
25851,0
25852,1
25853,1
25854,0
25855,0
25856,0
25857,1
25858,1
25859,1
25860,0
25861,1
25862,0
25863,1
25864,0
25865,0
25866,0
25867,0
25868,0
25869,1
25870,1
25871,1
25872,0
25873,0
25874,0
25875,0
25876,1
25877,1
25878,1
25879,0
25880,1
25881,1
25882,0
25883,1
25884,1
25885,0
25886,1
25887,0
25888,1
25889,0
25890,0
25891,0
25892,0
25893,0
25894,0
25895,0
25896,0
25897,0
25898,1
25899,1
25900,1
25901,1
25902,0
25903,1
25904,0
25905,1
25906,0
25907,1
25908,0
25909,1
25910,1
25911,0
25912,1
25913,1
25914,0
25915,1
25916,1
25917,1
25918,0
25919,1
25920,1
25921,1
25922,1
25923,0
25924,1
25925,0
25926,1
25927,1
25928,0
25929,0
25930,0
25931,1
25932,1
25933,0
25934,1
25935,1
25936,1
25937,0
25938,1
25939,1
25940,1
25941,0
25942,0
25943,1
25944,1
25945,0
25946,0
25947,0
25948,0
25949,0
25950,1
25951,1
25952,0
25953,1
25954,0
25955,1
25956,0
25957,0
25958,1
25959,1
25960,0
25961,0
25962,1
25963,0
25964,0
25965,0
25966,1
25967,1
25968,1
25969,1
25970,1
25971,0
25972,0
25973,0
25974,0
25975,0
25976,0
25977,0
25978,0
25979,0
25980,0
25981,0
25982,1
25983,1
25984,1
25985,0
25986,1
25987,0
25988,1
25989,0
25990,1
25991,1
25992,0
25993,0
25994,0
25995,1
25996,1
25997,0
25998,1
25999,0
26000,0
26001,1
26002,0
26003,1
26004,1
26005,1
26006,0
26007,1
26008,1
26009,0
26010,1
26011,0
26012,1
26013,1
26014,0
26015,1
26016,1
26017,0
26018,1
26019,1
26020,1
26021,1
26022,0
26023,0
26024,0
26025,1
26026,1
26027,0
26028,0
26029,1
26030,1
26031,1
26032,1
26033,0
26034,0
26035,1
26036,1
26037,1
26038,0
26039,0
26040,1
26041,1
26042,0
26043,1
26044,1
26045,0
26046,1
26047,0
26048,0
26049,1
26050,1
26051,1
26052,0
26053,0
26054,1
26055,1
26056,0
26057,0
26058,1
26059,0
26060,0
26061,0
26062,0
26063,0
26064,0
26065,0
26066,0
26067,1
26068,0
26069,1
26070,0
26071,1
26072,1
26073,1
26074,1
26075,0
26076,0
26077,1
26078,1
26079,0
26080,0
26081,1
26082,1
26083,1
26084,0
26085,1
26086,0
26087,0
26088,1
26089,1
26090,0
26091,1
26092,0
26093,1
26094,1
26095,0
26096,1
26097,0
26098,0
26099,1
26100,1
26101,1
26102,0
26103,0
26104,0
26105,1
26106,0
26107,0
26108,1
26109,0
26110,0
26111,1
26112,1
26113,0
26114,0
26115,0
26116,0
26117,0
26118,0
26119,0
26120,1
26121,0
26122,1
26123,1
26124,0
26125,1
26126,0
26127,0
26128,1
26129,1
26130,1
26131,0
26132,0
26133,1
26134,0
26135,0
26136,0
26137,1
26138,0
26139,0
26140,0
26141,1
26142,1
26143,0
26144,0
26145,1
26146,1
26147,0
26148,0
26149,1
26150,0
26151,1
26152,1
26153,1
26154,1
26155,0
26156,0
26157,1
26158,1
26159,1
26160,1
26161,1
26162,0
26163,1
26164,1
26165,0
26166,1
26167,1
26168,1
26169,1
26170,1
26171,1
26172,1
26173,1
26174,1
26175,0
26176,0
26177,1
26178,1
26179,1
26180,0
26181,0
26182,1
26183,0
26184,1
26185,0
26186,0
26187,0
26188,0
26189,1
26190,1
26191,1
26192,1
26193,1
26194,1
26195,1
26196,1
26197,0
26198,0
26199,0
26200,1
26201,1
26202,0
26203,0
26204,0
26205,0
26206,1
26207,0
26208,0
26209,0
26210,1
26211,1
26212,1
26213,0
26214,0
26215,1
26216,0
26217,0
26218,0
26219,1
26220,1
26221,1
26222,1
26223,0
26224,0
26225,1
26226,0
26227,0
26228,1
26229,1
26230,1
26231,0
26232,0
26233,1
26234,1
26235,0
26236,1
26237,0
26238,0
26239,0
26240,1
26241,0
26242,1
26243,1
26244,0
26245,1
26246,1
26247,0
26248,0
26249,0
26250,1
26251,0
26252,0
26253,1
26254,1
26255,1
26256,0
26257,1
26258,0
26259,0
26260,0
26261,0
26262,1
26263,1
26264,0
26265,1
26266,1
26267,0
26268,1
26269,1
26270,1
26271,1
26272,0
26273,1
26274,0
26275,0
26276,1
26277,1
26278,1
26279,1
26280,0
26281,1
26282,1
26283,0
26284,0
26285,0
26286,0
26287,0
26288,0
26289,0
26290,0
26291,1
26292,1
26293,0
26294,1
26295,1
26296,0
26297,1
26298,1
26299,0
26300,1
26301,0
26302,1
26303,1
26304,0
26305,0
26306,0
26307,1
26308,1
26309,0
26310,1
26311,0
26312,1
26313,0
26314,1
26315,1
26316,0
26317,1
26318,0
26319,1
26320,1
26321,1
26322,0
26323,0
26324,0
26325,1
26326,1
26327,1
26328,0
26329,1
26330,0
26331,0
26332,0
26333,0
26334,1
26335,1
26336,0
26337,1
26338,0
26339,1
26340,1
26341,1
26342,1
26343,0
26344,1
26345,1
26346,0
26347,1
26348,0
26349,1
26350,0
26351,1
26352,1
26353,1
26354,1
26355,1
26356,1
26357,1
26358,0
26359,0
26360,0
26361,1
26362,1
26363,1
26364,0
26365,0
26366,0
26367,0
26368,1
26369,1
26370,1
26371,0
26372,1
26373,0
26374,1
26375,1
26376,0
26377,1
26378,0
26379,0
26380,1
26381,0
26382,0
26383,1
26384,1
26385,1
26386,0
26387,1
26388,0
26389,1
26390,0
26391,0
26392,1
26393,0
26394,1
26395,1
26396,1
26397,1
26398,0
26399,1
26400,1
26401,1
26402,1
26403,0
26404,1
26405,1
26406,1
26407,0
26408,1
26409,1
26410,1
26411,1
26412,1
26413,0
26414,0
26415,1
26416,1
26417,1
26418,1
26419,0
26420,0
26421,0
26422,1
26423,1
26424,1
26425,1
26426,1
26427,1
26428,1
26429,0
26430,1
26431,1
26432,0
26433,0
26434,0
26435,0
26436,0
26437,0
26438,1
26439,1
26440,0
26441,1
26442,1
26443,0
26444,0
26445,0
26446,1
26447,1
26448,0
26449,0
26450,1
26451,1
26452,0
26453,0
26454,1
26455,1
26456,0
26457,1
26458,1
26459,0
26460,0
26461,0
26462,1
26463,1
26464,0
26465,0
26466,1
26467,0
26468,1
26469,0
26470,1
26471,0
26472,1
26473,1
26474,1
26475,0
26476,1
26477,0
26478,0
26479,1
26480,1
26481,0
26482,1
26483,0
26484,1
26485,1
26486,1
26487,0
26488,1
26489,1
26490,0
26491,1
26492,1
26493,1
26494,0
26495,0
26496,0
26497,1
26498,0
26499,1
26500,0
26501,1
26502,1
26503,1
26504,1
26505,1
26506,0
26507,0
26508,0
26509,1
26510,1
26511,0
26512,1
26513,0
26514,0
26515,0
26516,0
26517,0
26518,0
26519,0
26520,0
26521,1
26522,0
26523,0
26524,0
26525,0
26526,1
26527,1
26528,0
26529,0
26530,1
26531,0
26532,1
26533,1
26534,1
26535,1
26536,0
26537,1
26538,0
26539,1
26540,0
26541,1
26542,0
26543,0
26544,0
26545,1
26546,1
26547,1
26548,1
26549,0
26550,0
26551,1
26552,1
26553,0
26554,0
26555,0
26556,0
26557,1
26558,0
26559,1
26560,0
26561,1
26562,1
26563,1
26564,0
26565,0
26566,1
26567,1
26568,1
26569,1
26570,1
26571,1
26572,0
26573,1
26574,1
26575,0
26576,1
26577,1
26578,0
26579,0
26580,0
26581,0
26582,1
26583,0
26584,0
26585,0
26586,1
26587,1
26588,0
26589,0
26590,0
26591,0
26592,0
26593,1
26594,1
26595,0
26596,1
26597,0
26598,0
26599,1
26600,1
26601,1
26602,1
26603,1
26604,0
26605,1
26606,1
26607,0
26608,1
26609,1
26610,1
26611,1
26612,0
26613,1
26614,1
26615,0
26616,0
26617,1
26618,1
26619,0
26620,1
26621,0
26622,1
26623,1
26624,0
26625,1
26626,1
26627,0
26628,0
26629,1
26630,0
26631,0
26632,1
26633,1
26634,1
26635,1
26636,1
26637,0
26638,0
26639,1
26640,0
26641,1
26642,0
26643,0
26644,0
26645,1
26646,0
26647,0
26648,0
26649,1
26650,1
26651,1
26652,0
26653,1
26654,0
26655,0
26656,0
26657,0
26658,0
26659,1
26660,1
26661,0
26662,1
26663,1
26664,0
26665,0
26666,1
26667,0
26668,1
26669,0
26670,1
26671,1
26672,0
26673,0
26674,1
26675,0
26676,1
26677,1
26678,0
26679,0
26680,1
26681,0
26682,0
26683,0
26684,0
26685,1
26686,1
26687,0
26688,1
26689,0
26690,0
26691,1
26692,1
26693,1
26694,1
26695,0
26696,1
26697,0
26698,0
26699,0
26700,1
26701,0
26702,0
26703,0
26704,1
26705,0
26706,0
26707,1
26708,1
26709,0
26710,0
26711,1
26712,0
26713,0
26714,1
26715,1
26716,1
26717,0
26718,1
26719,1
26720,1
26721,0
26722,0
26723,0
26724,1
26725,1
26726,0
26727,1
26728,0
26729,0
26730,1
26731,1
26732,0
26733,0
26734,0
26735,1
26736,1
26737,1
26738,0
26739,0
26740,0
26741,1
26742,0
26743,0
26744,1
26745,0
26746,1
26747,1
26748,1
26749,1
26750,1
26751,0
26752,0
26753,1
26754,1
26755,1
26756,1
26757,1
26758,0
26759,1
26760,1
26761,0
26762,0
26763,1
26764,0
26765,0
26766,1
26767,1
26768,0
26769,0
26770,0
26771,1
26772,1
26773,1
26774,0
26775,1
26776,0
26777,0
26778,1
26779,0
26780,0
26781,0
26782,1
26783,1
26784,1
26785,1
26786,0
26787,1
26788,1
26789,0
26790,0
26791,1
26792,0
26793,1
26794,0
26795,1
26796,0
26797,1
26798,1
26799,1
26800,1
26801,1
26802,1
26803,0
26804,1
26805,1
26806,0
26807,0
26808,0
26809,1
26810,0
26811,1
26812,1
26813,1
26814,0
26815,1
26816,1
26817,1
26818,1
26819,1
26820,0
26821,1
26822,0
26823,0
26824,0
26825,0
26826,1
26827,0
26828,0
26829,1
26830,0
26831,1
26832,0
26833,1
26834,0
26835,1
26836,0
26837,0
26838,1
26839,0
26840,0
26841,1
26842,0
26843,0
26844,0
26845,1
26846,1
26847,0
26848,1
26849,0
26850,0
26851,1
26852,1
26853,1
26854,1
26855,0
26856,0
26857,0
26858,1
26859,0
26860,1
26861,1
26862,0
26863,0
26864,0
26865,0
26866,0
26867,1
26868,0
26869,1
26870,0
26871,1
26872,1
26873,0
26874,1
26875,0
26876,1
26877,1
26878,0
26879,1
26880,0
26881,0
26882,0
26883,1
26884,1
26885,1
26886,1
26887,0
26888,1
26889,1
26890,0
26891,1
26892,0
26893,1
26894,1
26895,1
26896,0
26897,1
26898,1
26899,1
26900,0
26901,1
26902,1
26903,1
26904,0
26905,0
26906,0
26907,0
26908,0
26909,0
26910,1
26911,1
26912,0
26913,1
26914,0
26915,1
26916,0
26917,1
26918,0
26919,0
26920,0
26921,1
26922,0
26923,0
26924,1
26925,0
26926,1
26927,1
26928,1
26929,0
26930,0
26931,1
26932,0
26933,1
26934,0
26935,0
26936,1
26937,1
26938,1
26939,0
26940,0
26941,1
26942,0
26943,0
26944,1
26945,0
26946,1
26947,1
26948,1
26949,1
26950,1
26951,0
26952,1
26953,0
26954,1
26955,1
26956,1
26957,0
26958,0
26959,1
26960,1
26961,1
26962,0
26963,1
26964,1
26965,0
26966,0
26967,0
26968,1
26969,0
26970,0
26971,1
26972,0
26973,1
26974,0
26975,1
26976,1
26977,0
26978,1
26979,0
26980,0
26981,0
26982,0
26983,1
26984,1
26985,1
26986,1
26987,1
26988,1
26989,0
26990,0
26991,1
26992,0
26993,1
26994,1
26995,0
26996,1
26997,0
26998,0
26999,0
27000,1
27001,1
27002,1
27003,0
27004,0
27005,0
27006,1
27007,0
27008,1
27009,1
27010,1
27011,1
27012,1
27013,1
27014,1
27015,0
27016,0
27017,0
27018,0
27019,1
27020,0
27021,0
27022,1
27023,0
27024,1
27025,1
27026,0
27027,0
27028,1
27029,0
27030,0
27031,1
27032,1
27033,1
27034,1
27035,1
27036,1
27037,0
27038,0
27039,1
27040,1
27041,0
27042,0
27043,0
27044,1
27045,0
27046,0
27047,0
27048,1
27049,1
27050,0
27051,1
27052,1
27053,1
27054,1
27055,1
27056,1
27057,0
27058,0
27059,0
27060,0
27061,1
27062,1
27063,1
27064,0
27065,0
27066,0
27067,1
27068,1
27069,0
27070,0
27071,0
27072,0
27073,0
27074,0
27075,0
27076,0
27077,0
27078,0
27079,1
27080,1
27081,1
27082,1
27083,1
27084,1
27085,0
27086,1
27087,1
27088,1
27089,1
27090,1
27091,1
27092,1
27093,1
27094,1
27095,1
27096,1
27097,1
27098,1
27099,1
27100,0
27101,0
27102,0
27103,1
27104,0
27105,1
27106,1
27107,0
27108,0
27109,1
27110,0
27111,0
27112,0
27113,0
27114,0
27115,0
27116,0
27117,0
27118,1
27119,1
27120,1
27121,1
27122,0
27123,1
27124,0
27125,0
27126,1
27127,1
27128,1
27129,1
27130,0
27131,1
27132,0
27133,1
27134,0
27135,0
27136,0
27137,0
27138,1
27139,0
27140,1
27141,1
27142,0
27143,0
27144,0
27145,0
27146,0
27147,0
27148,0
27149,1
27150,1
27151,1
27152,0
27153,1
27154,1
27155,1
27156,0
27157,0
27158,0
27159,1
27160,1
27161,0
27162,1
27163,1
27164,0
27165,1
27166,1
27167,0
27168,0
27169,1
27170,1
27171,0
27172,0
27173,0
27174,1
27175,0
27176,0
27177,0
27178,1
27179,1
27180,0
27181,1
27182,1
27183,1
27184,0
27185,0
27186,0
27187,0
27188,0
27189,0
27190,1
27191,1
27192,0
27193,1
27194,1
27195,1
27196,1
27197,1
27198,0
27199,0
27200,1
27201,1
27202,0
27203,1
27204,0
27205,1
27206,1
27207,0
27208,0
27209,0
27210,1
27211,1
27212,1
27213,0
27214,1
27215,0
27216,0
27217,0
27218,0
27219,0
27220,1
27221,0
27222,0
27223,0
27224,0
27225,1
27226,0
27227,0
27228,1
27229,1
27230,0
27231,0
27232,1
27233,0
27234,1
27235,1
27236,0
27237,1
27238,1
27239,0
27240,1
27241,1
27242,0
27243,1
27244,1
27245,1
27246,1
27247,0
27248,0
27249,1
27250,1
27251,1
27252,1
27253,0
27254,1
27255,1
27256,1
27257,0
27258,0
27259,1
27260,0
27261,0
27262,0
27263,0
27264,1
27265,0
27266,1
27267,1
27268,1
27269,1
27270,1
27271,1
27272,1
27273,1
27274,1
27275,0
27276,0
27277,1
27278,1
27279,1
27280,1
27281,1
27282,1
27283,1
27284,1
27285,1
27286,1
27287,1
27288,1
27289,0
27290,1
27291,1
27292,1
27293,0
27294,1
27295,1
27296,1
27297,1
27298,0
27299,1
27300,1
27301,0
27302,1
27303,1
27304,0
27305,1
27306,0
27307,0
27308,1
27309,1
27310,1
27311,0
27312,1
27313,0
27314,1
27315,1
27316,1
27317,1
27318,0
27319,0
27320,0
27321,1
27322,1
27323,1
27324,0
27325,1
27326,1
27327,0
27328,0
27329,0
27330,1
27331,1
27332,0
27333,1
27334,1
27335,1
27336,1
27337,1
27338,1
27339,1
27340,1
27341,1
27342,1
27343,1
27344,1
27345,1
27346,0
27347,0
27348,0
27349,0
27350,0
27351,0
27352,1
27353,1
27354,1
27355,1
27356,0
27357,1
27358,1
27359,0
27360,1
27361,1
27362,1
27363,1
27364,0
27365,0
27366,0
27367,0
27368,1
27369,1
27370,1
27371,1
27372,1
27373,0
27374,1
27375,0
27376,0
27377,1
27378,0
27379,1
27380,1
27381,1
27382,1
27383,0
27384,0
27385,1
27386,1
27387,0
27388,1
27389,0
27390,1
27391,0
27392,1
27393,1
27394,0
27395,1
27396,0
27397,0
27398,1
27399,1
27400,1
27401,0
27402,1
27403,1
27404,0
27405,1
27406,0
27407,1
27408,1
27409,1
27410,0
27411,1
27412,1
27413,1
27414,0
27415,1
27416,1
27417,1
27418,1
27419,1
27420,0
27421,1
27422,1
27423,1
27424,0
27425,1
27426,0
27427,1
27428,1
27429,0
27430,1
27431,0
27432,0
27433,1
27434,1
27435,1
27436,0
27437,1
27438,0
27439,1
27440,0
27441,0
27442,1
27443,0
27444,0
27445,1
27446,0
27447,1
27448,0
27449,0
27450,0
27451,1
27452,0
27453,0
27454,0
27455,0
27456,0
27457,1
27458,0
27459,1
27460,0
27461,0
27462,1
27463,1
27464,1
27465,1
27466,1
27467,1
27468,1
27469,1
27470,0
27471,0
27472,0
27473,1
27474,0
27475,0
27476,0
27477,1
27478,1
27479,0
27480,1
27481,0
27482,0
27483,0
27484,0
27485,1
27486,0
27487,0
27488,0
27489,0
27490,0
27491,0
27492,1
27493,1
27494,0
27495,0
27496,1
27497,1
27498,0
27499,0
27500,0
27501,0
27502,1
27503,1
27504,1
27505,1
27506,1
27507,1
27508,0
27509,1
27510,0
27511,0
27512,0
27513,1
27514,1
27515,0
27516,1
27517,0
27518,1
27519,0
27520,1
27521,0
27522,0
27523,0
27524,0
27525,1
27526,0
27527,1
27528,1
27529,0
27530,0
27531,0
27532,1
27533,0
27534,0
27535,1
27536,1
27537,1
27538,0
27539,0
27540,0
27541,1
27542,0
27543,0
27544,1
27545,1
27546,1
27547,0
27548,0
27549,1
27550,1
27551,0
27552,1
27553,0
27554,0
27555,1
27556,1
27557,1
27558,1
27559,1
27560,1
27561,0
27562,0
27563,0
27564,0
27565,1
27566,1
27567,1
27568,0
27569,0
27570,1
27571,0
27572,1
27573,1
27574,1
27575,1
27576,0
27577,0
27578,1
27579,1
27580,1
27581,1
27582,0
27583,0
27584,1
27585,0
27586,0
27587,1
27588,0
27589,1
27590,0
27591,1
27592,0
27593,1
27594,0
27595,0
27596,0
27597,1
27598,1
27599,1
27600,1
27601,1
27602,0
27603,1
27604,1
27605,1
27606,1
27607,1
27608,1
27609,0
27610,1
27611,1
27612,0
27613,1
27614,1
27615,0
27616,0
27617,1
27618,1
27619,0
27620,1
27621,1
27622,1
27623,0
27624,1
27625,1
27626,0
27627,0
27628,1
27629,1
27630,1
27631,1
27632,0
27633,0
27634,0
27635,1
27636,0
27637,0
27638,1
27639,1
27640,1
27641,0
27642,0
27643,1
27644,0
27645,0
27646,0
27647,1
27648,0
27649,1
27650,1
27651,0
27652,0
27653,1
27654,1
27655,0
27656,1
27657,1
27658,1
27659,1
27660,1
27661,1
27662,0
27663,1
27664,0
27665,1
27666,1
27667,0
27668,1
27669,1
27670,1
27671,0
27672,1
27673,1
27674,0
27675,0
27676,0
27677,1
27678,1
27679,1
27680,0
27681,1
27682,0
27683,1
27684,0
27685,1
27686,0
27687,0
27688,1
27689,1
27690,0
27691,1
27692,1
27693,0
27694,1
27695,0
27696,0
27697,0
27698,0
27699,1
27700,0
27701,0
27702,0
27703,0
27704,1
27705,0
27706,0
27707,0
27708,1
27709,0
27710,1
27711,1
27712,0
27713,1
27714,1
27715,1
27716,0
27717,0
27718,1
27719,1
27720,0
27721,0
27722,0
27723,1
27724,0
27725,1
27726,0
27727,0
27728,0
27729,1
27730,0
27731,0
27732,0
27733,1
27734,0
27735,1
27736,1
27737,0
27738,0
27739,0
27740,0
27741,0
27742,1
27743,0
27744,1
27745,1
27746,1
27747,1
27748,0
27749,1
27750,1
27751,1
27752,1
27753,0
27754,1
27755,0
27756,1
27757,1
27758,1
27759,0
27760,0
27761,1
27762,1
27763,0
27764,0
27765,1
27766,1
27767,1
27768,1
27769,1
27770,1
27771,0
27772,0
27773,0
27774,1
27775,0
27776,1
27777,1
27778,1
27779,0
27780,0
27781,0
27782,1
27783,0
27784,0
27785,1
27786,0
27787,0
27788,0
27789,0
27790,1
27791,0
27792,0
27793,1
27794,1
27795,1
27796,0
27797,0
27798,1
27799,1
27800,1
27801,1
27802,0
27803,1
27804,0
27805,1
27806,1
27807,1
27808,0
27809,1
27810,1
27811,0
27812,1
27813,1
27814,0
27815,0
27816,1
27817,0
27818,1
27819,1
27820,1
27821,1
27822,1
27823,1
27824,0
27825,0
27826,1
27827,1
27828,1
27829,0
27830,0
27831,1
27832,1
27833,1
27834,0
27835,0
27836,0
27837,0
27838,0
27839,1
27840,0
27841,1
27842,1
27843,1
27844,0
27845,0
27846,1
27847,1
27848,0
27849,1
27850,0
27851,0
27852,0
27853,0
27854,0
27855,1
27856,0
27857,1
27858,0
27859,1
27860,1
27861,1
27862,1
27863,1
27864,1
27865,1
27866,1
27867,1
27868,1
27869,1
27870,1
27871,1
27872,0
27873,1
27874,1
27875,0
27876,0
27877,0
27878,0
27879,0
27880,0
27881,0
27882,0
27883,1
27884,0
27885,1
27886,0
27887,0
27888,0
27889,0
27890,1
27891,1
27892,1
27893,1
27894,0
27895,0
27896,1
27897,0
27898,1
27899,0
27900,0
27901,0
27902,1
27903,1
27904,0
27905,0
27906,1
27907,1
27908,1
27909,0
27910,0
27911,1
27912,1
27913,0
27914,0
27915,0
27916,0
27917,1
27918,1
27919,1
27920,1
27921,1
27922,1
27923,1
27924,1
27925,1
27926,0
27927,1
27928,1
27929,1
27930,1
27931,1
27932,1
27933,0
27934,0
27935,1
27936,0
27937,0
27938,0
27939,0
27940,0
27941,0
27942,0
27943,1
27944,0
27945,1
27946,1
27947,0
27948,1
27949,1
27950,1
27951,1
27952,0
27953,1
27954,1
27955,1
27956,0
27957,1
27958,1
27959,0
27960,0
27961,0
27962,0
27963,1
27964,1
27965,0
27966,1
27967,1
27968,1
27969,0
27970,1
27971,0
27972,1
27973,0
27974,0
27975,0
27976,1
27977,0
27978,0
27979,1
27980,1
27981,1
27982,0
27983,1
27984,0
27985,0
27986,1
27987,1
27988,1
27989,0
27990,1
27991,0
27992,0
27993,1
27994,1
27995,1
27996,1
27997,1
27998,0
27999,0
28000,1
28001,0
28002,0
28003,0
28004,0
28005,1
28006,1
28007,1
28008,1
28009,1
28010,0
28011,1
28012,1
28013,0
28014,0
28015,1
28016,0
28017,1
28018,1
28019,1
28020,1
28021,0
28022,0
28023,0
28024,1
28025,0
28026,0
28027,1
28028,0
28029,1
28030,1
28031,0
28032,1
28033,0
28034,0
28035,0
28036,0
28037,1
28038,0
28039,1
28040,0
28041,0
28042,0
28043,0
28044,0
28045,1
28046,0
28047,0
28048,0
28049,0
28050,1
28051,0
28052,0
28053,1
28054,0
28055,0
28056,1
28057,1
28058,1
28059,1
28060,1
28061,1
28062,1
28063,1
28064,1
28065,0
28066,0
28067,1
28068,1
28069,1
28070,1
28071,0
28072,0
28073,1
28074,1
28075,1
28076,1
28077,1
28078,1
28079,1
28080,1
28081,1
28082,0
28083,0
28084,0
28085,1
28086,0
28087,0
28088,1
28089,1
28090,1
28091,0
28092,1
28093,0
28094,1
28095,0
28096,1
28097,0
28098,1
28099,1
28100,0
28101,0
28102,1
28103,0
28104,1
28105,1
28106,1
28107,0
28108,1
28109,1
28110,0
28111,1
28112,1
28113,0
28114,0
28115,1
28116,0
28117,0
28118,0
28119,1
28120,0
28121,1
28122,1
28123,1
28124,0
28125,1
28126,1
28127,1
28128,1
28129,1
28130,0
28131,1
28132,0
28133,1
28134,1
28135,0
28136,1
28137,1
28138,0
28139,0
28140,0
28141,1
28142,1
28143,1
28144,1
28145,1
28146,1
28147,1
28148,0
28149,1
28150,1
28151,0
28152,1
28153,1
28154,1
28155,1
28156,1
28157,1
28158,0
28159,0
28160,1
28161,0
28162,1
28163,1
28164,1
28165,1
28166,1
28167,0
28168,0
28169,0
28170,0
28171,0
28172,1
28173,0
28174,1
28175,0
28176,1
28177,0
28178,1
28179,1
28180,1
28181,1
28182,1
28183,1
28184,1
28185,1
28186,1
28187,1
28188,0
28189,0
28190,0
28191,0
28192,0
28193,0
28194,0
28195,0
28196,0
28197,0
28198,1
28199,1
28200,0
28201,1
28202,1
28203,0
28204,0
28205,1
28206,1
28207,0
28208,0
28209,1
28210,1
28211,0
28212,0
28213,0
28214,0
28215,0
28216,1
28217,1
28218,1
28219,1
28220,0
28221,0
28222,1
28223,1
28224,1
28225,0
28226,0
28227,0
28228,0
28229,0
28230,1
28231,1
28232,1
28233,1
28234,0
28235,0
28236,0
28237,0
28238,0
28239,1
28240,1
28241,1
28242,0
28243,0
28244,1
28245,1
28246,0
28247,1
28248,1
28249,1
28250,0
28251,0
28252,1
28253,1
28254,1
28255,1
28256,1
28257,1
28258,0
28259,0
28260,0
28261,1
28262,1
28263,0
28264,0
28265,0
28266,1
28267,1
28268,1
28269,0
28270,1
28271,1
28272,0
28273,1
28274,0
28275,1
28276,1
28277,1
28278,1
28279,0
28280,0
28281,1
28282,1
28283,1
28284,0
28285,1
28286,1
28287,0
28288,1
28289,1
28290,0
28291,1
28292,1
28293,1
28294,0
28295,0
28296,1
28297,1
28298,1
28299,1
28300,0
28301,1
28302,0
28303,0
28304,1
28305,1
28306,1
28307,0
28308,0
28309,0
28310,1
28311,1
28312,1
28313,1
28314,0
28315,0
28316,1
28317,0
28318,1
28319,0
28320,1
28321,0
28322,0
28323,0
28324,0
28325,0
28326,1
28327,0
28328,1
28329,0
28330,1
28331,0
28332,0
28333,1
28334,0
28335,0
28336,1
28337,0
28338,1
28339,1
28340,1
28341,1
28342,0
28343,1
28344,1
28345,1
28346,1
28347,0
28348,1
28349,0
28350,1
28351,1
28352,1
28353,0
28354,1
28355,0
28356,0
28357,0
28358,1
28359,1
28360,1
28361,0
28362,0
28363,0
28364,0
28365,1
28366,0
28367,1
28368,0
28369,1
28370,0
28371,0
28372,0
28373,0
28374,1
28375,1
28376,1
28377,1
28378,0
28379,1
28380,1
28381,0
28382,1
28383,1
28384,1
28385,1
28386,1
28387,0
28388,0
28389,1
28390,0
28391,1
28392,1
28393,0
28394,1
28395,0
28396,1
28397,1
28398,0
28399,0
28400,1
28401,0
28402,0
28403,1
28404,1
28405,1
28406,0
28407,0
28408,1
28409,1
28410,1
28411,1
28412,1
28413,1
28414,1
28415,1
28416,1
28417,1
28418,0
28419,1
28420,0
28421,0
28422,1
28423,0
28424,1
28425,1
28426,0
28427,1
28428,0
28429,0
28430,0
28431,0
28432,0
28433,0
28434,0
28435,0
28436,0
28437,1
28438,0
28439,1
28440,0
28441,1
28442,1
28443,0
28444,1
28445,1
28446,1
28447,1
28448,1
28449,1
28450,1
28451,1
28452,0
28453,1
28454,0
28455,1
28456,0
28457,0
28458,0
28459,0
28460,0
28461,0
28462,0
28463,0
28464,1
28465,0
28466,1
28467,1
28468,1
28469,0
28470,0
28471,1
28472,1
28473,0
28474,0
28475,1
28476,1
28477,0
28478,0
28479,1
28480,1
28481,0
28482,0
28483,0
28484,0
28485,1
28486,1
28487,1
28488,0
28489,1
28490,1
28491,1
28492,1
28493,0
28494,1
28495,0
28496,0
28497,0
28498,0
28499,0
28500,1
28501,0
28502,1
28503,1
28504,0
28505,0
28506,0
28507,0
28508,1
28509,1
28510,1
28511,1
28512,0
28513,1
28514,1
28515,1
28516,1
28517,1
28518,1
28519,0
28520,1
28521,0
28522,0
28523,1
28524,1
28525,0
28526,0
28527,1
28528,1
28529,1
28530,0
28531,0
28532,0
28533,1
28534,1
28535,0
28536,0
28537,1
28538,1
28539,0
28540,1
28541,1
28542,0
28543,1
28544,1
28545,1
28546,1
28547,1
28548,1
28549,1
28550,1
28551,1
28552,1
28553,0
28554,1
28555,0
28556,0
28557,1
28558,0
28559,1
28560,1
28561,0
28562,1
28563,1
28564,1
28565,0
28566,1
28567,1
28568,1
28569,1
28570,0
28571,0
28572,0
28573,1
28574,0
28575,1
28576,0
28577,0
28578,0
28579,0
28580,0
28581,1
28582,1
28583,0
28584,1
28585,0
28586,1
28587,1
28588,0
28589,1
28590,1
28591,0
28592,1
28593,1
28594,1
28595,0
28596,1
28597,1
28598,1
28599,0
28600,1
28601,0
28602,0
28603,1
28604,0
28605,1
28606,0
28607,1
28608,0
28609,0
28610,1
28611,1
28612,0
28613,0
28614,1
28615,0
28616,0
28617,0
28618,1
28619,0
28620,1
28621,0
28622,1
28623,1
28624,0
28625,0
28626,0
28627,0
28628,0
28629,0
28630,0
28631,1
28632,0
28633,1
28634,0
28635,0
28636,1
28637,1
28638,1
28639,1
28640,0
28641,1
28642,0
28643,1
28644,1
28645,0
28646,1
28647,0
28648,0
28649,0
28650,1
28651,0
28652,1
28653,1
28654,0
28655,1
28656,0
28657,0
28658,0
28659,0
28660,1
28661,1
28662,1
28663,1
28664,0
28665,1
28666,1
28667,1
28668,1
28669,1
28670,0
28671,0
28672,0
28673,1
28674,1
28675,1
28676,1
28677,1
28678,1
28679,0
28680,1
28681,0
28682,0
28683,1
28684,1
28685,1
28686,0
28687,0
28688,0
28689,1
28690,1
28691,1
28692,1
28693,1
28694,1
28695,0
28696,1
28697,1
28698,1
28699,1
28700,0
28701,0
28702,1
28703,0
28704,1
28705,1
28706,1
28707,1
28708,1
28709,1
28710,0
28711,1
28712,1
28713,1
28714,1
28715,0
28716,1
28717,0
28718,1
28719,1
28720,0
28721,0
28722,1
28723,1
28724,1
28725,1
28726,0
28727,1
28728,1
28729,1
28730,0
28731,0
28732,1
28733,1
28734,0
28735,0
28736,1
28737,0
28738,1
28739,0
28740,0
28741,1
28742,1
28743,0
28744,1
28745,1
28746,0
28747,0
28748,1
28749,1
28750,1
28751,1
28752,0
28753,1
28754,1
28755,0
28756,1
28757,1
28758,0
28759,0
28760,1
28761,0
28762,0
28763,1
28764,0
28765,0
28766,0
28767,1
28768,1
28769,1
28770,1
28771,0
28772,1
28773,1
28774,1
28775,0
28776,1
28777,1
28778,0
28779,0
28780,1
28781,1
28782,0
28783,1
28784,0
28785,1
28786,1
28787,0
28788,0
28789,1
28790,1
28791,1
28792,1
28793,0
28794,0
28795,0
28796,1
28797,0
28798,0
28799,1
28800,0
28801,1
28802,1
28803,1
28804,0
28805,0
28806,1
28807,1
28808,0
28809,0
28810,1
28811,0
28812,1
28813,1
28814,1
28815,0
28816,1
28817,0
28818,1
28819,0
28820,1
28821,1
28822,1
28823,0
28824,0
28825,1
28826,0
28827,0
28828,0
28829,0
28830,0
28831,0
28832,1
28833,0
28834,1
28835,0
28836,1
28837,1
28838,1
28839,0
28840,1
28841,0
28842,1
28843,0
28844,0
28845,0
28846,1
28847,1
28848,1
28849,1
28850,1
28851,1
28852,1
28853,1
28854,1
28855,1
28856,0
28857,0
28858,0
28859,1
28860,0
28861,1
28862,0
28863,0
28864,1
28865,0
28866,1
28867,0
28868,1
28869,0
28870,1
28871,1
28872,0
28873,1
28874,1
28875,0
28876,0
28877,1
28878,1
28879,1
28880,1
28881,1
28882,0
28883,1
28884,0
28885,0
28886,1
28887,1
28888,1
28889,1
28890,0
28891,1
28892,1
28893,0
28894,1
28895,1
28896,0
28897,1
28898,0
28899,1
28900,0
28901,1
28902,1
28903,0
28904,1
28905,0
28906,1
28907,1
28908,0
28909,0
28910,1
28911,1
28912,0
28913,0
28914,0
28915,1
28916,1
28917,0
28918,0
28919,0
28920,1
28921,0
28922,1
28923,0
28924,0
28925,0
28926,0
28927,1
28928,0
28929,1
28930,0
28931,0
28932,1
28933,1
28934,0
28935,1
28936,1
28937,1
28938,0
28939,1
28940,1
28941,1
28942,0
28943,1
28944,0
28945,1
28946,0
28947,1
28948,0
28949,0
28950,1
28951,1
28952,0
28953,1
28954,1
28955,1
28956,0
28957,1
28958,1
28959,1
28960,0
28961,1
28962,1
28963,1
28964,0
28965,0
28966,0
28967,1
28968,1
28969,1
28970,1
28971,1
28972,1
28973,1
28974,1
28975,0
28976,0
28977,1
28978,1
28979,0
28980,0
28981,1
28982,1
28983,1
28984,1
28985,0
28986,0
28987,0
28988,1
28989,0
28990,0
28991,0
28992,0
28993,1
28994,1
28995,0
28996,1
28997,1
28998,0
28999,0
29000,1
29001,0
29002,1
29003,1
29004,1
29005,0
29006,1
29007,1
29008,1
29009,1
29010,0
29011,1
29012,1
29013,1
29014,0
29015,0
29016,0
29017,0
29018,0
29019,1
29020,1
29021,1
29022,0
29023,1
29024,1
29025,1
29026,1
29027,1
29028,0
29029,0
29030,1
29031,0
29032,0
29033,1
29034,1
29035,1
29036,1
29037,1
29038,0
29039,0
29040,1
29041,0
29042,1
29043,0
29044,0
29045,1
29046,0
29047,0
29048,1
29049,0
29050,0
29051,1
29052,1
29053,1
29054,1
29055,0
29056,0
29057,0
29058,0
29059,1
29060,1
29061,0
29062,1
29063,1
29064,1
29065,1
29066,1
29067,0
29068,0
29069,0
29070,0
29071,1
29072,1
29073,1
29074,0
29075,1
29076,0
29077,0
29078,0
29079,1
29080,0
29081,0
29082,0
29083,0
29084,0
29085,0
29086,1
29087,0
29088,0
29089,0
29090,1
29091,0
29092,0
29093,1
29094,0
29095,1
29096,0
29097,0
29098,0
29099,0
29100,0
29101,1
29102,1
29103,1
29104,0
29105,1
29106,1
29107,1
29108,0
29109,0
29110,0
29111,0
29112,1
29113,0
29114,1
29115,0
29116,1
29117,0
29118,0
29119,0
29120,1
29121,1
29122,1
29123,0
29124,1
29125,1
29126,1
29127,0
29128,1
29129,0
29130,1
29131,0
29132,0
29133,0
29134,0
29135,0
29136,1
29137,0
29138,0
29139,1
29140,1
29141,0
29142,1
29143,1
29144,1
29145,0
29146,1
29147,1
29148,1
29149,1
29150,1
29151,1
29152,1
29153,1
29154,0
29155,0
29156,1
29157,1
29158,1
29159,1
29160,1
29161,0
29162,1
29163,1
29164,1
29165,1
29166,1
29167,1
29168,0
29169,0
29170,1
29171,0
29172,1
29173,1
29174,1
29175,0
29176,1
29177,1
29178,1
29179,1
29180,1
29181,0
29182,0
29183,1
29184,1
29185,1
29186,1
29187,0
29188,1
29189,1
29190,0
29191,0
29192,0
29193,1
29194,1
29195,0
29196,0
29197,1
29198,0
29199,0
29200,1
29201,1
29202,0
29203,1
29204,1
29205,1
29206,1
29207,0
29208,1
29209,1
29210,1
29211,1
29212,1
29213,0
29214,1
29215,0
29216,1
29217,0
29218,0
29219,1
29220,1
29221,1
29222,0
29223,1
29224,0
29225,0
29226,1
29227,1
29228,1
29229,1
29230,1
29231,0
29232,1
29233,1
29234,1
29235,1
29236,0
29237,0
29238,0
29239,1
29240,0
29241,1
29242,0
29243,1
29244,1
29245,1
29246,1
29247,0
29248,0
29249,1
29250,1
29251,0
29252,1
29253,1
29254,1
29255,0
29256,0
29257,1
29258,0
29259,0
29260,1
29261,1
29262,0
29263,0
29264,1
29265,0
29266,1
29267,1
29268,0
29269,0
29270,1
29271,1
29272,0
29273,1
29274,0
29275,0
29276,1
29277,1
29278,1
29279,1
29280,1
29281,1
29282,0
29283,1
29284,1
29285,0
29286,1
29287,1
29288,1
29289,1
29290,1
29291,0
29292,0
29293,1
29294,0
29295,1
29296,0
29297,1
29298,1
29299,0
29300,1
29301,0
29302,1
29303,1
29304,0
29305,0
29306,1
29307,1
29308,1
29309,0
29310,1
29311,0
29312,0
29313,1
29314,1
29315,0
29316,0
29317,1
29318,1
29319,0
29320,0
29321,1
29322,1
29323,1
29324,0
29325,0
29326,1
29327,0
29328,1
29329,1
29330,0
29331,1
29332,0
29333,0
29334,1
29335,1
29336,1
29337,0
29338,1
29339,1
29340,1
29341,0
29342,1
29343,1
29344,0
29345,1
29346,1
29347,1
29348,0
29349,1
29350,1
29351,0
29352,0
29353,1
29354,1
29355,1
29356,1
29357,1
29358,0
29359,0
29360,0
29361,0
29362,1
29363,0
29364,1
29365,1
29366,0
29367,1
29368,0
29369,1
29370,1
29371,1
29372,1
29373,1
29374,0
29375,1
29376,0
29377,1
29378,1
29379,1
29380,1
29381,1
29382,0
29383,0
29384,0
29385,1
29386,1
29387,0
29388,0
29389,1
29390,1
29391,0
29392,1
29393,1
29394,0
29395,0
29396,1
29397,1
29398,1
29399,1
29400,1
29401,1
29402,0
29403,1
29404,0
29405,1
29406,1
29407,1
29408,0
29409,0
29410,1
29411,0
29412,0
29413,1
29414,1
29415,1
29416,0
29417,1
29418,0
29419,1
29420,1
29421,1
29422,1
29423,1
29424,0
29425,1
29426,1
29427,1
29428,1
29429,1
29430,0
29431,1
29432,1
29433,1
29434,0
29435,0
29436,0
29437,1
29438,1
29439,1
29440,0
29441,0
29442,1
29443,1
29444,1
29445,0
29446,1
29447,1
29448,1
29449,0
29450,0
29451,1
29452,1
29453,0
29454,0
29455,0
29456,1
29457,0
29458,1
29459,0
29460,0
29461,0
29462,0
29463,1
29464,1
29465,1
29466,0
29467,0
29468,0
29469,1
29470,0
29471,0
29472,0
29473,0
29474,1
29475,0
29476,1
29477,1
29478,1
29479,1
29480,1
29481,1
29482,1
29483,1
29484,1
29485,1
29486,1
29487,0
29488,1
29489,0
29490,0
29491,1
29492,0
29493,0
29494,0
29495,1
29496,0
29497,1
29498,1
29499,0
29500,0
29501,1
29502,0
29503,1
29504,1
29505,1
29506,0
29507,1
29508,1
29509,0
29510,1
29511,1
29512,1
29513,1
29514,0
29515,0
29516,1
29517,0
29518,0
29519,1
29520,1
29521,1
29522,0
29523,1
29524,1
29525,0
29526,1
29527,0
29528,1
29529,0
29530,0
29531,0
29532,1
29533,1
29534,0
29535,1
29536,0
29537,0
29538,1
29539,0
29540,1
29541,1
29542,0
29543,1
29544,1
29545,1
29546,0
29547,1
29548,0
29549,0
29550,1
29551,0
29552,0
29553,0
29554,0
29555,0
29556,1
29557,0
29558,1
29559,1
29560,0
29561,0
29562,1
29563,0
29564,1
29565,1
29566,0
29567,1
29568,1
29569,0
29570,1
29571,0
29572,1
29573,1
29574,1
29575,0
29576,1
29577,1
29578,0
29579,1
29580,1
29581,0
29582,1
29583,0
29584,1
29585,1
29586,1
29587,0
29588,0
29589,1
29590,0
29591,0
29592,1
29593,1
29594,1
29595,1
29596,0
29597,0
29598,1
29599,0
29600,1
29601,0
29602,1
29603,1
29604,0
29605,1
29606,0
29607,0
29608,0
29609,1
29610,1
29611,1
29612,1
29613,1
29614,1
29615,0
29616,1
29617,0
29618,0
29619,0
29620,1
29621,0
29622,1
29623,1
29624,0
29625,1
29626,0
29627,1
29628,1
29629,1
29630,1
29631,1
29632,1
29633,1
29634,0
29635,1
29636,0
29637,1
29638,1
29639,1
29640,0
29641,0
29642,0
29643,1
29644,0
29645,0
29646,0
29647,1
29648,1
29649,0
29650,1
29651,1
29652,0
29653,1
29654,1
29655,1
29656,1
29657,1
29658,0
29659,0
29660,1
29661,1
29662,1
29663,1
29664,0
29665,0
29666,1
29667,1
29668,1
29669,1
29670,0
29671,1
29672,1
29673,0
29674,1
29675,0
29676,1
29677,0
29678,0
29679,0
29680,0
29681,1
29682,0
29683,1
29684,0
29685,1
29686,0
29687,0
29688,1
29689,1
29690,1
29691,1
29692,0
29693,0
29694,0
29695,1
29696,0
29697,1
29698,1
29699,0
29700,1
29701,1
29702,0
29703,1
29704,1
29705,1
29706,1
29707,0
29708,0
29709,1
29710,0
29711,1
29712,1
29713,1
29714,1
29715,0
29716,0
29717,1
29718,1
29719,1
29720,1
29721,0
29722,1
29723,0
29724,0
29725,1
29726,1
29727,0
29728,1
29729,0
29730,1
29731,0
29732,0
29733,0
29734,1
29735,0
29736,1
29737,1
29738,0
29739,1
29740,0
29741,0
29742,1
29743,1
29744,1
29745,1
29746,0
29747,1
29748,0
29749,0
29750,0
29751,0
29752,1
29753,0
29754,0
29755,1
29756,1
29757,0
29758,0
29759,0
29760,0
29761,1
29762,0
29763,1
29764,1
29765,1
29766,1
29767,1
29768,1
29769,1
29770,1
29771,1
29772,0
29773,0
29774,1
29775,1
29776,1
29777,1
29778,0
29779,1
29780,0
29781,1
29782,0
29783,0
29784,0
29785,0
29786,1
29787,0
29788,1
29789,1
29790,0
29791,1
29792,0
29793,1
29794,0
29795,0
29796,1
29797,0
29798,1
29799,0
29800,1
29801,0
29802,1
29803,0
29804,0
29805,1
29806,1
29807,0
29808,1
29809,0
29810,1
29811,0
29812,1
29813,0
29814,0
29815,0
29816,1
29817,0
29818,0
29819,1
29820,0
29821,1
29822,0
29823,1
29824,1
29825,1
29826,1
29827,1
29828,1
29829,0
29830,0
29831,0
29832,0
29833,1
29834,1
29835,1
29836,0
29837,0
29838,1
29839,1
29840,1
29841,0
29842,0
29843,0
29844,0
29845,1
29846,0
29847,1
29848,0
29849,1
29850,0
29851,1
29852,0
29853,1
29854,1
29855,1
29856,1
29857,1
29858,0
29859,0
29860,1
29861,1
29862,1
29863,0
29864,0
29865,0
29866,1
29867,1
29868,1
29869,1
29870,0
29871,0
29872,1
29873,1
29874,1
29875,0
29876,0
29877,1
29878,1
29879,0
29880,1
29881,0
29882,1
29883,0
29884,0
29885,1
29886,1
29887,0
29888,1
29889,1
29890,0
29891,0
29892,0
29893,1
29894,1
29895,0
29896,1
29897,0
29898,0
29899,1
29900,0
29901,1
29902,1
29903,0
29904,1
29905,0
29906,1
29907,0
29908,1
29909,1
29910,1
29911,1
29912,0
29913,0
29914,0
29915,0
29916,0
29917,1
29918,1
29919,1
29920,0
29921,0
29922,0
29923,1
29924,0
29925,0
29926,1
29927,1
29928,1
29929,0
29930,1
29931,0
29932,1
29933,1
29934,1
29935,1
29936,1
29937,0
29938,0
29939,0
29940,1
29941,1
29942,1
29943,0
29944,1
29945,1
29946,0
29947,1
29948,0
29949,1
29950,0
29951,1
29952,0
29953,0
29954,1
29955,1
29956,1
29957,1
29958,1
29959,1
29960,1
29961,1
29962,0
29963,0
29964,1
29965,1
29966,0
29967,1
29968,1
29969,0
29970,1
29971,0
29972,1
29973,1
29974,0
29975,1
29976,0
29977,0
29978,1
29979,1
29980,1
29981,1
29982,1
29983,1
29984,1
29985,1
29986,1
29987,0
29988,0
29989,0
29990,1
29991,1
29992,1
29993,0
29994,0
29995,1
29996,1
29997,0
29998,1
29999,1
30000,1
30001,1
30002,0
30003,0
30004,1
30005,1
30006,0
30007,1
30008,0
30009,0
30010,1
30011,0
30012,1
30013,1
30014,0
30015,0
30016,1
30017,1
30018,0
30019,1
30020,0
30021,1
30022,0
30023,1
30024,1
30025,1
30026,1
30027,0
30028,0
30029,1
30030,1
30031,1
30032,1
30033,1
30034,1
30035,1
30036,0
30037,1
30038,0
30039,1
30040,0
30041,1
30042,0
30043,0
30044,0
30045,0
30046,1
30047,1
30048,1
30049,1
30050,1
30051,1
30052,1
30053,1
30054,1
30055,1
30056,1
30057,1
30058,1
30059,0
30060,1
30061,1
30062,0
30063,0
30064,0
30065,0
30066,1
30067,0
30068,1
30069,0
30070,0
30071,0
30072,1
30073,1
30074,1
30075,1
30076,1
30077,1
30078,1
30079,1
30080,0
30081,1
30082,1
30083,1
30084,0
30085,1
30086,0
30087,0
30088,0
30089,1
30090,1
30091,1
30092,1
30093,1
30094,1
30095,0
30096,0
30097,1
30098,1
30099,0
30100,0
30101,1
30102,1
30103,0
30104,1
30105,0
30106,1
30107,0
30108,1
30109,0
30110,1
30111,0
30112,1
30113,0
30114,0
30115,0
30116,0
30117,1
30118,1
30119,1
30120,0
30121,1
30122,0
30123,0
30124,1
30125,0
30126,0
30127,1
30128,0
30129,1
30130,1
30131,1
30132,0
30133,1
30134,0
30135,1
30136,1
30137,0
30138,1
30139,0
30140,0
30141,1
30142,1
30143,1
30144,1
30145,1
30146,1
30147,0
30148,1
30149,1
30150,1
30151,0
30152,1
30153,0
30154,0
30155,0
30156,0
30157,0
30158,0
30159,1
30160,1
30161,1
30162,1
30163,1
30164,0
30165,1
30166,1
30167,1
30168,0
30169,1
30170,1
30171,0
30172,0
30173,0
30174,1
30175,0
30176,0
30177,1
30178,1
30179,1
30180,0
30181,1
30182,1
30183,1
30184,0
30185,0
30186,0
30187,0
30188,1
30189,1
30190,0
30191,1
30192,0
30193,1
30194,1
30195,1
30196,1
30197,0
30198,1
30199,1
30200,1
30201,0
30202,0
30203,0
30204,0
30205,0
30206,1
30207,0
30208,0
30209,0
30210,0
30211,1
30212,1
30213,0
30214,0
30215,1
30216,0
30217,1
30218,1
30219,1
30220,1
30221,1
30222,1
30223,0
30224,0
30225,0
30226,0
30227,0
30228,1
30229,1
30230,1
30231,1
30232,0
30233,0
30234,1
30235,1
30236,1
30237,1
30238,0
30239,0
30240,1
30241,0
30242,0
30243,0
30244,1
30245,1
30246,1
30247,1
30248,0
30249,1
30250,0
30251,0
30252,0
30253,1
30254,0
30255,1
30256,0
30257,1
30258,0
30259,1
30260,0
30261,1
30262,1
30263,1
30264,1
30265,1
30266,1
30267,1
30268,0
30269,1
30270,1
30271,1
30272,1
30273,1
30274,1
30275,1
30276,1
30277,1
30278,1
30279,0
30280,0
30281,1
30282,1
30283,1
30284,1
30285,1
30286,1
30287,1
30288,0
30289,1
30290,0
30291,1
30292,0
30293,0
30294,1
30295,1
30296,0
30297,0
30298,1
30299,1
30300,0
30301,1
30302,1
30303,0
30304,1
30305,0
30306,1
30307,1
30308,1
30309,1
30310,0
30311,0
30312,1
30313,0
30314,0
30315,1
30316,1
30317,1
30318,0
30319,1
30320,0
30321,0
30322,0
30323,0
30324,0
30325,0
30326,0
30327,1
30328,0
30329,1
30330,0
30331,0
30332,1
30333,1
30334,0
30335,0
30336,0
30337,1
30338,1
30339,0
30340,0
30341,1
30342,1
30343,0
30344,1
30345,1
30346,1
30347,1
30348,1
30349,0
30350,1
30351,0
30352,1
30353,1
30354,0
30355,1
30356,1
30357,1
30358,1
30359,0
30360,0
30361,0
30362,1
30363,1
30364,0
30365,1
30366,0
30367,0
30368,0
30369,0
30370,0
30371,1
30372,0
30373,1
30374,1
30375,1
30376,1
30377,0
30378,0
30379,1
30380,1
30381,1
30382,0
30383,1
30384,1
30385,1
30386,1
30387,1
30388,0
30389,0
30390,0
30391,1
30392,1
30393,1
30394,1
30395,1
30396,1
30397,1
30398,1
30399,1
30400,0
30401,1
30402,1
30403,1
30404,1
30405,1
30406,1
30407,1
30408,1
30409,1
30410,1
30411,1
30412,0
30413,0
30414,0
30415,1
30416,1
30417,1
30418,1
30419,0
30420,1
30421,0
30422,1
30423,0
30424,1
30425,1
30426,0
30427,1
30428,1
30429,0
30430,1
30431,0
30432,1
30433,1
30434,0
30435,1
30436,1
30437,1
30438,0
30439,0
30440,1
30441,0
30442,0
30443,1
30444,0
30445,0
30446,1
30447,0
30448,0
30449,1
30450,1
30451,0
30452,0
30453,1
30454,0
30455,0
30456,0
30457,1
30458,0
30459,1
30460,0
30461,0
30462,1
30463,1
30464,0
30465,1
30466,0
30467,1
30468,0
30469,1
30470,1
30471,1
30472,0
30473,0
30474,1
30475,0
30476,0
30477,1
30478,1
30479,0
30480,0
30481,1
30482,1
30483,0
30484,0
30485,1
30486,0
30487,1
30488,0
30489,1
30490,1
30491,1
30492,1
30493,0
30494,0
30495,0
30496,1
30497,0
30498,0
30499,1
30500,1
30501,0
30502,1
30503,1
30504,1
30505,0
30506,0
30507,0
30508,1
30509,1
30510,1
30511,1
30512,0
30513,0
30514,1
30515,1
30516,1
30517,0
30518,1
30519,0
30520,1
30521,1
30522,0
30523,1
30524,1
30525,0
30526,1
30527,0
30528,1
30529,1
30530,0
30531,1
30532,1
30533,1
30534,0
30535,0
30536,0
30537,0
30538,1
30539,1
30540,1
30541,0
30542,0
30543,1
30544,0
30545,1
30546,1
30547,1
30548,0
30549,0
30550,1
30551,1
30552,0
30553,1
30554,1
30555,0
30556,0
30557,1
30558,0
30559,1
30560,0
30561,0
30562,1
30563,0
30564,0
30565,0
30566,0
30567,1
30568,1
30569,0
30570,1
30571,0
30572,0
30573,1
30574,1
30575,0
30576,0
30577,1
30578,0
30579,0
30580,1
30581,1
30582,0
30583,1
30584,1
30585,0
30586,0
30587,0
30588,1
30589,1
30590,1
30591,1
30592,1
30593,0
30594,0
30595,0
30596,0
30597,0
30598,1
30599,1
30600,0
30601,0
30602,0
30603,0
30604,1
30605,1
30606,0
30607,1
30608,0
30609,1
30610,1
30611,1
30612,1
30613,1
30614,1
30615,0
30616,0
30617,0
30618,1
30619,1
30620,1
30621,0
30622,1
30623,0
30624,1
30625,0
30626,0
30627,1
30628,1
30629,1
30630,0
30631,0
30632,1
30633,0
30634,1
30635,1
30636,1
30637,0
30638,1
30639,0
30640,0
30641,1
30642,1
30643,0
30644,0
30645,1
30646,1
30647,0
30648,0
30649,1
30650,1
30651,1
30652,1
30653,1
30654,0
30655,1
30656,1
30657,0
30658,0
30659,1
30660,0
30661,0
30662,0
30663,1
30664,1
30665,1
30666,1
30667,0
30668,1
30669,0
30670,0
30671,1
30672,0
30673,0
30674,1
30675,1
30676,0
30677,1
30678,0
30679,1
30680,0
30681,1
30682,1
30683,1
30684,1
30685,1
30686,1
30687,1
30688,0
30689,0
30690,0
30691,1
30692,1
30693,1
30694,1
30695,0
30696,1
30697,0
30698,1
30699,1
30700,1
30701,1
30702,1
30703,1
30704,1
30705,1
30706,0
30707,0
30708,0
30709,1
30710,1
30711,1
30712,1
30713,0
30714,0
30715,1
30716,0
30717,0
30718,0
30719,0
30720,1
30721,1
30722,0
30723,1
30724,1
30725,1
30726,0
30727,0
30728,1
30729,1
30730,1
30731,0
30732,1
30733,1
30734,0
30735,1
30736,0
30737,0
30738,0
30739,1
30740,1
30741,1
30742,0
30743,0
30744,1
30745,1
30746,0
30747,1
30748,0
30749,0
30750,1
30751,1
30752,1
30753,0
30754,0
30755,1
30756,0
30757,0
30758,0
30759,0
30760,0
30761,0
30762,0
30763,1
30764,1
30765,1
30766,0
30767,1
30768,1
30769,1
30770,1
30771,0
30772,1
30773,1
30774,0
30775,0
30776,0
30777,1
30778,1
30779,0
30780,0
30781,1
30782,0
30783,1
30784,0
30785,1
30786,1
30787,1
30788,1
30789,1
30790,1
30791,0
30792,0
30793,1
30794,1
30795,0
30796,0
30797,0
30798,0
30799,1
30800,0
30801,1
30802,1
30803,0
30804,0
30805,0
30806,1
30807,1
30808,1
30809,0
30810,0
30811,0
30812,0
30813,1
30814,0
30815,1
30816,0
30817,1
30818,0
30819,0
30820,0
30821,1
30822,0
30823,0
30824,0
30825,1
30826,0
30827,1
30828,1
30829,1
30830,0
30831,1
30832,1
30833,1
30834,0
30835,0
30836,1
30837,0
30838,0
30839,1
30840,0
30841,0
30842,1
30843,0
30844,0
30845,1
30846,0
30847,1
30848,0
30849,0
30850,0
30851,1
30852,1
30853,0
30854,0
30855,1
30856,0
30857,0
30858,0
30859,1
30860,1
30861,1
30862,1
30863,0
30864,1
30865,1
30866,1
30867,1
30868,1
30869,1
30870,1
30871,1
30872,0
30873,1
30874,1
30875,1
30876,1
30877,1
30878,0
30879,1
30880,1
30881,1
30882,1
30883,0
30884,1
30885,0
30886,0
30887,1
30888,1
30889,1
30890,0
30891,1
30892,0
30893,1
30894,1
30895,0
30896,0
30897,1
30898,1
30899,1
30900,1
30901,1
30902,1
30903,1
30904,0
30905,1
30906,1
30907,1
30908,1
30909,0
30910,1
30911,1
30912,0
30913,0
30914,0
30915,1
30916,1
30917,1
30918,1
30919,1
30920,1
30921,1
30922,1
30923,1
30924,0
30925,0
30926,0
30927,1
30928,1
30929,1
30930,1
30931,0
30932,0
30933,0
30934,1
30935,0
30936,1
30937,1
30938,0
30939,0
30940,1
30941,1
30942,0
30943,1
30944,0
30945,1
30946,1
30947,1
30948,0
30949,0
30950,1
30951,0
30952,1
30953,1
30954,0
30955,0
30956,1
30957,0
30958,1
30959,1
30960,0
30961,0
30962,1
30963,0
30964,1
30965,0
30966,0
30967,0
30968,1
30969,0
30970,0
30971,1
30972,0
30973,1
30974,1
30975,1
30976,0
30977,1
30978,0
30979,0
30980,1
30981,1
30982,0
30983,1
30984,1
30985,1
30986,0
30987,0
30988,1
30989,1
30990,0
30991,1
30992,0
30993,0
30994,1
30995,1
30996,1
30997,1
30998,0
30999,0
31000,1
31001,0
31002,1
31003,0
31004,0
31005,1
31006,1
31007,0
31008,1
31009,0
31010,1
31011,1
31012,1
31013,1
31014,0
31015,1
31016,1
31017,1
31018,0
31019,0
31020,0
31021,1
31022,0
31023,0
31024,0
31025,1
31026,1
31027,0
31028,1
31029,0
31030,0
31031,0
31032,0
31033,0
31034,0
31035,0
31036,1
31037,1
31038,1
31039,1
31040,1
31041,1
31042,0
31043,1
31044,0
31045,1
31046,0
31047,1
31048,1
31049,1
31050,1
31051,0
31052,0
31053,0
31054,0
31055,1
31056,0
31057,0
31058,0
31059,1
31060,0
31061,1
31062,1
31063,1
31064,1
31065,0
31066,1
31067,0
31068,1
31069,1
31070,1
31071,1
31072,1
31073,0
31074,1
31075,1
31076,1
31077,1
31078,0
31079,1
31080,0
31081,1
31082,1
31083,0
31084,1
31085,0
31086,0
31087,1
31088,0
31089,1
31090,0
31091,0
31092,0
31093,1
31094,0
31095,0
31096,1
31097,1
31098,1
31099,1
31100,1
31101,1
31102,0
31103,1
31104,1
31105,1
31106,1
31107,1
31108,0
31109,0
31110,1
31111,1
31112,1
31113,1
31114,1
31115,0
31116,0
31117,1
31118,0
31119,0
31120,0
31121,1
31122,1
31123,0
31124,1
31125,1
31126,1
31127,0
31128,0
31129,1
31130,1
31131,0
31132,1
31133,1
31134,1
31135,0
31136,0
31137,0
31138,1
31139,0
31140,1
31141,0
31142,0
31143,0
31144,1
31145,0
31146,0
31147,1
31148,1
31149,1
31150,1
31151,0
31152,1
31153,1
31154,0
31155,0
31156,1
31157,0
31158,1
31159,1
31160,0
31161,0
31162,0
31163,0
31164,0
31165,0
31166,0
31167,1
31168,0
31169,0
31170,1
31171,0
31172,0
31173,1
31174,0
31175,1
31176,0
31177,1
31178,1
31179,1
31180,0
31181,1
31182,1
31183,1
31184,0
31185,1
31186,1
31187,0
31188,0
31189,1
31190,0
31191,0
31192,1
31193,0
31194,1
31195,0
31196,0
31197,1
31198,1
31199,1
31200,0
31201,0
31202,0
31203,1
31204,1
31205,0
31206,0
31207,1
31208,0
31209,1
31210,0
31211,1
31212,0
31213,1
31214,0
31215,1
31216,1
31217,0
31218,0
31219,1
31220,0
31221,0
31222,0
31223,1
31224,1
31225,0
31226,0
31227,0
31228,0
31229,0
31230,0
31231,0
31232,1
31233,1
31234,1
31235,0
31236,1
31237,0
31238,1
31239,1
31240,0
31241,0
31242,1
31243,1
31244,1
31245,1
31246,1
31247,1
31248,1
31249,0
31250,0
31251,1
31252,1
31253,1
31254,0
31255,0
31256,1
31257,1
31258,0
31259,1
31260,1
31261,1
31262,1
31263,1
31264,0
31265,1
31266,1
31267,1
31268,1
31269,1
31270,0
31271,1
31272,1
31273,1
31274,1
31275,0
31276,0
31277,1
31278,0
31279,1
31280,1
31281,1
31282,1
31283,0
31284,0
31285,0
31286,0
31287,0
31288,0
31289,0
31290,1
31291,0
31292,1
31293,0
31294,0
31295,1
31296,0
31297,0
31298,1
31299,1
31300,1
31301,1
31302,1
31303,0
31304,0
31305,1
31306,0
31307,1
31308,0
31309,1
31310,1
31311,1
31312,1
31313,0
31314,1
31315,0
31316,1
31317,1
31318,1
31319,0
31320,0
31321,1
31322,1
31323,0
31324,0
31325,0
31326,1
31327,0
31328,0
31329,0
31330,0
31331,0
31332,1
31333,0
31334,1
31335,0
31336,1
31337,1
31338,1
31339,1
31340,1
31341,1
31342,1
31343,1
31344,0
31345,0
31346,1
31347,1
31348,0
31349,1
31350,1
31351,1
31352,0
31353,0
31354,1
31355,1
31356,0
31357,1
31358,0
31359,0
31360,1
31361,1
31362,0
31363,1
31364,0
31365,1
31366,1
31367,1
31368,1
31369,0
31370,1
31371,1
31372,1
31373,0
31374,0
31375,1
31376,0
31377,1
31378,1
31379,1
31380,1
31381,0
31382,0
31383,1
31384,1
31385,1
31386,1
31387,0
31388,0
31389,0
31390,0
31391,0
31392,0
31393,0
31394,0
31395,1
31396,1
31397,1
31398,0
31399,1
31400,0
31401,0
31402,1
31403,1
31404,1
31405,1
31406,1
31407,1
31408,1
31409,1
31410,1
31411,1
31412,1
31413,1
31414,1
31415,1
31416,1
31417,1
31418,1
31419,1
31420,1
31421,1
31422,0
31423,0
31424,0
31425,0
31426,0
31427,1
31428,0
31429,0
31430,0
31431,0
31432,1
31433,1
31434,0
31435,0
31436,1
31437,0
31438,1
31439,0
31440,1
31441,0
31442,0
31443,0
31444,1
31445,0
31446,0
31447,0
31448,1
31449,1
31450,1
31451,1
31452,0
31453,1
31454,1
31455,0
31456,1
31457,1
31458,1
31459,1
31460,0
31461,0
31462,0
31463,0
31464,1
31465,0
31466,0
31467,0
31468,0
31469,1
31470,1
31471,0
31472,0
31473,0
31474,1
31475,1
31476,0
31477,1
31478,0
31479,1
31480,1
31481,0
31482,0
31483,0
31484,0
31485,1
31486,1
31487,1
31488,0
31489,1
31490,1
31491,1
31492,0
31493,1
31494,0
31495,1
31496,1
31497,0
31498,1
31499,0
31500,1
31501,1
31502,1
31503,1
31504,0
31505,1
31506,0
31507,0
31508,1
31509,1
31510,1
31511,1
31512,0
31513,0
31514,0
31515,1
31516,1
31517,0
31518,1
31519,1
31520,1
31521,1
31522,1
31523,1
31524,0
31525,0
31526,1
31527,1
31528,1
31529,1
31530,0
31531,0
31532,1
31533,0
31534,1
31535,0
31536,1
31537,1
31538,0
31539,1
31540,0
31541,0
31542,0
31543,0
31544,0
31545,0
31546,1
31547,1
31548,0
31549,1
31550,0
31551,1
31552,1
31553,0
31554,0
31555,0
31556,1
31557,1
31558,1
31559,1
31560,0
31561,1
31562,1
31563,0
31564,1
31565,0
31566,1
31567,0
31568,1
31569,1
31570,1
31571,0
31572,1
31573,1
31574,0
31575,0
31576,1
31577,1
31578,0
31579,0
31580,1
31581,0
31582,0
31583,0
31584,0
31585,1
31586,1
31587,1
31588,0
31589,1
31590,0
31591,1
31592,0
31593,0
31594,1
31595,0
31596,0
31597,0
31598,1
31599,1
31600,0
31601,0
31602,0
31603,0
31604,1
31605,1
31606,1
31607,1
31608,0
31609,1
31610,1
31611,1
31612,1
31613,1
31614,1
31615,0
31616,1
31617,1
31618,1
31619,1
31620,1
31621,0
31622,1
31623,0
31624,0
31625,0
31626,1
31627,0
31628,0
31629,0
31630,1
31631,1
31632,1
31633,1
31634,1
31635,0
31636,0
31637,0
31638,1
31639,0
31640,1
31641,1
31642,0
31643,0
31644,1
31645,1
31646,0
31647,0
31648,0
31649,0
31650,1
31651,1
31652,0
31653,0
31654,1
31655,1
31656,0
31657,1
31658,1
31659,1
31660,0
31661,1
31662,0
31663,0
31664,1
31665,0
31666,0
31667,1
31668,1
31669,1
31670,0
31671,0
31672,1
31673,0
31674,0
31675,1
31676,1
31677,0
31678,0
31679,1
31680,0
31681,1
31682,0
31683,1
31684,1
31685,1
31686,0
31687,0
31688,0
31689,1
31690,0
31691,0
31692,0
31693,0
31694,0
31695,1
31696,0
31697,0
31698,1
31699,1
31700,1
31701,1
31702,1
31703,1
31704,1
31705,0
31706,1
31707,0
31708,1
31709,0
31710,0
31711,1
31712,1
31713,0
31714,0
31715,1
31716,1
31717,0
31718,0
31719,0
31720,0
31721,0
31722,0
31723,0
31724,1
31725,0
31726,0
31727,1
31728,0
31729,1
31730,1
31731,1
31732,0
31733,1
31734,1
31735,1
31736,0
31737,0
31738,0
31739,1
31740,1
31741,1
31742,1
31743,1
31744,1
31745,1
31746,1
31747,0
31748,0
31749,1
31750,1
31751,0
31752,0
31753,0
31754,1
31755,0
31756,1
31757,1
31758,0
31759,0
31760,0
31761,1
31762,1
31763,1
31764,0
31765,1
31766,0
31767,1
31768,1
31769,1
31770,1
31771,0
31772,1
31773,0
31774,0
31775,1
31776,0
31777,1
31778,0
31779,1
31780,1
31781,1
31782,0
31783,0
31784,1
31785,1
31786,1
31787,1
31788,1
31789,1
31790,1
31791,0
31792,1
31793,1
31794,0
31795,1
31796,0
31797,0
31798,1
31799,1
31800,0
31801,1
31802,1
31803,0
31804,0
31805,1
31806,1
31807,0
31808,1
31809,0
31810,0
31811,0
31812,1
31813,0
31814,0
31815,0
31816,0
31817,0
31818,0
31819,1
31820,1
31821,0
31822,1
31823,1
31824,0
31825,0
31826,1
31827,0
31828,0
31829,1
31830,0
31831,1
31832,1
31833,0
31834,0
31835,1
31836,0
31837,1
31838,0
31839,0
31840,0
31841,0
31842,0
31843,1
31844,0
31845,0
31846,1
31847,1
31848,0
31849,1
31850,0
31851,1
31852,0
31853,1
31854,1
31855,1
31856,0
31857,1
31858,0
31859,1
31860,1
31861,0
31862,1
31863,1
31864,0
31865,1
31866,0
31867,1
31868,1
31869,1
31870,0
31871,0
31872,0
31873,0
31874,1
31875,1
31876,0
31877,1
31878,0
31879,0
31880,1
31881,0
31882,1
31883,1
31884,0
31885,1
31886,1
31887,1
31888,1
31889,1
31890,1
31891,0
31892,0
31893,0
31894,1
31895,1
31896,0
31897,1
31898,1
31899,1
31900,0
31901,0
31902,1
31903,0
31904,0
31905,1
31906,1
31907,0
31908,0
31909,0
31910,0
31911,1
31912,0
31913,1
31914,1
31915,1
31916,0
31917,1
31918,1
31919,0
31920,1
31921,0
31922,0
31923,1
31924,1
31925,1
31926,1
31927,0
31928,0
31929,1
31930,1
31931,1
31932,0
31933,1
31934,0
31935,0
31936,0
31937,0
31938,0
31939,1
31940,1
31941,1
31942,0
31943,1
31944,1
31945,1
31946,1
31947,0
31948,0
31949,1
31950,1
31951,1
31952,1
31953,1
31954,0
31955,0
31956,1
31957,1
31958,0
31959,0
31960,1
31961,0
31962,1
31963,0
31964,1
31965,0
31966,1
31967,1
31968,1
31969,1
31970,1
31971,1
31972,0
31973,0
31974,1
31975,0
31976,1
31977,0
31978,1
31979,0
31980,1
31981,0
31982,0
31983,0
31984,1
31985,1
31986,1
31987,1
31988,1
31989,1
31990,0
31991,1
31992,0
31993,0
31994,0
31995,1
31996,1
31997,1
31998,1
31999,1
32000,1
32001,0
32002,1
32003,1
32004,0
32005,1
32006,0
32007,0
32008,0
32009,0
32010,1
32011,1
32012,1
32013,1
32014,0
32015,0
32016,1
32017,1
32018,1
32019,1
32020,0
32021,0
32022,1
32023,1
32024,1
32025,1
32026,0
32027,1
32028,1
32029,1
32030,0
32031,0
32032,1
32033,1
32034,0
32035,0
32036,0
32037,0
32038,0
32039,0
32040,0
32041,0
32042,1
32043,1
32044,1
32045,1
32046,1
32047,1
32048,0
32049,1
32050,1
32051,0
32052,1
32053,1
32054,1
32055,0
32056,0
32057,0
32058,0
32059,1
32060,1
32061,1
32062,1
32063,0
32064,1
32065,1
32066,1
32067,1
32068,0
32069,1
32070,0
32071,0
32072,0
32073,1
32074,1
32075,0
32076,0
32077,0
32078,1
32079,1
32080,0
32081,0
32082,1
32083,0
32084,1
32085,1
32086,1
32087,1
32088,0
32089,1
32090,0
32091,1
32092,1
32093,1
32094,0
32095,1
32096,0
32097,1
32098,1
32099,0
32100,0
32101,0
32102,1
32103,0
32104,1
32105,1
32106,1
32107,0
32108,1
32109,1
32110,1
32111,0
32112,0
32113,0
32114,0
32115,1
32116,0
32117,1
32118,1
32119,0
32120,1
32121,1
32122,1
32123,0
32124,1
32125,0
32126,0
32127,1
32128,0
32129,0
32130,1
32131,0
32132,0
32133,1
32134,1
32135,1
32136,0
32137,1
32138,1
32139,1
32140,1
32141,0
32142,0
32143,1
32144,1
32145,0
32146,1
32147,1
32148,0
32149,1
32150,1
32151,0
32152,0
32153,0
32154,1
32155,0
32156,0
32157,0
32158,0
32159,0
32160,1
32161,1
32162,1
32163,1
32164,1
32165,1
32166,1
32167,1
32168,1
32169,1
32170,1
32171,0
32172,0
32173,0
32174,0
32175,0
32176,0
32177,1
32178,0
32179,0
32180,1
32181,1
32182,1
32183,0
32184,0
32185,0
32186,1
32187,1
32188,1
32189,1
32190,1
32191,1
32192,1
32193,0
32194,0
32195,0
32196,0
32197,0
32198,0
32199,0
32200,1
32201,0
32202,0
32203,1
32204,1
32205,1
32206,0
32207,1
32208,1
32209,1
32210,0
32211,1
32212,1
32213,1
32214,1
32215,1
32216,0
32217,1
32218,1
32219,1
32220,0
32221,1
32222,0
32223,0
32224,1
32225,1
32226,1
32227,0
32228,0
32229,0
32230,1
32231,1
32232,0
32233,1
32234,0
32235,0
32236,1
32237,0
32238,1
32239,0
32240,1
32241,0
32242,0
32243,1
32244,1
32245,0
32246,0
32247,1
32248,1
32249,1
32250,0
32251,1
32252,1
32253,1
32254,0
32255,1
32256,1
32257,1
32258,1
32259,1
32260,0
32261,1
32262,0
32263,1
32264,0
32265,1
32266,1
32267,0
32268,1
32269,0
32270,0
32271,1
32272,0
32273,1
32274,1
32275,0
32276,0
32277,0
32278,1
32279,1
32280,1
32281,1
32282,0
32283,1
32284,1
32285,1
32286,0
32287,1
32288,1
32289,1
32290,0
32291,0
32292,0
32293,0
32294,0
32295,0
32296,0
32297,0
32298,1
32299,1
32300,0
32301,1
32302,1
32303,0
32304,0
32305,0
32306,1
32307,1
32308,0
32309,1
32310,0
32311,0
32312,0
32313,0
32314,0
32315,1
32316,0
32317,0
32318,1
32319,1
32320,1
32321,1
32322,0
32323,1
32324,1
32325,1
32326,1
32327,0
32328,0
32329,0
32330,0
32331,1
32332,1
32333,1
32334,0
32335,1
32336,1
32337,1
32338,1
32339,1
32340,0
32341,0
32342,1
32343,0
32344,0
32345,1
32346,1
32347,1
32348,1
32349,1
32350,1
32351,1
32352,1
32353,0
32354,0
32355,0
32356,1
32357,0
32358,0
32359,1
32360,1
32361,0
32362,1
32363,0
32364,1
32365,0
32366,0
32367,1
32368,1
32369,1
32370,1
32371,1
32372,1
32373,1
32374,1
32375,1
32376,0
32377,0
32378,1
32379,0
32380,1
32381,1
32382,0
32383,1
32384,0
32385,0
32386,1
32387,1
32388,1
32389,0
32390,0
32391,1
32392,0
32393,1
32394,0
32395,0
32396,0
32397,1
32398,0
32399,1
32400,0
32401,1
32402,1
32403,1
32404,1
32405,1
32406,0
32407,1
32408,1
32409,1
32410,0
32411,0
32412,0
32413,1
32414,1
32415,0
32416,1
32417,1
32418,1
32419,1
32420,1
32421,0
32422,1
32423,0
32424,0
32425,1
32426,0
32427,1
32428,1
32429,1
32430,0
32431,1
32432,1
32433,0
32434,0
32435,1
32436,1
32437,1
32438,0
32439,1
32440,1
32441,1
32442,1
32443,1
32444,1
32445,1
32446,1
32447,0
32448,0
32449,1
32450,1
32451,0
32452,0
32453,0
32454,0
32455,1
32456,1
32457,0
32458,0
32459,0
32460,0
32461,1
32462,1
32463,0
32464,1
32465,1
32466,1
32467,1
32468,0
32469,1
32470,1
32471,1
32472,1
32473,1
32474,1
32475,1
32476,0
32477,1
32478,0
32479,0
32480,1
32481,0
32482,1
32483,1
32484,1
32485,0
32486,1
32487,0
32488,1
32489,1
32490,0
32491,1
32492,1
32493,1
32494,1
32495,1
32496,0
32497,1
32498,1
32499,1
32500,1
32501,0
32502,1
32503,1
32504,0
32505,1
32506,1
32507,1
32508,0
32509,1
32510,1
32511,1
32512,0
32513,1
32514,1
32515,0
32516,1
32517,1
32518,1
32519,0
32520,1
32521,0
32522,0
32523,1
32524,1
32525,0
32526,1
32527,0
32528,0
32529,1
32530,1
32531,1
32532,0
32533,1
32534,1
32535,0
32536,1
32537,0
32538,1
32539,0
32540,0
32541,1
32542,0
32543,0
32544,1
32545,1
32546,0
32547,1
32548,1
32549,0
32550,1
32551,0
32552,1
32553,1
32554,0
32555,1
32556,0
32557,0
32558,0
32559,1
32560,0
32561,1
32562,0
32563,1
32564,1
32565,0
32566,1
32567,0
32568,0
32569,1
32570,0
32571,1
32572,1
32573,1
32574,0
32575,0
32576,1
32577,0
32578,1
32579,0
32580,0
32581,1
32582,0
32583,0
32584,1
32585,0
32586,1
32587,0
32588,1
32589,1
32590,1
32591,1
32592,0
32593,1
32594,1
32595,1
32596,1
32597,0
32598,1
32599,1
32600,1
32601,0
32602,1
32603,0
32604,0
32605,0
32606,1
32607,1
32608,1
32609,0
32610,1
32611,1
32612,1
32613,1
32614,0
32615,1
32616,1
32617,1
32618,0
32619,0
32620,0
32621,1
32622,1
32623,1
32624,0
32625,0
32626,0
32627,1
32628,1
32629,1
32630,1
32631,0
32632,0
32633,0
32634,1
32635,1
32636,1
32637,0
32638,0
32639,1
32640,0
32641,1
32642,1
32643,1
32644,0
32645,1
32646,0
32647,1
32648,1
32649,0
32650,1
32651,1
32652,0
32653,0
32654,0
32655,1
32656,0
32657,1
32658,1
32659,0
32660,1
32661,0
32662,1
32663,1
32664,0
32665,0
32666,0
32667,0
32668,0
32669,0
32670,0
32671,0
32672,1
32673,1
32674,0
32675,0
32676,0
32677,1
32678,0
32679,1
32680,1
32681,1
32682,1
32683,0
32684,0
32685,0
32686,1
32687,1
32688,1
32689,0
32690,0
32691,0
32692,1
32693,0
32694,0
32695,1
32696,0
32697,1
32698,0
32699,1
32700,0
32701,0
32702,1
32703,1
32704,1
32705,1
32706,0
32707,0
32708,1
32709,1
32710,1
32711,1
32712,0
32713,0
32714,0
32715,0
32716,1
32717,0
32718,1
32719,1
32720,0
32721,0
32722,1
32723,0
32724,0
32725,1
32726,1
32727,1
32728,1
32729,1
32730,0
32731,1
32732,1
32733,0
32734,0
32735,1
32736,0
32737,0
32738,0
32739,0
32740,1
32741,0
32742,1
32743,0
32744,0
32745,1
32746,1
32747,1
32748,1
32749,1
32750,0
32751,1
32752,0
32753,0
32754,1
32755,0
32756,1
32757,0
32758,0
32759,0
32760,1
32761,0
32762,1
32763,1
32764,0
32765,1
32766,1
32767,1
32768,1
32769,1
32770,1
32771,0
32772,1
32773,1
32774,0
32775,0
32776,0
32777,1
32778,1
32779,1
32780,0
32781,0
32782,0
32783,1
32784,1
32785,0
32786,1
32787,0
32788,1
32789,0
32790,0
32791,1
32792,0
32793,0
32794,0
32795,0
32796,0
32797,0
32798,0
32799,1
32800,1
32801,1
32802,0
32803,0
32804,1
32805,1
32806,1
32807,1
32808,0
32809,1
32810,1
32811,1
32812,1
32813,1
32814,1
32815,1
32816,1
32817,0
32818,1
32819,1
32820,1
32821,1
32822,1
32823,0
32824,0
32825,0
32826,1
32827,1
32828,1
32829,0
32830,1
32831,0
32832,1
32833,0
32834,1
32835,1
32836,1
32837,1
32838,1
32839,1
32840,0
32841,0
32842,1
32843,1
32844,0
32845,1
32846,1
32847,0
32848,0
32849,0
32850,0
32851,1
32852,1
32853,0
32854,1
32855,0
32856,0
32857,0
32858,0
32859,1
32860,0
32861,0
32862,1
32863,0
32864,0
32865,0
32866,0
32867,0
32868,0
32869,1
32870,1
32871,1
32872,1
32873,0
32874,0
32875,1
32876,1
32877,1
32878,0
32879,1
32880,1
32881,1
32882,0
32883,0
32884,0
32885,1
32886,1
32887,1
32888,0
32889,0
32890,1
32891,1
32892,1
32893,1
32894,0
32895,0
32896,1
32897,1
32898,1
32899,1
32900,1
32901,0
32902,0
32903,1
32904,1
32905,0
32906,1
32907,0
32908,1
32909,0
32910,0
32911,0
32912,0
32913,1
32914,1
32915,0
32916,1
32917,1
32918,1
32919,0
32920,1
32921,0
32922,1
32923,1
32924,0
32925,1
32926,1
32927,1
32928,0
32929,0
32930,0
32931,1
32932,1
32933,0
32934,0
32935,1
32936,1
32937,1
32938,1
32939,1
32940,1
32941,1
32942,1
32943,0
32944,0
32945,0
32946,1
32947,1
32948,1
32949,1
32950,0
32951,0
32952,1
32953,1
32954,0
32955,0
32956,0
32957,0
32958,0
32959,0
32960,1
32961,1
32962,1
32963,1
32964,1
32965,1
32966,1
32967,1
32968,0
32969,1
32970,1
32971,0
32972,1
32973,0
32974,1
32975,1
32976,1
32977,0
32978,0
32979,1
32980,0
32981,0
32982,1
32983,0
32984,0
32985,0
32986,1
32987,0
32988,0
32989,0
32990,1
32991,1
32992,0
32993,0
32994,0
32995,1
32996,1
32997,0
32998,0
32999,1
33000,1
33001,1
33002,1
33003,0
33004,1
33005,0
33006,0
33007,0
33008,1
33009,1
33010,0
33011,1
33012,0
33013,1
33014,0
33015,0
33016,1
33017,1
33018,0
33019,0
33020,1
33021,1
33022,1
33023,0
33024,1
33025,1
33026,1
33027,0
33028,1
33029,0
33030,0
33031,0
33032,0
33033,0
33034,0
33035,1
33036,1
33037,0
33038,0
33039,1
33040,1
33041,1
33042,0
33043,1
33044,1
33045,1
33046,0
33047,0
33048,1
33049,0
33050,0
33051,0
33052,1
33053,0
33054,1
33055,0
33056,0
33057,1
33058,1
33059,0
33060,0
33061,1
33062,0
33063,1
33064,1
33065,1
33066,1
33067,0
33068,0
33069,0
33070,1
33071,1
33072,1
33073,0
33074,1
33075,1
33076,0
33077,1
33078,1
33079,0
33080,1
33081,0
33082,1
33083,1
33084,0
33085,1
33086,0
33087,1
33088,1
33089,0
33090,1
33091,1
33092,1
33093,0
33094,0
33095,1
33096,0
33097,0
33098,1
33099,0
33100,0
33101,1
33102,0
33103,0
33104,1
33105,1
33106,1
33107,1
33108,0
33109,1
33110,1
33111,0
33112,1
33113,0
33114,0
33115,1
33116,0
33117,0
33118,1
33119,0
33120,0
33121,1
33122,1
33123,0
33124,0
33125,0
33126,1
33127,1
33128,1
33129,1
33130,0
33131,1
33132,0
33133,0
33134,1
33135,0
33136,1
33137,1
33138,0
33139,0
33140,1
33141,1
33142,0
33143,1
33144,1
33145,1
33146,1
33147,0
33148,1
33149,1
33150,0
33151,1
33152,1
33153,1
33154,1
33155,1
33156,0
33157,0
33158,0
33159,0
33160,0
33161,0
33162,1
33163,0
33164,0
33165,0
33166,0
33167,0
33168,1
33169,0
33170,1
33171,1
33172,1
33173,0
33174,1
33175,0
33176,1
33177,0
33178,1
33179,1
33180,1
33181,1
33182,0
33183,0
33184,1
33185,1
33186,1
33187,1
33188,1
33189,1
33190,1
33191,1
33192,1
33193,1
33194,1
33195,0
33196,1
33197,0
33198,0
33199,0
33200,1
33201,1
33202,1
33203,1
33204,1
33205,1
33206,1
33207,1
33208,0
33209,1
33210,1
33211,0
33212,0
33213,1
33214,1
33215,1
33216,0
33217,0
33218,1
33219,0
33220,0
33221,1
33222,1
33223,1
33224,1
33225,1
33226,0
33227,1
33228,1
33229,1
33230,0
33231,0
33232,1
33233,0
33234,0
33235,1
33236,1
33237,1
33238,0
33239,0
33240,0
33241,1
33242,1
33243,0
33244,1
33245,1
33246,1
33247,1
33248,0
33249,1
33250,1
33251,0
33252,1
33253,0
33254,1
33255,0
33256,1
33257,0
33258,1
33259,0
33260,0
33261,1
33262,0
33263,0
33264,1
33265,1
33266,1
33267,0
33268,0
33269,1
33270,1
33271,1
33272,0
33273,1
33274,1
33275,1
33276,1
33277,0
33278,1
33279,0
33280,0
33281,0
33282,0
33283,1
33284,0
33285,0
33286,1
33287,0
33288,1
33289,1
33290,1
33291,0
33292,1
33293,0
33294,1
33295,0
33296,0
33297,0
33298,1
33299,0
33300,1
33301,1
33302,0
33303,0
33304,1
33305,1
33306,1
33307,1
33308,1
33309,1
33310,1
33311,0
33312,1
33313,1
33314,1
33315,0
33316,1
33317,1
33318,1
33319,1
33320,1
33321,0
33322,1
33323,0
33324,1
33325,1
33326,0
33327,0
33328,0
33329,0
33330,1
33331,0
33332,0
33333,1
33334,1
33335,1
33336,1
33337,1
33338,0
33339,1
33340,0
33341,0
33342,0
33343,0
33344,1
33345,1
33346,1
33347,0
33348,1
33349,0
33350,1
33351,1
33352,0
33353,0
33354,0
33355,0
33356,1
33357,1
33358,0
33359,0
33360,1
33361,1
33362,1
33363,1
33364,1
33365,0
33366,1
33367,1
33368,0
33369,0
33370,1
33371,0
33372,0
33373,0
33374,1
33375,0
33376,1
33377,0
33378,1
33379,1
33380,0
33381,0
33382,0
33383,0
33384,0
33385,0
33386,1
33387,1
33388,1
33389,1
33390,0
33391,0
33392,0
33393,1
33394,1
33395,0
33396,1
33397,1
33398,1
33399,1
33400,0
33401,0
33402,0
33403,0
33404,0
33405,1
33406,1
33407,1
33408,0
33409,0
33410,0
33411,1
33412,1
33413,1
33414,0
33415,0
33416,0
33417,0
33418,1
33419,1
33420,1
33421,1
33422,1
33423,1
33424,0
33425,0
33426,0
33427,1
33428,1
33429,1
33430,1
33431,0
33432,0
33433,1
33434,1
33435,1
33436,1
33437,1
33438,1
33439,0
33440,1
33441,0
33442,1
33443,0
33444,1
33445,1
33446,1
33447,1
33448,1
33449,1
33450,1
33451,0
33452,1
33453,0
33454,0
33455,1
33456,1
33457,0
33458,1
33459,1
33460,0
33461,1
33462,0
33463,1
33464,0
33465,0
33466,1
33467,1
33468,1
33469,1
33470,1
33471,1
33472,0
33473,0
33474,1
33475,1
33476,1
33477,1
33478,1
33479,1
33480,1
33481,1
33482,0
33483,0
33484,0
33485,1
33486,1
33487,1
33488,1
33489,1
33490,1
33491,0
33492,1
33493,0
33494,0
33495,0
33496,1
33497,0
33498,1
33499,0
33500,1
33501,1
33502,1
33503,0
33504,1
33505,0
33506,0
33507,1
33508,1
33509,1
33510,0
33511,1
33512,1
33513,0
33514,1
33515,0
33516,0
33517,0
33518,1
33519,1
33520,1
33521,1
33522,1
33523,0
33524,1
33525,1
33526,0
33527,1
33528,0
33529,0
33530,0
33531,1
33532,0
33533,0
33534,1
33535,1
33536,1
33537,1
33538,0
33539,1
33540,1
33541,0
33542,1
33543,0
33544,1
33545,0
33546,0
33547,0
33548,1
33549,1
33550,0
33551,0
33552,0
33553,1
33554,1
33555,0
33556,1
33557,0
33558,0
33559,0
33560,0
33561,1
33562,0
33563,0
33564,0
33565,0
33566,0
33567,0
33568,1
33569,1
33570,1
33571,1
33572,0
33573,1
33574,1
33575,0
33576,1
33577,0
33578,0
33579,1
33580,1
33581,1
33582,0
33583,1
33584,0
33585,0
33586,1
33587,1
33588,0
33589,1
33590,1
33591,1
33592,1
33593,0
33594,1
33595,1
33596,1
33597,0
33598,0
33599,0
33600,1
33601,1
33602,1
33603,1
33604,1
33605,0
33606,1
33607,1
33608,1
33609,0
33610,1
33611,0
33612,1
33613,1
33614,0
33615,1
33616,1
33617,1
33618,0
33619,1
33620,0
33621,1
33622,0
33623,1
33624,0
33625,1
33626,0
33627,1
33628,1
33629,1
33630,1
33631,1
33632,1
33633,1
33634,1
33635,1
33636,1
33637,1
33638,0
33639,1
33640,0
33641,1
33642,0
33643,1
33644,0
33645,1
33646,0
33647,0
33648,1
33649,1
33650,0
33651,1
33652,1
33653,1
33654,1
33655,1
33656,0
33657,1
33658,0
33659,1
33660,1
33661,1
33662,0
33663,1
33664,1
33665,1
33666,0
33667,0
33668,1
33669,0
33670,1
33671,1
33672,1
33673,1
33674,1
33675,1
33676,0
33677,1
33678,0
33679,1
33680,1
33681,0
33682,1
33683,0
33684,0
33685,1
33686,0
33687,1
33688,0
33689,1
33690,0
33691,0
33692,1
33693,1
33694,0
33695,1
33696,1
33697,0
33698,1
33699,0
33700,0
33701,0
33702,1
33703,0
33704,0
33705,1
33706,1
33707,0
33708,0
33709,0
33710,1
33711,0
33712,0
33713,0
33714,0
33715,1
33716,0
33717,1
33718,0
33719,0
33720,0
33721,0
33722,1
33723,1
33724,1
33725,0
33726,0
33727,1
33728,1
33729,1
33730,1
33731,0
33732,1
33733,1
33734,0
33735,0
33736,1
33737,0
33738,0
33739,0
33740,1
33741,1
33742,1
33743,1
33744,1
33745,1
33746,0
33747,1
33748,1
33749,1
33750,1
33751,0
33752,0
33753,1
33754,0
33755,0
33756,0
33757,0
33758,0
33759,1
33760,1
33761,1
33762,0
33763,1
33764,0
33765,1
33766,0
33767,1
33768,1
33769,1
33770,0
33771,1
33772,0
33773,1
33774,1
33775,0
33776,1
33777,0
33778,0
33779,0
33780,0
33781,0
33782,0
33783,1
33784,0
33785,1
33786,0
33787,1
33788,0
33789,0
33790,1
33791,0
33792,1
33793,1
33794,0
33795,0
33796,0
33797,0
33798,1
33799,0
33800,0
33801,0
33802,1
33803,0
33804,1
33805,0
33806,1
33807,1
33808,0
33809,0
33810,0
33811,0
33812,1
33813,1
33814,0
33815,0
33816,0
33817,0
33818,0
33819,1
33820,0
33821,1
33822,1
33823,1
33824,1
33825,0
33826,1
33827,0
33828,1
33829,1
33830,0
33831,0
33832,0
33833,1
33834,1
33835,1
33836,1
33837,1
33838,1
33839,1
33840,0
33841,0
33842,1
33843,1
33844,1
33845,0
33846,1
33847,1
33848,1
33849,0
33850,1
33851,0
33852,0
33853,0
33854,1
33855,1
33856,1
33857,1
33858,1
33859,0
33860,0
33861,1
33862,0
33863,1
33864,0
33865,1
33866,1
33867,1
33868,1
33869,0
33870,1
33871,0
33872,1
33873,1
33874,1
33875,1
33876,1
33877,1
33878,0
33879,0
33880,1
33881,0
33882,0
33883,1
33884,1
33885,0
33886,0
33887,1
33888,1
33889,0
33890,1
33891,0
33892,1
33893,1
33894,1
33895,0
33896,1
33897,1
33898,0
33899,1
33900,1
33901,1
33902,1
33903,1
33904,0
33905,1
33906,1
33907,1
33908,0
33909,1
33910,1
33911,0
33912,1
33913,0
33914,0
33915,0
33916,1
33917,1
33918,0
33919,0
33920,1
33921,0
33922,1
33923,0
33924,1
33925,1
33926,1
33927,0
33928,1
33929,1
33930,1
33931,1
33932,1
33933,0
33934,0
33935,0
33936,1
33937,0
33938,1
33939,0
33940,0
33941,0
33942,0
33943,0
33944,1
33945,1
33946,0
33947,0
33948,0
33949,0
33950,0
33951,0
33952,1
33953,0
33954,1
33955,0
33956,1
33957,1
33958,1
33959,1
33960,1
33961,0
33962,0
33963,1
33964,1
33965,1
33966,1
33967,0
33968,0
33969,0
33970,1
33971,0
33972,1
33973,1
33974,0
33975,1
33976,1
33977,0
33978,1
33979,0
33980,1
33981,1
33982,1
33983,1
33984,1
33985,1
33986,1
33987,1
33988,0
33989,0
33990,1
33991,1
33992,0
33993,0
33994,1
33995,0
33996,0
33997,1
33998,0
33999,0
34000,0
34001,1
34002,1
34003,0
34004,0
34005,0
34006,0
34007,0
34008,0
34009,0
34010,0
34011,0
34012,0
34013,0
34014,1
34015,1
34016,1
34017,0
34018,1
34019,0
34020,1
34021,1
34022,0
34023,1
34024,1
34025,0
34026,0
34027,0
34028,1
34029,0
34030,1
34031,0
34032,0
34033,0
34034,0
34035,1
34036,0
34037,1
34038,1
34039,1
34040,0
34041,1
34042,0
34043,1
34044,1
34045,1
34046,0
34047,0
34048,0
34049,1
34050,0
34051,1
34052,0
34053,1
34054,0
34055,1
34056,0
34057,1
34058,0
34059,1
34060,1
34061,1
34062,0
34063,1
34064,1
34065,0
34066,1
34067,0
34068,0
34069,0
34070,1
34071,0
34072,1
34073,1
34074,1
34075,0
34076,1
34077,1
34078,1
34079,0
34080,1
34081,1
34082,0
34083,1
34084,1
34085,0
34086,1
34087,0
34088,0
34089,1
34090,0
34091,0
34092,0
34093,1
34094,1
34095,1
34096,0
34097,0
34098,0
34099,0
34100,0
34101,0
34102,1
34103,0
34104,1
34105,0
34106,1
34107,0
34108,0
34109,0
34110,1
34111,1
34112,1
34113,1
34114,1
34115,1
34116,0
34117,1
34118,1
34119,1
34120,1
34121,0
34122,0
34123,1
34124,0
34125,1
34126,1
34127,1
34128,0
34129,1
34130,1
34131,1
34132,0
34133,1
34134,0
34135,1
34136,1
34137,0
34138,0
34139,1
34140,0
34141,0
34142,0
34143,0
34144,1
34145,0
34146,1
34147,0
34148,0
34149,1
34150,0
34151,0
34152,0
34153,0
34154,0
34155,1
34156,1
34157,0
34158,1
34159,1
34160,1
34161,0
34162,0
34163,0
34164,0
34165,0
34166,1
34167,1
34168,0
34169,1
34170,1
34171,0
34172,0
34173,0
34174,0
34175,0
34176,0
34177,0
34178,1
34179,0
34180,0
34181,0
34182,1
34183,0
34184,1
34185,0
34186,1
34187,0
34188,1
34189,0
34190,0
34191,0
34192,1
34193,1
34194,1
34195,0
34196,1
34197,1
34198,0
34199,1
34200,1
34201,1
34202,1
34203,1
34204,1
34205,0
34206,0
34207,0
34208,1
34209,1
34210,0
34211,1
34212,0
34213,0
34214,1
34215,1
34216,0
34217,0
34218,1
34219,0
34220,0
34221,1
34222,0
34223,0
34224,0
34225,1
34226,1
34227,1
34228,1
34229,0
34230,0
34231,1
34232,1
34233,0
34234,0
34235,1
34236,1
34237,0
34238,0
34239,1
34240,0
34241,1
34242,0
34243,0
34244,0
34245,0
34246,1
34247,1
34248,1
34249,1
34250,0
34251,1
34252,1
34253,0
34254,1
34255,1
34256,0
34257,1
34258,1
34259,0
34260,0
34261,1
34262,0
34263,0
34264,1
34265,1
34266,1
34267,1
34268,0
34269,0
34270,0
34271,1
34272,0
34273,0
34274,1
34275,1
34276,0
34277,1
34278,1
34279,1
34280,0
34281,1
34282,0
34283,1
34284,0
34285,1
34286,0
34287,0
34288,0
34289,1
34290,1
34291,1
34292,1
34293,0
34294,0
34295,1
34296,0
34297,1
34298,1
34299,0
34300,0
34301,0
34302,0
34303,0
34304,0
34305,0
34306,1
34307,0
34308,1
34309,0
34310,1
34311,0
34312,0
34313,0
34314,1
34315,1
34316,1
34317,1
34318,0
34319,1
34320,0
34321,1
34322,0
34323,0
34324,0
34325,0
34326,1
34327,1
34328,0
34329,1
34330,0
34331,1
34332,0
34333,0
34334,1
34335,0
34336,0
34337,1
34338,1
34339,0
34340,1
34341,0
34342,1
34343,0
34344,1
34345,1
34346,1
34347,0
34348,1
34349,0
34350,1
34351,1
34352,1
34353,0
34354,1
34355,1
34356,1
34357,0
34358,1
34359,1
34360,1
34361,1
34362,0
34363,1
34364,1
34365,1
34366,0
34367,1
34368,1
34369,0
34370,0
34371,0
34372,1
34373,1
34374,1
34375,1
34376,0
34377,0
34378,0
34379,1
34380,0
34381,1
34382,0
34383,0
34384,0
34385,0
34386,1
34387,1
34388,1
34389,1
34390,1
34391,1
34392,1
34393,0
34394,0
34395,1
34396,1
34397,0
34398,1
34399,1
34400,1
34401,0
34402,1
34403,0
34404,1
34405,1
34406,0
34407,0
34408,0
34409,0
34410,0
34411,0
34412,0
34413,0
34414,1
34415,0
34416,0
34417,0
34418,0
34419,0
34420,1
34421,1
34422,0
34423,1
34424,1
34425,1
34426,0
34427,1
34428,0
34429,0
34430,1
34431,0
34432,1
34433,1
34434,1
34435,0
34436,1
34437,1
34438,1
34439,0
34440,1
34441,1
34442,0
34443,1
34444,0
34445,1
34446,0
34447,0
34448,0
34449,1
34450,1
34451,1
34452,1
34453,1
34454,0
34455,1
34456,0
34457,1
34458,1
34459,0
34460,1
34461,0
34462,1
34463,1
34464,0
34465,1
34466,1
34467,0
34468,1
34469,1
34470,0
34471,1
34472,1
34473,1
34474,1
34475,0
34476,1
34477,1
34478,1
34479,0
34480,0
34481,0
34482,1
34483,1
34484,1
34485,1
34486,0
34487,1
34488,0
34489,0
34490,0
34491,0
34492,0
34493,1
34494,0
34495,1
34496,1
34497,1
34498,0
34499,1
34500,1
34501,1
34502,0
34503,1
34504,0
34505,1
34506,0
34507,1
34508,1
34509,0
34510,1
34511,1
34512,1
34513,1
34514,0
34515,0
34516,1
34517,0
34518,1
34519,0
34520,1
34521,1
34522,0
34523,1
34524,0
34525,0
34526,1
34527,1
34528,1
34529,1
34530,1
34531,0
34532,1
34533,1
34534,1
34535,1
34536,1
34537,1
34538,0
34539,1
34540,1
34541,1
34542,1
34543,1
34544,1
34545,1
34546,1
34547,0
34548,1
34549,1
34550,0
34551,1
34552,0
34553,1
34554,0
34555,0
34556,1
34557,1
34558,1
34559,0
34560,1
34561,0
34562,0
34563,0
34564,0
34565,1
34566,0
34567,1
34568,0
34569,0
34570,0
34571,1
34572,0
34573,1
34574,1
34575,0
34576,0
34577,0
34578,0
34579,1
34580,0
34581,1
34582,0
34583,1
34584,1
34585,1
34586,1
34587,0
34588,1
34589,1
34590,1
34591,1
34592,1
34593,1
34594,0
34595,1
34596,1
34597,1
34598,1
34599,1
34600,1
34601,0
34602,0
34603,1
34604,0
34605,0
34606,1
34607,0
34608,1
34609,1
34610,1
34611,1
34612,0
34613,1
34614,0
34615,1
34616,1
34617,1
34618,1
34619,1
34620,1
34621,1
34622,1
34623,1
34624,0
34625,1
34626,1
34627,0
34628,0
34629,0
34630,1
34631,0
34632,1
34633,0
34634,0
34635,1
34636,1
34637,1
34638,1
34639,0
34640,1
34641,1
34642,1
34643,1
34644,1
34645,1
34646,0
34647,0
34648,1
34649,1
34650,1
34651,1
34652,0
34653,1
34654,1
34655,1
34656,0
34657,0
34658,1
34659,1
34660,1
34661,0
34662,1
34663,1
34664,0
34665,0
34666,1
34667,0
34668,1
34669,1
34670,1
34671,0
34672,1
34673,1
34674,0
34675,0
34676,0
34677,0
34678,1
34679,1
34680,0
34681,0
34682,0
34683,0
34684,1
34685,1
34686,0
34687,0
34688,0
34689,0
34690,0
34691,0
34692,0
34693,1
34694,1
34695,1
34696,1
34697,1
34698,0
34699,1
34700,1
34701,0
34702,0
34703,1
34704,1
34705,1
34706,1
34707,1
34708,0
34709,0
34710,1
34711,1
34712,1
34713,0
34714,0
34715,1
34716,0
34717,1
34718,0
34719,1
34720,1
34721,0
34722,0
34723,0
34724,1
34725,1
34726,1
34727,1
34728,1
34729,1
34730,0
34731,0
34732,1
34733,0
34734,1
34735,1
34736,1
34737,1
34738,1
34739,0
34740,1
34741,0
34742,0
34743,1
34744,1
34745,1
34746,1
34747,1
34748,1
34749,1
34750,1
34751,0
34752,1
34753,0
34754,0
34755,1
34756,0
34757,1
34758,1
34759,0
34760,0
34761,0
34762,1
34763,1
34764,1
34765,0
34766,1
34767,0
34768,0
34769,0
34770,1
34771,0
34772,0
34773,0
34774,1
34775,1
34776,0
34777,1
34778,0
34779,1
34780,1
34781,0
34782,0
34783,1
34784,1
34785,0
34786,1
34787,1
34788,1
34789,0
34790,0
34791,1
34792,1
34793,1
34794,1
34795,0
34796,1
34797,1
34798,1
34799,0
34800,1
34801,0
34802,0
34803,1
34804,0
34805,1
34806,0
34807,0
34808,1
34809,0
34810,0
34811,1
34812,1
34813,1
34814,1
34815,0
34816,1
34817,1
34818,1
34819,1
34820,1
34821,1
34822,1
34823,0
34824,1
34825,0
34826,1
34827,1
34828,0
34829,1
34830,1
34831,1
34832,1
34833,1
34834,0
34835,1
34836,0
34837,1
34838,1
34839,1
34840,1
34841,1
34842,0
34843,1
34844,1
34845,0
34846,0
34847,0
34848,0
34849,0
34850,1
34851,1
34852,1
34853,0
34854,0
34855,0
34856,1
34857,0
34858,1
34859,1
34860,0
34861,1
34862,1
34863,1
34864,0
34865,1
34866,1
34867,1
34868,0
34869,1
34870,0
34871,1
34872,1
34873,1
34874,1
34875,0
34876,0
34877,1
34878,1
34879,0
34880,1
34881,1
34882,1
34883,1
34884,1
34885,0
34886,1
34887,1
34888,0
34889,1
34890,1
34891,1
34892,1
34893,1
34894,0
34895,0
34896,1
34897,1
34898,1
34899,0
34900,1
34901,0
34902,0
34903,1
34904,0
34905,0
34906,1
34907,1
34908,1
34909,0
34910,1
34911,1
34912,0
34913,0
34914,1
34915,0
34916,1
34917,0
34918,1
34919,0
34920,1
34921,0
34922,1
34923,0
34924,0
34925,1
34926,1
34927,1
34928,0
34929,1
34930,1
34931,0
34932,1
34933,0
34934,0
34935,0
34936,1
34937,1
34938,0
34939,0
34940,1
34941,1
34942,0
34943,0
34944,0
34945,0
34946,0
34947,1
34948,0
34949,0
34950,1
34951,0
34952,1
34953,0
34954,0
34955,1
34956,1
34957,0
34958,0
34959,1
34960,1
34961,1
34962,0
34963,0
34964,0
34965,1
34966,1
34967,0
34968,1
34969,1
34970,0
34971,1
34972,1
34973,0
34974,1
34975,1
34976,0
34977,1
34978,1
34979,0
34980,1
34981,0
34982,1
34983,1
34984,1
34985,1
34986,0
34987,1
34988,1
34989,1
34990,0
34991,0
34992,1
34993,1
34994,1
34995,0
34996,1
34997,1
34998,1
34999,1
35000,0
35001,0
35002,1
35003,1
35004,1
35005,0
35006,0
35007,1
35008,1
35009,0
35010,1
35011,1
35012,1
35013,1
35014,1
35015,1
35016,1
35017,0
35018,0
35019,1
35020,0
35021,1
35022,0
35023,1
35024,1
35025,0
35026,1
35027,1
35028,0
35029,1
35030,1
35031,1
35032,1
35033,1
35034,1
35035,0
35036,1
35037,0
35038,0
35039,0
35040,1
35041,0
35042,1
35043,0
35044,1
35045,1
35046,0
35047,0
35048,0
35049,0
35050,0
35051,0
35052,1
35053,0
35054,1
35055,1
35056,1
35057,1
35058,1
35059,0
35060,0
35061,1
35062,0
35063,0
35064,0
35065,1
35066,1
35067,1
35068,1
35069,0
35070,0
35071,1
35072,0
35073,0
35074,1
35075,0
35076,0
35077,0
35078,0
35079,1
35080,1
35081,0
35082,0
35083,1
35084,0
35085,0
35086,1
35087,1
35088,1
35089,1
35090,0
35091,1
35092,1
35093,0
35094,0
35095,1
35096,0
35097,1
35098,1
35099,1
35100,1
35101,1
35102,1
35103,0
35104,1
35105,0
35106,1
35107,0
35108,0
35109,0
35110,1
35111,1
35112,0
35113,1
35114,1
35115,1
35116,0
35117,1
35118,1
35119,1
35120,1
35121,0
35122,0
35123,1
35124,1
35125,1
35126,1
35127,1
35128,0
35129,1
35130,1
35131,1
35132,0
35133,1
35134,1
35135,1
35136,1
35137,0
35138,1
35139,1
35140,0
35141,0
35142,1
35143,0
35144,1
35145,1
35146,0
35147,1
35148,1
35149,0
35150,0
35151,1
35152,0
35153,1
35154,1
35155,0
35156,1
35157,1
35158,0
35159,0
35160,1
35161,0
35162,0
35163,1
35164,0
35165,1
35166,1
35167,0
35168,0
35169,1
35170,1
35171,0
35172,1
35173,0
35174,1
35175,1
35176,0
35177,1
35178,0
35179,0
35180,1
35181,1
35182,0
35183,1
35184,1
35185,0
35186,0
35187,0
35188,1
35189,1
35190,0
35191,1
35192,0
35193,1
35194,1
35195,1
35196,0
35197,1
35198,0
35199,1
35200,1
35201,1
35202,1
35203,0
35204,1
35205,1
35206,1
35207,0
35208,0
35209,0
35210,1
35211,0
35212,0
35213,0
35214,0
35215,1
35216,0
35217,1
35218,0
35219,1
35220,0
35221,1
35222,0
35223,0
35224,0
35225,1
35226,1
35227,0
35228,1
35229,1
35230,1
35231,1
35232,1
35233,1
35234,0
35235,1
35236,1
35237,0
35238,0
35239,1
35240,1
35241,0
35242,0
35243,1
35244,0
35245,0
35246,1
35247,1
35248,1
35249,1
35250,1
35251,0
35252,0
35253,1
35254,0
35255,0
35256,0
35257,0
35258,0
35259,1
35260,0
35261,1
35262,0
35263,1
35264,0
35265,0
35266,0
35267,0
35268,1
35269,0
35270,1
35271,1
35272,0
35273,0
35274,0
35275,0
35276,1
35277,0
35278,0
35279,1
35280,1
35281,0
35282,1
35283,1
35284,0
35285,1
35286,0
35287,1
35288,1
35289,1
35290,1
35291,1
35292,1
35293,1
35294,1
35295,1
35296,1
35297,0
35298,1
35299,0
35300,0
35301,0
35302,0
35303,0
35304,1
35305,0
35306,1
35307,0
35308,0
35309,0
35310,0
35311,1
35312,1
35313,1
35314,0
35315,1
35316,0
35317,0
35318,0
35319,1
35320,1
35321,1
35322,0
35323,1
35324,1
35325,0
35326,0
35327,1
35328,1
35329,1
35330,1
35331,1
35332,0
35333,0
35334,1
35335,0
35336,1
35337,0
35338,1
35339,0
35340,0
35341,1
35342,1
35343,1
35344,1
35345,1
35346,0
35347,0
35348,1
35349,0
35350,0
35351,1
35352,1
35353,0
35354,0
35355,1
35356,0
35357,1
35358,0
35359,0
35360,1
35361,1
35362,1
35363,1
35364,0
35365,0
35366,1
35367,1
35368,1
35369,1
35370,0
35371,1
35372,0
35373,1
35374,1
35375,1
35376,0
35377,1
35378,0
35379,0
35380,0
35381,0
35382,0
35383,0
35384,1
35385,1
35386,0
35387,0
35388,1
35389,1
35390,1
35391,1
35392,1
35393,1
35394,1
35395,0
35396,1
35397,0
35398,0
35399,0
35400,1
35401,1
35402,0
35403,1
35404,0
35405,0
35406,0
35407,1
35408,1
35409,1
35410,0
35411,0
35412,1
35413,0
35414,0
35415,1
35416,0
35417,0
35418,1
35419,0
35420,1
35421,1
35422,1
35423,0
35424,1
35425,0
35426,1
35427,1
35428,1
35429,1
35430,0
35431,1
35432,0
35433,0
35434,0
35435,1
35436,1
35437,1
35438,0
35439,0
35440,0
35441,1
35442,1
35443,1
35444,0
35445,1
35446,1
35447,0
35448,0
35449,0
35450,1
35451,1
35452,0
35453,1
35454,1
35455,1
35456,1
35457,1
35458,0
35459,0
35460,0
35461,1
35462,1
35463,0
35464,1
35465,1
35466,1
35467,1
35468,0
35469,0
35470,1
35471,0
35472,0
35473,1
35474,1
35475,0
35476,1
35477,1
35478,1
35479,0
35480,1
35481,0
35482,0
35483,1
35484,0
35485,1
35486,1
35487,1
35488,1
35489,1
35490,1
35491,1
35492,1
35493,0
35494,0
35495,0
35496,1
35497,1
35498,1
35499,1
35500,1
35501,1
35502,1
35503,0
35504,1
35505,1
35506,1
35507,1
35508,1
35509,1
35510,0
35511,1
35512,0
35513,1
35514,0
35515,0
35516,1
35517,1
35518,1
35519,1
35520,0
35521,1
35522,0
35523,1
35524,0
35525,0
35526,1
35527,1
35528,0
35529,0
35530,1
35531,0
35532,0
35533,0
35534,1
35535,0
35536,1
35537,1
35538,1
35539,1
35540,1
35541,1
35542,1
35543,0
35544,1
35545,0
35546,0
35547,1
35548,1
35549,0
35550,1
35551,1
35552,1
35553,1
35554,0
35555,1
35556,1
35557,0
35558,1
35559,1
35560,0
35561,1
35562,1
35563,1
35564,0
35565,1
35566,1
35567,0
35568,1
35569,0
35570,1
35571,0
35572,1
35573,1
35574,1
35575,1
35576,1
35577,0
35578,1
35579,1
35580,0
35581,0
35582,0
35583,0
35584,1
35585,0
35586,0
35587,0
35588,0
35589,1
35590,0
35591,1
35592,1
35593,1
35594,0
35595,1
35596,1
35597,1
35598,0
35599,1
35600,1
35601,1
35602,0
35603,1
35604,1
35605,0
35606,0
35607,1
35608,1
35609,0
35610,1
35611,1
35612,0
35613,0
35614,1
35615,0
35616,1
35617,1
35618,0
35619,1
35620,1
35621,1
35622,0
35623,0
35624,0
35625,0
35626,1
35627,0
35628,1
35629,1
35630,1
35631,1
35632,0
35633,1
35634,1
35635,1
35636,0
35637,1
35638,0
35639,0
35640,0
35641,1
35642,0
35643,1
35644,1
35645,0
35646,0
35647,0
35648,1
35649,1
35650,1
35651,1
35652,0
35653,0
35654,0
35655,1
35656,1
35657,0
35658,0
35659,1
35660,1
35661,0
35662,1
35663,0
35664,0
35665,1
35666,0
35667,0
35668,0
35669,0
35670,0
35671,0
35672,1
35673,0
35674,0
35675,1
35676,0
35677,0
35678,1
35679,0
35680,1
35681,1
35682,1
35683,1
35684,0
35685,1
35686,1
35687,1
35688,0
35689,0
35690,1
35691,1
35692,1
35693,1
35694,0
35695,0
35696,0
35697,0
35698,0
35699,1
35700,0
35701,0
35702,1
35703,0
35704,1
35705,1
35706,1
35707,1
35708,1
35709,0
35710,0
35711,0
35712,0
35713,0
35714,0
35715,1
35716,0
35717,0
35718,0
35719,0
35720,0
35721,1
35722,1
35723,1
35724,1
35725,0
35726,1
35727,1
35728,1
35729,0
35730,1
35731,1
35732,0
35733,1
35734,0
35735,1
35736,0
35737,1
35738,1
35739,1
35740,0
35741,1
35742,1
35743,0
35744,0
35745,1
35746,0
35747,0
35748,1
35749,0
35750,1
35751,0
35752,1
35753,0
35754,1
35755,0
35756,0
35757,1
35758,1
35759,1
35760,1
35761,0
35762,0
35763,1
35764,1
35765,1
35766,1
35767,1
35768,0
35769,1
35770,1
35771,0
35772,1
35773,0
35774,0
35775,0
35776,0
35777,0
35778,1
35779,0
35780,0
35781,0
35782,1
35783,0
35784,1
35785,0
35786,1
35787,1
35788,1
35789,1
35790,1
35791,0
35792,0
35793,1
35794,1
35795,1
35796,1
35797,1
35798,0
35799,1
35800,0
35801,1
35802,1
35803,0
35804,1
35805,1
35806,1
35807,0
35808,0
35809,1
35810,1
35811,0
35812,0
35813,1
35814,1
35815,1
35816,0
35817,1
35818,1
35819,1
35820,0
35821,1
35822,1
35823,1
35824,0
35825,0
35826,0
35827,0
35828,0
35829,0
35830,1
35831,0
35832,1
35833,0
35834,0
35835,1
35836,0
35837,0
35838,0
35839,1
35840,0
35841,1
35842,0
35843,1
35844,1
35845,0
35846,0
35847,0
35848,1
35849,1
35850,1
35851,0
35852,1
35853,0
35854,0
35855,0
35856,0
35857,0
35858,0
35859,0
35860,0
35861,0
35862,0
35863,0
35864,1
35865,1
35866,1
35867,1
35868,0
35869,1
35870,1
35871,0
35872,1
35873,0
35874,0
35875,1
35876,0
35877,0
35878,0
35879,0
35880,1
35881,0
35882,0
35883,0
35884,0
35885,0
35886,1
35887,0
35888,1
35889,1
35890,0
35891,0
35892,0
35893,0
35894,1
35895,1
35896,0
35897,0
35898,1
35899,0
35900,1
35901,0
35902,0
35903,1
35904,0
35905,1
35906,0
35907,0
35908,0
35909,1
35910,0
35911,1
35912,1
35913,1
35914,1
35915,0
35916,0
35917,0
35918,1
35919,1
35920,1
35921,0
35922,0
35923,0
35924,0
35925,1
35926,1
35927,1
35928,1
35929,0
35930,0
35931,1
35932,0
35933,0
35934,0
35935,0
35936,0
35937,1
35938,0
35939,0
35940,0
35941,1
35942,0
35943,1
35944,0
35945,1
35946,1
35947,0
35948,1
35949,1
35950,0
35951,1
35952,1
35953,0
35954,1
35955,1
35956,0
35957,0
35958,1
35959,0
35960,0
35961,1
35962,1
35963,1
35964,0
35965,1
35966,1
35967,1
35968,0
35969,0
35970,1
35971,0
35972,1
35973,0
35974,0
35975,0
35976,0
35977,0
35978,1
35979,0
35980,1
35981,1
35982,0
35983,0
35984,1
35985,0
35986,0
35987,1
35988,0
35989,0
35990,1
35991,1
35992,1
35993,0
35994,1
35995,1
35996,0
35997,0
35998,1
35999,0
36000,1
36001,1
36002,0
36003,0
36004,1
36005,1
36006,0
36007,1
36008,0
36009,0
36010,1
36011,0
36012,0
36013,0
36014,0
36015,0
36016,1
36017,1
36018,0
36019,0
36020,0
36021,0
36022,1
36023,1
36024,0
36025,1
36026,1
36027,0
36028,1
36029,0
36030,1
36031,0
36032,0
36033,1
36034,0
36035,0
36036,1
36037,1
36038,1
36039,1
36040,0
36041,1
36042,1
36043,0
36044,0
36045,1
36046,1
36047,1
36048,0
36049,1
36050,0
36051,1
36052,0
36053,1
36054,0
36055,0
36056,1
36057,1
36058,0
36059,1
36060,1
36061,1
36062,1
36063,1
36064,1
36065,0
36066,0
36067,0
36068,0
36069,0
36070,1
36071,1
36072,1
36073,1
36074,1
36075,1
36076,0
36077,0
36078,1
36079,0
36080,1
36081,0
36082,0
36083,0
36084,1
36085,1
36086,1
36087,0
36088,0
36089,0
36090,1
36091,0
36092,0
36093,0
36094,1
36095,1
36096,0
36097,1
36098,1
36099,1
36100,1
36101,0
36102,1
36103,1
36104,0
36105,0
36106,1
36107,0
36108,0
36109,1
36110,1
36111,0
36112,1
36113,0
36114,0
36115,1
36116,1
36117,0
36118,1
36119,0
36120,0
36121,0
36122,0
36123,1
36124,0
36125,1
36126,1
36127,0
36128,1
36129,1
36130,0
36131,0
36132,1
36133,1
36134,1
36135,0
36136,0
36137,1
36138,1
36139,0
36140,1
36141,1
36142,1
36143,1
36144,1
36145,1
36146,1
36147,0
36148,1
36149,0
36150,0
36151,0
36152,0
36153,1
36154,1
36155,0
36156,1
36157,0
36158,0
36159,0
36160,0
36161,1
36162,0
36163,0
36164,1
36165,0
36166,0
36167,1
36168,0
36169,1
36170,1
36171,1
36172,1
36173,0
36174,1
36175,0
36176,1
36177,0
36178,0
36179,1
36180,0
36181,0
36182,1
36183,1
36184,1
36185,0
36186,0
36187,0
36188,0
36189,1
36190,1
36191,0
36192,1
36193,1
36194,1
36195,1
36196,1
36197,1
36198,0
36199,0
36200,1
36201,1
36202,1
36203,0
36204,1
36205,1
36206,0
36207,1
36208,0
36209,1
36210,1
36211,0
36212,1
36213,1
36214,1
36215,0
36216,1
36217,1
36218,1
36219,0
36220,0
36221,0
36222,0
36223,0
36224,1
36225,1
36226,0
36227,0
36228,1
36229,1
36230,1
36231,1
36232,1
36233,1
36234,1
36235,0
36236,0
36237,1
36238,1
36239,0
36240,1
36241,0
36242,0
36243,0
36244,1
36245,0
36246,1
36247,1
36248,1
36249,0
36250,0
36251,1
36252,0
36253,0
36254,1
36255,1
36256,0
36257,1
36258,1
36259,1
36260,1
36261,1
36262,1
36263,1
36264,0
36265,1
36266,0
36267,1
36268,1
36269,1
36270,1
36271,0
36272,1
36273,0
36274,0
36275,0
36276,0
36277,1
36278,1
36279,0
36280,1
36281,1
36282,1
36283,1
36284,0
36285,0
36286,1
36287,0
36288,0
36289,0
36290,0
36291,0
36292,1
36293,1
36294,1
36295,1
36296,0
36297,1
36298,1
36299,1
36300,0
36301,1
36302,1
36303,1
36304,0
36305,0
36306,1
36307,1
36308,1
36309,0
36310,1
36311,1
36312,1
36313,0
36314,0
36315,1
36316,1
36317,1
36318,0
36319,1
36320,0
36321,0
36322,0
36323,0
36324,1
36325,0
36326,1
36327,0
36328,0
36329,1
36330,1
36331,1
36332,1
36333,0
36334,1
36335,0
36336,1
36337,0
36338,0
36339,1
36340,0
36341,0
36342,0
36343,1
36344,1
36345,1
36346,1
36347,1
36348,0
36349,0
36350,0
36351,1
36352,0
36353,0
36354,0
36355,0
36356,1
36357,1
36358,0
36359,1
36360,1
36361,0
36362,1
36363,0
36364,1
36365,0
36366,0
36367,1
36368,1
36369,0
36370,1
36371,0
36372,1
36373,1
36374,0
36375,1
36376,0
36377,1
36378,0
36379,0
36380,1
36381,0
36382,0
36383,1
36384,0
36385,0
36386,1
36387,0
36388,0
36389,1
36390,0
36391,0
36392,0
36393,1
36394,0
36395,0
36396,1
36397,0
36398,1
36399,1
36400,0
36401,0
36402,0
36403,1
36404,1
36405,0
36406,0
36407,0
36408,0
36409,1
36410,1
36411,1
36412,1
36413,1
36414,1
36415,0
36416,1
36417,1
36418,0
36419,1
36420,0
36421,0
36422,1
36423,0
36424,1
36425,0
36426,1
36427,1
36428,1
36429,1
36430,1
36431,0
36432,0
36433,1
36434,1
36435,0
36436,1
36437,1
36438,0
36439,0
36440,0
36441,1
36442,1
36443,0
36444,1
36445,0
36446,1
36447,0
36448,0
36449,0
36450,1
36451,1
36452,1
36453,1
36454,1
36455,1
36456,0
36457,0
36458,1
36459,0
36460,1
36461,1
36462,1
36463,1
36464,0
36465,0
36466,1
36467,0
36468,1
36469,1
36470,0
36471,0
36472,0
36473,0
36474,0
36475,1
36476,0
36477,0
36478,0
36479,0
36480,0
36481,1
36482,0
36483,1
36484,0
36485,0
36486,1
36487,1
36488,1
36489,0
36490,1
36491,0
36492,1
36493,1
36494,1
36495,1
36496,0
36497,0
36498,0
36499,0
36500,1
36501,1
36502,0
36503,0
36504,0
36505,0
36506,1
36507,1
36508,0
36509,1
36510,1
36511,0
36512,0
36513,0
36514,1
36515,0
36516,1
36517,1
36518,0
36519,1
36520,1
36521,1
36522,1
36523,0
36524,0
36525,0
36526,1
36527,1
36528,1
36529,0
36530,1
36531,0
36532,0
36533,0
36534,0
36535,1
36536,0
36537,0
36538,0
36539,0
36540,1
36541,1
36542,1
36543,1
36544,0
36545,1
36546,0
36547,0
36548,0
36549,0
36550,1
36551,1
36552,0
36553,1
36554,0
36555,0
36556,0
36557,1
36558,0
36559,0
36560,1
36561,0
36562,0
36563,1
36564,1
36565,1
36566,0
36567,1
36568,1
36569,1
36570,1
36571,1
36572,0
36573,0
36574,0
36575,0
36576,1
36577,0
36578,1
36579,0
36580,1
36581,0
36582,0
36583,0
36584,1
36585,0
36586,1
36587,1
36588,1
36589,1
36590,0
36591,1
36592,0
36593,0
36594,0
36595,0
36596,1
36597,0
36598,1
36599,1
36600,0
36601,1
36602,1
36603,0
36604,0
36605,1
36606,1
36607,1
36608,0
36609,0
36610,1
36611,1
36612,1
36613,1
36614,1
36615,0
36616,0
36617,1
36618,1
36619,0
36620,1
36621,0
36622,1
36623,1
36624,0
36625,1
36626,0
36627,0
36628,1
36629,1
36630,1
36631,0
36632,1
36633,1
36634,1
36635,1
36636,0
36637,0
36638,1
36639,0
36640,1
36641,1
36642,0
36643,0
36644,0
36645,0
36646,1
36647,0
36648,1
36649,1
36650,1
36651,0
36652,0
36653,1
36654,0
36655,0
36656,0
36657,0
36658,1
36659,1
36660,0
36661,0
36662,1
36663,1
36664,1
36665,0
36666,0
36667,0
36668,0
36669,1
36670,1
36671,1
36672,0
36673,1
36674,1
36675,1
36676,0
36677,0
36678,1
36679,0
36680,1
36681,1
36682,0
36683,0
36684,0
36685,1
36686,0
36687,1
36688,0
36689,1
36690,0
36691,1
36692,0
36693,0
36694,0
36695,0
36696,1
36697,0
36698,0
36699,1
36700,0
36701,1
36702,1
36703,1
36704,1
36705,1
36706,1
36707,0
36708,1
36709,1
36710,1
36711,0
36712,0
36713,0
36714,1
36715,1
36716,0
36717,0
36718,0
36719,0
36720,1
36721,0
36722,0
36723,0
36724,1
36725,1
36726,1
36727,0
36728,0
36729,1
36730,1
36731,1
36732,0
36733,1
36734,1
36735,1
36736,1
36737,0
36738,0
36739,1
36740,0
36741,1
36742,1
36743,1
36744,1
36745,0
36746,1
36747,0
36748,0
36749,0
36750,1
36751,0
36752,1
36753,0
36754,0
36755,1
36756,0
36757,1
36758,1
36759,0
36760,0
36761,1
36762,0
36763,1
36764,1
36765,1
36766,0
36767,1
36768,1
36769,0
36770,0
36771,0
36772,0
36773,0
36774,1
36775,0
36776,1
36777,1
36778,1
36779,1
36780,0
36781,1
36782,0
36783,1
36784,0
36785,1
36786,0
36787,0
36788,1
36789,1
36790,1
36791,1
36792,1
36793,0
36794,1
36795,1
36796,1
36797,0
36798,0
36799,1
36800,1
36801,1
36802,1
36803,1
36804,1
36805,1
36806,0
36807,0
36808,1
36809,1
36810,1
36811,1
36812,0
36813,0
36814,0
36815,0
36816,0
36817,0
36818,1
36819,0
36820,1
36821,1
36822,0
36823,1
36824,1
36825,0
36826,0
36827,0
36828,0
36829,0
36830,0
36831,1
36832,1
36833,0
36834,1
36835,1
36836,1
36837,0
36838,1
36839,0
36840,0
36841,0
36842,0
36843,1
36844,1
36845,0
36846,0
36847,0
36848,1
36849,0
36850,1
36851,1
36852,1
36853,0
36854,1
36855,1
36856,1
36857,1
36858,1
36859,1
36860,1
36861,1
36862,1
36863,1
36864,1
36865,1
36866,0
36867,0
36868,1
36869,1
36870,1
36871,0
36872,1
36873,0
36874,1
36875,1
36876,0
36877,1
36878,0
36879,0
36880,0
36881,0
36882,1
36883,1
36884,0
36885,1
36886,0
36887,0
36888,0
36889,1
36890,0
36891,1
36892,1
36893,1
36894,0
36895,1
36896,1
36897,0
36898,1
36899,0
36900,1
36901,1
36902,1
36903,0
36904,0
36905,0
36906,0
36907,0
36908,1
36909,1
36910,0
36911,1
36912,0
36913,1
36914,0
36915,1
36916,1
36917,0
36918,1
36919,1
36920,1
36921,0
36922,1
36923,0
36924,1
36925,0
36926,1
36927,1
36928,1
36929,0
36930,1
36931,0
36932,1
36933,1
36934,1
36935,1
36936,1
36937,1
36938,1
36939,1
36940,1
36941,1
36942,0
36943,0
36944,1
36945,0
36946,1
36947,1
36948,0
36949,1
36950,0
36951,1
36952,0
36953,1
36954,1
36955,0
36956,1
36957,0
36958,0
36959,0
36960,1
36961,0
36962,0
36963,0
36964,0
36965,1
36966,1
36967,0
36968,0
36969,1
36970,1
36971,1
36972,0
36973,1
36974,1
36975,1
36976,1
36977,0
36978,0
36979,1
36980,1
36981,1
36982,1
36983,0
36984,1
36985,0
36986,0
36987,0
36988,1
36989,0
36990,1
36991,1
36992,0
36993,1
36994,1
36995,0
36996,1
36997,0
36998,1
36999,1
37000,1
37001,1
37002,0
37003,1
37004,1
37005,0
37006,1
37007,1
37008,1
37009,1
37010,1
37011,0
37012,0
37013,0
37014,1
37015,0
37016,0
37017,1
37018,0
37019,1
37020,0
37021,1
37022,1
37023,0
37024,0
37025,0
37026,0
37027,0
37028,0
37029,1
37030,1
37031,0
37032,1
37033,0
37034,0
37035,0
37036,0
37037,0
37038,1
37039,1
37040,0
37041,0
37042,1
37043,0
37044,1
37045,1
37046,1
37047,1
37048,0
37049,1
37050,0
37051,1
37052,0
37053,1
37054,1
37055,0
37056,1
37057,1
37058,1
37059,1
37060,0
37061,1
37062,1
37063,1
37064,1
37065,1
37066,1
37067,0
37068,0
37069,1
37070,0
37071,1
37072,1
37073,1
37074,0
37075,0
37076,1
37077,1
37078,0
37079,1
37080,1
37081,1
37082,1
37083,1
37084,1
37085,1
37086,0
37087,0
37088,0
37089,1
37090,1
37091,0
37092,1
37093,0
37094,0
37095,0
37096,0
37097,0
37098,1
37099,0
37100,0
37101,1
37102,1
37103,0
37104,1
37105,1
37106,0
37107,1
37108,1
37109,0
37110,0
37111,0
37112,0
37113,0
37114,1
37115,0
37116,0
37117,1
37118,1
37119,0
37120,0
37121,1
37122,0
37123,1
37124,0
37125,1
37126,1
37127,0
37128,1
37129,1
37130,0
37131,0
37132,1
37133,0
37134,1
37135,1
37136,1
37137,0
37138,0
37139,0
37140,0
37141,1
37142,1
37143,0
37144,0
37145,1
37146,1
37147,0
37148,1
37149,0
37150,1
37151,1
37152,1
37153,1
37154,1
37155,1
37156,1
37157,1
37158,1
37159,1
37160,0
37161,0
37162,1
37163,0
37164,1
37165,1
37166,0
37167,0
37168,0
37169,1
37170,0
37171,1
37172,1
37173,1
37174,1
37175,1
37176,1
37177,0
37178,1
37179,0
37180,1
37181,1
37182,1
37183,1
37184,0
37185,1
37186,0
37187,0
37188,0
37189,0
37190,0
37191,1
37192,0
37193,0
37194,0
37195,0
37196,0
37197,0
37198,0
37199,1
37200,1
37201,0
37202,1
37203,0
37204,1
37205,1
37206,1
37207,0
37208,0
37209,0
37210,1
37211,1
37212,0
37213,0
37214,1
37215,0
37216,1
37217,1
37218,1
37219,1
37220,1
37221,1
37222,1
37223,1
37224,0
37225,1
37226,0
37227,0
37228,0
37229,0
37230,0
37231,1
37232,1
37233,1
37234,0
37235,1
37236,1
37237,1
37238,1
37239,1
37240,0
37241,0
37242,1
37243,1
37244,1
37245,1
37246,1
37247,0
37248,0
37249,0
37250,0
37251,0
37252,1
37253,1
37254,0
37255,1
37256,1
37257,1
37258,0
37259,1
37260,1
37261,1
37262,0
37263,1
37264,1
37265,1
37266,0
37267,1
37268,0
37269,0
37270,1
37271,1
37272,1
37273,0
37274,0
37275,1
37276,0
37277,1
37278,1
37279,1
37280,1
37281,1
37282,1
37283,0
37284,0
37285,1
37286,0
37287,1
37288,1
37289,1
37290,1
37291,0
37292,0
37293,1
37294,1
37295,0
37296,0
37297,0
37298,0
37299,1
37300,0
37301,1
37302,1
37303,1
37304,0
37305,1
37306,0
37307,0
37308,0
37309,0
37310,0
37311,1
37312,1
37313,1
37314,0
37315,1
37316,0
37317,1
37318,0
37319,0
37320,1
37321,1
37322,1
37323,1
37324,1
37325,1
37326,1
37327,1
37328,1
37329,0
37330,1
37331,0
37332,1
37333,0
37334,0
37335,1
37336,1
37337,0
37338,0
37339,0
37340,1
37341,0
37342,1
37343,1
37344,1
37345,1
37346,0
37347,0
37348,1
37349,0
37350,1
37351,0
37352,1
37353,0
37354,0
37355,0
37356,1
37357,1
37358,0
37359,0
37360,0
37361,1
37362,1
37363,0
37364,1
37365,0
37366,0
37367,0
37368,1
37369,0
37370,0
37371,0
37372,1
37373,0
37374,0
37375,1
37376,0
37377,1
37378,0
37379,1
37380,1
37381,1
37382,1
37383,0
37384,1
37385,0
37386,0
37387,1
37388,0
37389,1
37390,1
37391,0
37392,0
37393,1
37394,1
37395,1
37396,0
37397,0
37398,1
37399,1
37400,0
37401,1
37402,1
37403,0
37404,1
37405,1
37406,1
37407,1
37408,1
37409,1
37410,1
37411,1
37412,1
37413,1
37414,0
37415,1
37416,0
37417,0
37418,1
37419,1
37420,0
37421,1
37422,0
37423,1
37424,0
37425,0
37426,1
37427,1
37428,1
37429,1
37430,1
37431,1
37432,1
37433,0
37434,1
37435,0
37436,1
37437,1
37438,0
37439,0
37440,1
37441,1
37442,0
37443,0
37444,0
37445,1
37446,0
37447,0
37448,0
37449,0
37450,1
37451,0
37452,1
37453,1
37454,0
37455,1
37456,0
37457,1
37458,1
37459,0
37460,0
37461,0
37462,0
37463,1
37464,0
37465,1
37466,0
37467,0
37468,0
37469,1
37470,1
37471,1
37472,0
37473,0
37474,0
37475,0
37476,1
37477,0
37478,1
37479,1
37480,1
37481,1
37482,1
37483,0
37484,1
37485,1
37486,0
37487,0
37488,0
37489,1
37490,1
37491,0
37492,1
37493,0
37494,0
37495,1
37496,0
37497,0
37498,0
37499,0
37500,0
37501,0
37502,1
37503,1
37504,0
37505,0
37506,1
37507,0
37508,0
37509,0
37510,1
37511,0
37512,0
37513,1
37514,1
37515,0
37516,1
37517,0
37518,1
37519,1
37520,1
37521,0
37522,0
37523,0
37524,0
37525,0
37526,1
37527,1
37528,1
37529,1
37530,1
37531,0
37532,0
37533,1
37534,1
37535,0
37536,0
37537,0
37538,0
37539,1
37540,1
37541,1
37542,1
37543,0
37544,1
37545,1
37546,1
37547,1
37548,1
37549,1
37550,0
37551,1
37552,1
37553,0
37554,1
37555,0
37556,0
37557,0
37558,0
37559,1
37560,1
37561,1
37562,0
37563,0
37564,1
37565,1
37566,0
37567,0
37568,0
37569,0
37570,0
37571,1
37572,0
37573,0
37574,1
37575,1
37576,1
37577,1
37578,0
37579,0
37580,0
37581,0
37582,0
37583,0
37584,1
37585,0
37586,1
37587,0
37588,1
37589,1
37590,0
37591,0
37592,0
37593,0
37594,1
37595,0
37596,1
37597,0
37598,1
37599,1
37600,0
37601,1
37602,1
37603,0
37604,0
37605,0
37606,0
37607,1
37608,0
37609,0
37610,1
37611,1
37612,1
37613,0
37614,0
37615,1
37616,1
37617,1
37618,1
37619,0
37620,1
37621,1
37622,0
37623,0
37624,1
37625,1
37626,0
37627,1
37628,1
37629,0
37630,1
37631,1
37632,1
37633,0
37634,1
37635,1
37636,1
37637,1
37638,0
37639,0
37640,1
37641,0
37642,1
37643,0
37644,0
37645,1
37646,1
37647,0
37648,0
37649,0
37650,0
37651,1
37652,0
37653,1
37654,1
37655,1
37656,1
37657,1
37658,1
37659,0
37660,0
37661,1
37662,0
37663,1
37664,1
37665,1
37666,1
37667,1
37668,1
37669,0
37670,1
37671,0
37672,0
37673,0
37674,1
37675,1
37676,1
37677,1
37678,1
37679,0
37680,1
37681,1
37682,0
37683,0
37684,1
37685,0
37686,0
37687,0
37688,0
37689,1
37690,1
37691,1
37692,1
37693,1
37694,1
37695,1
37696,0
37697,1
37698,0
37699,1
37700,1
37701,0
37702,1
37703,1
37704,0
37705,1
37706,1
37707,0
37708,0
37709,1
37710,0
37711,1
37712,1
37713,0
37714,0
37715,0
37716,1
37717,1
37718,1
37719,0
37720,0
37721,1
37722,0
37723,0
37724,1
37725,1
37726,1
37727,1
37728,1
37729,1
37730,1
37731,1
37732,0
37733,0
37734,1
37735,1
37736,1
37737,1
37738,0
37739,1
37740,1
37741,1
37742,0
37743,1
37744,1
37745,1
37746,0
37747,1
37748,1
37749,0
37750,0
37751,0
37752,1
37753,1
37754,1
37755,1
37756,1
37757,1
37758,1
37759,1
37760,1
37761,1
37762,0
37763,1
37764,1
37765,1
37766,0
37767,1
37768,0
37769,0
37770,1
37771,0
37772,1
37773,1
37774,0
37775,0
37776,1
37777,0
37778,1
37779,0
37780,1
37781,1
37782,0
37783,1
37784,1
37785,1
37786,0
37787,1
37788,0
37789,0
37790,1
37791,1
37792,1
37793,0
37794,1
37795,1
37796,1
37797,1
37798,1
37799,1
37800,1
37801,0
37802,0
37803,0
37804,0
37805,1
37806,1
37807,0
37808,1
37809,1
37810,0
37811,0
37812,0
37813,1
37814,1
37815,1
37816,0
37817,1
37818,0
37819,0
37820,1
37821,1
37822,0
37823,0
37824,1
37825,0
37826,0
37827,0
37828,1
37829,0
37830,0
37831,0
37832,1
37833,1
37834,0
37835,1
37836,1
37837,0
37838,1
37839,0
37840,0
37841,1
37842,1
37843,1
37844,1
37845,1
37846,1
37847,0
37848,0
37849,1
37850,1
37851,1
37852,0
37853,1
37854,0
37855,1
37856,0
37857,0
37858,1
37859,1
37860,0
37861,0
37862,0
37863,1
37864,1
37865,0
37866,0
37867,0
37868,0
37869,1
37870,0
37871,1
37872,1
37873,0
37874,0
37875,1
37876,1
37877,0
37878,1
37879,0
37880,1
37881,0
37882,0
37883,0
37884,1
37885,0
37886,0
37887,1
37888,0
37889,1
37890,0
37891,0
37892,0
37893,0
37894,1
37895,1
37896,0
37897,1
37898,0
37899,0
37900,1
37901,1
37902,1
37903,0
37904,1
37905,0
37906,1
37907,1
37908,1
37909,0
37910,0
37911,1
37912,0
37913,0
37914,0
37915,1
37916,1
37917,0
37918,1
37919,1
37920,0
37921,0
37922,0
37923,0
37924,1
37925,1
37926,0
37927,1
37928,0
37929,1
37930,0
37931,1
37932,0
37933,1
37934,0
37935,1
37936,0
37937,0
37938,1
37939,1
37940,0
37941,1
37942,0
37943,0
37944,0
37945,0
37946,1
37947,0
37948,0
37949,0
37950,1
37951,1
37952,1
37953,1
37954,0
37955,1
37956,0
37957,0
37958,1
37959,0
37960,0
37961,0
37962,0
37963,0
37964,0
37965,0
37966,1
37967,1
37968,1
37969,1
37970,0
37971,0
37972,1
37973,1
37974,1
37975,1
37976,0
37977,0
37978,1
37979,1
37980,1
37981,0
37982,0
37983,0
37984,0
37985,1
37986,0
37987,0
37988,0
37989,0
37990,0
37991,1
37992,1
37993,0
37994,0
37995,0
37996,1
37997,0
37998,1
37999,1
38000,1
38001,0
38002,1
38003,0
38004,0
38005,1
38006,1
38007,1
38008,1
38009,1
38010,0
38011,1
38012,1
38013,1
38014,1
38015,1
38016,1
38017,1
38018,1
38019,1
38020,1
38021,1
38022,1
38023,0
38024,1
38025,1
38026,0
38027,1
38028,0
38029,0
38030,0
38031,1
38032,1
38033,1
38034,0
38035,1
38036,1
38037,0
38038,0
38039,0
38040,0
38041,0
38042,1
38043,0
38044,1
38045,0
38046,0
38047,0
38048,1
38049,1
38050,1
38051,1
38052,1
38053,0
38054,1
38055,1
38056,1
38057,1
38058,0
38059,0
38060,1
38061,1
38062,0
38063,0
38064,1
38065,1
38066,0
38067,0
38068,0
38069,1
38070,0
38071,1
38072,1
38073,0
38074,0
38075,1
38076,1
38077,0
38078,0
38079,1
38080,1
38081,1
38082,0
38083,1
38084,1
38085,1
38086,1
38087,1
38088,1
38089,1
38090,1
38091,1
38092,0
38093,1
38094,1
38095,1
38096,0
38097,1
38098,1
38099,0
38100,1
38101,1
38102,0
38103,1
38104,0
38105,0
38106,0
38107,1
38108,0
38109,0
38110,0
38111,0
38112,1
38113,0
38114,1
38115,1
38116,0
38117,0
38118,0
38119,1
38120,0
38121,1
38122,0
38123,0
38124,1
38125,1
38126,0
38127,0
38128,1
38129,0
38130,0
38131,0
38132,1
38133,1
38134,0
38135,0
38136,1
38137,1
38138,0
38139,0
38140,0
38141,1
38142,0
38143,1
38144,0
38145,0
38146,0
38147,1
38148,1
38149,1
38150,0
38151,1
38152,0
38153,1
38154,0
38155,1
38156,1
38157,0
38158,1
38159,1
38160,1
38161,0
38162,0
38163,1
38164,0
38165,0
38166,0
38167,0
38168,0
38169,1
38170,1
38171,1
38172,1
38173,0
38174,0
38175,1
38176,0
38177,0
38178,0
38179,0
38180,0
38181,1
38182,0
38183,0
38184,0
38185,0
38186,0
38187,0
38188,1
38189,1
38190,1
38191,1
38192,1
38193,0
38194,0
38195,0
38196,1
38197,1
38198,1
38199,1
38200,0
38201,1
38202,0
38203,1
38204,0
38205,1
38206,1
38207,1
38208,1
38209,0
38210,0
38211,1
38212,1
38213,1
38214,0
38215,0
38216,1
38217,0
38218,0
38219,1
38220,1
38221,0
38222,0
38223,0
38224,0
38225,1
38226,1
38227,0
38228,0
38229,1
38230,1
38231,1
38232,1
38233,1
38234,1
38235,1
38236,0
38237,1
38238,0
38239,0
38240,1
38241,0
38242,0
38243,1
38244,0
38245,1
38246,1
38247,0
38248,0
38249,1
38250,0
38251,0
38252,0
38253,1
38254,0
38255,1
38256,1
38257,0
38258,1
38259,1
38260,0
38261,0
38262,1
38263,1
38264,0
38265,0
38266,0
38267,1
38268,1
38269,0
38270,0
38271,1
38272,0
38273,0
38274,1
38275,1
38276,1
38277,0
38278,0
38279,0
38280,1
38281,1
38282,0
38283,1
38284,1
38285,1
38286,0
38287,1
38288,0
38289,0
38290,0
38291,1
38292,1
38293,1
38294,0
38295,1
38296,0
38297,1
38298,0
38299,1
38300,0
38301,1
38302,1
38303,1
38304,0
38305,1
38306,1
38307,1
38308,0
38309,1
38310,1
38311,1
38312,1
38313,1
38314,0
38315,1
38316,1
38317,0
38318,1
38319,0
38320,1
38321,0
38322,1
38323,0
38324,0
38325,1
38326,0
38327,1
38328,0
38329,0
38330,0
38331,0
38332,0
38333,0
38334,1
38335,0
38336,0
38337,1
38338,0
38339,1
38340,1
38341,0
38342,1
38343,1
38344,1
38345,1
38346,1
38347,1
38348,0
38349,0
38350,0
38351,1
38352,0
38353,1
38354,1
38355,1
38356,0
38357,0
38358,1
38359,0
38360,1
38361,0
38362,0
38363,0
38364,1
38365,0
38366,1
38367,0
38368,0
38369,0
38370,1
38371,1
38372,0
38373,0
38374,1
38375,1
38376,0
38377,0
38378,1
38379,1
38380,0
38381,1
38382,0
38383,0
38384,1
38385,1
38386,1
38387,1
38388,0
38389,0
38390,0
38391,0
38392,1
38393,0
38394,1
38395,0
38396,0
38397,0
38398,1
38399,1
38400,0
38401,1
38402,1
38403,0
38404,1
38405,1
38406,1
38407,0
38408,1
38409,0
38410,0
38411,0
38412,0
38413,1
38414,0
38415,1
38416,1
38417,1
38418,1
38419,1
38420,0
38421,1
38422,0
38423,1
38424,0
38425,1
38426,1
38427,0
38428,1
38429,0
38430,1
38431,1
38432,0
38433,1
38434,1
38435,1
38436,1
38437,0
38438,0
38439,0
38440,1
38441,1
38442,1
38443,1
38444,0
38445,0
38446,1
38447,1
38448,0
38449,0
38450,0
38451,1
38452,1
38453,0
38454,0
38455,0
38456,1
38457,0
38458,1
38459,0
38460,0
38461,0
38462,1
38463,0
38464,0
38465,1
38466,0
38467,1
38468,0
38469,0
38470,0
38471,1
38472,1
38473,0
38474,1
38475,1
38476,0
38477,1
38478,0
38479,1
38480,1
38481,1
38482,1
38483,0
38484,1
38485,0
38486,1
38487,0
38488,0
38489,1
38490,0
38491,0
38492,1
38493,1
38494,1
38495,1
38496,1
38497,0
38498,0
38499,0
38500,1
38501,1
38502,0
38503,0
38504,1
38505,0
38506,0
38507,1
38508,0
38509,1
38510,1
38511,1
38512,0
38513,1
38514,1
38515,0
38516,1
38517,0
38518,1
38519,0
38520,0
38521,1
38522,1
38523,1
38524,1
38525,1
38526,1
38527,0
38528,1
38529,0
38530,1
38531,1
38532,1
38533,0
38534,1
38535,1
38536,0
38537,0
38538,1
38539,0
38540,0
38541,1
38542,0
38543,1
38544,0
38545,0
38546,0
38547,0
38548,0
38549,1
38550,1
38551,0
38552,0
38553,1
38554,1
38555,1
38556,1
38557,0
38558,0
38559,0
38560,1
38561,0
38562,0
38563,1
38564,0
38565,1
38566,1
38567,1
38568,1
38569,0
38570,1
38571,1
38572,0
38573,1
38574,1
38575,0
38576,1
38577,1
38578,1
38579,0
38580,1
38581,1
38582,1
38583,0
38584,0
38585,1
38586,0
38587,0
38588,0
38589,1
38590,0
38591,0
38592,1
38593,0
38594,1
38595,0
38596,0
38597,1
38598,1
38599,0
38600,0
38601,1
38602,1
38603,0
38604,0
38605,1
38606,0
38607,1
38608,0
38609,1
38610,1
38611,0
38612,0
38613,1
38614,1
38615,0
38616,1
38617,1
38618,0
38619,1
38620,0
38621,0
38622,1
38623,0
38624,0
38625,1
38626,1
38627,0
38628,1
38629,0
38630,1
38631,1
38632,1
38633,1
38634,1
38635,0
38636,1
38637,1
38638,1
38639,1
38640,1
38641,0
38642,0
38643,1
38644,1
38645,1
38646,1
38647,1
38648,0
38649,1
38650,0
38651,1
38652,0
38653,0
38654,1
38655,0
38656,0
38657,0
38658,1
38659,0
38660,1
38661,1
38662,0
38663,0
38664,1
38665,1
38666,1
38667,1
38668,1
38669,1
38670,1
38671,0
38672,1
38673,1
38674,1
38675,0
38676,0
38677,0
38678,1
38679,0
38680,1
38681,0
38682,1
38683,1
38684,0
38685,0
38686,1
38687,1
38688,0
38689,1
38690,1
38691,0
38692,1
38693,0
38694,1
38695,1
38696,1
38697,1
38698,0
38699,0
38700,0
38701,1
38702,1
38703,1
38704,0
38705,1
38706,1
38707,1
38708,1
38709,0
38710,0
38711,1
38712,0
38713,0
38714,1
38715,0
38716,0
38717,0
38718,1
38719,1
38720,0
38721,0
38722,0
38723,1
38724,0
38725,0
38726,1
38727,0
38728,0
38729,1
38730,1
38731,1
38732,0
38733,0
38734,1
38735,1
38736,0
38737,0
38738,0
38739,0
38740,1
38741,1
38742,1
38743,0
38744,0
38745,1
38746,1
38747,1
38748,0
38749,1
38750,0
38751,0
38752,1
38753,0
38754,0
38755,1
38756,1
38757,1
38758,0
38759,1
38760,1
38761,1
38762,1
38763,0
38764,0
38765,0
38766,0
38767,0
38768,1
38769,0
38770,1
38771,0
38772,0
38773,0
38774,0
38775,0
38776,0
38777,0
38778,1
38779,0
38780,0
38781,1
38782,1
38783,1
38784,1
38785,1
38786,1
38787,1
38788,1
38789,1
38790,0
38791,1
38792,0
38793,0
38794,1
38795,1
38796,1
38797,1
38798,1
38799,1
38800,0
38801,1
38802,1
38803,0
38804,0
38805,1
38806,0
38807,1
38808,0
38809,1
38810,1
38811,1
38812,0
38813,0
38814,1
38815,1
38816,1
38817,1
38818,1
38819,1
38820,0
38821,1
38822,0
38823,1
38824,1
38825,0
38826,1
38827,0
38828,1
38829,0
38830,1
38831,0
38832,1
38833,0
38834,1
38835,1
38836,0
38837,0
38838,0
38839,0
38840,0
38841,0
38842,1
38843,1
38844,1
38845,1
38846,0
38847,1
38848,1
38849,1
38850,1
38851,0
38852,0
38853,0
38854,0
38855,1
38856,1
38857,0
38858,0
38859,1
38860,1
38861,0
38862,0
38863,1
38864,0
38865,1
38866,1
38867,1
38868,0
38869,1
38870,0
38871,1
38872,0
38873,1
38874,1
38875,1
38876,1
38877,0
38878,1
38879,0
38880,0
38881,1
38882,1
38883,0
38884,1
38885,0
38886,1
38887,1
38888,0
38889,1
38890,0
38891,0
38892,1
38893,1
38894,0
38895,0
38896,1
38897,0
38898,0
38899,0
38900,0
38901,1
38902,1
38903,1
38904,0
38905,0
38906,0
38907,0
38908,0
38909,1
38910,0
38911,1
38912,0
38913,1
38914,1
38915,1
38916,1
38917,0
38918,0
38919,0
38920,0
38921,1
38922,0
38923,1
38924,0
38925,1
38926,0
38927,1
38928,0
38929,0
38930,1
38931,0
38932,0
38933,0
38934,1
38935,0
38936,0
38937,0
38938,1
38939,0
38940,0
38941,1
38942,0
38943,1
38944,1
38945,0
38946,1
38947,0
38948,1
38949,1
38950,0
38951,1
38952,1
38953,1
38954,1
38955,1
38956,0
38957,0
38958,0
38959,0
38960,0
38961,0
38962,0
38963,0
38964,0
38965,1
38966,1
38967,1
38968,1
38969,1
38970,1
38971,1
38972,1
38973,1
38974,0
38975,1
38976,1
38977,0
38978,0
38979,0
38980,0
38981,1
38982,0
38983,0
38984,1
38985,0
38986,1
38987,0
38988,1
38989,1
38990,1
38991,1
38992,1
38993,1
38994,1
38995,1
38996,0
38997,0
38998,0
38999,1
39000,1
39001,1
39002,1
39003,1
39004,1
39005,0
39006,0
39007,1
39008,1
39009,0
39010,1
39011,1
39012,0
39013,0
39014,1
39015,1
39016,1
39017,0
39018,1
39019,1
39020,1
39021,0
39022,1
39023,0
39024,1
39025,0
39026,0
39027,1
39028,0
39029,0
39030,1
39031,0
39032,0
39033,0
39034,1
39035,0
39036,0
39037,0
39038,0
39039,1
39040,1
39041,1
39042,0
39043,1
39044,0
39045,1
39046,0
39047,0
39048,1
39049,0
39050,1
39051,0
39052,1
39053,0
39054,1
39055,1
39056,1
39057,1
39058,1
39059,1
39060,0
39061,1
39062,1
39063,1
39064,0
39065,1
39066,0
39067,1
39068,1
39069,1
39070,0
39071,1
39072,0
39073,0
39074,0
39075,1
39076,0
39077,0
39078,0
39079,1
39080,0
39081,0
39082,0
39083,0
39084,0
39085,0
39086,0
39087,1
39088,1
39089,0
39090,0
39091,0
39092,0
39093,0
39094,1
39095,0
39096,1
39097,1
39098,0
39099,0
39100,0
39101,1
39102,0
39103,0
39104,0
39105,1
39106,0
39107,0
39108,0
39109,0
39110,1
39111,1
39112,0
39113,1
39114,1
39115,1
39116,0
39117,1
39118,1
39119,0
39120,0
39121,1
39122,0
39123,1
39124,1
39125,0
39126,1
39127,0
39128,0
39129,0
39130,1
39131,0
39132,0
39133,0
39134,0
39135,1
39136,0
39137,0
39138,0
39139,0
39140,1
39141,1
39142,0
39143,0
39144,0
39145,1
39146,0
39147,0
39148,1
39149,0
39150,0
39151,0
39152,0
39153,1
39154,0
39155,1
39156,0
39157,0
39158,1
39159,0
39160,0
39161,1
39162,0
39163,0
39164,1
39165,1
39166,0
39167,1
39168,1
39169,1
39170,0
39171,1
39172,0
39173,1
39174,1
39175,0
39176,0
39177,1
39178,1
39179,0
39180,1
39181,0
39182,1
39183,0
39184,1
39185,1
39186,0
39187,0
39188,0
39189,1
39190,1
39191,1
39192,1
39193,0
39194,1
39195,0
39196,0
39197,1
39198,1
39199,1
39200,1
39201,0
39202,1
39203,1
39204,0
39205,1
39206,1
39207,0
39208,0
39209,1
39210,1
39211,0
39212,0
39213,1
39214,0
39215,1
39216,0
39217,1
39218,1
39219,1
39220,1
39221,1
39222,0
39223,0
39224,0
39225,0
39226,1
39227,1
39228,1
39229,1
39230,1
39231,0
39232,0
39233,1
39234,1
39235,0
39236,0
39237,1
39238,1
39239,1
39240,1
39241,0
39242,0
39243,1
39244,1
39245,0
39246,1
39247,0
39248,1
39249,1
39250,1
39251,0
39252,0
39253,1
39254,1
39255,0
39256,0
39257,1
39258,1
39259,1
39260,1
39261,0
39262,0
39263,1
39264,0
39265,1
39266,1
39267,1
39268,1
39269,1
39270,1
39271,0
39272,1
39273,0
39274,0
39275,0
39276,1
39277,0
39278,1
39279,0
39280,1
39281,1
39282,0
39283,1
39284,0
39285,0
39286,1
39287,1
39288,1
39289,1
39290,1
39291,0
39292,0
39293,1
39294,1
39295,1
39296,0
39297,1
39298,0
39299,1
39300,1
39301,0
39302,1
39303,0
39304,1
39305,1
39306,1
39307,1
39308,0
39309,1
39310,0
39311,0
39312,0
39313,0
39314,1
39315,1
39316,1
39317,1
39318,0
39319,1
39320,0
39321,1
39322,1
39323,0
39324,1
39325,1
39326,1
39327,1
39328,1
39329,1
39330,1
39331,1
39332,1
39333,0
39334,0
39335,1
39336,1
39337,1
39338,1
39339,0
39340,0
39341,0
39342,1
39343,1
39344,1
39345,1
39346,0
39347,1
39348,1
39349,1
39350,1
39351,1
39352,1
39353,1
39354,0
39355,1
39356,0
39357,1
39358,1
39359,0
39360,0
39361,1
39362,0
39363,1
39364,0
39365,1
39366,0
39367,1
39368,1
39369,0
39370,0
39371,1
39372,1
39373,1
39374,1
39375,1
39376,1
39377,0
39378,1
39379,1
39380,1
39381,0
39382,1
39383,1
39384,0
39385,1
39386,1
39387,1
39388,1
39389,0
39390,0
39391,1
39392,1
39393,1
39394,1
39395,1
39396,1
39397,1
39398,1
39399,0
39400,1
39401,1
39402,0
39403,1
39404,0
39405,1
39406,1
39407,1
39408,0
39409,0
39410,0
39411,0
39412,0
39413,1
39414,0
39415,1
39416,0
39417,0
39418,1
39419,0
39420,0
39421,0
39422,0
39423,0
39424,0
39425,1
39426,1
39427,0
39428,1
39429,1
39430,0
39431,1
39432,1
39433,1
39434,1
39435,1
39436,0
39437,0
39438,0
39439,1
39440,0
39441,0
39442,0
39443,0
39444,1
39445,1
39446,0
39447,1
39448,1
39449,0
39450,0
39451,1
39452,1
39453,0
39454,1
39455,0
39456,0
39457,0
39458,1
39459,1
39460,1
39461,0
39462,0
39463,1
39464,1
39465,1
39466,1
39467,1
39468,1
39469,1
39470,1
39471,0
39472,1
39473,1
39474,1
39475,0
39476,0
39477,1
39478,0
39479,1
39480,1
39481,1
39482,0
39483,1
39484,1
39485,0
39486,0
39487,1
39488,0
39489,1
39490,1
39491,1
39492,1
39493,1
39494,1
39495,0
39496,0
39497,0
39498,0
39499,0
39500,0
39501,1
39502,1
39503,0
39504,1
39505,0
39506,1
39507,1
39508,0
39509,1
39510,0
39511,0
39512,0
39513,1
39514,1
39515,1
39516,1
39517,1
39518,0
39519,1
39520,0
39521,0
39522,1
39523,1
39524,0
39525,1
39526,0
39527,1
39528,1
39529,0
39530,1
39531,1
39532,0
39533,1
39534,0
39535,0
39536,0
39537,1
39538,0
39539,1
39540,1
39541,0
39542,0
39543,0
39544,1
39545,0
39546,0
39547,0
39548,0
39549,1
39550,0
39551,0
39552,0
39553,1
39554,0
39555,1
39556,1
39557,1
39558,0
39559,0
39560,1
39561,1
39562,1
39563,0
39564,1
39565,1
39566,0
39567,1
39568,0
39569,0
39570,1
39571,1
39572,0
39573,1
39574,1
39575,0
39576,1
39577,1
39578,0
39579,0
39580,1
39581,1
39582,0
39583,1
39584,0
39585,0
39586,1
39587,1
39588,1
39589,1
39590,0
39591,1
39592,1
39593,1
39594,0
39595,1
39596,1
39597,1
39598,1
39599,0
39600,0
39601,1
39602,1
39603,1
39604,1
39605,1
39606,0
39607,1
39608,1
39609,1
39610,1
39611,1
39612,1
39613,1
39614,1
39615,0
39616,1
39617,0
39618,0
39619,0
39620,0
39621,1
39622,1
39623,0
39624,0
39625,0
39626,0
39627,0
39628,1
39629,0
39630,1
39631,0
39632,1
39633,1
39634,1
39635,1
39636,0
39637,1
39638,1
39639,1
39640,1
39641,1
39642,1
39643,1
39644,1
39645,1
39646,0
39647,1
39648,0
39649,0
39650,1
39651,0
39652,0
39653,1
39654,0
39655,0
39656,0
39657,0
39658,0
39659,1
39660,0
39661,1
39662,0
39663,1
39664,1
39665,0
39666,1
39667,1
39668,0
39669,0
39670,0
39671,1
39672,1
39673,1
39674,0
39675,0
39676,1
39677,0
39678,1
39679,0
39680,0
39681,0
39682,1
39683,0
39684,0
39685,1
39686,1
39687,1
39688,1
39689,0
39690,0
39691,0
39692,0
39693,0
39694,1
39695,1
39696,1
39697,0
39698,1
39699,1
39700,0
39701,0
39702,1
39703,1
39704,1
39705,0
39706,1
39707,1
39708,1
39709,0
39710,1
39711,0
39712,0
39713,0
39714,1
39715,1
39716,0
39717,0
39718,0
39719,1
39720,1
39721,0
39722,1
39723,1
39724,1
39725,1
39726,1
39727,1
39728,1
39729,0
39730,1
39731,1
39732,0
39733,1
39734,1
39735,1
39736,1
39737,0
39738,1
39739,1
39740,0
39741,1
39742,0
39743,1
39744,1
39745,0
39746,1
39747,1
39748,1
39749,1
39750,0
39751,1
39752,1
39753,1
39754,1
39755,1
39756,0
39757,0
39758,0
39759,0
39760,1
39761,1
39762,1
39763,0
39764,1
39765,0
39766,1
39767,1
39768,0
39769,1
39770,1
39771,0
39772,1
39773,0
39774,0
39775,1
39776,1
39777,0
39778,0
39779,0
39780,0
39781,0
39782,1
39783,0
39784,1
39785,1
39786,1
39787,1
39788,1
39789,0
39790,1
39791,1
39792,0
39793,1
39794,1
39795,0
39796,1
39797,1
39798,1
39799,1
39800,1
39801,1
39802,0
39803,0
39804,1
39805,1
39806,1
39807,1
39808,0
39809,1
39810,1
39811,1
39812,1
39813,0
39814,0
39815,1
39816,0
39817,1
39818,0
39819,0
39820,1
39821,1
39822,0
39823,0
39824,0
39825,0
39826,1
39827,1
39828,0
39829,1
39830,0
39831,0
39832,1
39833,0
39834,1
39835,1
39836,0
39837,0
39838,1
39839,1
39840,0
39841,1
39842,1
39843,1
39844,1
39845,1
39846,1
39847,1
39848,1
39849,0
39850,0
39851,1
39852,0
39853,1
39854,0
39855,0
39856,1
39857,0
39858,1
39859,1
39860,0
39861,1
39862,1
39863,1
39864,1
39865,0
39866,0
39867,0
39868,0
39869,1
39870,1
39871,1
39872,1
39873,1
39874,0
39875,0
39876,1
39877,0
39878,0
39879,1
39880,0
39881,1
39882,0
39883,0
39884,1
39885,1
39886,0
39887,1
39888,0
39889,1
39890,0
39891,1
39892,1
39893,0
39894,1
39895,1
39896,1
39897,1
39898,0
39899,0
39900,1
39901,0
39902,0
39903,1
39904,1
39905,0
39906,1
39907,1
39908,1
39909,1
39910,1
39911,1
39912,1
39913,1
39914,1
39915,0
39916,0
39917,0
39918,0
39919,0
39920,0
39921,1
39922,1
39923,1
39924,0
39925,0
39926,1
39927,1
39928,1
39929,0
39930,0
39931,0
39932,1
39933,1
39934,1
39935,1
39936,0
39937,1
39938,0
39939,0
39940,1
39941,0
39942,0
39943,1
39944,0
39945,0
39946,0
39947,0
39948,0
39949,0
39950,1
39951,1
39952,0
39953,1
39954,0
39955,1
39956,1
39957,0
39958,0
39959,1
39960,1
39961,1
39962,0
39963,0
39964,1
39965,1
39966,0
39967,0
39968,1
39969,0
39970,1
39971,0
39972,0
39973,1
39974,0
39975,1
39976,0
39977,0
39978,1
39979,1
39980,1
39981,0
39982,1
39983,0
39984,0
39985,1
39986,0
39987,1
39988,0
39989,1
39990,0
39991,1
39992,0
39993,0
39994,0
39995,1
39996,0
39997,1
39998,0
39999,0
40000,1
40001,1
40002,1
40003,0
40004,0
40005,1
40006,1
40007,0
40008,1
40009,0
40010,1
40011,0
40012,0
40013,0
40014,1
40015,1
40016,0
40017,1
40018,1
40019,1
40020,0
40021,0
40022,0
40023,1
40024,0
40025,1
40026,0
40027,0
40028,0
40029,1
40030,1
40031,1
40032,1
40033,1
40034,0
40035,0
40036,0
40037,1
40038,1
40039,1
40040,0
40041,1
40042,0
40043,1
40044,0
40045,0
40046,0
40047,1
40048,1
40049,1
40050,1
40051,1
40052,0
40053,1
40054,0
40055,1
40056,0
40057,1
40058,1
40059,0
40060,0
40061,1
40062,0
40063,0
40064,0
40065,1
40066,1
40067,1
40068,1
40069,0
40070,0
40071,1
40072,1
40073,1
40074,1
40075,1
40076,0
40077,1
40078,0
40079,1
40080,1
40081,1
40082,1
40083,0
40084,0
40085,0
40086,0
40087,0
40088,0
40089,0
40090,1
40091,1
40092,0
40093,1
40094,0
40095,0
40096,1
40097,0
40098,0
40099,1
40100,1
40101,1
40102,0
40103,1
40104,1
40105,1
40106,0
40107,1
40108,0
40109,1
40110,0
40111,1
40112,1
40113,0
40114,0
40115,1
40116,1
40117,0
40118,0
40119,1
40120,0
40121,1
40122,1
40123,0
40124,0
40125,1
40126,1
40127,0
40128,0
40129,0
40130,0
40131,0
40132,0
40133,1
40134,1
40135,0
40136,0
40137,1
40138,1
40139,0
40140,1
40141,0
40142,0
40143,1
40144,1
40145,0
40146,1
40147,1
40148,1
40149,1
40150,1
40151,1
40152,0
40153,1
40154,1
40155,1
40156,0
40157,0
40158,0
40159,0
40160,1
40161,1
40162,0
40163,0
40164,1
40165,0
40166,1
40167,0
40168,1
40169,0
40170,1
40171,0
40172,1
40173,0
40174,0
40175,0
40176,0
40177,0
40178,1
40179,1
40180,1
40181,1
40182,1
40183,1
40184,0
40185,0
40186,0
40187,1
40188,1
40189,1
40190,0
40191,1
40192,0
40193,1
40194,0
40195,1
40196,1
40197,0
40198,0
40199,0
40200,1
40201,0
40202,1
40203,1
40204,1
40205,1
40206,0
40207,1
40208,0
40209,0
40210,0
40211,0
40212,1
40213,1
40214,0
40215,0
40216,0
40217,1
40218,1
40219,1
40220,1
40221,1
40222,0
40223,1
40224,1
40225,1
40226,1
40227,1
40228,0
40229,1
40230,0
40231,1
40232,1
40233,1
40234,1
40235,0
40236,0
40237,1
40238,0
40239,1
40240,1
40241,1
40242,1
40243,0
40244,1
40245,0
40246,0
40247,0
40248,0
40249,1
40250,0
40251,1
40252,0
40253,0
40254,1
40255,1
40256,1
40257,1
40258,1
40259,0
40260,1
40261,0
40262,1
40263,1
40264,1
40265,1
40266,0
40267,1
40268,0
40269,1
40270,0
40271,0
40272,0
40273,1
40274,1
40275,1
40276,0
40277,1
40278,1
40279,0
40280,0
40281,1
40282,0
40283,1
40284,0
40285,1
40286,0
40287,0
40288,1
40289,1
40290,1
40291,0
40292,0
40293,1
40294,0
40295,1
40296,0
40297,1
40298,1
40299,1
40300,0
40301,0
40302,1
40303,0
40304,0
40305,1
40306,0
40307,0
40308,1
40309,1
40310,0
40311,1
40312,1
40313,0
40314,0
40315,1
40316,1
40317,0
40318,0
40319,0
40320,1
40321,0
40322,1
40323,0
40324,1
40325,0
40326,1
40327,1
40328,1
40329,0
40330,1
40331,1
40332,1
40333,1
40334,0
40335,0
40336,1
40337,1
40338,0
40339,1
40340,0
40341,1
40342,0
40343,0
40344,0
40345,1
40346,1
40347,1
40348,0
40349,0
40350,0
40351,1
40352,1
40353,0
40354,0
40355,0
40356,1
40357,1
40358,1
40359,0
40360,1
40361,0
40362,0
40363,0
40364,1
40365,0
40366,1
40367,1
40368,0
40369,1
40370,0
40371,0
40372,1
40373,1
40374,1
40375,0
40376,1
40377,1
40378,1
40379,0
40380,1
40381,1
40382,1
40383,1
40384,0
40385,1
40386,1
40387,1
40388,1
40389,0
40390,0
40391,1
40392,1
40393,1
40394,0
40395,1
40396,1
40397,1
40398,1
40399,1
40400,1
40401,1
40402,0
40403,1
40404,0
40405,1
40406,1
40407,1
40408,1
40409,1
40410,1
40411,1
40412,1
40413,1
40414,0
40415,0
40416,1
40417,1
40418,0
40419,1
40420,1
40421,1
40422,1
40423,1
40424,1
40425,0
40426,0
40427,0
40428,0
40429,0
40430,1
40431,0
40432,1
40433,1
40434,0
40435,0
40436,1
40437,0
40438,1
40439,0
40440,1
40441,0
40442,0
40443,1
40444,1
40445,1
40446,1
40447,1
40448,1
40449,1
40450,1
40451,0
40452,1
40453,0
40454,1
40455,0
40456,0
40457,0
40458,1
40459,1
40460,1
40461,0
40462,0
40463,1
40464,0
40465,0
40466,1
40467,0
40468,1
40469,1
40470,1
40471,1
40472,1
40473,0
40474,0
40475,0
40476,0
40477,0
40478,0
40479,1
40480,1
40481,0
40482,0
40483,0
40484,0
40485,0
40486,1
40487,0
40488,1
40489,1
40490,0
40491,0
40492,1
40493,0
40494,1
40495,1
40496,1
40497,0
40498,0
40499,1
40500,0
40501,1
40502,1
40503,0
40504,1
40505,1
40506,0
40507,1
40508,1
40509,1
40510,0
40511,1
40512,1
40513,0
40514,1
40515,1
40516,1
40517,1
40518,1
40519,1
40520,1
40521,0
40522,1
40523,0
40524,1
40525,0
40526,0
40527,1
40528,1
40529,1
40530,1
40531,0
40532,1
40533,1
40534,1
40535,0
40536,0
40537,1
40538,0
40539,1
40540,0
40541,1
40542,0
40543,1
40544,1
40545,1
40546,1
40547,0
40548,1
40549,1
40550,0
40551,1
40552,0
40553,0
40554,0
40555,0
40556,0
40557,1
40558,0
40559,1
40560,1
40561,1
40562,0
40563,0
40564,1
40565,1
40566,0
40567,1
40568,0
40569,1
40570,1
40571,1
40572,1
40573,1
40574,1
40575,0
40576,0
40577,0
40578,0
40579,1
40580,1
40581,0
40582,1
40583,1
40584,0
40585,0
40586,0
40587,0
40588,1
40589,1
40590,0
40591,1
40592,0
40593,1
40594,1
40595,1
40596,1
40597,1
40598,1
40599,1
40600,0
40601,0
40602,0
40603,0
40604,0
40605,1
40606,1
40607,0
40608,0
40609,0
40610,1
40611,0
40612,1
40613,1
40614,1
40615,1
40616,0
40617,1
40618,0
40619,0
40620,0
40621,1
40622,1
40623,0
40624,0
40625,0
40626,1
40627,1
40628,1
40629,0
40630,0
40631,0
40632,0
40633,1
40634,1
40635,1
40636,0
40637,0
40638,1
40639,1
40640,1
40641,1
40642,0
40643,0
40644,0
40645,1
40646,1
40647,1
40648,1
40649,1
40650,0
40651,1
40652,0
40653,0
40654,0
40655,1
40656,0
40657,0
40658,1
40659,1
40660,0
40661,1
40662,1
40663,1
40664,0
40665,0
40666,1
40667,0
40668,0
40669,0
40670,0
40671,0
40672,1
40673,1
40674,0
40675,1
40676,0
40677,1
40678,0
40679,1
40680,0
40681,1
40682,1
40683,1
40684,1
40685,1
40686,0
40687,1
40688,0
40689,1
40690,1
40691,0
40692,0
40693,0
40694,0
40695,1
40696,1
40697,1
40698,1
40699,1
40700,1
40701,1
40702,1
40703,1
40704,0
40705,1
40706,0
40707,0
40708,1
40709,0
40710,1
40711,1
40712,0
40713,1
40714,1
40715,1
40716,1
40717,1
40718,1
40719,1
40720,1
40721,0
40722,1
40723,1
40724,0
40725,0
40726,0
40727,1
40728,0
40729,1
40730,1
40731,0
40732,1
40733,1
40734,1
40735,0
40736,1
40737,0
40738,1
40739,0
40740,0
40741,0
40742,1
40743,0
40744,1
40745,1
40746,1
40747,1
40748,0
40749,1
40750,0
40751,1
40752,1
40753,0
40754,0
40755,1
40756,1
40757,0
40758,1
40759,0
40760,0
40761,1
40762,0
40763,1
40764,1
40765,1
40766,1
40767,0
40768,0
40769,0
40770,0
40771,1
40772,0
40773,1
40774,1
40775,0
40776,1
40777,1
40778,0
40779,0
40780,0
40781,0
40782,0
40783,0
40784,0
40785,0
40786,1
40787,1
40788,1
40789,1
40790,1
40791,1
40792,1
40793,1
40794,0
40795,0
40796,1
40797,1
40798,0
40799,0
40800,1
40801,0
40802,1
40803,0
40804,0
40805,0
40806,0
40807,0
40808,1
40809,1
40810,0
40811,1
40812,1
40813,1
40814,0
40815,1
40816,0
40817,0
40818,0
40819,0
40820,1
40821,0
40822,0
40823,1
40824,0
40825,0
40826,0
40827,0
40828,1
40829,0
40830,1
40831,0
40832,0
40833,0
40834,0
40835,0
40836,0
40837,1
40838,1
40839,1
40840,0
40841,0
40842,1
40843,0
40844,1
40845,1
40846,0
40847,0
40848,0
40849,0
40850,0
40851,1
40852,0
40853,1
40854,1
40855,1
40856,1
40857,0
40858,0
40859,1
40860,0
40861,0
40862,1
40863,0
40864,1
40865,0
40866,1
40867,1
40868,0
40869,0
40870,1
40871,0
40872,1
40873,1
40874,1
40875,0
40876,1
40877,0
40878,0
40879,1
40880,1
40881,0
40882,0
40883,0
40884,1
40885,1
40886,1
40887,1
40888,0
40889,1
40890,1
40891,0
40892,1
40893,0
40894,1
40895,1
40896,0
40897,0
40898,1
40899,0
40900,0
40901,0
40902,1
40903,1
40904,0
40905,1
40906,1
40907,1
40908,1
40909,1
40910,0
40911,1
40912,0
40913,0
40914,0
40915,1
40916,0
40917,1
40918,0
40919,1
40920,1
40921,0
40922,0
40923,1
40924,0
40925,0
40926,0
40927,1
40928,1
40929,1
40930,0
40931,1
40932,1
40933,0
40934,0
40935,0
40936,0
40937,1
40938,1
40939,1
40940,1
40941,0
40942,0
40943,1
40944,0
40945,0
40946,0
40947,1
40948,0
40949,0
40950,0
40951,1
40952,0
40953,1
40954,0
40955,0
40956,0
40957,0
40958,1
40959,0
40960,1
40961,1
40962,0
40963,0
40964,1
40965,0
40966,1
40967,1
40968,1
40969,1
40970,0
40971,1
40972,1
40973,0
40974,1
40975,0
40976,1
40977,0
40978,0
40979,0
40980,0
40981,1
40982,0
40983,0
40984,1
40985,1
40986,1
40987,1
40988,1
40989,0
40990,0
40991,1
40992,1
40993,0
40994,1
40995,1
40996,1
40997,1
40998,1
40999,1
41000,1
41001,1
41002,1
41003,1
41004,0
41005,0
41006,0
41007,1
41008,1
41009,0
41010,1
41011,1
41012,0
41013,0
41014,1
41015,1
41016,1
41017,1
41018,1
41019,0
41020,1
41021,1
41022,1
41023,1
41024,0
41025,0
41026,1
41027,0
41028,0
41029,0
41030,0
41031,1
41032,1
41033,1
41034,0
41035,1
41036,1
41037,1
41038,0
41039,1
41040,1
41041,0
41042,0
41043,1
41044,1
41045,1
41046,1
41047,0
41048,1
41049,1
41050,1
41051,1
41052,0
41053,0
41054,1
41055,1
41056,0
41057,1
41058,1
41059,0
41060,1
41061,0
41062,1
41063,0
41064,1
41065,1
41066,1
41067,0
41068,1
41069,0
41070,0
41071,1
41072,0
41073,1
41074,1
41075,0
41076,0
41077,1
41078,1
41079,0
41080,0
41081,1
41082,1
41083,0
41084,1
41085,0
41086,1
41087,0
41088,0
41089,1
41090,0
41091,1
41092,1
41093,0
41094,0
41095,0
41096,1
41097,0
41098,0
41099,0
41100,0
41101,0
41102,0
41103,1
41104,0
41105,0
41106,0
41107,1
41108,1
41109,0
41110,1
41111,1
41112,1
41113,1
41114,0
41115,1
41116,1
41117,1
41118,0
41119,1
41120,0
41121,0
41122,1
41123,0
41124,1
41125,0
41126,0
41127,0
41128,1
41129,0
41130,0
41131,1
41132,1
41133,1
41134,0
41135,1
41136,0
41137,0
41138,1
41139,1
41140,0
41141,0
41142,0
41143,1
41144,0
41145,1
41146,0
41147,0
41148,0
41149,1
41150,0
41151,0
41152,0
41153,1
41154,1
41155,0
41156,1
41157,1
41158,0
41159,1
41160,1
41161,1
41162,1
41163,1
41164,1
41165,0
41166,1
41167,1
41168,0
41169,0
41170,0
41171,1
41172,1
41173,0
41174,1
41175,0
41176,0
41177,1
41178,0
41179,1
41180,0
41181,0
41182,1
41183,1
41184,1
41185,0
41186,1
41187,1
41188,0
41189,0
41190,0
41191,1
41192,0
41193,1
41194,0
41195,0
41196,1
41197,0
41198,1
41199,1
41200,0
41201,0
41202,1
41203,0
41204,0
41205,1
41206,1
41207,0
41208,1
41209,1
41210,0
41211,0
41212,0
41213,0
41214,1
41215,1
41216,1
41217,0
41218,0
41219,1
41220,1
41221,1
41222,0
41223,1
41224,0
41225,1
41226,1
41227,1
41228,0
41229,1
41230,0
41231,1
41232,1
41233,1
41234,1
41235,0
41236,0
41237,1
41238,1
41239,0
41240,1
41241,0
41242,1
41243,1
41244,1
41245,0
41246,0
41247,0
41248,1
41249,0
41250,1
41251,1
41252,0
41253,1
41254,0
41255,1
41256,1
41257,0
41258,1
41259,0
41260,1
41261,1
41262,1
41263,0
41264,1
41265,1
41266,1
41267,1
41268,0
41269,1
41270,0
41271,1
41272,0
41273,0
41274,1
41275,1
41276,0
41277,0
41278,1
41279,1
41280,1
41281,1
41282,1
41283,1
41284,1
41285,1
41286,1
41287,0
41288,1
41289,1
41290,0
41291,1
41292,1
41293,0
41294,1
41295,0
41296,1
41297,0
41298,0
41299,0
41300,1
41301,0
41302,1
41303,0
41304,1
41305,1
41306,0
41307,0
41308,1
41309,0
41310,1
41311,0
41312,0
41313,0
41314,1
41315,1
41316,1
41317,0
41318,0
41319,0
41320,1
41321,1
41322,0
41323,0
41324,1
41325,0
41326,1
41327,1
41328,1
41329,0
41330,0
41331,0
41332,0
41333,0
41334,1
41335,1
41336,0
41337,0
41338,1
41339,0
41340,0
41341,0
41342,0
41343,0
41344,0
41345,1
41346,1
41347,1
41348,0
41349,1
41350,1
41351,0
41352,1
41353,0
41354,1
41355,0
41356,1
41357,0
41358,0
41359,1
41360,1
41361,1
41362,1
41363,0
41364,1
41365,1
41366,1
41367,1
41368,0
41369,1
41370,1
41371,1
41372,1
41373,1
41374,1
41375,1
41376,1
41377,1
41378,1
41379,1
41380,1
41381,1
41382,0
41383,1
41384,0
41385,1
41386,1
41387,0
41388,1
41389,0
41390,1
41391,0
41392,0
41393,1
41394,0
41395,0
41396,1
41397,1
41398,0
41399,1
41400,0
41401,0
41402,1
41403,1
41404,0
41405,0
41406,1
41407,1
41408,0
41409,1
41410,0
41411,1
41412,0
41413,0
41414,1
41415,0
41416,1
41417,0
41418,1
41419,1
41420,1
41421,1
41422,1
41423,1
41424,0
41425,1
41426,0
41427,0
41428,1
41429,0
41430,1
41431,1
41432,0
41433,0
41434,1
41435,1
41436,0
41437,1
41438,1
41439,0
41440,1
41441,0
41442,1
41443,1
41444,0
41445,0
41446,0
41447,0
41448,0
41449,1
41450,0
41451,1
41452,1
41453,1
41454,1
41455,0
41456,1
41457,1
41458,0
41459,1
41460,1
41461,1
41462,0
41463,1
41464,1
41465,1
41466,1
41467,0
41468,1
41469,1
41470,1
41471,0
41472,1
41473,1
41474,1
41475,1
41476,1
41477,1
41478,1
41479,0
41480,0
41481,1
41482,1
41483,0
41484,0
41485,1
41486,1
41487,1
41488,1
41489,0
41490,1
41491,1
41492,1
41493,1
41494,1
41495,0
41496,1
41497,0
41498,0
41499,1
41500,0
41501,1
41502,1
41503,0
41504,1
41505,1
41506,1
41507,0
41508,1
41509,0
41510,1
41511,0
41512,1
41513,0
41514,1
41515,1
41516,0
41517,0
41518,1
41519,1
41520,1
41521,0
41522,1
41523,1
41524,1
41525,1
41526,1
41527,1
41528,0
41529,1
41530,1
41531,1
41532,0
41533,1
41534,1
41535,0
41536,0
41537,0
41538,1
41539,1
41540,1
41541,1
41542,0
41543,1
41544,1
41545,0
41546,0
41547,0
41548,0
41549,0
41550,0
41551,1
41552,1
41553,1
41554,0
41555,1
41556,1
41557,1
41558,0
41559,0
41560,0
41561,0
41562,1
41563,0
41564,0
41565,0
41566,1
41567,1
41568,1
41569,1
41570,1
41571,1
41572,0
41573,1
41574,1
41575,0
41576,0
41577,1
41578,1
41579,1
41580,1
41581,0
41582,1
41583,1
41584,0
41585,1
41586,1
41587,0
41588,0
41589,1
41590,0
41591,1
41592,1
41593,0
41594,1
41595,0
41596,0
41597,0
41598,1
41599,1
41600,1
41601,1
41602,1
41603,0
41604,0
41605,0
41606,0
41607,1
41608,1
41609,1
41610,0
41611,1
41612,0
41613,1
41614,0
41615,1
41616,1
41617,0
41618,0
41619,1
41620,0
41621,0
41622,1
41623,1
41624,0
41625,1
41626,0
41627,0
41628,0
41629,1
41630,1
41631,0
41632,0
41633,1
41634,0
41635,0
41636,0
41637,1
41638,0
41639,1
41640,1
41641,1
41642,1
41643,0
41644,0
41645,1
41646,1
41647,1
41648,1
41649,0
41650,1
41651,1
41652,0
41653,0
41654,1
41655,1
41656,1
41657,0
41658,0
41659,0
41660,1
41661,0
41662,0
41663,0
41664,1
41665,1
41666,1
41667,1
41668,0
41669,0
41670,0
41671,1
41672,0
41673,1
41674,1
41675,0
41676,0
41677,1
41678,0
41679,0
41680,1
41681,0
41682,1
41683,1
41684,0
41685,1
41686,0
41687,0
41688,1
41689,1
41690,1
41691,0
41692,0
41693,0
41694,1
41695,0
41696,1
41697,1
41698,1
41699,1
41700,0
41701,0
41702,1
41703,1
41704,1
41705,0
41706,1
41707,1
41708,0
41709,0
41710,0
41711,1
41712,1
41713,0
41714,1
41715,0
41716,0
41717,1
41718,1
41719,1
41720,0
41721,1
41722,1
41723,1
41724,1
41725,0
41726,0
41727,0
41728,1
41729,0
41730,1
41731,1
41732,0
41733,1
41734,0
41735,1
41736,0
41737,1
41738,1
41739,0
41740,1
41741,1
41742,1
41743,1
41744,1
41745,1
41746,0
41747,1
41748,1
41749,1
41750,0
41751,0
41752,1
41753,1
41754,0
41755,1
41756,0
41757,1
41758,1
41759,1
41760,1
41761,0
41762,0
41763,1
41764,0
41765,1
41766,1
41767,1
41768,1
41769,0
41770,1
41771,0
41772,1
41773,0
41774,1
41775,0
41776,1
41777,1
41778,1
41779,1
41780,1
41781,1
41782,1
41783,1
41784,1
41785,0
41786,1
41787,0
41788,0
41789,1
41790,1
41791,1
41792,1
41793,1
41794,0
41795,1
41796,0
41797,1
41798,0
41799,1
41800,1
41801,0
41802,1
41803,0
41804,1
41805,0
41806,1
41807,0
41808,0
41809,0
41810,1
41811,0
41812,1
41813,0
41814,1
41815,0
41816,1
41817,1
41818,0
41819,1
41820,1
41821,0
41822,1
41823,1
41824,0
41825,0
41826,1
41827,1
41828,1
41829,1
41830,1
41831,0
41832,1
41833,1
41834,1
41835,1
41836,1
41837,0
41838,0
41839,0
41840,1
41841,1
41842,1
41843,0
41844,0
41845,1
41846,0
41847,1
41848,1
41849,1
41850,1
41851,0
41852,0
41853,0
41854,0
41855,0
41856,1
41857,1
41858,1
41859,1
41860,1
41861,0
41862,0
41863,1
41864,0
41865,0
41866,1
41867,0
41868,1
41869,0
41870,1
41871,0
41872,0
41873,1
41874,0
41875,0
41876,1
41877,1
41878,1
41879,0
41880,0
41881,1
41882,0
41883,0
41884,1
41885,1
41886,1
41887,1
41888,0
41889,1
41890,1
41891,0
41892,0
41893,0
41894,0
41895,1
41896,0
41897,1
41898,0
41899,1
41900,1
41901,1
41902,1
41903,1
41904,1
41905,1
41906,0
41907,1
41908,1
41909,1
41910,1
41911,0
41912,1
41913,0
41914,0
41915,1
41916,1
41917,0
41918,1
41919,1
41920,0
41921,1
41922,1
41923,1
41924,1
41925,0
41926,1
41927,0
41928,1
41929,1
41930,0
41931,0
41932,0
41933,0
41934,0
41935,0
41936,1
41937,1
41938,1
41939,0
41940,1
41941,1
41942,1
41943,0
41944,1
41945,1
41946,0
41947,0
41948,0
41949,1
41950,1
41951,0
41952,1
41953,0
41954,1
41955,0
41956,1
41957,0
41958,1
41959,1
41960,1
41961,1
41962,1
41963,1
41964,1
41965,1
41966,0
41967,0
41968,1
41969,0
41970,0
41971,1
41972,0
41973,1
41974,0
41975,1
41976,0
41977,0
41978,1
41979,0
41980,0
41981,0
41982,1
41983,1
41984,1
41985,0
41986,1
41987,0
41988,1
41989,0
41990,1
41991,1
41992,0
41993,0
41994,0
41995,1
41996,1
41997,1
41998,0
41999,1
42000,0
42001,0
42002,0
42003,0
42004,1
42005,1
42006,0
42007,1
42008,0
42009,0
42010,1
42011,1
42012,1
42013,0
42014,1
42015,1
42016,1
42017,0
42018,0
42019,1
42020,1
42021,0
42022,1
42023,0
42024,1
42025,1
42026,1
42027,0
42028,1
42029,0
42030,1
42031,0
42032,1
42033,1
42034,1
42035,1
42036,1
42037,0
42038,0
42039,0
42040,1
42041,0
42042,1
42043,0
42044,1
42045,0
42046,0
42047,0
42048,1
42049,1
42050,0
42051,0
42052,1
42053,0
42054,1
42055,0
42056,1
42057,1
42058,1
42059,1
42060,1
42061,0
42062,0
42063,0
42064,1
42065,0
42066,1
42067,0
42068,0
42069,0
42070,1
42071,1
42072,1
42073,1
42074,1
42075,1
42076,0
42077,1
42078,0
42079,0
42080,1
42081,1
42082,1
42083,0
42084,0
42085,1
42086,1
42087,0
42088,1
42089,1
42090,0
42091,0
42092,1
42093,0
42094,0
42095,1
42096,0
42097,1
42098,0
42099,1
42100,1
42101,1
42102,0
42103,0
42104,0
42105,1
42106,0
42107,0
42108,0
42109,1
42110,1
42111,1
42112,1
42113,1
42114,1
42115,0
42116,0
42117,0
42118,1
42119,1
42120,0
42121,1
42122,1
42123,0
42124,0
42125,1
42126,1
42127,1
42128,0
42129,0
42130,0
42131,1
42132,0
42133,0
42134,0
42135,1
42136,1
42137,0
42138,0
42139,0
42140,1
42141,0
42142,1
42143,1
42144,1
42145,1
42146,1
42147,1
42148,1
42149,0
42150,1
42151,1
42152,0
42153,1
42154,0
42155,1
42156,1
42157,1
42158,0
42159,1
42160,1
42161,0
42162,1
42163,1
42164,0
42165,0
42166,1
42167,0
42168,1
42169,1
42170,1
42171,1
42172,1
42173,1
42174,0
42175,1
42176,1
42177,0
42178,0
42179,1
42180,1
42181,1
42182,1
42183,1
42184,0
42185,1
42186,0
42187,1
42188,0
42189,1
42190,1
42191,0
42192,1
42193,0
42194,1
42195,0
42196,0
42197,0
42198,0
42199,0
42200,1
42201,1
42202,0
42203,0
42204,1
42205,0
42206,0
42207,0
42208,1
42209,0
42210,0
42211,1
42212,1
42213,1
42214,0
42215,0
42216,1
42217,1
42218,0
42219,0
42220,0
42221,1
42222,1
42223,0
42224,0
42225,1
42226,1
42227,0
42228,0
42229,0
42230,1
42231,0
42232,0
42233,0
42234,1
42235,0
42236,1
42237,0
42238,0
42239,0
42240,0
42241,0
42242,1
42243,0
42244,0
42245,1
42246,0
42247,1
42248,1
42249,1
42250,1
42251,1
42252,0
42253,0
42254,1
42255,0
42256,0
42257,0
42258,0
42259,1
42260,0
42261,0
42262,0
42263,1
42264,1
42265,1
42266,1
42267,0
42268,0
42269,1
42270,0
42271,0
42272,0
42273,1
42274,1
42275,0
42276,1
42277,0
42278,0
42279,1
42280,0
42281,1
42282,0
42283,0
42284,0
42285,0
42286,0
42287,1
42288,0
42289,0
42290,1
42291,0
42292,1
42293,0
42294,1
42295,1
42296,0
42297,0
42298,0
42299,1
42300,1
42301,1
42302,0
42303,1
42304,1
42305,0
42306,1
42307,0
42308,0
42309,1
42310,0
42311,0
42312,1
42313,0
42314,0
42315,0
42316,1
42317,1
42318,0
42319,1
42320,0
42321,1
42322,0
42323,1
42324,1
42325,1
42326,0
42327,1
42328,1
42329,0
42330,0
42331,1
42332,0
42333,1
42334,0
42335,0
42336,1
42337,1
42338,0
42339,0
42340,1
42341,0
42342,0
42343,0
42344,0
42345,1
42346,0
42347,1
42348,0
42349,1
42350,1
42351,0
42352,1
42353,1
42354,0
42355,1
42356,0
42357,1
42358,0
42359,1
42360,0
42361,0
42362,0
42363,1
42364,0
42365,1
42366,0
42367,1
42368,1
42369,0
42370,0
42371,0
42372,0
42373,0
42374,1
42375,1
42376,0
42377,1
42378,0
42379,1
42380,0
42381,0
42382,0
42383,0
42384,1
42385,0
42386,0
42387,1
42388,0
42389,1
42390,1
42391,0
42392,1
42393,1
42394,0
42395,1
42396,1
42397,1
42398,1
42399,0
42400,0
42401,0
42402,0
42403,1
42404,1
42405,1
42406,0
42407,1
42408,0
42409,0
42410,0
42411,1
42412,1
42413,0
42414,1
42415,0
42416,1
42417,1
42418,0
42419,1
42420,0
42421,0
42422,0
42423,0
42424,0
42425,1
42426,0
42427,1
42428,1
42429,1
42430,1
42431,1
42432,0
42433,1
42434,1
42435,1
42436,0
42437,1
42438,0
42439,1
42440,1
42441,1
42442,1
42443,1
42444,1
42445,1
42446,1
42447,0
42448,1
42449,0
42450,0
42451,0
42452,0
42453,1
42454,1
42455,0
42456,0
42457,0
42458,0
42459,1
42460,1
42461,0
42462,0
42463,1
42464,0
42465,1
42466,0
42467,1
42468,0
42469,0
42470,1
42471,0
42472,1
42473,1
42474,1
42475,0
42476,0
42477,1
42478,0
42479,1
42480,0
42481,1
42482,0
42483,0
42484,0
42485,0
42486,1
42487,0
42488,1
42489,0
42490,0
42491,1
42492,1
42493,0
42494,1
42495,1
42496,1
42497,1
42498,1
42499,0
42500,1
42501,0
42502,0
42503,1
42504,1
42505,0
42506,0
42507,1
42508,1
42509,1
42510,1
42511,1
42512,0
42513,0
42514,1
42515,0
42516,1
42517,1
42518,1
42519,1
42520,0
42521,1
42522,1
42523,1
42524,0
42525,1
42526,0
42527,1
42528,0
42529,1
42530,1
42531,0
42532,0
42533,1
42534,1
42535,0
42536,1
42537,1
42538,1
42539,0
42540,0
42541,0
42542,0
42543,0
42544,1
42545,0
42546,1
42547,0
42548,0
42549,0
42550,0
42551,1
42552,1
42553,1
42554,1
42555,0
42556,0
42557,0
42558,1
42559,1
42560,0
42561,0
42562,1
42563,0
42564,0
42565,1
42566,0
42567,1
42568,1
42569,1
42570,0
42571,1
42572,0
42573,0
42574,0
42575,0
42576,1
42577,0
42578,1
42579,1
42580,0
42581,1
42582,0
42583,1
42584,1
42585,1
42586,1
42587,0
42588,1
42589,0
42590,1
42591,0
42592,0
42593,1
42594,1
42595,1
42596,0
42597,0
42598,0
42599,0
42600,1
42601,1
42602,1
42603,1
42604,1
42605,1
42606,1
42607,1
42608,0
42609,1
42610,1
42611,1
42612,0
42613,0
42614,0
42615,0
42616,0
42617,1
42618,0
42619,1
42620,1
42621,1
42622,1
42623,1
42624,1
42625,1
42626,0
42627,0
42628,0
42629,0
42630,1
42631,0
42632,1
42633,1
42634,0
42635,1
42636,1
42637,1
42638,0
42639,0
42640,0
42641,1
42642,1
42643,1
42644,1
42645,0
42646,0
42647,1
42648,0
42649,1
42650,1
42651,1
42652,0
42653,0
42654,1
42655,1
42656,0
42657,1
42658,0
42659,1
42660,1
42661,1
42662,0
42663,1
42664,0
42665,0
42666,0
42667,0
42668,0
42669,0
42670,0
42671,1
42672,1
42673,1
42674,1
42675,1
42676,1
42677,1
42678,1
42679,1
42680,1
42681,0
42682,1
42683,1
42684,1
42685,1
42686,1
42687,0
42688,1
42689,0
42690,0
42691,1
42692,1
42693,0
42694,1
42695,1
42696,0
42697,0
42698,0
42699,1
42700,1
42701,0
42702,1
42703,1
42704,1
42705,0
42706,0
42707,0
42708,1
42709,0
42710,0
42711,1
42712,1
42713,1
42714,0
42715,1
42716,1
42717,0
42718,0
42719,0
42720,0
42721,1
42722,0
42723,1
42724,0
42725,0
42726,1
42727,0
42728,0
42729,1
42730,1
42731,0
42732,1
42733,0
42734,0
42735,1
42736,1
42737,1
42738,1
42739,1
42740,1
42741,1
42742,1
42743,0
42744,1
42745,0
42746,0
42747,0
42748,0
42749,1
42750,1
42751,0
42752,1
42753,1
42754,1
42755,1
42756,0
42757,1
42758,1
42759,0
42760,0
42761,0
42762,0
42763,0
42764,1
42765,0
42766,1
42767,1
42768,1
42769,1
42770,1
42771,0
42772,1
42773,0
42774,1
42775,0
42776,0
42777,1
42778,0
42779,0
42780,0
42781,0
42782,0
42783,1
42784,0
42785,0
42786,0
42787,0
42788,0
42789,0
42790,1
42791,0
42792,1
42793,1
42794,0
42795,1
42796,1
42797,1
42798,1
42799,1
42800,0
42801,1
42802,0
42803,1
42804,0
42805,0
42806,0
42807,0
42808,0
42809,0
42810,1
42811,1
42812,0
42813,1
42814,1
42815,0
42816,1
42817,1
42818,1
42819,0
42820,0
42821,1
42822,0
42823,1
42824,1
42825,1
42826,0
42827,0
42828,0
42829,0
42830,0
42831,1
42832,0
42833,0
42834,1
42835,1
42836,1
42837,1
42838,0
42839,1
42840,0
42841,1
42842,1
42843,1
42844,0
42845,1
42846,0
42847,0
42848,1
42849,0
42850,1
42851,0
42852,1
42853,0
42854,0
42855,0
42856,0
42857,0
42858,1
42859,0
42860,1
42861,0
42862,0
42863,1
42864,0
42865,0
42866,1
42867,0
42868,1
42869,1
42870,0
42871,1
42872,0
42873,1
42874,0
42875,0
42876,1
42877,1
42878,1
42879,0
42880,1
42881,1
42882,1
42883,1
42884,0
42885,1
42886,0
42887,1
42888,0
42889,1
42890,1
42891,1
42892,0
42893,1
42894,1
42895,1
42896,1
42897,1
42898,1
42899,0
42900,1
42901,0
42902,0
42903,0
42904,0
42905,1
42906,1
42907,0
42908,0
42909,1
42910,0
42911,0
42912,1
42913,1
42914,1
42915,0
42916,0
42917,0
42918,1
42919,0
42920,0
42921,1
42922,1
42923,0
42924,0
42925,0
42926,1
42927,0
42928,1
42929,1
42930,1
42931,0
42932,1
42933,1
42934,0
42935,0
42936,0
42937,1
42938,0
42939,1
42940,1
42941,1
42942,1
42943,1
42944,1
42945,0
42946,0
42947,1
42948,0
42949,1
42950,0
42951,1
42952,0
42953,1
42954,1
42955,0
42956,0
42957,0
42958,0
42959,1
42960,0
42961,1
42962,0
42963,1
42964,0
42965,0
42966,1
42967,1
42968,0
42969,1
42970,1
42971,1
42972,1
42973,1
42974,0
42975,1
42976,0
42977,1
42978,1
42979,0
42980,1
42981,1
42982,1
42983,1
42984,1
42985,1
42986,0
42987,0
42988,0
42989,0
42990,1
42991,0
42992,0
42993,1
42994,0
42995,0
42996,0
42997,0
42998,1
42999,0
43000,1
43001,0
43002,1
43003,0
43004,0
43005,0
43006,0
43007,1
43008,0
43009,1
43010,0
43011,0
43012,1
43013,1
43014,0
43015,0
43016,0
43017,0
43018,0
43019,0
43020,1
43021,1
43022,0
43023,0
43024,1
43025,0
43026,1
43027,1
43028,0
43029,0
43030,1
43031,0
43032,0
43033,0
43034,0
43035,1
43036,1
43037,0
43038,0
43039,0
43040,1
43041,1
43042,0
43043,0
43044,0
43045,1
43046,0
43047,0
43048,1
43049,1
43050,0
43051,1
43052,0
43053,1
43054,0
43055,0
43056,1
43057,0
43058,1
43059,1
43060,1
43061,0
43062,1
43063,1
43064,0
43065,1
43066,0
43067,0
43068,1
43069,0
43070,1
43071,1
43072,1
43073,0
43074,0
43075,0
43076,0
43077,0
43078,1
43079,0
43080,0
43081,1
43082,1
43083,1
43084,0
43085,1
43086,0
43087,0
43088,1
43089,0
43090,1
43091,0
43092,0
43093,1
43094,0
43095,0
43096,0
43097,0
43098,0
43099,0
43100,1
43101,1
43102,1
43103,1
43104,1
43105,1
43106,1
43107,1
43108,1
43109,0
43110,1
43111,1
43112,1
43113,0
43114,1
43115,0
43116,1
43117,1
43118,0
43119,0
43120,0
43121,0
43122,1
43123,1
43124,0
43125,1
43126,0
43127,0
43128,0
43129,0
43130,1
43131,0
43132,0
43133,1
43134,1
43135,1
43136,0
43137,1
43138,1
43139,1
43140,1
43141,0
43142,0
43143,0
43144,1
43145,1
43146,1
43147,1
43148,0
43149,1
43150,0
43151,1
43152,1
43153,1
43154,0
43155,0
43156,0
43157,1
43158,0
43159,1
43160,1
43161,1
43162,0
43163,0
43164,0
43165,1
43166,0
43167,1
43168,0
43169,1
43170,0
43171,0
43172,0
43173,1
43174,0
43175,1
43176,1
43177,1
43178,1
43179,0
43180,1
43181,1
43182,1
43183,0
43184,1
43185,1
43186,0
43187,1
43188,0
43189,1
43190,1
43191,0
43192,1
43193,0
43194,1
43195,1
43196,1
43197,1
43198,1
43199,0
43200,1
43201,0
43202,0
43203,0
43204,1
43205,1
43206,0
43207,0
43208,1
43209,1
43210,1
43211,0
43212,0
43213,0
43214,0
43215,1
43216,1
43217,1
43218,1
43219,0
43220,1
43221,1
43222,1
43223,0
43224,0
43225,1
43226,1
43227,0
43228,0
43229,1
43230,1
43231,1
43232,1
43233,1
43234,1
43235,0
43236,0
43237,1
43238,0
43239,1
43240,1
43241,0
43242,0
43243,1
43244,1
43245,1
43246,0
43247,0
43248,1
43249,1
43250,0
43251,1
43252,0
43253,1
43254,1
43255,1
43256,0
43257,1
43258,0
43259,1
43260,0
43261,0
43262,0
43263,1
43264,0
43265,0
43266,0
43267,1
43268,1
43269,1
43270,0
43271,0
43272,1
43273,0
43274,0
43275,1
43276,1
43277,0
43278,1
43279,1
43280,1
43281,1
43282,1
43283,0
43284,1
43285,1
43286,1
43287,0
43288,0
43289,0
43290,0
43291,1
43292,0
43293,0
43294,0
43295,0
43296,0
43297,0
43298,1
43299,1
43300,0
43301,1
43302,1
43303,1
43304,1
43305,0
43306,1
43307,1
43308,1
43309,0
43310,0
43311,1
43312,1
43313,1
43314,0
43315,1
43316,1
43317,1
43318,0
43319,0
43320,1
43321,0
43322,0
43323,1
43324,1
43325,0
43326,1
43327,0
43328,1
43329,1
43330,0
43331,1
43332,1
43333,0
43334,0
43335,1
43336,1
43337,0
43338,0
43339,1
43340,1
43341,1
43342,0
43343,1
43344,0
43345,0
43346,1
43347,1
43348,0
43349,1
43350,1
43351,0
43352,0
43353,0
43354,1
43355,1
43356,0
43357,0
43358,0
43359,1
43360,1
43361,0
43362,0
43363,0
43364,0
43365,0
43366,1
43367,1
43368,1
43369,0
43370,1
43371,1
43372,0
43373,1
43374,0
43375,1
43376,1
43377,1
43378,1
43379,0
43380,0
43381,0
43382,1
43383,0
43384,1
43385,1
43386,1
43387,1
43388,1
43389,0
43390,0
43391,1
43392,1
43393,0
43394,0
43395,0
43396,0
43397,1
43398,1
43399,1
43400,0
43401,1
43402,0
43403,1
43404,0
43405,1
43406,1
43407,1
43408,0
43409,0
43410,1
43411,0
43412,1
43413,0
43414,0
43415,0
43416,0
43417,0
43418,0
43419,1
43420,0
43421,0
43422,0
43423,0
43424,1
43425,0
43426,1
43427,0
43428,0
43429,1
43430,0
43431,1
43432,0
43433,0
43434,1
43435,1
43436,1
43437,1
43438,0
43439,0
43440,0
43441,0
43442,1
43443,1
43444,0
43445,0
43446,1
43447,1
43448,0
43449,1
43450,0
43451,0
43452,1
43453,0
43454,1
43455,1
43456,1
43457,0
43458,0
43459,1
43460,0
43461,0
43462,1
43463,0
43464,1
43465,1
43466,1
43467,1
43468,0
43469,1
43470,0
43471,1
43472,0
43473,1
43474,0
43475,0
43476,1
43477,1
43478,0
43479,1
43480,0
43481,1
43482,0
43483,1
43484,1
43485,1
43486,1
43487,1
43488,0
43489,0
43490,1
43491,1
43492,0
43493,0
43494,1
43495,0
43496,1
43497,0
43498,1
43499,1
43500,0
43501,1
43502,1
43503,1
43504,1
43505,0
43506,1
43507,1
43508,1
43509,0
43510,0
43511,1
43512,0
43513,1
43514,0
43515,0
43516,1
43517,1
43518,0
43519,1
43520,1
43521,1
43522,1
43523,1
43524,0
43525,1
43526,0
43527,0
43528,0
43529,1
43530,0
43531,1
43532,1
43533,0
43534,1
43535,0
43536,1
43537,1
43538,1
43539,0
43540,0
43541,1
43542,0
43543,0
43544,0
43545,1
43546,1
43547,1
43548,1
43549,1
43550,1
43551,1
43552,1
43553,0
43554,0
43555,0
43556,1
43557,0
43558,1
43559,1
43560,0
43561,1
43562,0
43563,1
43564,0
43565,1
43566,1
43567,0
43568,1
43569,1
43570,0
43571,0
43572,1
43573,1
43574,1
43575,1
43576,1
43577,0
43578,1
43579,1
43580,0
43581,1
43582,1
43583,0
43584,1
43585,1
43586,1
43587,1
43588,1
43589,1
43590,0
43591,0
43592,1
43593,0
43594,0
43595,0
43596,1
43597,0
43598,1
43599,0
43600,0
43601,1
43602,0
43603,1
43604,1
43605,1
43606,0
43607,0
43608,1
43609,1
43610,1
43611,1
43612,1
43613,1
43614,1
43615,0
43616,0
43617,0
43618,1
43619,1
43620,1
43621,0
43622,0
43623,0
43624,1
43625,0
43626,0
43627,1
43628,1
43629,1
43630,0
43631,1
43632,1
43633,1
43634,1
43635,1
43636,0
43637,1
43638,1
43639,0
43640,1
43641,0
43642,1
43643,0
43644,1
43645,1
43646,1
43647,0
43648,0
43649,1
43650,1
43651,1
43652,1
43653,0
43654,0
43655,0
43656,0
43657,1
43658,1
43659,0
43660,1
43661,1
43662,1
43663,1
43664,1
43665,0
43666,1
43667,0
43668,1
43669,1
43670,1
43671,1
43672,1
43673,1
43674,1
43675,0
43676,1
43677,0
43678,0
43679,0
43680,1
43681,0
43682,0
43683,0
43684,0
43685,1
43686,0
43687,0
43688,0
43689,1
43690,0
43691,0
43692,1
43693,1
43694,0
43695,0
43696,1
43697,1
43698,1
43699,1
43700,1
43701,0
43702,0
43703,0
43704,1
43705,1
43706,0
43707,1
43708,0
43709,1
43710,1
43711,0
43712,1
43713,0
43714,1
43715,1
43716,1
43717,1
43718,0
43719,0
43720,1
43721,1
43722,0
43723,1
43724,0
43725,0
43726,1
43727,0
43728,1
43729,0
43730,1
43731,0
43732,1
43733,1
43734,1
43735,1
43736,1
43737,1
43738,1
43739,0
43740,1
43741,0
43742,1
43743,1
43744,0
43745,1
43746,0
43747,1
43748,1
43749,0
43750,0
43751,0
43752,1
43753,1
43754,1
43755,1
43756,1
43757,0
43758,1
43759,1
43760,0
43761,0
43762,1
43763,0
43764,1
43765,1
43766,0
43767,1
43768,1
43769,0
43770,0
43771,0
43772,1
43773,1
43774,1
43775,1
43776,0
43777,1
43778,1
43779,1
43780,1
43781,0
43782,0
43783,1
43784,0
43785,0
43786,1
43787,1
43788,0
43789,1
43790,0
43791,1
43792,0
43793,0
43794,0
43795,0
43796,1
43797,0
43798,0
43799,0
43800,1
43801,1
43802,1
43803,0
43804,1
43805,1
43806,1
43807,1
43808,0
43809,0
43810,1
43811,1
43812,1
43813,0
43814,1
43815,1
43816,0
43817,0
43818,0
43819,1
43820,1
43821,0
43822,1
43823,1
43824,1
43825,1
43826,1
43827,0
43828,0
43829,1
43830,0
43831,1
43832,0
43833,0
43834,1
43835,1
43836,1
43837,1
43838,1
43839,1
43840,1
43841,0
43842,1
43843,1
43844,0
43845,1
43846,1
43847,1
43848,1
43849,0
43850,0
43851,1
43852,0
43853,1
43854,1
43855,1
43856,1
43857,0
43858,0
43859,0
43860,0
43861,1
43862,0
43863,1
43864,1
43865,1
43866,1
43867,1
43868,0
43869,0
43870,1
43871,0
43872,1
43873,0
43874,1
43875,1
43876,0
43877,0
43878,0
43879,0
43880,1
43881,0
43882,1
43883,1
43884,1
43885,1
43886,0
43887,1
43888,1
43889,0
43890,0
43891,1
43892,1
43893,0
43894,0
43895,1
43896,1
43897,0
43898,0
43899,1
43900,0
43901,1
43902,1
43903,1
43904,1
43905,1
43906,1
43907,0
43908,1
43909,1
43910,0
43911,1
43912,1
43913,1
43914,0
43915,0
43916,1
43917,0
43918,0
43919,1
43920,1
43921,0
43922,1
43923,0
43924,0
43925,0
43926,1
43927,0
43928,1
43929,1
43930,0
43931,1
43932,0
43933,0
43934,1
43935,1
43936,1
43937,1
43938,1
43939,0
43940,0
43941,0
43942,0
43943,0
43944,1
43945,1
43946,1
43947,1
43948,1
43949,0
43950,0
43951,0
43952,1
43953,0
43954,1
43955,1
43956,1
43957,0
43958,0
43959,1
43960,0
43961,0
43962,0
43963,1
43964,1
43965,0
43966,1
43967,1
43968,1
43969,0
43970,0
43971,0
43972,1
43973,1
43974,0
43975,1
43976,1
43977,1
43978,0
43979,1
43980,1
43981,0
43982,0
43983,0
43984,1
43985,0
43986,1
43987,1
43988,1
43989,0
43990,0
43991,0
43992,0
43993,1
43994,1
43995,0
43996,1
43997,1
43998,0
43999,1
44000,0
44001,0
44002,0
44003,1
44004,1
44005,1
44006,1
44007,0
44008,0
44009,0
44010,1
44011,1
44012,1
44013,1
44014,0
44015,0
44016,0
44017,0
44018,1
44019,1
44020,0
44021,1
44022,0
44023,1
44024,1
44025,1
44026,1
44027,0
44028,0
44029,1
44030,1
44031,1
44032,1
44033,1
44034,0
44035,1
44036,0
44037,1
44038,1
44039,0
44040,0
44041,1
44042,1
44043,1
44044,0
44045,1
44046,1
44047,0
44048,0
44049,0
44050,1
44051,0
44052,1
44053,0
44054,1
44055,1
44056,0
44057,0
44058,1
44059,0
44060,0
44061,0
44062,1
44063,0
44064,1
44065,0
44066,1
44067,0
44068,1
44069,0
44070,0
44071,1
44072,1
44073,1
44074,0
44075,0
44076,0
44077,0
44078,1
44079,0
44080,0
44081,1
44082,1
44083,1
44084,1
44085,0
44086,0
44087,0
44088,1
44089,0
44090,0
44091,1
44092,0
44093,1
44094,1
44095,1
44096,0
44097,0
44098,0
44099,0
44100,0
44101,1
44102,1
44103,1
44104,1
44105,0
44106,1
44107,1
44108,0
44109,0
44110,0
44111,0
44112,0
44113,1
44114,1
44115,0
44116,1
44117,1
44118,1
44119,1
44120,0
44121,0
44122,1
44123,1
44124,0
44125,0
44126,1
44127,0
44128,1
44129,1
44130,0
44131,0
44132,1
44133,0
44134,1
44135,1
44136,0
44137,1
44138,1
44139,1
44140,0
44141,0
44142,1
44143,1
44144,0
44145,0
44146,1
44147,1
44148,1
44149,0
44150,1
44151,0
44152,1
44153,0
44154,0
44155,0
44156,1
44157,0
44158,1
44159,1
44160,1
44161,0
44162,1
44163,1
44164,0
44165,0
44166,0
44167,1
44168,1
44169,1
44170,1
44171,1
44172,1
44173,1
44174,0
44175,1
44176,0
44177,0
44178,0
44179,0
44180,0
44181,1
44182,0
44183,0
44184,1
44185,1
44186,1
44187,0
44188,1
44189,0
44190,0
44191,0
44192,0
44193,1
44194,0
44195,1
44196,0
44197,0
44198,1
44199,0
44200,1
44201,1
44202,1
44203,1
44204,1
44205,0
44206,1
44207,1
44208,0
44209,0
44210,1
44211,1
44212,1
44213,1
44214,1
44215,0
44216,0
44217,1
44218,0
44219,1
44220,1
44221,0
44222,0
44223,0
44224,0
44225,0
44226,1
44227,0
44228,1
44229,0
44230,1
44231,0
44232,0
44233,1
44234,0
44235,0
44236,0
44237,1
44238,1
44239,0
44240,0
44241,1
44242,1
44243,0
44244,1
44245,0
44246,0
44247,1
44248,0
44249,0
44250,0
44251,1
44252,0
44253,1
44254,1
44255,1
44256,1
44257,0
44258,1
44259,0
44260,1
44261,1
44262,0
44263,0
44264,1
44265,0
44266,1
44267,1
44268,0
44269,1
44270,1
44271,1
44272,0
44273,0
44274,1
44275,1
44276,0
44277,1
44278,1
44279,1
44280,1
44281,0
44282,1
44283,0
44284,1
44285,1
44286,1
44287,1
44288,1
44289,0
44290,0
44291,1
44292,0
44293,1
44294,1
44295,1
44296,1
44297,0
44298,1
44299,1
44300,1
44301,1
44302,1
44303,1
44304,1
44305,0
44306,1
44307,0
44308,1
44309,0
44310,0
44311,0
44312,0
44313,0
44314,0
44315,0
44316,0
44317,0
44318,0
44319,1
44320,1
44321,0
44322,0
44323,0
44324,0
44325,0
44326,0
44327,1
44328,0
44329,1
44330,0
44331,0
44332,1
44333,1
44334,0
44335,1
44336,0
44337,0
44338,1
44339,0
44340,1
44341,1
44342,0
44343,1
44344,0
44345,0
44346,0
44347,1
44348,1
44349,1
44350,0
44351,0
44352,1
44353,1
44354,0
44355,0
44356,0
44357,0
44358,0
44359,1
44360,0
44361,0
44362,0
44363,0
44364,1
44365,0
44366,1
44367,1
44368,0
44369,1
44370,1
44371,0
44372,1
44373,0
44374,0
44375,1
44376,0
44377,0
44378,0
44379,1
44380,0
44381,0
44382,0
44383,1
44384,0
44385,1
44386,0
44387,1
44388,0
44389,1
44390,0
44391,0
44392,1
44393,0
44394,1
44395,0
44396,1
44397,1
44398,1
44399,0
44400,1
44401,1
44402,0
44403,0
44404,1
44405,1
44406,1
44407,1
44408,1
44409,0
44410,0
44411,0
44412,1
44413,0
44414,0
44415,0
44416,0
44417,1
44418,1
44419,0
44420,1
44421,0
44422,1
44423,1
44424,0
44425,0
44426,1
44427,0
44428,1
44429,1
44430,1
44431,0
44432,0
44433,1
44434,0
44435,1
44436,0
44437,1
44438,0
44439,0
44440,0
44441,0
44442,1
44443,0
44444,0
44445,0
44446,1
44447,1
44448,1
44449,1
44450,1
44451,1
44452,0
44453,1
44454,1
44455,1
44456,1
44457,0
44458,1
44459,1
44460,1
44461,0
44462,0
44463,1
44464,0
44465,1
44466,1
44467,1
44468,1
44469,1
44470,0
44471,0
44472,0
44473,0
44474,1
44475,1
44476,0
44477,1
44478,1
44479,1
44480,0
44481,1
44482,1
44483,1
44484,1
44485,0
44486,1
44487,0
44488,1
44489,0
44490,1
44491,1
44492,0
44493,1
44494,1
44495,0
44496,1
44497,1
44498,1
44499,0
44500,0
44501,0
44502,0
44503,0
44504,0
44505,0
44506,1
44507,1
44508,1
44509,0
44510,0
44511,1
44512,0
44513,1
44514,1
44515,0
44516,0
44517,0
44518,0
44519,1
44520,0
44521,1
44522,1
44523,0
44524,1
44525,1
44526,1
44527,0
44528,1
44529,0
44530,0
44531,0
44532,0
44533,1
44534,1
44535,0
44536,0
44537,0
44538,0
44539,1
44540,0
44541,1
44542,1
44543,0
44544,0
44545,0
44546,1
44547,1
44548,1
44549,1
44550,1
44551,0
44552,1
44553,1
44554,0
44555,1
44556,0
44557,0
44558,1
44559,0
44560,1
44561,1
44562,0
44563,0
44564,0
44565,1
44566,1
44567,1
44568,1
44569,0
44570,0
44571,0
44572,1
44573,0
44574,1
44575,1
44576,1
44577,1
44578,1
44579,1
44580,1
44581,1
44582,1
44583,1
44584,0
44585,0
44586,0
44587,0
44588,0
44589,0
44590,0
44591,0
44592,1
44593,0
44594,1
44595,1
44596,1
44597,0
44598,1
44599,0
44600,0
44601,0
44602,1
44603,1
44604,0
44605,1
44606,0
44607,0
44608,0
44609,1
44610,1
44611,1
44612,1
44613,0
44614,1
44615,1
44616,0
44617,0
44618,0
44619,1
44620,1
44621,0
44622,1
44623,0
44624,0
44625,0
44626,1
44627,0
44628,0
44629,1
44630,0
44631,1
44632,0
44633,1
44634,0
44635,1
44636,0
44637,1
44638,1
44639,1
44640,1
44641,0
44642,0
44643,0
44644,0
44645,0
44646,1
44647,1
44648,1
44649,0
44650,0
44651,1
44652,1
44653,1
44654,0
44655,1
44656,0
44657,0
44658,1
44659,1
44660,0
44661,0
44662,0
44663,0
44664,0
44665,1
44666,0
44667,1
44668,1
44669,1
44670,1
44671,1
44672,1
44673,1
44674,1
44675,0
44676,0
44677,0
44678,0
44679,1
44680,0
44681,1
44682,0
44683,1
44684,0
44685,1
44686,0
44687,0
44688,0
44689,0
44690,1
44691,0
44692,1
44693,1
44694,0
44695,1
44696,0
44697,1
44698,0
44699,1
44700,0
44701,0
44702,0
44703,0
44704,1
44705,1
44706,1
44707,0
44708,1
44709,0
44710,1
44711,1
44712,0
44713,0
44714,0
44715,1
44716,0
44717,1
44718,1
44719,1
44720,0
44721,1
44722,0
44723,0
44724,0
44725,1
44726,1
44727,1
44728,1
44729,1
44730,1
44731,1
44732,1
44733,1
44734,1
44735,1
44736,0
44737,1
44738,1
44739,1
44740,1
44741,1
44742,1
44743,0
44744,0
44745,1
44746,1
44747,0
44748,0
44749,1
44750,0
44751,1
44752,1
44753,1
44754,0
44755,0
44756,1
44757,1
44758,1
44759,0
44760,0
44761,1
44762,0
44763,0
44764,0
44765,0
44766,0
44767,1
44768,1
44769,1
44770,1
44771,1
44772,1
44773,0
44774,0
44775,0
44776,0
44777,0
44778,1
44779,0
44780,0
44781,0
44782,0
44783,1
44784,0
44785,0
44786,0
44787,1
44788,1
44789,1
44790,1
44791,1
44792,1
44793,0
44794,0
44795,1
44796,0
44797,0
44798,1
44799,0
44800,1
44801,0
44802,1
44803,1
44804,1
44805,1
44806,1
44807,1
44808,0
44809,1
44810,0
44811,0
44812,1
44813,1
44814,1
44815,1
44816,0
44817,0
44818,1
44819,0
44820,1
44821,1
44822,0
44823,1
44824,0
44825,1
44826,1
44827,0
44828,1
44829,1
44830,1
44831,1
44832,1
44833,1
44834,1
44835,0
44836,0
44837,0
44838,1
44839,1
44840,1
44841,1
44842,0
44843,0
44844,0
44845,1
44846,0
44847,0
44848,0
44849,1
44850,1
44851,0
44852,0
44853,1
44854,1
44855,0
44856,1
44857,0
44858,0
44859,1
44860,0
44861,0
44862,0
44863,1
44864,1
44865,1
44866,1
44867,1
44868,1
44869,1
44870,1
44871,1
44872,1
44873,0
44874,1
44875,1
44876,0
44877,1
44878,1
44879,1
44880,0
44881,1
44882,1
44883,0
44884,0
44885,0
44886,0
44887,0
44888,0
44889,1
44890,1
44891,1
44892,1
44893,0
44894,1
44895,0
44896,0
44897,1
44898,1
44899,1
44900,1
44901,1
44902,1
44903,0
44904,0
44905,0
44906,0
44907,1
44908,0
44909,1
44910,1
44911,0
44912,1
44913,0
44914,1
44915,0
44916,0
44917,0
44918,1
44919,1
44920,0
44921,0
44922,0
44923,1
44924,0
44925,1
44926,1
44927,1
44928,1
44929,0
44930,1
44931,0
44932,1
44933,1
44934,0
44935,1
44936,0
44937,1
44938,1
44939,1
44940,0
44941,1
44942,1
44943,1
44944,0
44945,0
44946,1
44947,0
44948,0
44949,1
44950,1
44951,1
44952,0
44953,1
44954,1
44955,0
44956,1
44957,1
44958,0
44959,1
44960,0
44961,0
44962,0
44963,1
44964,0
44965,1
44966,0
44967,1
44968,0
44969,1
44970,0
44971,1
44972,1
44973,1
44974,1
44975,1
44976,1
44977,0
44978,0
44979,0
44980,1
44981,1
44982,0
44983,1
44984,1
44985,0
44986,1
44987,1
44988,0
44989,1
44990,0
44991,0
44992,1
44993,1
44994,0
44995,1
44996,1
44997,0
44998,0
44999,0
45000,1
45001,1
45002,1
45003,0
45004,1
45005,0
45006,1
45007,1
45008,1
45009,0
45010,0
45011,0
45012,1
45013,0
45014,0
45015,0
45016,0
45017,0
45018,1
45019,0
45020,0
45021,1
45022,0
45023,0
45024,0
45025,1
45026,1
45027,1
45028,0
45029,0
45030,1
45031,1
45032,1
45033,1
45034,0
45035,1
45036,1
45037,1
45038,1
45039,0
45040,1
45041,0
45042,1
45043,1
45044,1
45045,0
45046,0
45047,0
45048,0
45049,0
45050,0
45051,1
45052,0
45053,1
45054,0
45055,0
45056,1
45057,1
45058,0
45059,0
45060,0
45061,0
45062,0
45063,1
45064,1
45065,0
45066,1
45067,1
45068,0
45069,1
45070,1
45071,1
45072,0
45073,0
45074,1
45075,0
45076,0
45077,0
45078,0
45079,0
45080,1
45081,1
45082,1
45083,0
45084,0
45085,1
45086,0
45087,0
45088,0
45089,0
45090,0
45091,1
45092,0
45093,1
45094,1
45095,1
45096,0
45097,0
45098,1
45099,1
45100,0
45101,1
45102,0
45103,1
45104,1
45105,1
45106,0
45107,1
45108,1
45109,0
45110,1
45111,1
45112,0
45113,0
45114,1
45115,1
45116,0
45117,0
45118,1
45119,1
45120,0
45121,1
45122,1
45123,1
45124,0
45125,1
45126,0
45127,0
45128,1
45129,1
45130,0
45131,0
45132,1
45133,1
45134,1
45135,0
45136,0
45137,0
45138,1
45139,0
45140,1
45141,0
45142,1
45143,1
45144,0
45145,1
45146,1
45147,1
45148,1
45149,0
45150,0
45151,1
45152,1
45153,1
45154,0
45155,0
45156,0
45157,1
45158,1
45159,0
45160,0
45161,1
45162,1
45163,1
45164,1
45165,1
45166,1
45167,1
45168,0
45169,0
45170,0
45171,1
45172,0
45173,1
45174,1
45175,0
45176,0
45177,1
45178,1
45179,0
45180,1
45181,1
45182,1
45183,0
45184,1
45185,1
45186,0
45187,0
45188,0
45189,1
45190,1
45191,1
45192,0
45193,1
45194,1
45195,1
45196,1
45197,1
45198,0
45199,0
45200,1
45201,0
45202,1
45203,1
45204,1
45205,1
45206,0
45207,0
45208,1
45209,0
45210,0
45211,0
45212,0
45213,0
45214,1
45215,1
45216,1
45217,1
45218,0
45219,0
45220,0
45221,0
45222,1
45223,1
45224,1
45225,0
45226,1
45227,0
45228,1
45229,1
45230,0
45231,0
45232,1
45233,1
45234,1
45235,0
45236,1
45237,0
45238,1
45239,1
45240,0
45241,0
45242,1
45243,1
45244,1
45245,0
45246,1
45247,0
45248,1
45249,1
45250,1
45251,0
45252,1
45253,1
45254,0
45255,0
45256,1
45257,0
45258,1
45259,1
45260,0
45261,0
45262,1
45263,0
45264,1
45265,0
45266,1
45267,1
45268,1
45269,0
45270,1
45271,1
45272,0
45273,0
45274,1
45275,0
45276,1
45277,0
45278,0
45279,0
45280,0
45281,0
45282,0
45283,0
45284,0
45285,0
45286,1
45287,0
45288,0
45289,1
45290,1
45291,0
45292,0
45293,1
45294,1
45295,0
45296,0
45297,1
45298,1
45299,1
45300,1
45301,1
45302,1
45303,1
45304,1
45305,1
45306,0
45307,0
45308,1
45309,1
45310,0
45311,0
45312,1
45313,1
45314,0
45315,1
45316,0
45317,1
45318,1
45319,0
45320,0
45321,1
45322,1
45323,1
45324,1
45325,0
45326,0
45327,1
45328,0
45329,0
45330,1
45331,1
45332,1
45333,0
45334,0
45335,1
45336,0
45337,0
45338,1
45339,0
45340,0
45341,0
45342,0
45343,1
45344,1
45345,0
45346,1
45347,0
45348,1
45349,1
45350,1
45351,0
45352,1
45353,0
45354,1
45355,0
45356,0
45357,0
45358,1
45359,0
45360,0
45361,1
45362,0
45363,1
45364,0
45365,1
45366,1
45367,0
45368,0
45369,0
45370,0
45371,1
45372,1
45373,1
45374,0
45375,0
45376,0
45377,1
45378,0
45379,1
45380,1
45381,0
45382,1
45383,0
45384,1
45385,0
45386,0
45387,0
45388,0
45389,1
45390,1
45391,1
45392,1
45393,0
45394,0
45395,1
45396,0
45397,1
45398,0
45399,0
45400,1
45401,0
45402,1
45403,1
45404,1
45405,1
45406,1
45407,0
45408,0
45409,0
45410,1
45411,0
45412,0
45413,1
45414,0
45415,1
45416,1
45417,0
45418,1
45419,1
45420,0
45421,0
45422,0
45423,1
45424,0
45425,0
45426,1
45427,1
45428,0
45429,1
45430,0
45431,0
45432,1
45433,0
45434,1
45435,1
45436,0
45437,1
45438,1
45439,1
45440,0
45441,1
45442,1
45443,0
45444,0
45445,1
45446,0
45447,1
45448,0
45449,1
45450,1
45451,0
45452,0
45453,1
45454,0
45455,1
45456,0
45457,0
45458,0
45459,1
45460,1
45461,1
45462,0
45463,0
45464,1
45465,0
45466,0
45467,0
45468,1
45469,1
45470,1
45471,1
45472,1
45473,1
45474,1
45475,1
45476,1
45477,1
45478,1
45479,0
45480,0
45481,0
45482,0
45483,1
45484,0
45485,0
45486,1
45487,0
45488,0
45489,0
45490,1
45491,0
45492,0
45493,1
45494,1
45495,0
45496,1
45497,0
45498,0
45499,0
45500,0
45501,1
45502,0
45503,1
45504,1
45505,0
45506,0
45507,0
45508,1
45509,1
45510,1
45511,1
45512,0
45513,1
45514,0
45515,1
45516,0
45517,1
45518,1
45519,0
45520,1
45521,0
45522,0
45523,1
45524,0
45525,1
45526,1
45527,0
45528,0
45529,0
45530,0
45531,1
45532,1
45533,1
45534,1
45535,1
45536,1
45537,0
45538,1
45539,0
45540,1
45541,1
45542,1
45543,0
45544,1
45545,0
45546,1
45547,1
45548,0
45549,0
45550,0
45551,0
45552,0
45553,0
45554,1
45555,0
45556,1
45557,0
45558,0
45559,1
45560,0
45561,1
45562,1
45563,1
45564,1
45565,0
45566,1
45567,0
45568,1
45569,1
45570,0
45571,1
45572,0
45573,1
45574,1
45575,1
45576,0
45577,1
45578,1
45579,1
45580,0
45581,0
45582,1
45583,0
45584,0
45585,1
45586,0
45587,1
45588,0
45589,1
45590,1
45591,0
45592,1
45593,0
45594,1
45595,0
45596,1
45597,1
45598,0
45599,0
45600,1
45601,0
45602,0
45603,0
45604,0
45605,1
45606,0
45607,0
45608,0
45609,1
45610,1
45611,0
45612,1
45613,1
45614,0
45615,1
45616,1
45617,0
45618,1
45619,1
45620,1
45621,0
45622,1
45623,0
45624,1
45625,1
45626,1
45627,0
45628,0
45629,0
45630,1
45631,1
45632,0
45633,0
45634,0
45635,1
45636,1
45637,0
45638,1
45639,1
45640,1
45641,0
45642,1
45643,1
45644,0
45645,0
45646,0
45647,1
45648,0
45649,1
45650,1
45651,0
45652,1
45653,1
45654,1
45655,1
45656,1
45657,0
45658,1
45659,1
45660,1
45661,0
45662,0
45663,0
45664,0
45665,0
45666,0
45667,1
45668,1
45669,0
45670,0
45671,1
45672,0
45673,0
45674,1
45675,1
45676,0
45677,1
45678,1
45679,0
45680,1
45681,1
45682,0
45683,1
45684,1
45685,0
45686,1
45687,1
45688,1
45689,1
45690,0
45691,1
45692,0
45693,1
45694,0
45695,0
45696,0
45697,0
45698,0
45699,0
45700,1
45701,0
45702,1
45703,1
45704,0
45705,1
45706,1
45707,0
45708,0
45709,1
45710,1
45711,1
45712,1
45713,1
45714,0
45715,1
45716,0
45717,1
45718,1
45719,0
45720,0
45721,0
45722,0
45723,0
45724,1
45725,1
45726,1
45727,1
45728,1
45729,1
45730,1
45731,1
45732,1
45733,0
45734,1
45735,1
45736,1
45737,0
45738,0
45739,1
45740,1
45741,1
45742,0
45743,0
45744,1
45745,1
45746,0
45747,1
45748,1
45749,0
45750,1
45751,0
45752,0
45753,1
45754,0
45755,1
45756,1
45757,1
45758,0
45759,1
45760,1
45761,1
45762,1
45763,1
45764,0
45765,0
45766,0
45767,0
45768,1
45769,1
45770,1
45771,0
45772,0
45773,1
45774,1
45775,0
45776,1
45777,1
45778,0
45779,0
45780,0
45781,1
45782,0
45783,1
45784,1
45785,0
45786,0
45787,1
45788,0
45789,0
45790,0
45791,1
45792,1
45793,0
45794,0
45795,0
45796,0
45797,1
45798,1
45799,1
45800,1
45801,0
45802,0
45803,1
45804,0
45805,0
45806,1
45807,1
45808,0
45809,0
45810,1
45811,1
45812,0
45813,1
45814,0
45815,0
45816,1
45817,1
45818,0
45819,0
45820,1
45821,1
45822,0
45823,0
45824,1
45825,0
45826,0
45827,1
45828,0
45829,0
45830,1
45831,0
45832,0
45833,1
45834,1
45835,0
45836,0
45837,0
45838,0
45839,0
45840,1
45841,1
45842,0
45843,1
45844,1
45845,0
45846,1
45847,1
45848,1
45849,1
45850,0
45851,1
45852,1
45853,1
45854,1
45855,0
45856,0
45857,0
45858,1
45859,1
45860,0
45861,1
45862,0
45863,0
45864,1
45865,0
45866,0
45867,1
45868,1
45869,1
45870,1
45871,1
45872,1
45873,0
45874,1
45875,1
45876,0
45877,1
45878,0
45879,1
45880,1
45881,1
45882,1
45883,0
45884,1
45885,0
45886,1
45887,1
45888,0
45889,1
45890,1
45891,0
45892,1
45893,1
45894,1
45895,1
45896,1
45897,0
45898,1
45899,0
45900,1
45901,0
45902,1
45903,0
45904,0
45905,1
45906,0
45907,1
45908,1
45909,0
45910,0
45911,1
45912,0
45913,0
45914,1
45915,1
45916,1
45917,1
45918,1
45919,1
45920,1
45921,1
45922,0
45923,0
45924,1
45925,1
45926,1
45927,0
45928,1
45929,0
45930,0
45931,1
45932,0
45933,1
45934,1
45935,0
45936,0
45937,1
45938,0
45939,1
45940,1
45941,0
45942,1
45943,1
45944,1
45945,0
45946,1
45947,0
45948,1
45949,1
45950,1
45951,1
45952,1
45953,0
45954,1
45955,0
45956,0
45957,1
45958,1
45959,0
45960,0
45961,1
45962,0
45963,1
45964,1
45965,1
45966,1
45967,0
45968,1
45969,1
45970,1
45971,1
45972,1
45973,0
45974,1
45975,0
45976,0
45977,1
45978,0
45979,1
45980,1
45981,1
45982,1
45983,0
45984,0
45985,1
45986,0
45987,1
45988,1
45989,0
45990,0
45991,0
45992,1
45993,1
45994,0
45995,0
45996,1
45997,1
45998,1
45999,1
46000,1
46001,0
46002,0
46003,1
46004,0
46005,1
46006,0
46007,1
46008,0
46009,0
46010,0
46011,0
46012,0
46013,1
46014,0
46015,1
46016,1
46017,0
46018,0
46019,1
46020,1
46021,0
46022,1
46023,1
46024,1
46025,0
46026,0
46027,1
46028,1
46029,0
46030,1
46031,0
46032,0
46033,1
46034,1
46035,0
46036,1
46037,1
46038,0
46039,1
46040,1
46041,1
46042,1
46043,0
46044,1
46045,0
46046,1
46047,0
46048,1
46049,0
46050,1
46051,0
46052,1
46053,1
46054,0
46055,0
46056,1
46057,0
46058,1
46059,0
46060,1
46061,0
46062,1
46063,1
46064,1
46065,1
46066,1
46067,0
46068,1
46069,0
46070,1
46071,1
46072,1
46073,1
46074,1
46075,1
46076,1
46077,0
46078,1
46079,1
46080,0
46081,0
46082,0
46083,0
46084,1
46085,1
46086,1
46087,1
46088,1
46089,1
46090,1
46091,1
46092,1
46093,0
46094,0
46095,1
46096,0
46097,1
46098,1
46099,1
46100,0
46101,1
46102,1
46103,0
46104,0
46105,1
46106,0
46107,1
46108,1
46109,1
46110,0
46111,1
46112,0
46113,0
46114,0
46115,1
46116,1
46117,0
46118,1
46119,0
46120,0
46121,0
46122,1
46123,0
46124,1
46125,1
46126,0
46127,1
46128,0
46129,1
46130,1
46131,0
46132,1
46133,0
46134,1
46135,0
46136,1
46137,0
46138,1
46139,1
46140,1
46141,1
46142,0
46143,0
46144,0
46145,0
46146,1
46147,1
46148,0
46149,1
46150,1
46151,0
46152,0
46153,0
46154,1
46155,0
46156,0
46157,1
46158,1
46159,0
46160,1
46161,1
46162,0
46163,0
46164,1
46165,0
46166,0
46167,1
46168,1
46169,1
46170,1
46171,0
46172,0
46173,0
46174,0
46175,1
46176,1
46177,1
46178,1
46179,1
46180,1
46181,1
46182,1
46183,1
46184,0
46185,0
46186,0
46187,0
46188,0
46189,1
46190,1
46191,0
46192,1
46193,1
46194,0
46195,1
46196,1
46197,1
46198,0
46199,0
46200,0
46201,0
46202,0
46203,0
46204,0
46205,0
46206,0
46207,1
46208,0
46209,1
46210,0
46211,0
46212,1
46213,0
46214,1
46215,1
46216,1
46217,0
46218,1
46219,0
46220,1
46221,1
46222,0
46223,1
46224,0
46225,0
46226,0
46227,1
46228,1
46229,0
46230,1
46231,0
46232,1
46233,0
46234,0
46235,1
46236,0
46237,0
46238,0
46239,1
46240,1
46241,0
46242,1
46243,1
46244,0
46245,1
46246,1
46247,0
46248,0
46249,0
46250,1
46251,0
46252,0
46253,1
46254,1
46255,1
46256,0
46257,1
46258,1
46259,1
46260,1
46261,0
46262,1
46263,1
46264,1
46265,1
46266,0
46267,1
46268,0
46269,1
46270,1
46271,0
46272,1
46273,1
46274,0
46275,0
46276,0
46277,1
46278,0
46279,0
46280,1
46281,0
46282,1
46283,0
46284,0
46285,1
46286,0
46287,1
46288,0
46289,0
46290,1
46291,1
46292,1
46293,0
46294,0
46295,0
46296,0
46297,0
46298,1
46299,0
46300,0
46301,1
46302,1
46303,0
46304,1
46305,1
46306,1
46307,0
46308,1
46309,1
46310,0
46311,0
46312,0
46313,1
46314,1
46315,0
46316,1
46317,0
46318,0
46319,1
46320,0
46321,0
46322,0
46323,0
46324,1
46325,0
46326,1
46327,0
46328,0
46329,0
46330,0
46331,0
46332,1
46333,1
46334,1
46335,1
46336,1
46337,1
46338,1
46339,1
46340,0
46341,1
46342,0
46343,1
46344,0
46345,1
46346,0
46347,1
46348,1
46349,1
46350,0
46351,0
46352,1
46353,0
46354,0
46355,1
46356,0
46357,1
46358,1
46359,0
46360,1
46361,1
46362,1
46363,1
46364,1
46365,0
46366,0
46367,1
46368,1
46369,0
46370,0
46371,0
46372,1
46373,0
46374,0
46375,0
46376,1
46377,1
46378,1
46379,0
46380,1
46381,1
46382,1
46383,0
46384,1
46385,1
46386,0
46387,0
46388,1
46389,1
46390,1
46391,0
46392,1
46393,1
46394,0
46395,0
46396,0
46397,1
46398,1
46399,0
46400,0
46401,0
46402,1
46403,1
46404,0
46405,1
46406,0
46407,1
46408,1
46409,1
46410,1
46411,1
46412,1
46413,1
46414,0
46415,1
46416,0
46417,1
46418,1
46419,1
46420,1
46421,1
46422,1
46423,0
46424,0
46425,1
46426,0
46427,1
46428,1
46429,1
46430,0
46431,0
46432,1
46433,1
46434,0
46435,1
46436,0
46437,1
46438,1
46439,1
46440,1
46441,1
46442,1
46443,1
46444,1
46445,1
46446,1
46447,0
46448,0
46449,1
46450,1
46451,1
46452,1
46453,0
46454,0
46455,1
46456,0
46457,1
46458,1
46459,1
46460,1
46461,0
46462,1
46463,1
46464,1
46465,1
46466,0
46467,1
46468,1
46469,0
46470,0
46471,0
46472,1
46473,0
46474,1
46475,0
46476,0
46477,0
46478,1
46479,0
46480,0
46481,1
46482,0
46483,0
46484,0
46485,1
46486,0
46487,1
46488,0
46489,1
46490,1
46491,1
46492,1
46493,1
46494,0
46495,0
46496,1
46497,0
46498,1
46499,1
46500,0
46501,1
46502,1
46503,0
46504,1
46505,0
46506,1
46507,1
46508,1
46509,1
46510,1
46511,0
46512,0
46513,1
46514,1
46515,1
46516,1
46517,0
46518,1
46519,0
46520,0
46521,0
46522,1
46523,0
46524,1
46525,1
46526,1
46527,1
46528,0
46529,1
46530,0
46531,1
46532,0
46533,0
46534,1
46535,0
46536,0
46537,0
46538,1
46539,0
46540,1
46541,1
46542,0
46543,0
46544,1
46545,0
46546,1
46547,0
46548,0
46549,0
46550,1
46551,1
46552,0
46553,1
46554,0
46555,0
46556,0
46557,1
46558,1
46559,1
46560,1
46561,0
46562,1
46563,1
46564,0
46565,0
46566,1
46567,0
46568,1
46569,1
46570,1
46571,0
46572,0
46573,1
46574,1
46575,1
46576,1
46577,1
46578,1
46579,1
46580,0
46581,1
46582,0
46583,1
46584,0
46585,0
46586,0
46587,0
46588,0
46589,0
46590,1
46591,0
46592,1
46593,1
46594,0
46595,1
46596,1
46597,1
46598,0
46599,0
46600,1
46601,1
46602,1
46603,0
46604,0
46605,1
46606,0
46607,0
46608,1
46609,0
46610,1
46611,1
46612,1
46613,1
46614,1
46615,1
46616,1
46617,1
46618,0
46619,0
46620,1
46621,1
46622,1
46623,1
46624,1
46625,1
46626,0
46627,0
46628,1
46629,1
46630,0
46631,1
46632,0
46633,0
46634,0
46635,0
46636,1
46637,1
46638,1
46639,1
46640,0
46641,0
46642,1
46643,0
46644,0
46645,0
46646,0
46647,0
46648,1
46649,1
46650,0
46651,0
46652,0
46653,1
46654,1
46655,0
46656,1
46657,0
46658,0
46659,1
46660,1
46661,1
46662,0
46663,1
46664,0
46665,1
46666,0
46667,0
46668,0
46669,1
46670,1
46671,1
46672,0
46673,0
46674,1
46675,1
46676,0
46677,0
46678,1
46679,0
46680,1
46681,0
46682,0
46683,1
46684,0
46685,1
46686,1
46687,0
46688,1
46689,0
46690,0
46691,0
46692,0
46693,1
46694,1
46695,1
46696,1
46697,1
46698,1
46699,1
46700,0
46701,1
46702,1
46703,0
46704,0
46705,0
46706,0
46707,1
46708,1
46709,1
46710,0
46711,0
46712,1
46713,1
46714,0
46715,0
46716,1
46717,1
46718,0
46719,0
46720,0
46721,0
46722,1
46723,0
46724,1
46725,1
46726,1
46727,1
46728,0
46729,1
46730,0
46731,1
46732,1
46733,1
46734,0
46735,1
46736,1
46737,0
46738,0
46739,1
46740,0
46741,0
46742,0
46743,0
46744,0
46745,1
46746,1
46747,1
46748,1
46749,0
46750,1
46751,1
46752,0
46753,0
46754,0
46755,0
46756,1
46757,0
46758,1
46759,0
46760,1
46761,1
46762,1
46763,1
46764,0
46765,1
46766,0
46767,1
46768,0
46769,1
46770,1
46771,0
46772,0
46773,0
46774,0
46775,0
46776,1
46777,1
46778,0
46779,1
46780,0
46781,0
46782,0
46783,1
46784,1
46785,1
46786,1
46787,0
46788,0
46789,0
46790,0
46791,0
46792,0
46793,1
46794,0
46795,1
46796,0
46797,0
46798,1
46799,1
46800,1
46801,1
46802,1
46803,0
46804,1
46805,1
46806,1
46807,0
46808,1
46809,1
46810,1
46811,1
46812,0
46813,0
46814,0
46815,0
46816,1
46817,1
46818,0
46819,1
46820,0
46821,0
46822,1
46823,1
46824,0
46825,0
46826,0
46827,1
46828,0
46829,0
46830,0
46831,0
46832,0
46833,0
46834,0
46835,0
46836,1
46837,1
46838,1
46839,0
46840,0
46841,1
46842,0
46843,0
46844,1
46845,1
46846,1
46847,0
46848,0
46849,1
46850,0
46851,1
46852,1
46853,1
46854,0
46855,1
46856,0
46857,0
46858,1
46859,0
46860,0
46861,0
46862,0
46863,0
46864,0
46865,1
46866,1
46867,0
46868,1
46869,0
46870,0
46871,0
46872,0
46873,1
46874,0
46875,0
46876,0
46877,0
46878,0
46879,1
46880,0
46881,1
46882,0
46883,1
46884,1
46885,1
46886,1
46887,0
46888,1
46889,0
46890,1
46891,1
46892,1
46893,0
46894,1
46895,0
46896,1
46897,1
46898,0
46899,1
46900,0
46901,1
46902,1
46903,1
46904,1
46905,0
46906,1
46907,0
46908,1
46909,1
46910,0
46911,1
46912,0
46913,1
46914,0
46915,1
46916,1
46917,1
46918,0
46919,1
46920,0
46921,1
46922,1
46923,1
46924,0
46925,1
46926,1
46927,0
46928,0
46929,1
46930,0
46931,1
46932,1
46933,1
46934,1
46935,1
46936,0
46937,1
46938,1
46939,1
46940,1
46941,0
46942,1
46943,0
46944,1
46945,0
46946,1
46947,0
46948,1
46949,1
46950,1
46951,0
46952,0
46953,1
46954,0
46955,0
46956,0
46957,0
46958,1
46959,0
46960,0
46961,1
46962,1
46963,0
46964,1
46965,1
46966,0
46967,1
46968,1
46969,1
46970,0
46971,1
46972,1
46973,0
46974,0
46975,0
46976,0
46977,0
46978,0
46979,1
46980,1
46981,1
46982,1
46983,1
46984,1
46985,1
46986,0
46987,0
46988,1
46989,1
46990,1
46991,1
46992,1
46993,1
46994,0
46995,1
46996,1
46997,0
46998,0
46999,0
47000,1
47001,1
47002,1
47003,1
47004,0
47005,0
47006,0
47007,1
47008,1
47009,1
47010,0
47011,1
47012,1
47013,1
47014,0
47015,0
47016,1
47017,0
47018,1
47019,1
47020,0
47021,1
47022,1
47023,0
47024,1
47025,1
47026,1
47027,1
47028,1
47029,1
47030,0
47031,1
47032,0
47033,1
47034,0
47035,1
47036,1
47037,0
47038,1
47039,0
47040,1
47041,0
47042,0
47043,0
47044,0
47045,1
47046,0
47047,0
47048,0
47049,0
47050,0
47051,1
47052,0
47053,1
47054,1
47055,1
47056,1
47057,1
47058,0
47059,0
47060,1
47061,1
47062,0
47063,1
47064,0
47065,1
47066,0
47067,1
47068,1
47069,0
47070,0
47071,0
47072,0
47073,1
47074,1
47075,1
47076,1
47077,1
47078,1
47079,1
47080,1
47081,1
47082,0
47083,0
47084,1
47085,1
47086,1
47087,0
47088,1
47089,1
47090,0
47091,1
47092,1
47093,1
47094,1
47095,0
47096,0
47097,1
47098,0
47099,1
47100,1
47101,1
47102,1
47103,1
47104,0
47105,0
47106,0
47107,0
47108,1
47109,0
47110,1
47111,1
47112,0
47113,0
47114,1
47115,0
47116,0
47117,0
47118,0
47119,0
47120,0
47121,1
47122,1
47123,1
47124,1
47125,0
47126,0
47127,1
47128,0
47129,1
47130,1
47131,1
47132,0
47133,0
47134,1
47135,0
47136,0
47137,0
47138,0
47139,1
47140,0
47141,1
47142,0
47143,1
47144,1
47145,1
47146,1
47147,0
47148,0
47149,1
47150,0
47151,0
47152,1
47153,1
47154,0
47155,0
47156,0
47157,1
47158,0
47159,0
47160,1
47161,0
47162,0
47163,1
47164,1
47165,1
47166,1
47167,1
47168,1
47169,1
47170,1
47171,0
47172,0
47173,0
47174,0
47175,1
47176,1
47177,1
47178,1
47179,1
47180,0
47181,0
47182,1
47183,1
47184,0
47185,1
47186,0
47187,0
47188,0
47189,1
47190,0
47191,1
47192,0
47193,0
47194,1
47195,0
47196,1
47197,1
47198,1
47199,0
47200,0
47201,1
47202,1
47203,1
47204,0
47205,1
47206,1
47207,1
47208,1
47209,1
47210,1
47211,1
47212,0
47213,0
47214,1
47215,1
47216,1
47217,1
47218,0
47219,1
47220,1
47221,1
47222,0
47223,0
47224,0
47225,1
47226,1
47227,0
47228,1
47229,1
47230,1
47231,0
47232,0
47233,1
47234,1
47235,0
47236,1
47237,0
47238,0
47239,1
47240,1
47241,1
47242,1
47243,1
47244,1
47245,1
47246,1
47247,0
47248,1
47249,1
47250,1
47251,1
47252,1
47253,0
47254,1
47255,1
47256,1
47257,0
47258,0
47259,1
47260,0
47261,0
47262,1
47263,1
47264,1
47265,0
47266,1
47267,1
47268,0
47269,1
47270,0
47271,0
47272,1
47273,0
47274,1
47275,0
47276,0
47277,0
47278,0
47279,0
47280,0
47281,0
47282,0
47283,1
47284,0
47285,1
47286,1
47287,0
47288,0
47289,1
47290,0
47291,0
47292,0
47293,0
47294,1
47295,1
47296,1
47297,0
47298,0
47299,0
47300,0
47301,0
47302,1
47303,1
47304,0
47305,1
47306,0
47307,1
47308,0
47309,1
47310,1
47311,1
47312,0
47313,0
47314,0
47315,1
47316,1
47317,0
47318,0
47319,1
47320,0
47321,1
47322,1
47323,1
47324,1
47325,1
47326,0
47327,1
47328,1
47329,0
47330,1
47331,1
47332,0
47333,1
47334,1
47335,0
47336,1
47337,0
47338,1
47339,1
47340,1
47341,1
47342,1
47343,1
47344,1
47345,0
47346,1
47347,0
47348,0
47349,1
47350,0
47351,1
47352,1
47353,1
47354,1
47355,1
47356,0
47357,1
47358,0
47359,0
47360,1
47361,1
47362,1
47363,0
47364,0
47365,0
47366,0
47367,1
47368,1
47369,1
47370,1
47371,0
47372,0
47373,0
47374,0
47375,0
47376,1
47377,0
47378,0
47379,1
47380,0
47381,1
47382,1
47383,1
47384,1
47385,1
47386,0
47387,0
47388,1
47389,1
47390,1
47391,0
47392,1
47393,0
47394,1
47395,1
47396,0
47397,0
47398,1
47399,0
47400,0
47401,1
47402,1
47403,1
47404,1
47405,1
47406,0
47407,1
47408,0
47409,1
47410,0
47411,0
47412,1
47413,1
47414,1
47415,1
47416,0
47417,1
47418,0
47419,1
47420,1
47421,0
47422,1
47423,0
47424,1
47425,1
47426,0
47427,0
47428,1
47429,1
47430,0
47431,1
47432,0
47433,1
47434,0
47435,1
47436,1
47437,1
47438,1
47439,1
47440,1
47441,1
47442,0
47443,0
47444,0
47445,0
47446,1
47447,1
47448,1
47449,0
47450,0
47451,0
47452,1
47453,1
47454,1
47455,1
47456,0
47457,0
47458,0
47459,1
47460,0
47461,1
47462,0
47463,1
47464,0
47465,0
47466,0
47467,1
47468,1
47469,1
47470,0
47471,0
47472,1
47473,1
47474,1
47475,1
47476,0
47477,1
47478,0
47479,0
47480,0
47481,0
47482,0
47483,1
47484,1
47485,0
47486,0
47487,1
47488,1
47489,0
47490,1
47491,1
47492,0
47493,0
47494,1
47495,0
47496,1
47497,0
47498,1
47499,0
47500,0
47501,1
47502,0
47503,1
47504,1
47505,1
47506,0
47507,0
47508,0
47509,1
47510,1
47511,1
47512,0
47513,0
47514,0
47515,0
47516,1
47517,1
47518,1
47519,1
47520,1
47521,0
47522,0
47523,0
47524,0
47525,0
47526,0
47527,0
47528,1
47529,1
47530,1
47531,1
47532,1
47533,1
47534,0
47535,0
47536,1
47537,0
47538,1
47539,0
47540,0
47541,1
47542,1
47543,0
47544,1
47545,0
47546,0
47547,1
47548,0
47549,0
47550,0
47551,0
47552,0
47553,1
47554,1
47555,1
47556,1
47557,1
47558,1
47559,0
47560,1
47561,1
47562,1
47563,0
47564,0
47565,1
47566,1
47567,0
47568,0
47569,1
47570,1
47571,1
47572,0
47573,0
47574,0
47575,1
47576,0
47577,0
47578,0
47579,1
47580,1
47581,1
47582,1
47583,1
47584,0
47585,0
47586,0
47587,0
47588,1
47589,1
47590,1
47591,0
47592,1
47593,1
47594,1
47595,0
47596,1
47597,0
47598,1
47599,0
47600,0
47601,0
47602,0
47603,1
47604,1
47605,0
47606,0
47607,0
47608,0
47609,0
47610,0
47611,0
47612,0
47613,1
47614,0
47615,1
47616,0
47617,1
47618,0
47619,1
47620,1
47621,1
47622,1
47623,1
47624,1
47625,1
47626,0
47627,0
47628,0
47629,1
47630,1
47631,0
47632,0
47633,1
47634,0
47635,0
47636,1
47637,0
47638,1
47639,0
47640,0
47641,0
47642,0
47643,1
47644,0
47645,1
47646,0
47647,1
47648,1
47649,1
47650,0
47651,0
47652,1
47653,0
47654,0
47655,1
47656,1
47657,1
47658,1
47659,0
47660,1
47661,1
47662,1
47663,1
47664,1
47665,0
47666,1
47667,0
47668,1
47669,0
47670,1
47671,0
47672,1
47673,1
47674,0
47675,1
47676,1
47677,1
47678,0
47679,0
47680,0
47681,1
47682,0
47683,1
47684,1
47685,0
47686,0
47687,1
47688,0
47689,0
47690,1
47691,1
47692,1
47693,0
47694,1
47695,0
47696,1
47697,0
47698,0
47699,1
47700,0
47701,0
47702,1
47703,1
47704,1
47705,0
47706,0
47707,1
47708,0
47709,1
47710,1
47711,1
47712,0
47713,0
47714,0
47715,1
47716,0
47717,1
47718,1
47719,1
47720,0
47721,1
47722,1
47723,0
47724,1
47725,0
47726,0
47727,0
47728,0
47729,1
47730,0
47731,0
47732,1
47733,0
47734,0
47735,0
47736,1
47737,0
47738,1
47739,0
47740,1
47741,1
47742,1
47743,0
47744,1
47745,1
47746,0
47747,0
47748,1
47749,1
47750,1
47751,1
47752,0
47753,0
47754,0
47755,0
47756,1
47757,0
47758,1
47759,0
47760,0
47761,1
47762,1
47763,0
47764,1
47765,0
47766,1
47767,0
47768,1
47769,1
47770,1
47771,1
47772,1
47773,0
47774,0
47775,1
47776,0
47777,1
47778,1
47779,0
47780,0
47781,0
47782,0
47783,0
47784,0
47785,0
47786,1
47787,0
47788,1
47789,0
47790,0
47791,0
47792,0
47793,1
47794,1
47795,1
47796,0
47797,1
47798,1
47799,1
47800,1
47801,0
47802,0
47803,1
47804,1
47805,0
47806,1
47807,0
47808,0
47809,1
47810,0
47811,1
47812,0
47813,0
47814,0
47815,0
47816,1
47817,0
47818,0
47819,1
47820,1
47821,0
47822,1
47823,1
47824,0
47825,1
47826,0
47827,1
47828,0
47829,1
47830,0
47831,0
47832,1
47833,1
47834,1
47835,1
47836,0
47837,1
47838,1
47839,0
47840,1
47841,1
47842,1
47843,1
47844,1
47845,0
47846,0
47847,1
47848,0
47849,1
47850,0
47851,0
47852,0
47853,0
47854,1
47855,1
47856,0
47857,0
47858,1
47859,1
47860,1
47861,0
47862,0
47863,0
47864,0
47865,1
47866,0
47867,0
47868,1
47869,1
47870,1
47871,1
47872,1
47873,0
47874,0
47875,0
47876,1
47877,1
47878,0
47879,0
47880,1
47881,0
47882,1
47883,1
47884,1
47885,0
47886,1
47887,0
47888,0
47889,1
47890,0
47891,1
47892,1
47893,1
47894,0
47895,0
47896,1
47897,0
47898,1
47899,1
47900,0
47901,1
47902,0
47903,1
47904,0
47905,1
47906,1
47907,1
47908,1
47909,1
47910,1
47911,0
47912,0
47913,1
47914,1
47915,1
47916,1
47917,0
47918,1
47919,0
47920,1
47921,1
47922,1
47923,0
47924,1
47925,0
47926,1
47927,0
47928,1
47929,1
47930,1
47931,0
47932,1
47933,1
47934,0
47935,0
47936,0
47937,1
47938,1
47939,0
47940,0
47941,1
47942,0
47943,0
47944,1
47945,0
47946,1
47947,1
47948,0
47949,1
47950,0
47951,1
47952,1
47953,1
47954,1
47955,0
47956,1
47957,1
47958,1
47959,0
47960,1
47961,1
47962,0
47963,1
47964,1
47965,0
47966,1
47967,0
47968,1
47969,1
47970,1
47971,0
47972,0
47973,0
47974,1
47975,0
47976,0
47977,1
47978,0
47979,0
47980,1
47981,1
47982,0
47983,1
47984,1
47985,1
47986,0
47987,1
47988,0
47989,1
47990,1
47991,1
47992,1
47993,0
47994,0
47995,0
47996,1
47997,0
47998,1
47999,1
48000,1
48001,0
48002,0
48003,1
48004,0
48005,0
48006,1
48007,1
48008,0
48009,1
48010,1
48011,0
48012,1
48013,0
48014,0
48015,0
48016,0
48017,0
48018,0
48019,0
48020,1
48021,1
48022,0
48023,0
48024,1
48025,0
48026,1
48027,1
48028,1
48029,0
48030,1
48031,1
48032,0
48033,0
48034,1
48035,1
48036,1
48037,1
48038,1
48039,0
48040,0
48041,0
48042,0
48043,0
48044,1
48045,1
48046,1
48047,1
48048,0
48049,1
48050,1
48051,1
48052,1
48053,1
48054,1
48055,1
48056,1
48057,1
48058,1
48059,0
48060,1
48061,0
48062,1
48063,0
48064,0
48065,0
48066,1
48067,1
48068,1
48069,0
48070,1
48071,1
48072,0
48073,1
48074,0
48075,1
48076,0
48077,1
48078,0
48079,1
48080,1
48081,0
48082,0
48083,1
48084,0
48085,0
48086,1
48087,1
48088,1
48089,1
48090,1
48091,1
48092,0
48093,1
48094,0
48095,0
48096,0
48097,0
48098,0
48099,0
48100,0
48101,0
48102,0
48103,0
48104,1
48105,0
48106,1
48107,1
48108,0
48109,1
48110,1
48111,0
48112,1
48113,0
48114,0
48115,1
48116,1
48117,1
48118,1
48119,0
48120,1
48121,1
48122,1
48123,1
48124,1
48125,0
48126,0
48127,1
48128,0
48129,1
48130,0
48131,1
48132,1
48133,1
48134,1
48135,0
48136,1
48137,0
48138,0
48139,1
48140,0
48141,1
48142,0
48143,0
48144,0
48145,1
48146,1
48147,1
48148,0
48149,0
48150,0
48151,1
48152,1
48153,1
48154,0
48155,0
48156,0
48157,1
48158,0
48159,1
48160,1
48161,1
48162,0
48163,0
48164,0
48165,0
48166,1
48167,1
48168,1
48169,1
48170,0
48171,1
48172,0
48173,1
48174,1
48175,1
48176,0
48177,1
48178,1
48179,1
48180,0
48181,1
48182,1
48183,1
48184,0
48185,1
48186,1
48187,1
48188,1
48189,1
48190,1
48191,0
48192,0
48193,1
48194,0
48195,0
48196,1
48197,1
48198,1
48199,0
48200,0
48201,1
48202,1
48203,1
48204,0
48205,1
48206,1
48207,0
48208,1
48209,1
48210,1
48211,0
48212,1
48213,0
48214,0
48215,1
48216,1
48217,1
48218,1
48219,1
48220,1
48221,1
48222,0
48223,0
48224,1
48225,1
48226,0
48227,1
48228,1
48229,1
48230,0
48231,1
48232,0
48233,0
48234,0
48235,0
48236,1
48237,1
48238,1
48239,1
48240,0
48241,1
48242,1
48243,0
48244,0
48245,1
48246,1
48247,1
48248,0
48249,1
48250,1
48251,0
48252,1
48253,0
48254,1
48255,1
48256,1
48257,1
48258,0
48259,0
48260,1
48261,1
48262,1
48263,0
48264,1
48265,1
48266,0
48267,1
48268,1
48269,0
48270,1
48271,0
48272,1
48273,0
48274,1
48275,0
48276,1
48277,0
48278,1
48279,0
48280,1
48281,0
48282,1
48283,1
48284,0
48285,1
48286,1
48287,1
48288,0
48289,1
48290,0
48291,0
48292,0
48293,1
48294,1
48295,0
48296,0
48297,1
48298,0
48299,1
48300,1
48301,1
48302,1
48303,0
48304,0
48305,1
48306,1
48307,1
48308,0
48309,0
48310,1
48311,0
48312,0
48313,0
48314,0
48315,0
48316,0
48317,1
48318,1
48319,1
48320,0
48321,1
48322,1
48323,1
48324,0
48325,1
48326,1
48327,1
48328,1
48329,1
48330,0
48331,0
48332,1
48333,0
48334,0
48335,1
48336,0
48337,1
48338,0
48339,0
48340,0
48341,0
48342,1
48343,0
48344,0
48345,0
48346,0
48347,1
48348,1
48349,1
48350,1
48351,1
48352,1
48353,0
48354,0
48355,1
48356,0
48357,0
48358,1
48359,1
48360,1
48361,1
48362,1
48363,1
48364,1
48365,0
48366,1
48367,0
48368,0
48369,0
48370,1
48371,0
48372,1
48373,0
48374,0
48375,1
48376,0
48377,0
48378,1
48379,0
48380,1
48381,1
48382,1
48383,1
48384,0
48385,1
48386,1
48387,1
48388,1
48389,0
48390,1
48391,0
48392,1
48393,0
48394,0
48395,0
48396,0
48397,1
48398,1
48399,0
48400,1
48401,0
48402,0
48403,1
48404,1
48405,1
48406,0
48407,1
48408,1
48409,0
48410,1
48411,1
48412,0
48413,1
48414,0
48415,0
48416,0
48417,1
48418,0
48419,1
48420,0
48421,1
48422,0
48423,0
48424,1
48425,1
48426,0
48427,1
48428,1
48429,0
48430,0
48431,1
48432,1
48433,1
48434,1
48435,1
48436,1
48437,1
48438,0
48439,0
48440,0
48441,1
48442,1
48443,0
48444,1
48445,0
48446,0
48447,0
48448,0
48449,1
48450,0
48451,0
48452,1
48453,1
48454,0
48455,1
48456,1
48457,1
48458,1
48459,1
48460,1
48461,0
48462,0
48463,0
48464,1
48465,1
48466,0
48467,0
48468,1
48469,0
48470,1
48471,0
48472,1
48473,0
48474,0
48475,0
48476,1
48477,1
48478,1
48479,1
48480,0
48481,1
48482,1
48483,0
48484,0
48485,0
48486,0
48487,0
48488,1
48489,0
48490,1
48491,0
48492,1
48493,0
48494,0
48495,0
48496,0
48497,1
48498,1
48499,0
48500,1
48501,0
48502,0
48503,0
48504,0
48505,0
48506,1
48507,1
48508,0
48509,0
48510,1
48511,0
48512,0
48513,0
48514,1
48515,1
48516,1
48517,1
48518,1
48519,1
48520,0
48521,1
48522,1
48523,1
48524,1
48525,0
48526,0
48527,1
48528,1
48529,1
48530,0
48531,0
48532,1
48533,0
48534,1
48535,1
48536,1
48537,1
48538,1
48539,1
48540,1
48541,1
48542,1
48543,0
48544,1
48545,1
48546,1
48547,0
48548,1
48549,1
48550,0
48551,0
48552,0
48553,1
48554,0
48555,0
48556,1
48557,1
48558,1
48559,0
48560,1
48561,1
48562,1
48563,1
48564,0
48565,1
48566,1
48567,0
48568,1
48569,0
48570,1
48571,1
48572,1
48573,1
48574,0
48575,1
48576,1
48577,1
48578,0
48579,1
48580,0
48581,1
48582,0
48583,0
48584,0
48585,1
48586,0
48587,1
48588,1
48589,1
48590,1
48591,0
48592,1
48593,1
48594,1
48595,1
48596,0
48597,0
48598,1
48599,1
48600,0
48601,1
48602,1
48603,1
48604,1
48605,1
48606,0
48607,1
48608,1
48609,1
48610,1
48611,0
48612,0
48613,1
48614,1
48615,1
48616,0
48617,1
48618,0
48619,0
48620,0
48621,0
48622,1
48623,0
48624,0
48625,0
48626,1
48627,0
48628,1
48629,1
48630,0
48631,1
48632,1
48633,0
48634,1
48635,1
48636,0
48637,1
48638,1
48639,0
48640,1
48641,1
48642,1
48643,1
48644,0
48645,0
48646,0
48647,1
48648,1
48649,1
48650,0
48651,1
48652,1
48653,0
48654,0
48655,0
48656,1
48657,0
48658,1
48659,0
48660,1
48661,0
48662,1
48663,1
48664,0
48665,1
48666,0
48667,0
48668,1
48669,1
48670,1
48671,0
48672,1
48673,1
48674,0
48675,1
48676,1
48677,1
48678,0
48679,1
48680,0
48681,0
48682,0
48683,0
48684,1
48685,0
48686,1
48687,1
48688,1
48689,0
48690,0
48691,0
48692,0
48693,1
48694,0
48695,0
48696,0
48697,0
48698,0
48699,1
48700,1
48701,0
48702,1
48703,0
48704,1
48705,1
48706,1
48707,1
48708,0
48709,1
48710,1
48711,1
48712,1
48713,0
48714,0
48715,1
48716,0
48717,0
48718,0
48719,0
48720,1
48721,0
48722,1
48723,1
48724,0
48725,1
48726,0
48727,0
48728,0
48729,1
48730,0
48731,1
48732,1
48733,1
48734,0
48735,0
48736,0
48737,1
48738,1
48739,1
48740,0
48741,0
48742,1
48743,1
48744,1
48745,1
48746,1
48747,0
48748,0
48749,1
48750,0
48751,1
48752,1
48753,0
48754,0
48755,0
48756,0
48757,1
48758,0
48759,0
48760,1
48761,1
48762,1
48763,0
48764,0
48765,0
48766,1
48767,0
48768,0
48769,0
48770,1
48771,1
48772,1
48773,0
48774,0
48775,0
48776,0
48777,0
48778,0
48779,1
48780,1
48781,0
48782,0
48783,1
48784,1
48785,1
48786,1
48787,0
48788,0
48789,0
48790,0
48791,0
48792,1
48793,1
48794,1
48795,1
48796,1
48797,0
48798,1
48799,1
48800,1
48801,1
48802,1
48803,1
48804,0
48805,0
48806,0
48807,1
48808,1
48809,0
48810,1
48811,1
48812,1
48813,0
48814,1
48815,0
48816,1
48817,1
48818,0
48819,0
48820,1
48821,1
48822,1
48823,1
48824,0
48825,0
48826,1
48827,1
48828,0
48829,0
48830,1
48831,1
48832,0
48833,0
48834,1
48835,0
48836,1
48837,0
48838,1
48839,0
48840,1
48841,1
48842,0
48843,1
48844,0
48845,1
48846,1
48847,1
48848,0
48849,0
48850,1
48851,0
48852,0
48853,1
48854,0
48855,0
48856,0
48857,0
48858,1
48859,0
48860,1
48861,1
48862,0
48863,0
48864,1
48865,1
48866,1
48867,0
48868,1
48869,1
48870,1
48871,1
48872,0
48873,1
48874,1
48875,1
48876,1
48877,1
48878,0
48879,1
48880,1
48881,0
48882,0
48883,1
48884,0
48885,1
48886,0
48887,1
48888,0
48889,0
48890,0
48891,0
48892,0
48893,1
48894,0
48895,0
48896,0
48897,1
48898,0
48899,1
48900,1
48901,1
48902,1
48903,1
48904,0
48905,0
48906,1
48907,0
48908,1
48909,1
48910,1
48911,1
48912,1
48913,0
48914,0
48915,0
48916,1
48917,1
48918,1
48919,0
48920,1
48921,0
48922,1
48923,0
48924,1
48925,1
48926,1
48927,1
48928,1
48929,0
48930,0
48931,0
48932,1
48933,1
48934,0
48935,1
48936,1
48937,0
48938,0
48939,1
48940,0
48941,0
48942,0
48943,1
48944,0
48945,1
48946,1
48947,1
48948,0
48949,1
48950,0
48951,1
48952,0
48953,1
48954,1
48955,1
48956,1
48957,1
48958,1
48959,0
48960,1
48961,1
48962,1
48963,1
48964,0
48965,1
48966,1
48967,1
48968,0
48969,1
48970,0
48971,1
48972,0
48973,0
48974,1
48975,1
48976,1
48977,1
48978,1
48979,0
48980,1
48981,1
48982,0
48983,0
48984,1
48985,0
48986,0
48987,0
48988,0
48989,1
48990,1
48991,0
48992,0
48993,1
48994,0
48995,1
48996,0
48997,0
48998,0
48999,0
49000,1
49001,0
49002,1
49003,1
49004,1
49005,1
49006,0
49007,1
49008,1
49009,1
49010,0
49011,0
49012,1
49013,0
49014,0
49015,0
49016,1
49017,1
49018,1
49019,1
49020,0
49021,1
49022,1
49023,1
49024,0
49025,0
49026,0
49027,0
49028,0
49029,1
49030,0
49031,0
49032,1
49033,0
49034,1
49035,1
49036,1
49037,1
49038,1
49039,0
49040,1
49041,1
49042,0
49043,1
49044,0
49045,1
49046,1
49047,0
49048,1
49049,1
49050,1
49051,1
49052,1
49053,0
49054,1
49055,1
49056,0
49057,1
49058,1
49059,1
49060,1
49061,1
49062,0
49063,0
49064,0
49065,1
49066,1
49067,1
49068,1
49069,1
49070,0
49071,1
49072,0
49073,0
49074,0
49075,1
49076,1
49077,0
49078,1
49079,0
49080,1
49081,1
49082,1
49083,0
49084,1
49085,0
49086,1
49087,1
49088,1
49089,0
49090,1
49091,1
49092,0
49093,0
49094,0
49095,0
49096,1
49097,1
49098,1
49099,0
49100,0
49101,1
49102,0
49103,0
49104,1
49105,1
49106,0
49107,1
49108,1
49109,0
49110,1
49111,1
49112,0
49113,1
49114,1
49115,1
49116,1
49117,1
49118,0
49119,1
49120,0
49121,0
49122,0
49123,0
49124,1
49125,0
49126,1
49127,0
49128,1
49129,1
49130,1
49131,0
49132,1
49133,1
49134,0
49135,1
49136,0
49137,1
49138,0
49139,1
49140,1
49141,0
49142,1
49143,1
49144,0
49145,0
49146,1
49147,0
49148,0
49149,1
49150,1
49151,0
49152,1
49153,1
49154,0
49155,0
49156,1
49157,1
49158,0
49159,1
49160,0
49161,1
49162,0
49163,0
49164,0
49165,0
49166,1
49167,0
49168,0
49169,0
49170,0
49171,1
49172,0
49173,0
49174,1
49175,0
49176,1
49177,1
49178,1
49179,1
49180,0
49181,0
49182,1
49183,1
49184,1
49185,0
49186,1
49187,1
49188,1
49189,0
49190,0
49191,1
49192,1
49193,0
49194,1
49195,0
49196,1
49197,0
49198,0
49199,1
49200,1
49201,0
49202,1
49203,1
49204,1
49205,1
49206,0
49207,1
49208,0
49209,1
49210,1
49211,1
49212,1
49213,1
49214,1
49215,1
49216,0
49217,0
49218,1
49219,0
49220,1
49221,1
49222,1
49223,1
49224,1
49225,0
49226,1
49227,1
49228,1
49229,0
49230,0
49231,0
49232,0
49233,1
49234,0
49235,1
49236,1
49237,0
49238,1
49239,1
49240,1
49241,1
49242,0
49243,1
49244,1
49245,1
49246,1
49247,0
49248,1
49249,1
49250,1
49251,1
49252,1
49253,0
49254,1
49255,0
49256,0
49257,0
49258,0
49259,0
49260,1
49261,0
49262,0
49263,1
49264,1
49265,1
49266,1
49267,0
49268,1
49269,1
49270,0
49271,0
49272,0
49273,0
49274,0
49275,0
49276,0
49277,0
49278,1
49279,0
49280,0
49281,0
49282,1
49283,0
49284,0
49285,1
49286,0
49287,0
49288,0
49289,1
49290,0
49291,1
49292,1
49293,1
49294,1
49295,0
49296,0
49297,1
49298,0
49299,0
49300,1
49301,1
49302,0
49303,1
49304,1
49305,0
49306,1
49307,1
49308,0
49309,1
49310,1
49311,1
49312,0
49313,1
49314,0
49315,1
49316,1
49317,1
49318,0
49319,0
49320,0
49321,1
49322,1
49323,0
49324,0
49325,1
49326,0
49327,1
49328,1
49329,1
49330,1
49331,0
49332,1
49333,1
49334,0
49335,0
49336,1
49337,1
49338,1
49339,1
49340,1
49341,0
49342,1
49343,0
49344,1
49345,0
49346,0
49347,1
49348,1
49349,1
49350,0
49351,0
49352,0
49353,1
49354,1
49355,0
49356,1
49357,1
49358,0
49359,1
49360,1
49361,1
49362,1
49363,1
49364,1
49365,1
49366,1
49367,0
49368,0
49369,1
49370,1
49371,1
49372,1
49373,0
49374,1
49375,1
49376,1
49377,0
49378,0
49379,1
49380,1
49381,0
49382,1
49383,1
49384,0
49385,0
49386,0
49387,1
49388,0
49389,1
49390,1
49391,0
49392,0
49393,1
49394,0
49395,0
49396,0
49397,0
49398,1
49399,0
49400,0
49401,0
49402,1
49403,0
49404,1
49405,1
49406,1
49407,0
49408,1
49409,0
49410,1
49411,0
49412,1
49413,0
49414,0
49415,1
49416,1
49417,0
49418,1
49419,1
49420,0
49421,0
49422,0
49423,1
49424,0
49425,0
49426,1
49427,1
49428,1
49429,1
49430,0
49431,0
49432,0
49433,1
49434,1
49435,1
49436,1
49437,0
49438,0
49439,1
49440,1
49441,1
49442,1
49443,1
49444,1
49445,1
49446,0
49447,0
49448,1
49449,1
49450,0
49451,1
49452,0
49453,0
49454,0
49455,1
49456,0
49457,0
49458,0
49459,1
49460,0
49461,1
49462,0
49463,0
49464,1
49465,1
49466,1
49467,1
49468,0
49469,0
49470,0
49471,1
49472,1
49473,1
49474,1
49475,0
49476,0
49477,0
49478,0
49479,0
49480,0
49481,1
49482,1
49483,1
49484,1
49485,0
49486,0
49487,0
49488,1
49489,1
49490,1
49491,1
49492,1
49493,0
49494,0
49495,0
49496,0
49497,1
49498,1
49499,1
49500,1
49501,0
49502,1
49503,0
49504,1
49505,1
49506,0
49507,1
49508,1
49509,1
49510,0
49511,1
49512,1
49513,0
49514,0
49515,0
49516,1
49517,1
49518,1
49519,1
49520,1
49521,1
49522,1
49523,1
49524,1
49525,0
49526,1
49527,0
49528,1
49529,1
49530,0
49531,1
49532,0
49533,1
49534,1
49535,1
49536,0
49537,1
49538,1
49539,0
49540,0
49541,1
49542,0
49543,1
49544,0
49545,1
49546,1
49547,1
49548,1
49549,0
49550,1
49551,0
49552,1
49553,1
49554,0
49555,1
49556,0
49557,0
49558,1
49559,1
49560,1
49561,0
49562,1
49563,0
49564,1
49565,0
49566,0
49567,0
49568,1
49569,1
49570,1
49571,0
49572,1
49573,0
49574,1
49575,0
49576,0
49577,1
49578,0
49579,1
49580,0
49581,1
49582,0
49583,0
49584,0
49585,1
49586,0
49587,1
49588,1
49589,1
49590,1
49591,0
49592,1
49593,0
49594,1
49595,1
49596,1
49597,0
49598,1
49599,0
49600,0
49601,1
49602,1
49603,0
49604,0
49605,1
49606,0
49607,1
49608,1
49609,1
49610,0
49611,1
49612,1
49613,0
49614,1
49615,0
49616,0
49617,1
49618,0
49619,0
49620,1
49621,1
49622,0
49623,1
49624,1
49625,1
49626,1
49627,1
49628,1
49629,0
49630,0
49631,1
49632,1
49633,0
49634,0
49635,1
49636,1
49637,1
49638,1
49639,1
49640,0
49641,0
49642,1
49643,1
49644,0
49645,0
49646,1
49647,1
49648,1
49649,1
49650,1
49651,0
49652,1
49653,0
49654,0
49655,0
49656,1
49657,1
49658,1
49659,0
49660,0
49661,0
49662,1
49663,1
49664,0
49665,1
49666,1
49667,0
49668,1
49669,0
49670,1
49671,1
49672,0
49673,0
49674,1
49675,0
49676,0
49677,0
49678,1
49679,0
49680,1
49681,0
49682,0
49683,1
49684,1
49685,0
49686,0
49687,0
49688,0
49689,0
49690,1
49691,0
49692,0
49693,0
49694,1
49695,0
49696,0
49697,1
49698,1
49699,1
49700,0
49701,0
49702,0
49703,1
49704,0
49705,0
49706,1
49707,0
49708,1
49709,0
49710,1
49711,1
49712,0
49713,0
49714,0
49715,0
49716,1
49717,1
49718,1
49719,0
49720,0
49721,1
49722,1
49723,1
49724,1
49725,0
49726,0
49727,0
49728,1
49729,1
49730,1
49731,0
49732,1
49733,1
49734,1
49735,1
49736,1
49737,0
49738,0
49739,1
49740,1
49741,0
49742,1
49743,0
49744,0
49745,0
49746,1
49747,1
49748,1
49749,0
49750,0
49751,0
49752,0
49753,0
49754,0
49755,0
49756,0
49757,1
49758,1
49759,1
49760,1
49761,0
49762,0
49763,0
49764,1
49765,0
49766,1
49767,1
49768,1
49769,0
49770,1
49771,0
49772,0
49773,0
49774,1
49775,0
49776,1
49777,1
49778,0
49779,0
49780,1
49781,1
49782,0
49783,1
49784,0
49785,0
49786,1
49787,1
49788,1
49789,1
49790,1
49791,1
49792,1
49793,1
49794,0
49795,0
49796,1
49797,1
49798,0
49799,1
49800,1
49801,1
49802,1
49803,0
49804,0
49805,0
49806,1
49807,0
49808,0
49809,1
49810,0
49811,0
49812,0
49813,1
49814,1
49815,0
49816,1
49817,0
49818,1
49819,0
49820,0
49821,0
49822,0
49823,1
49824,0
49825,0
49826,0
49827,0
49828,1
49829,0
49830,1
49831,0
49832,1
49833,0
49834,1
49835,1
49836,1
49837,1
49838,1
49839,1
49840,1
49841,0
49842,0
49843,1
49844,1
49845,1
49846,1
49847,0
49848,0
49849,1
49850,0
49851,0
49852,1
49853,1
49854,0
49855,0
49856,0
49857,1
49858,1
49859,0
49860,1
49861,1
49862,1
49863,0
49864,0
49865,0
49866,0
49867,1
49868,0
49869,1
49870,0
49871,1
49872,1
49873,1
49874,1
49875,1
49876,1
49877,0
49878,0
49879,0
49880,1
49881,1
49882,0
49883,0
49884,0
49885,1
49886,1
49887,0
49888,1
49889,1
49890,0
49891,0
49892,0
49893,1
49894,1
49895,0
49896,0
49897,1
49898,0
49899,1
49900,0
49901,0
49902,0
49903,1
49904,1
49905,0
49906,1
49907,0
49908,0
49909,1
49910,0
49911,0
49912,1
49913,0
49914,1
49915,1
49916,0
49917,1
49918,1
49919,0
49920,0
49921,0
49922,1
49923,0
49924,1
49925,0
49926,1
49927,0
49928,0
49929,1
49930,1
49931,0
49932,1
49933,1
49934,1
49935,0
49936,1
49937,0
49938,0
49939,0
49940,1
49941,0
49942,0
49943,1
49944,0
49945,0
49946,1
49947,1
49948,1
49949,1
49950,1
49951,1
49952,1
49953,1
49954,1
49955,0
49956,0
49957,1
49958,1
49959,0
49960,1
49961,1
49962,1
49963,1
49964,0
49965,1
49966,0
49967,1
49968,0
49969,1
49970,0
49971,0
49972,0
49973,1
49974,0
49975,0
49976,0
49977,0
49978,0
49979,0
49980,1
49981,0
49982,0
49983,0
49984,0
49985,0
49986,1
49987,1
49988,0
49989,0
49990,1
49991,0
49992,0
49993,1
49994,0
49995,0
49996,1
49997,1
49998,0
49999,1
50000,0
50001,0
50002,1
50003,0
50004,1
50005,0
50006,1
50007,1
50008,1
50009,1
50010,1
50011,0
50012,0
50013,1
50014,1
50015,1
50016,0
50017,0
50018,1
50019,1
50020,0
50021,1
50022,1
50023,1
50024,0
50025,0
50026,0
50027,1
50028,1
50029,1
50030,1
50031,0
50032,0
50033,1
50034,0
50035,0
50036,1
50037,0
50038,0
50039,1
50040,0
50041,1
50042,0
50043,0
50044,1
50045,1
50046,1
50047,0
50048,0
50049,0
50050,1
50051,0
50052,1
50053,1
50054,1
50055,1
50056,0
50057,0
50058,0
50059,0
50060,0
50061,0
50062,1
50063,1
50064,0
50065,1
50066,0
50067,0
50068,0
50069,0
50070,1
50071,1
50072,1
50073,1
50074,0
50075,1
50076,0
50077,1
50078,1
50079,1
50080,1
50081,0
50082,0
50083,0
50084,1
50085,0
50086,0
50087,0
50088,0
50089,1
50090,0
50091,1
50092,1
50093,1
50094,0
50095,0
50096,1
50097,1
50098,1
50099,0
50100,0
50101,0
50102,1
50103,0
50104,0
50105,0
50106,1
50107,0
50108,1
50109,0
50110,1
50111,1
50112,1
50113,1
50114,0
50115,0
50116,0
50117,1
50118,1
50119,1
50120,1
50121,0
50122,0
50123,1
50124,1
50125,0
50126,1
50127,1
50128,0
50129,1
50130,0
50131,1
50132,0
50133,0
50134,1
50135,0
50136,1
50137,1
50138,1
50139,0
50140,0
50141,0
50142,0
50143,0
50144,0
50145,0
50146,0
50147,0
50148,0
50149,1
50150,0
50151,1
50152,1
50153,0
50154,1
50155,1
50156,0
50157,0
50158,1
50159,1
50160,1
50161,1
50162,1
50163,0
50164,1
50165,0
50166,1
50167,0
50168,0
50169,1
50170,1
50171,0
50172,1
50173,1
50174,1
50175,0
50176,1
50177,1
50178,1
50179,0
50180,1
50181,1
50182,0
50183,1
50184,1
50185,0
50186,1
50187,1
50188,1
50189,1
50190,1
50191,1
50192,1
50193,1
50194,0
50195,0
50196,1
50197,1
50198,0
50199,1
50200,1
50201,0
50202,1
50203,1
50204,0
50205,1
50206,1
50207,1
50208,1
50209,1
50210,0
50211,0
50212,1
50213,0
50214,1
50215,0
50216,1
50217,1
50218,0
50219,0
50220,0
50221,0
50222,1
50223,0
50224,0
50225,0
50226,1
50227,1
50228,1
50229,0
50230,0
50231,0
50232,0
50233,1
50234,1
50235,1
50236,0
50237,1
50238,0
50239,1
50240,1
50241,0
50242,1
50243,0
50244,1
50245,1
50246,1
50247,1
50248,1
50249,0
50250,1
50251,0
50252,1
50253,1
50254,0
50255,0
50256,0
50257,0
50258,1
50259,1
50260,0
50261,0
50262,1
50263,0
50264,1
50265,1
50266,1
50267,0
50268,1
50269,1
50270,1
50271,1
50272,1
50273,0
50274,0
50275,1
50276,0
50277,1
50278,1
50279,1
50280,0
50281,1
50282,1
50283,1
50284,1
50285,1
50286,1
50287,0
50288,0
50289,0
50290,1
50291,0
50292,0
50293,0
50294,1
50295,0
50296,1
50297,0
50298,0
50299,0
50300,1
50301,1
50302,0
50303,1
50304,1
50305,0
50306,0
50307,0
50308,1
50309,1
50310,0
50311,1
50312,1
50313,0
50314,1
50315,0
50316,1
50317,1
50318,1
50319,0
50320,0
50321,1
50322,0
50323,1
50324,0
50325,1
50326,1
50327,0
50328,0
50329,0
50330,1
50331,1
50332,1
50333,1
50334,1
50335,0
50336,0
50337,0
50338,1
50339,1
50340,1
50341,0
50342,0
50343,1
50344,1
50345,0
50346,1
50347,1
50348,0
50349,0
50350,0
50351,0
50352,1
50353,0
50354,1
50355,0
50356,0
50357,1
50358,1
50359,1
50360,1
50361,1
50362,0
50363,0
50364,1
50365,1
50366,1
50367,1
50368,0
50369,0
50370,0
50371,1
50372,1
50373,0
50374,0
50375,1
50376,0
50377,0
50378,0
50379,1
50380,0
50381,1
50382,0
50383,0
50384,0
50385,1
50386,0
50387,1
50388,1
50389,0
50390,0
50391,0
50392,1
50393,0
50394,1
50395,1
50396,1
50397,0
50398,0
50399,0
50400,1
50401,1
50402,1
50403,1
50404,1
50405,0
50406,1
50407,1
50408,0
50409,1
50410,0
50411,0
50412,0
50413,1
50414,1
50415,0
50416,0
50417,0
50418,0
50419,1
50420,1
50421,1
50422,0
50423,1
50424,0
50425,1
50426,1
50427,1
50428,0
50429,0
50430,0
50431,1
50432,1
50433,0
50434,0
50435,1
50436,1
50437,1
50438,1
50439,1
50440,1
50441,0
50442,1
50443,1
50444,0
50445,0
50446,0
50447,1
50448,1
50449,0
50450,0
50451,1
50452,1
50453,0
50454,1
50455,0
50456,0
50457,1
50458,1
50459,1
50460,1
50461,1
50462,0
50463,1
50464,0
50465,0
50466,1
50467,1
50468,0
50469,1
50470,1
50471,0
50472,0
50473,0
50474,1
50475,0
50476,1
50477,0
50478,0
50479,0
50480,0
50481,0
50482,1
50483,1
50484,1
50485,1
50486,0
50487,1
50488,1
50489,1
50490,1
50491,1
50492,1
50493,0
50494,0
50495,0
50496,0
50497,1
50498,0
50499,1
50500,1
50501,1
50502,0
50503,1
50504,1
50505,0
50506,0
50507,1
50508,0
50509,0
50510,1
50511,0
50512,1
50513,1
50514,1
50515,0
50516,1
50517,0
50518,0
50519,1
50520,1
50521,1
50522,1
50523,1
50524,1
50525,1
50526,0
50527,1
50528,0
50529,0
50530,1
50531,1
50532,1
50533,1
50534,0
50535,1
50536,0
50537,1
50538,0
50539,1
50540,0
50541,1
50542,1
50543,1
50544,0
50545,1
50546,0
50547,0
50548,1
50549,1
50550,0
50551,1
50552,1
50553,1
50554,0
50555,1
50556,0
50557,1
50558,1
50559,1
50560,0
50561,0
50562,0
50563,1
50564,0
50565,1
50566,1
50567,0
50568,0
50569,0
50570,1
50571,1
50572,0
50573,1
50574,0
50575,1
50576,0
50577,1
50578,1
50579,1
50580,0
50581,1
50582,0
50583,0
50584,1
50585,1
50586,1
50587,0
50588,0
50589,1
50590,0
50591,0
50592,0
50593,1
50594,0
50595,1
50596,1
50597,0
50598,1
50599,0
50600,1
50601,1
50602,1
50603,0
50604,0
50605,1
50606,1
50607,0
50608,0
50609,1
50610,1
50611,0
50612,0
50613,0
50614,0
50615,0
50616,0
50617,1
50618,1
50619,1
50620,1
50621,1
50622,1
50623,0
50624,1
50625,0
50626,0
50627,1
50628,1
50629,1
50630,0
50631,1
50632,1
50633,0
50634,1
50635,0
50636,0
50637,1
50638,0
50639,0
50640,1
50641,1
50642,1
50643,0
50644,1
50645,1
50646,0
50647,1
50648,1
50649,1
50650,1
50651,1
50652,0
50653,0
50654,1
50655,0
50656,1
50657,1
50658,1
50659,1
50660,1
50661,0
50662,1
50663,0
50664,1
50665,0
50666,0
50667,0
50668,1
50669,1
50670,0
50671,0
50672,0
50673,0
50674,1
50675,1
50676,1
50677,1
50678,1
50679,1
50680,1
50681,0
50682,1
50683,1
50684,1
50685,0
50686,1
50687,0
50688,0
50689,0
50690,0
50691,0
50692,0
50693,1
50694,1
50695,1
50696,1
50697,0
50698,0
50699,0
50700,1
50701,1
50702,0
50703,1
50704,1
50705,1
50706,1
50707,0
50708,0
50709,0
50710,0
50711,0
50712,1
50713,0
50714,1
50715,1
50716,1
50717,1
50718,0
50719,1
50720,0
50721,0
50722,1
50723,0
50724,0
50725,0
50726,0
50727,0
50728,1
50729,0
50730,1
50731,1
50732,1
50733,0
50734,0
50735,1
50736,0
50737,0
50738,0
50739,1
50740,1
50741,0
50742,1
50743,1
50744,0
50745,1
50746,1
50747,0
50748,1
50749,1
50750,1
50751,0
50752,0
50753,1
50754,0
50755,0
50756,0
50757,1
50758,0
50759,1
50760,1
50761,1
50762,1
50763,1
50764,1
50765,1
50766,0
50767,1
50768,1
50769,1
50770,0
50771,1
50772,1
50773,0
50774,1
50775,1
50776,0
50777,1
50778,1
50779,1
50780,1
50781,1
50782,1
50783,1
50784,1
50785,0
50786,0
50787,0
50788,1
50789,0
50790,0
50791,0
50792,1
50793,0
50794,0
50795,1
50796,0
50797,1
50798,1
50799,0
50800,1
50801,1
50802,1
50803,1
50804,1
50805,0
50806,0
50807,0
50808,0
50809,0
50810,1
50811,0
50812,1
50813,0
50814,1
50815,1
50816,0
50817,0
50818,1
50819,1
50820,1
50821,1
50822,1
50823,1
50824,0
50825,0
50826,0
50827,0
50828,1
50829,0
50830,1
50831,1
50832,1
50833,1
50834,1
50835,1
50836,1
50837,0
50838,0
50839,1
50840,1
50841,1
50842,0
50843,0
50844,0
50845,1
50846,1
50847,0
50848,1
50849,1
50850,0
50851,0
50852,0
50853,0
50854,0
50855,0
50856,1
50857,0
50858,1
50859,1
50860,1
50861,1
50862,0
50863,0
50864,0
50865,1
50866,1
50867,1
50868,1
50869,0
50870,1
50871,0
50872,1
50873,1
50874,1
50875,0
50876,1
50877,0
50878,1
50879,0
50880,1
50881,1
50882,0
50883,0
50884,0
50885,1
50886,1
50887,1
50888,1
50889,1
50890,1
50891,0
50892,0
50893,0
50894,0
50895,1
50896,0
50897,0
50898,0
50899,1
50900,1
50901,1
50902,0
50903,0
50904,0
50905,0
50906,0
50907,0
50908,0
50909,0
50910,0
50911,1
50912,0
50913,1
50914,1
50915,1
50916,0
50917,1
50918,0
50919,0
50920,1
50921,1
50922,0
50923,1
50924,1
50925,1
50926,0
50927,1
50928,0
50929,1
50930,1
50931,0
50932,1
50933,0
50934,0
50935,0
50936,0
50937,1
50938,1
50939,1
50940,1
50941,1
50942,1
50943,0
50944,1
50945,0
50946,1
50947,1
50948,1
50949,1
50950,1
50951,0
50952,1
50953,1
50954,1
50955,1
50956,0
50957,0
50958,0
50959,0
50960,1
50961,1
50962,1
50963,1
50964,0
50965,0
50966,1
50967,1
50968,0
50969,0
50970,0
50971,0
50972,0
50973,1
50974,0
50975,0
50976,1
50977,1
50978,0
50979,1
50980,1
50981,1
50982,1
50983,0
50984,0
50985,0
50986,1
50987,1
50988,1
50989,1
50990,1
50991,0
50992,0
50993,1
50994,0
50995,1
50996,1
50997,0
50998,0
50999,0
51000,1
51001,1
51002,1
51003,1
51004,0
51005,0
51006,0
51007,0
51008,0
51009,0
51010,1
51011,1
51012,1
51013,0
51014,1
51015,1
51016,1
51017,1
51018,0
51019,1
51020,0
51021,1
51022,1
51023,1
51024,0
51025,1
51026,1
51027,1
51028,1
51029,0
51030,1
51031,1
51032,1
51033,0
51034,0
51035,1
51036,0
51037,1
51038,1
51039,0
51040,1
51041,1
51042,0
51043,1
51044,0
51045,0
51046,0
51047,0
51048,1
51049,0
51050,0
51051,0
51052,1
51053,1
51054,0
51055,1
51056,1
51057,1
51058,1
51059,0
51060,1
51061,0
51062,1
51063,1
51064,0
51065,1
51066,1
51067,0
51068,0
51069,0
51070,0
51071,0
51072,0
51073,1
51074,0
51075,1
51076,1
51077,1
51078,0
51079,0
51080,0
51081,1
51082,0
51083,0
51084,1
51085,1
51086,1
51087,1
51088,1
51089,0
51090,0
51091,1
51092,1
51093,0
51094,0
51095,1
51096,0
51097,1
51098,1
51099,1
51100,0
51101,1
51102,0
51103,0
51104,0
51105,0
51106,0
51107,1
51108,1
51109,0
51110,1
51111,0
51112,1
51113,0
51114,1
51115,0
51116,0
51117,1
51118,0
51119,0
51120,0
51121,0
51122,1
51123,1
51124,0
51125,0
51126,0
51127,0
51128,0
51129,0
51130,0
51131,0
51132,0
51133,1
51134,1
51135,1
51136,0
51137,0
51138,0
51139,1
51140,1
51141,0
51142,1
51143,1
51144,1
51145,1
51146,1
51147,1
51148,1
51149,0
51150,0
51151,0
51152,1
51153,0
51154,1
51155,0
51156,1
51157,1
51158,1
51159,1
51160,0
51161,1
51162,1
51163,1
51164,1
51165,1
51166,1
51167,1
51168,0
51169,0
51170,1
51171,1
51172,1
51173,1
51174,1
51175,0
51176,1
51177,1
51178,0
51179,1
51180,1
51181,1
51182,1
51183,0
51184,1
51185,1
51186,1
51187,1
51188,1
51189,0
51190,1
51191,0
51192,1
51193,1
51194,1
51195,0
51196,0
51197,1
51198,1
51199,1
51200,0
51201,0
51202,0
51203,0
51204,1
51205,1
51206,0
51207,1
51208,1
51209,0
51210,1
51211,0
51212,1
51213,0
51214,0
51215,1
51216,0
51217,0
51218,0
51219,0
51220,1
51221,1
51222,0
51223,1
51224,0
51225,1
51226,0
51227,1
51228,1
51229,1
51230,1
51231,1
51232,1
51233,1
51234,1
51235,1
51236,1
51237,1
51238,0
51239,0
51240,0
51241,1
51242,1
51243,0
51244,1
51245,0
51246,0
51247,1
51248,1
51249,0
51250,1
51251,1
51252,1
51253,1
51254,1
51255,0
51256,0
51257,0
51258,1
51259,0
51260,0
51261,0
51262,0
51263,1
51264,1
51265,1
51266,1
51267,0
51268,1
51269,1
51270,1
51271,1
51272,1
51273,1
51274,1
51275,1
51276,1
51277,1
51278,1
51279,0
51280,1
51281,0
51282,0
51283,0
51284,1
51285,1
51286,0
51287,0
51288,0
51289,1
51290,1
51291,1
51292,1
51293,0
51294,0
51295,0
51296,0
51297,1
51298,1
51299,0
51300,0
51301,1
51302,1
51303,0
51304,1
51305,0
51306,0
51307,1
51308,0
51309,1
51310,0
51311,0
51312,1
51313,1
51314,0
51315,1
51316,0
51317,0
51318,0
51319,1
51320,1
51321,0
51322,1
51323,1
51324,1
51325,0
51326,1
51327,0
51328,1
51329,1
51330,0
51331,1
51332,0
51333,0
51334,1
51335,1
51336,0
51337,1
51338,1
51339,1
51340,0
51341,1
51342,0
51343,1
51344,0
51345,1
51346,0
51347,1
51348,1
51349,0
51350,1
51351,1
51352,1
51353,1
51354,1
51355,1
51356,1
51357,0
51358,1
51359,0
51360,1
51361,1
51362,1
51363,0
51364,1
51365,1
51366,1
51367,0
51368,0
51369,0
51370,0
51371,1
51372,1
51373,1
51374,1
51375,0
51376,1
51377,0
51378,1
51379,0
51380,0
51381,1
51382,1
51383,1
51384,1
51385,0
51386,0
51387,0
51388,1
51389,1
51390,1
51391,0
51392,0
51393,1
51394,0
51395,0
51396,1
51397,1
51398,0
51399,0
51400,0
51401,1
51402,0
51403,1
51404,1
51405,0
51406,1
51407,0
51408,1
51409,0
51410,0
51411,0
51412,0
51413,1
51414,1
51415,0
51416,1
51417,0
51418,0
51419,1
51420,1
51421,0
51422,0
51423,0
51424,1
51425,0
51426,1
51427,1
51428,1
51429,1
51430,0
51431,1
51432,0
51433,0
51434,1
51435,0
51436,0
51437,1
51438,1
51439,1
51440,1
51441,0
51442,1
51443,1
51444,0
51445,0
51446,0
51447,0
51448,0
51449,1
51450,1
51451,1
51452,0
51453,0
51454,0
51455,0
51456,1
51457,1
51458,0
51459,1
51460,1
51461,0
51462,1
51463,0
51464,1
51465,1
51466,1
51467,0
51468,0
51469,0
51470,0
51471,1
51472,1
51473,1
51474,1
51475,1
51476,1
51477,0
51478,0
51479,1
51480,0
51481,0
51482,0
51483,1
51484,0
51485,1
51486,1
51487,0
51488,0
51489,0
51490,1
51491,0
51492,0
51493,1
51494,0
51495,0
51496,0
51497,1
51498,0
51499,0
51500,1
51501,0
51502,0
51503,0
51504,0
51505,1
51506,1
51507,0
51508,1
51509,1
51510,1
51511,0
51512,0
51513,0
51514,1
51515,1
51516,0
51517,0
51518,0
51519,1
51520,0
51521,0
51522,0
51523,0
51524,0
51525,1
51526,1
51527,1
51528,0
51529,0
51530,1
51531,1
51532,0
51533,1
51534,1
51535,0
51536,1
51537,0
51538,0
51539,1
51540,1
51541,0
51542,1
51543,1
51544,1
51545,1
51546,1
51547,1
51548,0
51549,1
51550,1
51551,1
51552,1
51553,1
51554,1
51555,0
51556,1
51557,1
51558,1
51559,0
51560,0
51561,0
51562,1
51563,1
51564,0
51565,0
51566,0
51567,0
51568,1
51569,1
51570,1
51571,0
51572,1
51573,1
51574,1
51575,1
51576,1
51577,0
51578,0
51579,1
51580,1
51581,1
51582,0
51583,1
51584,1
51585,1
51586,0
51587,1
51588,1
51589,1
51590,0
51591,1
51592,0
51593,0
51594,1
51595,0
51596,1
51597,1
51598,1
51599,1
51600,1
51601,1
51602,0
51603,0
51604,1
51605,0
51606,1
51607,1
51608,1
51609,0
51610,0
51611,0
51612,0
51613,1
51614,0
51615,1
51616,1
51617,1
51618,1
51619,1
51620,0
51621,0
51622,0
51623,0
51624,1
51625,0
51626,1
51627,0
51628,1
51629,0
51630,1
51631,1
51632,1
51633,1
51634,0
51635,1
51636,1
51637,1
51638,1
51639,0
51640,0
51641,0
51642,0
51643,1
51644,1
51645,1
51646,1
51647,1
51648,1
51649,1
51650,1
51651,0
51652,1
51653,0
51654,1
51655,1
51656,0
51657,1
51658,1
51659,0
51660,0
51661,1
51662,1
51663,1
51664,1
51665,0
51666,1
51667,1
51668,0
51669,1
51670,0
51671,1
51672,0
51673,1
51674,0
51675,0
51676,0
51677,1
51678,1
51679,1
51680,0
51681,1
51682,0
51683,0
51684,1
51685,0
51686,0
51687,1
51688,0
51689,1
51690,0
51691,0
51692,0
51693,1
51694,0
51695,1
51696,1
51697,0
51698,0
51699,1
51700,0
51701,0
51702,0
51703,1
51704,1
51705,1
51706,1
51707,0
51708,1
51709,1
51710,1
51711,0
51712,1
51713,1
51714,0
51715,0
51716,1
51717,0
51718,1
51719,1
51720,0
51721,1
51722,0
51723,0
51724,1
51725,0
51726,1
51727,0
51728,0
51729,0
51730,0
51731,0
51732,0
51733,0
51734,1
51735,0
51736,1
51737,1
51738,1
51739,1
51740,1
51741,1
51742,1
51743,1
51744,0
51745,1
51746,1
51747,1
51748,0
51749,1
51750,1
51751,0
51752,1
51753,1
51754,1
51755,0
51756,1
51757,0
51758,1
51759,0
51760,0
51761,1
51762,1
51763,0
51764,0
51765,0
51766,1
51767,0
51768,0
51769,1
51770,1
51771,0
51772,0
51773,1
51774,0
51775,1
51776,0
51777,1
51778,1
51779,1
51780,0
51781,0
51782,0
51783,0
51784,0
51785,0
51786,0
51787,0
51788,0
51789,0
51790,0
51791,1
51792,0
51793,1
51794,0
51795,1
51796,1
51797,0
51798,1
51799,1
51800,0
51801,1
51802,0
51803,0
51804,1
51805,1
51806,1
51807,1
51808,0
51809,0
51810,1
51811,0
51812,1
51813,1
51814,1
51815,1
51816,1
51817,0
51818,1
51819,0
51820,1
51821,1
51822,0
51823,1
51824,1
51825,0
51826,1
51827,1
51828,1
51829,1
51830,1
51831,0
51832,1
51833,1
51834,1
51835,0
51836,0
51837,1
51838,1
51839,0
51840,1
51841,0
51842,0
51843,0
51844,1
51845,1
51846,1
51847,0
51848,0
51849,0
51850,1
51851,0
51852,1
51853,0
51854,1
51855,1
51856,1
51857,1
51858,0
51859,0
51860,0
51861,1
51862,0
51863,1
51864,0
51865,0
51866,1
51867,0
51868,0
51869,1
51870,0
51871,0
51872,1
51873,0
51874,1
51875,1
51876,1
51877,0
51878,0
51879,0
51880,0
51881,1
51882,1
51883,0
51884,1
51885,1
51886,1
51887,1
51888,0
51889,1
51890,0
51891,1
51892,0
51893,0
51894,0
51895,1
51896,1
51897,1
51898,1
51899,0
51900,0
51901,1
51902,0
51903,0
51904,1
51905,1
51906,1
51907,1
51908,0
51909,0
51910,1
51911,1
51912,0
51913,1
51914,0
51915,1
51916,0
51917,0
51918,0
51919,0
51920,1
51921,1
51922,0
51923,0
51924,0
51925,1
51926,1
51927,1
51928,0
51929,0
51930,0
51931,0
51932,0
51933,1
51934,1
51935,0
51936,1
51937,0
51938,0
51939,0
51940,1
51941,0
51942,1
51943,0
51944,0
51945,0
51946,1
51947,1
51948,1
51949,0
51950,0
51951,1
51952,0
51953,0
51954,0
51955,0
51956,1
51957,0
51958,0
51959,1
51960,0
51961,1
51962,0
51963,1
51964,0
51965,0
51966,1
51967,1
51968,0
51969,1
51970,0
51971,0
51972,1
51973,1
51974,0
51975,0
51976,1
51977,0
51978,0
51979,1
51980,1
51981,1
51982,1
51983,1
51984,1
51985,1
51986,0
51987,1
51988,0
51989,0
51990,1
51991,1
51992,0
51993,0
51994,0
51995,0
51996,0
51997,1
51998,0
51999,0
52000,0
52001,0
52002,1
52003,1
52004,1
52005,0
52006,0
52007,1
52008,1
52009,1
52010,0
52011,0
52012,0
52013,1
52014,0
52015,1
52016,1
52017,1
52018,0
52019,0
52020,0
52021,0
52022,0
52023,0
52024,1
52025,1
52026,1
52027,1
52028,1
52029,0
52030,0
52031,1
52032,1
52033,1
52034,1
52035,0
52036,1
52037,1
52038,1
52039,0
52040,0
52041,1
52042,1
52043,1
52044,1
52045,1
52046,1
52047,0
52048,1
52049,0
52050,1
52051,0
52052,1
52053,1
52054,1
52055,0
52056,1
52057,0
52058,1
52059,1
52060,1
52061,1
52062,1
52063,1
52064,1
52065,1
52066,1
52067,0
52068,0
52069,0
52070,0
52071,0
52072,0
52073,0
52074,1
52075,1
52076,1
52077,0
52078,1
52079,0
52080,1
52081,1
52082,0
52083,0
52084,1
52085,0
52086,0
52087,0
52088,0
52089,1
52090,0
52091,1
52092,0
52093,0
52094,0
52095,1
52096,0
52097,0
52098,1
52099,1
52100,1
52101,1
52102,1
52103,1
52104,0
52105,0
52106,0
52107,0
52108,1
52109,1
52110,1
52111,0
52112,0
52113,1
52114,1
52115,1
52116,1
52117,1
52118,0
52119,0
52120,1
52121,0
52122,1
52123,1
52124,0
52125,1
52126,0
52127,1
52128,0
52129,1
52130,1
52131,0
52132,1
52133,0
52134,0
52135,1
52136,1
52137,1
52138,0
52139,0
52140,0
52141,1
52142,1
52143,1
52144,0
52145,1
52146,1
52147,1
52148,1
52149,1
52150,1
52151,1
52152,1
52153,0
52154,1
52155,0
52156,1
52157,1
52158,1
52159,1
52160,0
52161,1
52162,0
52163,1
52164,1
52165,0
52166,0
52167,1
52168,1
52169,1
52170,1
52171,0
52172,1
52173,1
52174,0
52175,1
52176,1
52177,1
52178,0
52179,1
52180,1
52181,1
52182,0
52183,0
52184,0
52185,1
52186,1
52187,0
52188,1
52189,1
52190,0
52191,0
52192,1
52193,0
52194,0
52195,0
52196,1
52197,0
52198,0
52199,1
52200,0
52201,1
52202,0
52203,1
52204,1
52205,1
52206,0
52207,0
52208,1
52209,1
52210,0
52211,1
52212,1
52213,1
52214,0
52215,1
52216,1
52217,1
52218,0
52219,0
52220,1
52221,1
52222,1
52223,1
52224,0
52225,0
52226,1
52227,0
52228,1
52229,1
52230,0
52231,1
52232,0
52233,1
52234,1
52235,1
52236,1
52237,0
52238,1
52239,0
52240,1
52241,0
52242,1
52243,0
52244,1
52245,1
52246,0
52247,0
52248,0
52249,0
52250,0
52251,0
52252,1
52253,0
52254,0
52255,0
52256,1
52257,1
52258,0
52259,1
52260,1
52261,1
52262,1
52263,1
52264,1
52265,1
52266,1
52267,0
52268,1
52269,0
52270,1
52271,1
52272,0
52273,1
52274,1
52275,0
52276,0
52277,1
52278,1
52279,1
52280,1
52281,1
52282,1
52283,0
52284,0
52285,0
52286,1
52287,1
52288,0
52289,0
52290,1
52291,0
52292,0
52293,0
52294,1
52295,0
52296,0
52297,0
52298,1
52299,0
52300,1
52301,0
52302,1
52303,0
52304,0
52305,0
52306,0
52307,1
52308,1
52309,1
52310,1
52311,1
52312,0
52313,1
52314,0
52315,0
52316,0
52317,1
52318,1
52319,0
52320,0
52321,0
52322,0
52323,0
52324,1
52325,1
52326,0
52327,1
52328,0
52329,1
52330,1
52331,0
52332,1
52333,0
52334,0
52335,1
52336,0
52337,1
52338,0
52339,1
52340,0
52341,1
52342,1
52343,0
52344,0
52345,1
52346,1
52347,0
52348,0
52349,1
52350,1
52351,1
52352,0
52353,0
52354,1
52355,1
52356,1
52357,1
52358,0
52359,0
52360,1
52361,0
52362,0
52363,1
52364,1
52365,0
52366,0
52367,0
52368,1
52369,1
52370,1
52371,1
52372,1
52373,1
52374,1
52375,0
52376,1
52377,1
52378,0
52379,1
52380,1
52381,1
52382,1
52383,0
52384,1
52385,0
52386,1
52387,1
52388,0
52389,1
52390,0
52391,0
52392,1
52393,0
52394,0
52395,0
52396,1
52397,0
52398,1
52399,0
52400,1
52401,1
52402,1
52403,1
52404,0
52405,0
52406,0
52407,1
52408,0
52409,1
52410,1
52411,1
52412,0
52413,1
52414,0
52415,1
52416,0
52417,0
52418,0
52419,0
52420,0
52421,1
52422,1
52423,0
52424,1
52425,0
52426,1
52427,0
52428,1
52429,1
52430,0
52431,1
52432,0
52433,0
52434,1
52435,1
52436,0
52437,0
52438,1
52439,1
52440,0
52441,0
52442,1
52443,0
52444,1
52445,0
52446,1
52447,1
52448,1
52449,1
52450,1
52451,1
52452,0
52453,1
52454,0
52455,1
52456,0
52457,1
52458,1
52459,0
52460,0
52461,1
52462,1
52463,0
52464,1
52465,0
52466,0
52467,0
52468,1
52469,0
52470,1
52471,1
52472,0
52473,1
52474,1
52475,1
52476,0
52477,0
52478,1
52479,1
52480,0
52481,1
52482,1
52483,1
52484,1
52485,0
52486,1
52487,0
52488,1
52489,1
52490,0
52491,1
52492,0
52493,1
52494,1
52495,1
52496,1
52497,0
52498,1
52499,1
52500,0
52501,0
52502,0
52503,1
52504,1
52505,0
52506,1
52507,1
52508,1
52509,0
52510,1
52511,0
52512,1
52513,1
52514,1
52515,0
52516,1
52517,1
52518,1
52519,1
52520,0
52521,0
52522,1
52523,0
52524,0
52525,0
52526,0
52527,0
52528,0
52529,0
52530,0
52531,0
52532,0
52533,1
52534,1
52535,1
52536,0
52537,0
52538,1
52539,0
52540,1
52541,0
52542,0
52543,1
52544,0
52545,1
52546,0
52547,1
52548,1
52549,1
52550,0
52551,1
52552,1
52553,0
52554,0
52555,0
52556,1
52557,1
52558,0
52559,1
52560,1
52561,0
52562,1
52563,1
52564,0
52565,0
52566,0
52567,0
52568,0
52569,1
52570,1
52571,1
52572,1
52573,1
52574,0
52575,0
52576,1
52577,1
52578,0
52579,1
52580,0
52581,1
52582,0
52583,1
52584,1
52585,1
52586,0
52587,0
52588,1
52589,1
52590,1
52591,1
52592,1
52593,1
52594,0
52595,0
52596,0
52597,0
52598,1
52599,0
52600,0
52601,1
52602,0
52603,1
52604,0
52605,1
52606,0
52607,0
52608,0
52609,0
52610,1
52611,1
52612,0
52613,1
52614,0
52615,1
52616,0
52617,0
52618,1
52619,1
52620,1
52621,1
52622,1
52623,0
52624,1
52625,0
52626,1
52627,1
52628,0
52629,1
52630,1
52631,0
52632,1
52633,0
52634,0
52635,0
52636,1
52637,0
52638,0
52639,1
52640,1
52641,1
52642,0
52643,0
52644,1
52645,0
52646,0
52647,1
52648,0
52649,0
52650,0
52651,1
52652,1
52653,0
52654,1
52655,1
52656,1
52657,1
52658,0
52659,1
52660,1
52661,0
52662,0
52663,0
52664,0
52665,1
52666,0
52667,0
52668,0
52669,1
52670,0
52671,1
52672,0
52673,1
52674,1
52675,1
52676,1
52677,1
52678,0
52679,0
52680,1
52681,1
52682,1
52683,0
52684,1
52685,1
52686,0
52687,0
52688,1
52689,1
52690,0
52691,0
52692,1
52693,0
52694,0
52695,0
52696,0
52697,1
52698,0
52699,1
52700,0
52701,1
52702,1
52703,1
52704,0
52705,1
52706,1
52707,0
52708,0
52709,1
52710,1
52711,1
52712,1
52713,1
52714,1
52715,0
52716,1
52717,0
52718,1
52719,1
52720,1
52721,1
52722,0
52723,0
52724,0
52725,1
52726,0
52727,0
52728,1
52729,1
52730,0
52731,1
52732,0
52733,0
52734,0
52735,0
52736,1
52737,1
52738,1
52739,1
52740,0
52741,0
52742,1
52743,1
52744,1
52745,1
52746,0
52747,0
52748,1
52749,1
52750,0
52751,0
52752,1
52753,1
52754,1
52755,0
52756,0
52757,1
52758,1
52759,1
52760,1
52761,1
52762,0
52763,1
52764,1
52765,0
52766,1
52767,1
52768,1
52769,1
52770,0
52771,0
52772,0
52773,1
52774,0
52775,0
52776,1
52777,1
52778,1
52779,0
52780,1
52781,0
52782,0
52783,0
52784,1
52785,1
52786,1
52787,0
52788,0
52789,0
52790,1
52791,1
52792,0
52793,1
52794,1
52795,1
52796,1
52797,0
52798,1
52799,0
52800,1
52801,1
52802,0
52803,0
52804,1
52805,1
52806,1
52807,0
52808,1
52809,0
52810,1
52811,1
52812,1
52813,1
52814,1
52815,1
52816,0
52817,0
52818,1
52819,0
52820,0
52821,1
52822,0
52823,0
52824,0
52825,1
52826,1
52827,1
52828,1
52829,1
52830,0
52831,0
52832,0
52833,1
52834,0
52835,1
52836,0
52837,1
52838,1
52839,1
52840,1
52841,1
52842,0
52843,1
52844,0
52845,1
52846,1
52847,0
52848,0
52849,1
52850,0
52851,1
52852,1
52853,1
52854,1
52855,0
52856,1
52857,1
52858,1
52859,0
52860,1
52861,0
52862,1
52863,0
52864,1
52865,1
52866,1
52867,0
52868,1
52869,1
52870,0
52871,1
52872,0
52873,0
52874,1
52875,1
52876,0
52877,1
52878,1
52879,1
52880,0
52881,0
52882,0
52883,1
52884,1
52885,0
52886,0
52887,1
52888,0
52889,1
52890,0
52891,1
52892,0
52893,0
52894,1
52895,1
52896,1
52897,0
52898,0
52899,0
52900,1
52901,1
52902,0
52903,0
52904,0
52905,0
52906,1
52907,1
52908,0
52909,0
52910,0
52911,1
52912,0
52913,0
52914,1
52915,1
52916,1
52917,0
52918,1
52919,1
52920,0
52921,0
52922,1
52923,1
52924,0
52925,1
52926,1
52927,1
52928,0
52929,0
52930,1
52931,1
52932,0
52933,1
52934,1
52935,0
52936,1
52937,0
52938,0
52939,0
52940,1
52941,1
52942,1
52943,1
52944,1
52945,0
52946,1
52947,0
52948,1
52949,0
52950,0
52951,0
52952,0
52953,1
52954,1
52955,0
52956,1
52957,1
52958,1
52959,1
52960,0
52961,1
52962,0
52963,1
52964,1
52965,0
52966,0
52967,1
52968,1
52969,1
52970,1
52971,1
52972,0
52973,0
52974,1
52975,1
52976,0
52977,0
52978,1
52979,1
52980,0
52981,1
52982,1
52983,0
52984,1
52985,1
52986,1
52987,1
52988,0
52989,0
52990,1
52991,0
52992,0
52993,1
52994,1
52995,1
52996,0
52997,1
52998,0
52999,1
53000,1
53001,0
53002,1
53003,0
53004,1
53005,1
53006,1
53007,1
53008,1
53009,0
53010,0
53011,1
53012,0
53013,0
53014,1
53015,1
53016,1
53017,0
53018,0
53019,0
53020,0
53021,1
53022,0
53023,1
53024,0
53025,0
53026,1
53027,1
53028,0
53029,1
53030,0
53031,1
53032,0
53033,0
53034,1
53035,1
53036,0
53037,0
53038,1
53039,1
53040,0
53041,1
53042,1
53043,0
53044,1
53045,1
53046,0
53047,1
53048,1
53049,1
53050,0
53051,1
53052,0
53053,1
53054,1
53055,1
53056,1
53057,1
53058,1
53059,1
53060,1
53061,0
53062,0
53063,0
53064,0
53065,0
53066,0
53067,1
53068,1
53069,1
53070,0
53071,1
53072,0
53073,0
53074,1
53075,0
53076,0
53077,1
53078,1
53079,1
53080,1
53081,1
53082,1
53083,0
53084,0
53085,1
53086,1
53087,1
53088,1
53089,0
53090,0
53091,0
53092,0
53093,1
53094,1
53095,1
53096,0
53097,1
53098,0
53099,0
53100,1
53101,0
53102,1
53103,1
53104,0
53105,0
53106,1
53107,1
53108,1
53109,1
53110,0
53111,1
53112,1
53113,1
53114,0
53115,0
53116,0
53117,1
53118,0
53119,1
53120,1
53121,1
53122,0
53123,0
53124,0
53125,0
53126,0
53127,1
53128,1
53129,0
53130,0
53131,0
53132,1
53133,0
53134,0
53135,0
53136,1
53137,1
53138,1
53139,1
53140,1
53141,0
53142,1
53143,0
53144,0
53145,1
53146,0
53147,1
53148,1
53149,1
53150,1
53151,1
53152,0
53153,1
53154,0
53155,0
53156,1
53157,0
53158,0
53159,1
53160,0
53161,1
53162,0
53163,0
53164,0
53165,0
53166,0
53167,0
53168,0
53169,0
53170,0
53171,1
53172,1
53173,0
53174,0
53175,0
53176,1
53177,1
53178,1
53179,1
53180,1
53181,1
53182,1
53183,1
53184,0
53185,0
53186,0
53187,0
53188,1
53189,0
53190,0
53191,1
53192,1
53193,1
53194,1
53195,1
53196,1
53197,1
53198,1
53199,1
53200,0
53201,1
53202,0
53203,1
53204,0
53205,0
53206,1
53207,0
53208,1
53209,0
53210,1
53211,1
53212,1
53213,0
53214,0
53215,0
53216,1
53217,1
53218,1
53219,1
53220,1
53221,0
53222,0
53223,0
53224,0
53225,1
53226,1
53227,1
53228,0
53229,0
53230,1
53231,0
53232,1
53233,0
53234,1
53235,0
53236,1
53237,1
53238,1
53239,1
53240,1
53241,0
53242,0
53243,0
53244,0
53245,0
53246,1
53247,1
53248,0
53249,1
53250,0
53251,0
53252,1
53253,1
53254,0
53255,0
53256,0
53257,0
53258,1
53259,0
53260,1
53261,0
53262,0
53263,0
53264,0
53265,0
53266,0
53267,0
53268,1
53269,0
53270,1
53271,0
53272,0
53273,1
53274,0
53275,0
53276,1
53277,1
53278,1
53279,0
53280,0
53281,0
53282,0
53283,0
53284,1
53285,1
53286,0
53287,1
53288,0
53289,1
53290,0
53291,1
53292,0
53293,0
53294,1
53295,0
53296,1
53297,1
53298,0
53299,1
53300,0
53301,1
53302,1
53303,0
53304,1
53305,1
53306,0
53307,0
53308,0
53309,1
53310,1
53311,0
53312,0
53313,0
53314,0
53315,1
53316,1
53317,1
53318,0
53319,1
53320,0
53321,0
53322,0
53323,0
53324,1
53325,1
53326,0
53327,0
53328,0
53329,0
53330,0
53331,1
53332,1
53333,0
53334,0
53335,1
53336,1
53337,1
53338,0
53339,0
53340,1
53341,1
53342,0
53343,0
53344,1
53345,0
53346,1
53347,1
53348,0
53349,1
53350,0
53351,0
53352,0
53353,1
53354,0
53355,1
53356,1
53357,0
53358,1
53359,1
53360,0
53361,1
53362,1
53363,1
53364,0
53365,1
53366,1
53367,1
53368,1
53369,0
53370,1
53371,0
53372,1
53373,1
53374,1
53375,1
53376,0
53377,1
53378,1
53379,0
53380,1
53381,1
53382,1
53383,0
53384,0
53385,0
53386,0
53387,1
53388,1
53389,1
53390,1
53391,1
53392,0
53393,0
53394,1
53395,1
53396,1
53397,1
53398,1
53399,0
53400,1
53401,1
53402,1
53403,0
53404,1
53405,1
53406,0
53407,0
53408,0
53409,1
53410,0
53411,1
53412,0
53413,1
53414,0
53415,0
53416,1
53417,1
53418,0
53419,1
53420,0
53421,1
53422,1
53423,0
53424,0
53425,0
53426,0
53427,0
53428,0
53429,1
53430,0
53431,1
53432,0
53433,0
53434,1
53435,0
53436,0
53437,1
53438,0
53439,1
53440,0
53441,0
53442,1
53443,1
53444,1
53445,1
53446,1
53447,0
53448,0
53449,1
53450,1
53451,1
53452,0
53453,1
53454,1
53455,1
53456,1
53457,1
53458,1
53459,0
53460,0
53461,0
53462,1
53463,0
53464,0
53465,1
53466,1
53467,0
53468,0
53469,1
53470,0
53471,1
53472,1
53473,0
53474,0
53475,0
53476,0
53477,0
53478,0
53479,0
53480,0
53481,1
53482,0
53483,0
53484,1
53485,1
53486,1
53487,1
53488,0
53489,0
53490,1
53491,1
53492,1
53493,1
53494,1
53495,1
53496,0
53497,1
53498,1
53499,1
53500,1
53501,1
53502,1
53503,0
53504,0
53505,0
53506,1
53507,1
53508,0
53509,1
53510,0
53511,0
53512,1
53513,1
53514,0
53515,0
53516,1
53517,1
53518,1
53519,1
53520,0
53521,0
53522,1
53523,1
53524,1
53525,0
53526,1
53527,1
53528,1
53529,0
53530,0
53531,1
53532,1
53533,0
53534,0
53535,0
53536,0
53537,0
53538,1
53539,1
53540,0
53541,1
53542,0
53543,1
53544,1
53545,1
53546,0
53547,1
53548,0
53549,1
53550,0
53551,0
53552,1
53553,1
53554,0
53555,1
53556,1
53557,0
53558,1
53559,1
53560,1
53561,0
53562,1
53563,1
53564,0
53565,1
53566,0
53567,1
53568,1
53569,0
53570,1
53571,1
53572,0
53573,0
53574,0
53575,0
53576,0
53577,0
53578,1
53579,1
53580,1
53581,1
53582,1
53583,0
53584,1
53585,1
53586,0
53587,1
53588,0
53589,1
53590,0
53591,1
53592,0
53593,0
53594,1
53595,1
53596,1
53597,0
53598,0
53599,1
53600,0
53601,0
53602,1
53603,0
53604,1
53605,1
53606,1
53607,0
53608,0
53609,0
53610,1
53611,1
53612,1
53613,0
53614,1
53615,1
53616,1
53617,1
53618,0
53619,0
53620,1
53621,0
53622,1
53623,1
53624,1
53625,0
53626,0
53627,1
53628,1
53629,0
53630,0
53631,1
53632,0
53633,0
53634,0
53635,1
53636,0
53637,0
53638,1
53639,0
53640,0
53641,0
53642,0
53643,0
53644,1
53645,1
53646,0
53647,0
53648,1
53649,1
53650,1
53651,1
53652,0
53653,0
53654,1
53655,0
53656,0
53657,0
53658,0
53659,0
53660,0
53661,0
53662,0
53663,1
53664,1
53665,0
53666,1
53667,1
53668,0
53669,1
53670,0
53671,1
53672,0
53673,0
53674,0
53675,0
53676,1
53677,0
53678,0
53679,0
53680,1
53681,1
53682,0
53683,1
53684,1
53685,1
53686,0
53687,1
53688,0
53689,1
53690,1
53691,1
53692,1
53693,1
53694,1
53695,0
53696,1
53697,1
53698,1
53699,1
53700,0
53701,1
53702,1
53703,1
53704,1
53705,0
53706,0
53707,1
53708,0
53709,1
53710,0
53711,0
53712,0
53713,0
53714,1
53715,1
53716,0
53717,0
53718,1
53719,0
53720,0
53721,0
53722,1
53723,1
53724,1
53725,1
53726,1
53727,1
53728,1
53729,1
53730,1
53731,0
53732,0
53733,0
53734,0
53735,1
53736,0
53737,0
53738,0
53739,0
53740,0
53741,1
53742,1
53743,0
53744,0
53745,1
53746,1
53747,1
53748,1
53749,0
53750,1
53751,0
53752,0
53753,1
53754,1
53755,1
53756,0
53757,1
53758,0
53759,1
53760,1
53761,0
53762,1
53763,1
53764,0
53765,0
53766,0
53767,0
53768,0
53769,0
53770,1
53771,1
53772,1
53773,0
53774,0
53775,1
53776,1
53777,1
53778,0
53779,0
53780,0
53781,1
53782,1
53783,0
53784,1
53785,1
53786,1
53787,1
53788,1
53789,0
53790,0
53791,1
53792,0
53793,0
53794,1
53795,0
53796,1
53797,0
53798,1
53799,1
53800,1
53801,1
53802,0
53803,1
53804,0
53805,0
53806,1
53807,0
53808,1
53809,0
53810,1
53811,0
53812,1
53813,0
53814,1
53815,1
53816,0
53817,0
53818,0
53819,0
53820,1
53821,1
53822,1
53823,1
53824,1
53825,0
53826,1
53827,0
53828,0
53829,1
53830,0
53831,1
53832,1
53833,0
53834,1
53835,1
53836,1
53837,0
53838,0
53839,1
53840,0
53841,0
53842,0
53843,1
53844,0
53845,0
53846,1
53847,1
53848,1
53849,1
53850,1
53851,0
53852,1
53853,0
53854,0
53855,0
53856,1
53857,0
53858,0
53859,0
53860,1
53861,1
53862,1
53863,0
53864,0
53865,1
53866,0
53867,1
53868,1
53869,0
53870,1
53871,0
53872,1
53873,0
53874,1
53875,1
53876,0
53877,0
53878,0
53879,1
53880,1
53881,0
53882,1
53883,1
53884,0
53885,1
53886,0
53887,1
53888,1
53889,0
53890,1
53891,0
53892,1
53893,1
53894,0
53895,0
53896,1
53897,1
53898,0
53899,0
53900,1
53901,1
53902,0
53903,1
53904,1
53905,1
53906,0
53907,1
53908,0
53909,0
53910,1
53911,0
53912,1
53913,1
53914,0
53915,1
53916,1
53917,1
53918,1
53919,0
53920,1
53921,0
53922,1
53923,1
53924,0
53925,1
53926,1
53927,0
53928,1
53929,1
53930,0
53931,0
53932,1
53933,1
53934,1
53935,0
53936,1
53937,0
53938,1
53939,0
53940,0
53941,0
53942,0
53943,1
53944,0
53945,0
53946,1
53947,0
53948,0
53949,0
53950,1
53951,0
53952,1
53953,1
53954,1
53955,0
53956,1
53957,1
53958,0
53959,1
53960,0
53961,1
53962,1
53963,0
53964,1
53965,1
53966,1
53967,0
53968,0
53969,1
53970,1
53971,0
53972,0
53973,1
53974,1
53975,0
53976,1
53977,0
53978,1
53979,0
53980,1
53981,0
53982,0
53983,0
53984,1
53985,0
53986,0
53987,1
53988,0
53989,0
53990,0
53991,0
53992,1
53993,0
53994,0
53995,1
53996,1
53997,0
53998,1
53999,1
54000,0
54001,1
54002,1
54003,0
54004,0
54005,0
54006,0
54007,0
54008,1
54009,0
54010,0
54011,0
54012,0
54013,1
54014,0
54015,0
54016,0
54017,0
54018,0
54019,1
54020,1
54021,1
54022,0
54023,1
54024,1
54025,1
54026,1
54027,1
54028,1
54029,0
54030,1
54031,1
54032,1
54033,1
54034,1
54035,1
54036,1
54037,0
54038,1
54039,1
54040,1
54041,1
54042,0
54043,0
54044,0
54045,1
54046,0
54047,1
54048,1
54049,0
54050,0
54051,1
54052,0
54053,1
54054,1
54055,0
54056,1
54057,1
54058,1
54059,1
54060,0
54061,1
54062,0
54063,1
54064,1
54065,1
54066,1
54067,1
54068,0
54069,1
54070,0
54071,0
54072,0
54073,1
54074,1
54075,1
54076,1
54077,1
54078,1
54079,0
54080,0
54081,0
54082,1
54083,0
54084,0
54085,0
54086,1
54087,0
54088,0
54089,0
54090,1
54091,0
54092,0
54093,1
54094,1
54095,0
54096,0
54097,1
54098,0
54099,0
54100,1
54101,1
54102,1
54103,0
54104,0
54105,1
54106,1
54107,1
54108,1
54109,0
54110,1
54111,1
54112,1
54113,0
54114,1
54115,1
54116,1
54117,0
54118,1
54119,0
54120,1
54121,0
54122,1
54123,1
54124,0
54125,1
54126,1
54127,1
54128,1
54129,0
54130,1
54131,1
54132,0
54133,0
54134,1
54135,0
54136,1
54137,0
54138,0
54139,1
54140,1
54141,0
54142,1
54143,1
54144,1
54145,0
54146,1
54147,0
54148,0
54149,1
54150,1
54151,1
54152,1
54153,1
54154,0
54155,1
54156,0
54157,0
54158,0
54159,0
54160,1
54161,0
54162,0
54163,0
54164,1
54165,1
54166,1
54167,0
54168,1
54169,1
54170,0
54171,0
54172,1
54173,0
54174,0
54175,1
54176,0
54177,1
54178,1
54179,0
54180,1
54181,0
54182,1
54183,0
54184,1
54185,1
54186,1
54187,0
54188,1
54189,1
54190,1
54191,0
54192,1
54193,0
54194,1
54195,0
54196,0
54197,0
54198,0
54199,0
54200,1
54201,1
54202,1
54203,1
54204,1
54205,1
54206,0
54207,1
54208,1
54209,1
54210,1
54211,0
54212,0
54213,0
54214,1
54215,1
54216,0
54217,0
54218,1
54219,0
54220,0
54221,1
54222,1
54223,1
54224,0
54225,1
54226,1
54227,0
54228,1
54229,0
54230,1
54231,0
54232,1
54233,1
54234,0
54235,1
54236,1
54237,1
54238,1
54239,1
54240,1
54241,1
54242,0
54243,1
54244,0
54245,1
54246,1
54247,1
54248,0
54249,1
54250,1
54251,1
54252,1
54253,1
54254,1
54255,1
54256,0
54257,1
54258,0
54259,0
54260,1
54261,0
54262,1
54263,1
54264,0
54265,0
54266,1
54267,0
54268,1
54269,0
54270,1
54271,1
54272,1
54273,1
54274,0
54275,1
54276,0
54277,1
54278,0
54279,0
54280,1
54281,0
54282,1
54283,1
54284,1
54285,0
54286,1
54287,0
54288,0
54289,1
54290,1
54291,0
54292,1
54293,0
54294,1
54295,1
54296,1
54297,0
54298,1
54299,0
54300,0
54301,0
54302,0
54303,1
54304,0
54305,1
54306,0
54307,0
54308,1
54309,0
54310,1
54311,1
54312,1
54313,0
54314,1
54315,0
54316,1
54317,0
54318,1
54319,0
54320,1
54321,1
54322,0
54323,0
54324,1
54325,1
54326,1
54327,0
54328,0
54329,1
54330,1
54331,1
54332,1
54333,0
54334,1
54335,1
54336,0
54337,0
54338,0
54339,0
54340,1
54341,0
54342,1
54343,1
54344,1
54345,0
54346,0
54347,1
54348,0
54349,1
54350,1
54351,1
54352,1
54353,1
54354,1
54355,1
54356,0
54357,0
54358,1
54359,1
54360,1
54361,0
54362,0
54363,0
54364,0
54365,1
54366,1
54367,0
54368,0
54369,0
54370,1
54371,0
54372,1
54373,0
54374,1
54375,1
54376,0
54377,0
54378,1
54379,0
54380,0
54381,1
54382,1
54383,1
54384,1
54385,0
54386,1
54387,0
54388,0
54389,0
54390,1
54391,1
54392,1
54393,1
54394,1
54395,1
54396,0
54397,0
54398,0
54399,0
54400,1
54401,1
54402,1
54403,1
54404,0
54405,1
54406,0
54407,1
54408,0
54409,0
54410,1
54411,1
54412,1
54413,0
54414,1
54415,0
54416,0
54417,0
54418,0
54419,0
54420,1
54421,0
54422,1
54423,1
54424,1
54425,0
54426,1
54427,1
54428,1
54429,0
54430,0
54431,0
54432,1
54433,1
54434,1
54435,1
54436,1
54437,1
54438,0
54439,1
54440,1
54441,0
54442,0
54443,0
54444,1
54445,0
54446,0
54447,0
54448,0
54449,0
54450,1
54451,1
54452,1
54453,0
54454,0
54455,1
54456,0
54457,0
54458,0
54459,1
54460,0
54461,1
54462,0
54463,0
54464,0
54465,0
54466,0
54467,0
54468,0
54469,1
54470,1
54471,1
54472,1
54473,0
54474,0
54475,0
54476,1
54477,0
54478,1
54479,0
54480,0
54481,1
54482,1
54483,0
54484,0
54485,0
54486,0
54487,1
54488,1
54489,1
54490,0
54491,1
54492,1
54493,0
54494,0
54495,1
54496,1
54497,1
54498,0
54499,1
54500,1
54501,1
54502,1
54503,1
54504,1
54505,1
54506,0
54507,0
54508,0
54509,0
54510,0
54511,0
54512,1
54513,0
54514,0
54515,1
54516,1
54517,1
54518,1
54519,1
54520,1
54521,1
54522,1
54523,1
54524,0
54525,0
54526,1
54527,1
54528,0
54529,1
54530,1
54531,0
54532,1
54533,0
54534,0
54535,1
54536,0
54537,1
54538,0
54539,0
54540,1
54541,1
54542,0
54543,1
54544,1
54545,0
54546,1
54547,0
54548,0
54549,1
54550,1
54551,1
54552,0
54553,1
54554,1
54555,1
54556,0
54557,1
54558,0
54559,1
54560,0
54561,0
54562,0
54563,0
54564,0
54565,1
54566,1
54567,0
54568,1
54569,1
54570,0
54571,0
54572,0
54573,1
54574,1
54575,0
54576,1
54577,1
54578,1
54579,1
54580,1
54581,1
54582,1
54583,0
54584,1
54585,1
54586,1
54587,1
54588,0
54589,1
54590,0
54591,0
54592,1
54593,1
54594,1
54595,1
54596,0
54597,0
54598,0
54599,0
54600,1
54601,0
54602,1
54603,1
54604,1
54605,0
54606,1
54607,1
54608,0
54609,1
54610,0
54611,1
54612,0
54613,0
54614,0
54615,1
54616,0
54617,1
54618,1
54619,0
54620,1
54621,1
54622,1
54623,1
54624,1
54625,1
54626,0
54627,0
54628,1
54629,0
54630,0
54631,0
54632,1
54633,1
54634,0
54635,1
54636,1
54637,0
54638,0
54639,1
54640,0
54641,0
54642,1
54643,0
54644,1
54645,1
54646,0
54647,1
54648,1
54649,1
54650,1
54651,0
54652,0
54653,0
54654,1
54655,0
54656,0
54657,0
54658,0
54659,0
54660,0
54661,1
54662,0
54663,0
54664,1
54665,0
54666,0
54667,1
54668,1
54669,1
54670,1
54671,1
54672,1
54673,1
54674,1
54675,1
54676,1
54677,1
54678,0
54679,1
54680,1
54681,0
54682,1
54683,1
54684,1
54685,1
54686,1
54687,0
54688,1
54689,0
54690,1
54691,1
54692,0
54693,1
54694,1
54695,0
54696,1
54697,1
54698,0
54699,1
54700,0
54701,1
54702,1
54703,1
54704,1
54705,1
54706,1
54707,1
54708,0
54709,0
54710,1
54711,1
54712,0
54713,1
54714,0
54715,1
54716,0
54717,0
54718,1
54719,0
54720,0
54721,1
54722,1
54723,0
54724,1
54725,1
54726,0
54727,0
54728,0
54729,0
54730,0
54731,1
54732,0
54733,1
54734,0
54735,0
54736,1
54737,1
54738,1
54739,1
54740,0
54741,1
54742,0
54743,1
54744,0
54745,0
54746,1
54747,0
54748,0
54749,0
54750,1
54751,0
54752,1
54753,0
54754,1
54755,0
54756,1
54757,1
54758,0
54759,1
54760,1
54761,0
54762,0
54763,0
54764,0
54765,1
54766,1
54767,1
54768,1
54769,1
54770,1
54771,1
54772,0
54773,1
54774,1
54775,1
54776,1
54777,1
54778,1
54779,0
54780,1
54781,1
54782,0
54783,0
54784,1
54785,0
54786,0
54787,0
54788,0
54789,1
54790,1
54791,1
54792,1
54793,1
54794,1
54795,1
54796,1
54797,1
54798,1
54799,1
54800,1
54801,1
54802,1
54803,1
54804,0
54805,1
54806,1
54807,0
54808,1
54809,1
54810,1
54811,1
54812,0
54813,0
54814,1
54815,1
54816,0
54817,0
54818,1
54819,0
54820,0
54821,0
54822,1
54823,0
54824,0
54825,0
54826,1
54827,1
54828,1
54829,0
54830,0
54831,0
54832,1
54833,0
54834,0
54835,1
54836,0
54837,0
54838,1
54839,1
54840,1
54841,0
54842,0
54843,0
54844,1
54845,0
54846,1
54847,0
54848,1
54849,0
54850,0
54851,1
54852,1
54853,0
54854,0
54855,0
54856,1
54857,1
54858,1
54859,1
54860,0
54861,0
54862,0
54863,0
54864,0
54865,0
54866,1
54867,1
54868,1
54869,0
54870,1
54871,1
54872,1
54873,1
54874,1
54875,1
54876,0
54877,1
54878,0
54879,0
54880,1
54881,1
54882,0
54883,1
54884,0
54885,1
54886,1
54887,1
54888,1
54889,1
54890,0
54891,0
54892,1
54893,0
54894,0
54895,1
54896,1
54897,0
54898,0
54899,1
54900,1
54901,1
54902,0
54903,1
54904,1
54905,1
54906,1
54907,0
54908,1
54909,1
54910,1
54911,1
54912,1
54913,1
54914,0
54915,1
54916,1
54917,0
54918,1
54919,1
54920,1
54921,1
54922,1
54923,1
54924,1
54925,0
54926,1
54927,1
54928,0
54929,0
54930,1
54931,0
54932,0
54933,0
54934,0
54935,0
54936,1
54937,1
54938,0
54939,1
54940,0
54941,1
54942,0
54943,1
54944,1
54945,1
54946,1
54947,0
54948,1
54949,1
54950,0
54951,0
54952,0
54953,0
54954,1
54955,0
54956,1
54957,0
54958,0
54959,0
54960,0
54961,1
54962,1
54963,1
54964,1
54965,1
54966,0
54967,1
54968,0
54969,0
54970,0
54971,0
54972,1
54973,0
54974,1
54975,0
54976,1
54977,1
54978,1
54979,0
54980,1
54981,0
54982,0
54983,1
54984,0
54985,1
54986,0
54987,1
54988,1
54989,0
54990,1
54991,0
54992,1
54993,1
54994,1
54995,1
54996,1
54997,1
54998,0
54999,1
55000,0
55001,1
55002,0
55003,0
55004,1
55005,0
55006,0
55007,0
55008,0
55009,0
55010,1
55011,1
55012,0
55013,0
55014,0
55015,1
55016,1
55017,0
55018,1
55019,1
55020,1
55021,1
55022,1
55023,1
55024,1
55025,0
55026,1
55027,0
55028,1
55029,0
55030,1
55031,0
55032,1
55033,1
55034,1
55035,1
55036,0
55037,0
55038,0
55039,0
55040,1
55041,1
55042,0
55043,0
55044,0
55045,1
55046,0
55047,1
55048,1
55049,0
55050,0
55051,1
55052,0
55053,1
55054,0
55055,0
55056,1
55057,1
55058,0
55059,1
55060,1
55061,1
55062,1
55063,1
55064,1
55065,1
55066,1
55067,1
55068,0
55069,1
55070,0
55071,0
55072,1
55073,0
55074,1
55075,1
55076,1
55077,1
55078,1
55079,1
55080,1
55081,0
55082,1
55083,1
55084,0
55085,0
55086,1
55087,1
55088,1
55089,1
55090,0
55091,0
55092,0
55093,0
55094,0
55095,1
55096,1
55097,0
55098,0
55099,0
55100,1
55101,0
55102,0
55103,1
55104,0
55105,1
55106,1
55107,0
55108,1
55109,0
55110,0
55111,1
55112,1
55113,0
55114,1
55115,1
55116,1
55117,0
55118,1
55119,1
55120,0
55121,1
55122,0
55123,1
55124,1
55125,1
55126,0
55127,1
55128,0
55129,1
55130,1
55131,1
55132,1
55133,0
55134,1
55135,0
55136,1
55137,0
55138,0
55139,0
55140,1
55141,0
55142,0
55143,1
55144,1
55145,1
55146,1
55147,0
55148,1
55149,0
55150,1
55151,1
55152,1
55153,0
55154,0
55155,1
55156,0
55157,0
55158,0
55159,0
55160,1
55161,0
55162,1
55163,0
55164,1
55165,1
55166,1
55167,1
55168,0
55169,0
55170,1
55171,1
55172,1
55173,1
55174,1
55175,0
55176,0
55177,1
55178,1
55179,0
55180,1
55181,1
55182,0
55183,0
55184,1
55185,0
55186,0
55187,1
55188,1
55189,1
55190,0
55191,1
55192,1
55193,0
55194,0
55195,1
55196,0
55197,0
55198,0
55199,1
55200,0
55201,1
55202,0
55203,1
55204,0
55205,0
55206,0
55207,0
55208,1
55209,1
55210,1
55211,1
55212,1
55213,1
55214,0
55215,0
55216,0
55217,0
55218,1
55219,0
55220,1
55221,0
55222,1
55223,0
55224,1
55225,0
55226,0
55227,1
55228,0
55229,0
55230,1
55231,1
55232,1
55233,1
55234,1
55235,0
55236,0
55237,1
55238,0
55239,1
55240,0
55241,1
55242,1
55243,1
55244,1
55245,1
55246,1
55247,0
55248,1
55249,0
55250,0
55251,0
55252,1
55253,0
55254,1
55255,0
55256,1
55257,0
55258,1
55259,1
55260,0
55261,1
55262,0
55263,0
55264,0
55265,1
55266,1
55267,1
55268,0
55269,1
55270,0
55271,1
55272,0
55273,1
55274,0
55275,0
55276,0
55277,1
55278,0
55279,1
55280,1
55281,0
55282,1
55283,1
55284,0
55285,1
55286,0
55287,1
55288,1
55289,1
55290,1
55291,1
55292,0
55293,0
55294,1
55295,1
55296,1
55297,0
55298,1
55299,1
55300,0
55301,1
55302,1
55303,0
55304,0
55305,1
55306,0
55307,1
55308,1
55309,0
55310,0
55311,1
55312,1
55313,1
55314,0
55315,1
55316,0
55317,0
55318,1
55319,0
55320,1
55321,1
55322,1
55323,0
55324,0
55325,0
55326,1
55327,1
55328,0
55329,1
55330,0
55331,1
55332,1
55333,0
55334,0
55335,0
55336,0
55337,1
55338,1
55339,1
55340,0
55341,1
55342,0
55343,0
55344,1
55345,0
55346,1
55347,0
55348,0
55349,0
55350,0
55351,0
55352,0
55353,0
55354,0
55355,1
55356,1
55357,1
55358,0
55359,1
55360,1
55361,1
55362,0
55363,1
55364,0
55365,0
55366,1
55367,0
55368,0
55369,0
55370,1
55371,1
55372,1
55373,0
55374,0
55375,0
55376,1
55377,0
55378,1
55379,0
55380,0
55381,1
55382,0
55383,1
55384,0
55385,0
55386,1
55387,0
55388,0
55389,1
55390,1
55391,0
55392,1
55393,1
55394,0
55395,1
55396,1
55397,1
55398,0
55399,1
55400,0
55401,0
55402,0
55403,0
55404,1
55405,1
55406,1
55407,1
55408,0
55409,1
55410,1
55411,1
55412,1
55413,1
55414,1
55415,1
55416,0
55417,0
55418,1
55419,1
55420,1
55421,0
55422,1
55423,1
55424,1
55425,1
55426,1
55427,0
55428,1
55429,0
55430,1
55431,0
55432,1
55433,1
55434,1
55435,1
55436,0
55437,1
55438,1
55439,1
55440,0
55441,0
55442,0
55443,1
55444,1
55445,0
55446,0
55447,0
55448,0
55449,1
55450,1
55451,0
55452,0
55453,1
55454,0
55455,1
55456,1
55457,1
55458,1
55459,0
55460,1
55461,0
55462,1
55463,1
55464,1
55465,1
55466,1
55467,0
55468,1
55469,0
55470,0
55471,1
55472,1
55473,1
55474,0
55475,1
55476,0
55477,0
55478,1
55479,1
55480,0
55481,1
55482,0
55483,1
55484,0
55485,0
55486,0
55487,0
55488,0
55489,1
55490,1
55491,1
55492,0
55493,0
55494,1
55495,1
55496,1
55497,1
55498,0
55499,1
55500,0
55501,0
55502,1
55503,1
55504,0
55505,0
55506,1
55507,1
55508,1
55509,1
55510,1
55511,1
55512,1
55513,1
55514,0
55515,0
55516,0
55517,1
55518,0
55519,1
55520,0
55521,1
55522,1
55523,1
55524,0
55525,0
55526,1
55527,0
55528,0
55529,0
55530,1
55531,1
55532,1
55533,0
55534,0
55535,1
55536,0
55537,1
55538,1
55539,1
55540,1
55541,0
55542,1
55543,1
55544,0
55545,1
55546,0
55547,0
55548,0
55549,1
55550,1
55551,1
55552,0
55553,0
55554,0
55555,0
55556,0
55557,1
55558,1
55559,0
55560,1
55561,0
55562,0
55563,1
55564,1
55565,1
55566,1
55567,1
55568,1
55569,0
55570,1
55571,0
55572,0
55573,0
55574,1
55575,0
55576,0
55577,1
55578,1
55579,0
55580,0
55581,1
55582,1
55583,1
55584,0
55585,0
55586,0
55587,0
55588,0
55589,1
55590,1
55591,0
55592,1
55593,0
55594,1
55595,0
55596,0
55597,0
55598,0
55599,0
55600,0
55601,1
55602,0
55603,0
55604,1
55605,1
55606,1
55607,0
55608,1
55609,0
55610,0
55611,1
55612,1
55613,0
55614,0
55615,1
55616,1
55617,1
55618,0
55619,0
55620,1
55621,1
55622,0
55623,1
55624,0
55625,0
55626,1
55627,1
55628,0
55629,0
55630,1
55631,1
55632,0
55633,0
55634,1
55635,0
55636,1
55637,0
55638,1
55639,0
55640,1
55641,0
55642,1
55643,0
55644,0
55645,1
55646,0
55647,0
55648,0
55649,0
55650,0
55651,1
55652,1
55653,0
55654,1
55655,1
55656,0
55657,1
55658,1
55659,0
55660,1
55661,0
55662,0
55663,1
55664,1
55665,0
55666,1
55667,0
55668,0
55669,0
55670,1
55671,0
55672,1
55673,0
55674,1
55675,1
55676,1
55677,0
55678,0
55679,1
55680,1
55681,1
55682,1
55683,0
55684,1
55685,0
55686,0
55687,1
55688,0
55689,1
55690,1
55691,0
55692,0
55693,1
55694,0
55695,0
55696,0
55697,1
55698,0
55699,0
55700,1
55701,1
55702,1
55703,1
55704,0
55705,0
55706,1
55707,1
55708,1
55709,0
55710,1
55711,1
55712,0
55713,1
55714,1
55715,1
55716,1
55717,1
55718,1
55719,1
55720,1
55721,0
55722,1
55723,0
55724,1
55725,0
55726,0
55727,1
55728,1
55729,1
55730,0
55731,1
55732,1
55733,0
55734,1
55735,0
55736,0
55737,1
55738,1
55739,0
55740,0
55741,1
55742,0
55743,1
55744,0
55745,1
55746,1
55747,1
55748,0
55749,0
55750,1
55751,1
55752,0
55753,0
55754,0
55755,0
55756,0
55757,0
55758,0
55759,0
55760,1
55761,1
55762,1
55763,0
55764,1
55765,0
55766,0
55767,1
55768,1
55769,0
55770,1
55771,1
55772,0
55773,0
55774,0
55775,1
55776,1
55777,1
55778,0
55779,1
55780,0
55781,0
55782,1
55783,0
55784,0
55785,1
55786,0
55787,0
55788,0
55789,1
55790,1
55791,1
55792,0
55793,0
55794,1
55795,0
55796,0
55797,0
55798,1
55799,0
55800,0
55801,1
55802,1
55803,1
55804,0
55805,1
55806,0
55807,0
55808,0
55809,0
55810,0
55811,1
55812,1
55813,0
55814,1
55815,1
55816,1
55817,0
55818,1
55819,0
55820,0
55821,0
55822,0
55823,0
55824,0
55825,1
55826,1
55827,1
55828,1
55829,1
55830,0
55831,0
55832,1
55833,1
55834,0
55835,1
55836,0
55837,1
55838,0
55839,1
55840,1
55841,1
55842,1
55843,0
55844,1
55845,0
55846,0
55847,0
55848,0
55849,1
55850,1
55851,1
55852,1
55853,1
55854,0
55855,0
55856,1
55857,0
55858,0
55859,1
55860,1
55861,0
55862,1
55863,1
55864,0
55865,1
55866,1
55867,0
55868,1
55869,0
55870,1
55871,0
55872,0
55873,0
55874,1
55875,1
55876,1
55877,0
55878,0
55879,1
55880,1
55881,1
55882,0
55883,1
55884,1
55885,1
55886,1
55887,0
55888,0
55889,0
55890,0
55891,0
55892,0
55893,1
55894,1
55895,1
55896,1
55897,1
55898,0
55899,0
55900,0
55901,1
55902,0
55903,1
55904,1
55905,0
55906,0
55907,0
55908,0
55909,1
55910,1
55911,1
55912,1
55913,1
55914,0
55915,1
55916,0
55917,1
55918,1
55919,1
55920,1
55921,0
55922,1
55923,1
55924,0
55925,0
55926,0
55927,1
55928,1
55929,0
55930,1
55931,0
55932,1
55933,1
55934,1
55935,0
55936,0
55937,0
55938,1
55939,1
55940,1
55941,0
55942,1
55943,1
55944,1
55945,0
55946,1
55947,0
55948,1
55949,1
55950,0
55951,1
55952,1
55953,1
55954,0
55955,1
55956,0
55957,0
55958,1
55959,0
55960,1
55961,1
55962,0
55963,0
55964,1
55965,1
55966,0
55967,1
55968,1
55969,1
55970,1
55971,1
55972,1
55973,0
55974,1
55975,0
55976,1
55977,0
55978,1
55979,0
55980,0
55981,1
55982,1
55983,0
55984,0
55985,0
55986,1
55987,0
55988,0
55989,0
55990,0
55991,0
55992,1
55993,1
55994,1
55995,1
55996,0
55997,0
55998,1
55999,1
56000,1
56001,1
56002,0
56003,1
56004,1
56005,0
56006,1
56007,1
56008,1
56009,0
56010,1
56011,0
56012,0
56013,1
56014,1
56015,0
56016,0
56017,1
56018,0
56019,1
56020,1
56021,1
56022,0
56023,1
56024,0
56025,0
56026,1
56027,1
56028,0
56029,0
56030,1
56031,0
56032,1
56033,1
56034,0
56035,1
56036,0
56037,0
56038,1
56039,0
56040,1
56041,1
56042,0
56043,1
56044,0
56045,0
56046,0
56047,0
56048,1
56049,1
56050,1
56051,0
56052,0
56053,0
56054,1
56055,0
56056,1
56057,1
56058,0
56059,0
56060,1
56061,1
56062,0
56063,1
56064,1
56065,0
56066,1
56067,0
56068,1
56069,1
56070,0
56071,1
56072,0
56073,1
56074,0
56075,0
56076,1
56077,1
56078,1
56079,0
56080,0
56081,1
56082,0
56083,1
56084,1
56085,1
56086,1
56087,0
56088,0
56089,1
56090,1
56091,0
56092,1
56093,1
56094,0
56095,1
56096,0
56097,0
56098,1
56099,0
56100,0
56101,1
56102,0
56103,1
56104,1
56105,1
56106,1
56107,1
56108,1
56109,0
56110,0
56111,1
56112,1
56113,0
56114,0
56115,0
56116,1
56117,0
56118,0
56119,0
56120,0
56121,1
56122,1
56123,1
56124,1
56125,0
56126,1
56127,1
56128,0
56129,0
56130,1
56131,1
56132,1
56133,1
56134,0
56135,1
56136,0
56137,1
56138,0
56139,0
56140,1
56141,1
56142,0
56143,0
56144,0
56145,0
56146,0
56147,1
56148,0
56149,1
56150,0
56151,0
56152,0
56153,1
56154,1
56155,1
56156,1
56157,1
56158,0
56159,0
56160,1
56161,1
56162,0
56163,0
56164,0
56165,0
56166,1
56167,0
56168,1
56169,0
56170,1
56171,0
56172,1
56173,1
56174,1
56175,1
56176,0
56177,0
56178,0
56179,0
56180,1
56181,1
56182,1
56183,0
56184,1
56185,0
56186,1
56187,0
56188,0
56189,1
56190,0
56191,0
56192,1
56193,0
56194,1
56195,1
56196,1
56197,1
56198,0
56199,0
56200,1
56201,1
56202,1
56203,1
56204,0
56205,1
56206,0
56207,1
56208,0
56209,1
56210,0
56211,1
56212,0
56213,0
56214,0
56215,1
56216,1
56217,0
56218,1
56219,1
56220,1
56221,1
56222,1
56223,0
56224,1
56225,0
56226,1
56227,0
56228,0
56229,1
56230,1
56231,1
56232,0
56233,1
56234,1
56235,0
56236,1
56237,1
56238,1
56239,0
56240,1
56241,1
56242,0
56243,1
56244,1
56245,0
56246,0
56247,0
56248,1
56249,1
56250,1
56251,1
56252,1
56253,0
56254,0
56255,0
56256,0
56257,1
56258,0
56259,0
56260,1
56261,0
56262,1
56263,0
56264,0
56265,0
56266,1
56267,0
56268,1
56269,0
56270,1
56271,1
56272,1
56273,1
56274,1
56275,0
56276,1
56277,0
56278,1
56279,0
56280,1
56281,0
56282,0
56283,0
56284,1
56285,0
56286,0
56287,1
56288,1
56289,1
56290,0
56291,0
56292,0
56293,0
56294,0
56295,1
56296,1
56297,1
56298,0
56299,0
56300,0
56301,0
56302,0
56303,0
56304,0
56305,1
56306,1
56307,1
56308,0
56309,1
56310,1
56311,1
56312,1
56313,1
56314,1
56315,1
56316,0
56317,1
56318,0
56319,1
56320,1
56321,0
56322,0
56323,1
56324,0
56325,1
56326,1
56327,1
56328,1
56329,1
56330,0
56331,1
56332,1
56333,1
56334,0
56335,1
56336,1
56337,1
56338,1
56339,1
56340,1
56341,1
56342,1
56343,0
56344,1
56345,0
56346,1
56347,1
56348,0
56349,1
56350,0
56351,1
56352,1
56353,0
56354,1
56355,1
56356,0
56357,1
56358,1
56359,0
56360,1
56361,1
56362,1
56363,0
56364,1
56365,0
56366,0
56367,1
56368,1
56369,0
56370,0
56371,0
56372,1
56373,0
56374,1
56375,0
56376,1
56377,0
56378,1
56379,1
56380,1
56381,0
56382,1
56383,1
56384,0
56385,0
56386,0
56387,0
56388,0
56389,1
56390,0
56391,1
56392,0
56393,1
56394,0
56395,1
56396,0
56397,1
56398,1
56399,1
56400,0
56401,1
56402,1
56403,1
56404,1
56405,0
56406,0
56407,0
56408,1
56409,0
56410,1
56411,0
56412,1
56413,1
56414,1
56415,0
56416,1
56417,0
56418,0
56419,1
56420,0
56421,1
56422,0
56423,0
56424,0
56425,0
56426,0
56427,0
56428,0
56429,0
56430,1
56431,0
56432,1
56433,0
56434,1
56435,0
56436,1
56437,0
56438,1
56439,1
56440,1
56441,1
56442,1
56443,1
56444,0
56445,0
56446,1
56447,0
56448,1
56449,0
56450,0
56451,1
56452,1
56453,1
56454,1
56455,1
56456,0
56457,0
56458,1
56459,1
56460,1
56461,0
56462,1
56463,0
56464,0
56465,0
56466,0
56467,0
56468,0
56469,0
56470,1
56471,1
56472,0
56473,1
56474,0
56475,0
56476,1
56477,0
56478,0
56479,1
56480,0
56481,1
56482,0
56483,1
56484,0
56485,0
56486,1
56487,1
56488,1
56489,0
56490,1
56491,0
56492,0
56493,1
56494,0
56495,1
56496,1
56497,1
56498,1
56499,1
56500,1
56501,1
56502,0
56503,1
56504,0
56505,1
56506,0
56507,0
56508,1
56509,1
56510,1
56511,0
56512,0
56513,1
56514,0
56515,1
56516,0
56517,1
56518,1
56519,1
56520,0
56521,0
56522,1
56523,1
56524,1
56525,0
56526,0
56527,1
56528,0
56529,1
56530,1
56531,1
56532,1
56533,0
56534,0
56535,0
56536,1
56537,1
56538,0
56539,0
56540,0
56541,1
56542,0
56543,0
56544,1
56545,0
56546,1
56547,1
56548,0
56549,1
56550,0
56551,1
56552,1
56553,1
56554,0
56555,0
56556,0
56557,1
56558,1
56559,1
56560,0
56561,1
56562,0
56563,1
56564,1
56565,1
56566,1
56567,1
56568,1
56569,0
56570,0
56571,0
56572,0
56573,0
56574,1
56575,1
56576,0
56577,0
56578,0
56579,1
56580,1
56581,1
56582,1
56583,0
56584,1
56585,0
56586,1
56587,1
56588,1
56589,1
56590,0
56591,1
56592,0
56593,1
56594,1
56595,0
56596,1
56597,1
56598,1
56599,0
56600,1
56601,0
56602,1
56603,1
56604,1
56605,0
56606,0
56607,0
56608,0
56609,1
56610,0
56611,1
56612,1
56613,1
56614,0
56615,1
56616,0
56617,1
56618,1
56619,1
56620,1
56621,1
56622,0
56623,1
56624,0
56625,1
56626,0
56627,1
56628,1
56629,0
56630,1
56631,1
56632,1
56633,1
56634,1
56635,1
56636,0
56637,1
56638,1
56639,0
56640,1
56641,1
56642,1
56643,1
56644,1
56645,1
56646,1
56647,0
56648,1
56649,1
56650,1
56651,0
56652,1
56653,0
56654,1
56655,1
56656,1
56657,1
56658,1
56659,0
56660,0
56661,0
56662,1
56663,0
56664,1
56665,1
56666,0
56667,1
56668,1
56669,0
56670,0
56671,1
56672,1
56673,1
56674,0
56675,0
56676,1
56677,1
56678,1
56679,0
56680,1
56681,1
56682,1
56683,1
56684,0
56685,1
56686,0
56687,0
56688,1
56689,1
56690,1
56691,0
56692,0
56693,1
56694,0
56695,1
56696,0
56697,1
56698,0
56699,1
56700,1
56701,1
56702,1
56703,0
56704,1
56705,1
56706,0
56707,0
56708,0
56709,1
56710,1
56711,1
56712,0
56713,0
56714,1
56715,1
56716,0
56717,1
56718,0
56719,1
56720,0
56721,0
56722,1
56723,1
56724,1
56725,1
56726,1
56727,0
56728,0
56729,0
56730,0
56731,1
56732,1
56733,1
56734,1
56735,0
56736,0
56737,1
56738,1
56739,1
56740,1
56741,1
56742,1
56743,0
56744,0
56745,0
56746,0
56747,0
56748,0
56749,0
56750,0
56751,1
56752,0
56753,1
56754,1
56755,0
56756,0
56757,1
56758,0
56759,1
56760,0
56761,0
56762,0
56763,0
56764,1
56765,0
56766,0
56767,1
56768,1
56769,1
56770,0
56771,1
56772,0
56773,1
56774,0
56775,0
56776,1
56777,1
56778,1
56779,0
56780,1
56781,0
56782,1
56783,0
56784,0
56785,0
56786,1
56787,0
56788,1
56789,1
56790,0
56791,1
56792,0
56793,0
56794,0
56795,1
56796,1
56797,1
56798,1
56799,1
56800,0
56801,0
56802,0
56803,1
56804,1
56805,0
56806,1
56807,0
56808,1
56809,1
56810,0
56811,0
56812,0
56813,1
56814,0
56815,0
56816,1
56817,0
56818,1
56819,0
56820,1
56821,1
56822,0
56823,0
56824,1
56825,0
56826,0
56827,1
56828,1
56829,0
56830,1
56831,1
56832,1
56833,0
56834,1
56835,0
56836,0
56837,1
56838,0
56839,1
56840,0
56841,1
56842,1
56843,0
56844,0
56845,1
56846,0
56847,0
56848,1
56849,0
56850,1
56851,0
56852,1
56853,1
56854,0
56855,1
56856,1
56857,1
56858,0
56859,1
56860,1
56861,1
56862,1
56863,1
56864,1
56865,0
56866,1
56867,0
56868,1
56869,0
56870,0
56871,0
56872,1
56873,0
56874,1
56875,1
56876,0
56877,1
56878,0
56879,0
56880,0
56881,0
56882,1
56883,0
56884,1
56885,0
56886,1
56887,0
56888,0
56889,1
56890,1
56891,0
56892,1
56893,0
56894,0
56895,0
56896,1
56897,1
56898,0
56899,1
56900,1
56901,1
56902,0
56903,0
56904,1
56905,0
56906,1
56907,0
56908,0
56909,1
56910,1
56911,0
56912,1
56913,0
56914,1
56915,0
56916,1
56917,1
56918,1
56919,1
56920,1
56921,0
56922,0
56923,1
56924,1
56925,1
56926,0
56927,1
56928,0
56929,0
56930,0
56931,0
56932,1
56933,1
56934,1
56935,0
56936,1
56937,0
56938,1
56939,1
56940,1
56941,1
56942,1
56943,0
56944,0
56945,0
56946,0
56947,1
56948,0
56949,1
56950,1
56951,1
56952,1
56953,1
56954,0
56955,0
56956,1
56957,1
56958,1
56959,0
56960,1
56961,1
56962,0
56963,0
56964,1
56965,0
56966,0
56967,1
56968,1
56969,1
56970,0
56971,0
56972,0
56973,1
56974,1
56975,1
56976,1
56977,0
56978,1
56979,1
56980,0
56981,0
56982,0
56983,0
56984,1
56985,0
56986,1
56987,1
56988,1
56989,1
56990,1
56991,1
56992,1
56993,1
56994,1
56995,0
56996,1
56997,1
56998,0
56999,1
57000,1
57001,0
57002,0
57003,0
57004,1
57005,0
57006,1
57007,1
57008,1
57009,1
57010,1
57011,0
57012,0
57013,0
57014,1
57015,1
57016,1
57017,0
57018,0
57019,1
57020,0
57021,0
57022,1
57023,1
57024,1
57025,1
57026,0
57027,1
57028,0
57029,1
57030,0
57031,0
57032,0
57033,1
57034,1
57035,1
57036,1
57037,0
57038,1
57039,0
57040,1
57041,0
57042,0
57043,1
57044,0
57045,1
57046,1
57047,1
57048,0
57049,1
57050,0
57051,1
57052,0
57053,0
57054,1
57055,0
57056,1
57057,1
57058,1
57059,1
57060,0
57061,0
57062,0
57063,1
57064,0
57065,1
57066,0
57067,0
57068,0
57069,0
57070,0
57071,1
57072,1
57073,0
57074,0
57075,0
57076,0
57077,0
57078,1
57079,1
57080,0
57081,0
57082,1
57083,1
57084,1
57085,1
57086,1
57087,1
57088,0
57089,1
57090,0
57091,1
57092,0
57093,1
57094,1
57095,1
57096,0
57097,1
57098,0
57099,1
57100,0
57101,0
57102,1
57103,1
57104,0
57105,1
57106,0
57107,0
57108,0
57109,1
57110,0
57111,1
57112,1
57113,0
57114,0
57115,1
57116,0
57117,1
57118,1
57119,1
57120,0
57121,0
57122,1
57123,1
57124,1
57125,0
57126,1
57127,0
57128,1
57129,0
57130,0
57131,1
57132,0
57133,1
57134,1
57135,1
57136,0
57137,1
57138,0
57139,0
57140,0
57141,1
57142,0
57143,1
57144,1
57145,0
57146,1
57147,0
57148,0
57149,1
57150,1
57151,1
57152,1
57153,1
57154,0
57155,1
57156,1
57157,1
57158,1
57159,1
57160,1
57161,1
57162,1
57163,1
57164,1
57165,1
57166,1
57167,0
57168,1
57169,0
57170,0
57171,0
57172,1
57173,0
57174,1
57175,0
57176,1
57177,1
57178,1
57179,0
57180,1
57181,1
57182,0
57183,1
57184,1
57185,0
57186,1
57187,1
57188,1
57189,0
57190,0
57191,1
57192,1
57193,0
57194,0
57195,1
57196,1
57197,0
57198,0
57199,1
57200,1
57201,1
57202,0
57203,0
57204,1
57205,1
57206,0
57207,1
57208,1
57209,1
57210,0
57211,1
57212,0
57213,1
57214,1
57215,1
57216,0
57217,1
57218,0
57219,0
57220,0
57221,1
57222,0
57223,0
57224,0
57225,0
57226,1
57227,1
57228,1
57229,1
57230,1
57231,0
57232,1
57233,1
57234,1
57235,0
57236,1
57237,0
57238,1
57239,1
57240,0
57241,1
57242,0
57243,1
57244,1
57245,0
57246,1
57247,0
57248,0
57249,1
57250,0
57251,0
57252,0
57253,1
57254,0
57255,1
57256,1
57257,0
57258,1
57259,1
57260,1
57261,1
57262,1
57263,0
57264,0
57265,1
57266,1
57267,0
57268,1
57269,0
57270,0
57271,1
57272,0
57273,0
57274,1
57275,0
57276,1
57277,0
57278,1
57279,0
57280,1
57281,0
57282,1
57283,1
57284,1
57285,1
57286,1
57287,1
57288,1
57289,1
57290,0
57291,0
57292,1
57293,1
57294,0
57295,0
57296,0
57297,0
57298,1
57299,1
57300,0
57301,0
57302,0
57303,1
57304,0
57305,0
57306,1
57307,0
57308,0
57309,0
57310,1
57311,1
57312,0
57313,1
57314,1
57315,0
57316,1
57317,1
57318,0
57319,0
57320,0
57321,0
57322,1
57323,0
57324,1
57325,0
57326,0
57327,0
57328,1
57329,0
57330,1
57331,1
57332,0
57333,0
57334,0
57335,0
57336,1
57337,1
57338,1
57339,0
57340,0
57341,1
57342,0
57343,1
57344,1
57345,1
57346,0
57347,1
57348,0
57349,1
57350,1
57351,1
57352,1
57353,0
57354,0
57355,1
57356,1
57357,1
57358,1
57359,1
57360,0
57361,0
57362,0
57363,1
57364,1
57365,1
57366,1
57367,0
57368,1
57369,1
57370,0
57371,0
57372,0
57373,0
57374,1
57375,1
57376,1
57377,1
57378,1
57379,0
57380,0
57381,0
57382,1
57383,0
57384,0
57385,0
57386,0
57387,1
57388,1
57389,1
57390,1
57391,0
57392,0
57393,0
57394,1
57395,1
57396,1
57397,1
57398,1
57399,1
57400,1
57401,1
57402,1
57403,0
57404,1
57405,1
57406,1
57407,0
57408,0
57409,1
57410,0
57411,0
57412,0
57413,1
57414,1
57415,1
57416,1
57417,1
57418,1
57419,1
57420,1
57421,1
57422,0
57423,1
57424,1
57425,0
57426,0
57427,0
57428,1
57429,0
57430,0
57431,0
57432,1
57433,1
57434,1
57435,1
57436,1
57437,0
57438,1
57439,0
57440,0
57441,1
57442,1
57443,0
57444,0
57445,1
57446,0
57447,1
57448,1
57449,0
57450,1
57451,0
57452,0
57453,1
57454,1
57455,0
57456,0
57457,0
57458,0
57459,0
57460,0
57461,0
57462,0
57463,0
57464,0
57465,1
57466,0
57467,1
57468,0
57469,0
57470,0
57471,0
57472,1
57473,0
57474,1
57475,1
57476,1
57477,1
57478,0
57479,1
57480,0
57481,1
57482,1
57483,0
57484,1
57485,1
57486,0
57487,0
57488,1
57489,0
57490,1
57491,0
57492,1
57493,0
57494,1
57495,0
57496,1
57497,0
57498,0
57499,1
57500,0
57501,1
57502,1
57503,1
57504,1
57505,0
57506,0
57507,0
57508,1
57509,0
57510,0
57511,1
57512,0
57513,0
57514,1
57515,0
57516,1
57517,0
57518,0
57519,1
57520,1
57521,0
57522,0
57523,1
57524,0
57525,0
57526,1
57527,1
57528,0
57529,1
57530,1
57531,0
57532,0
57533,0
57534,0
57535,0
57536,1
57537,0
57538,1
57539,0
57540,1
57541,1
57542,0
57543,1
57544,1
57545,0
57546,0
57547,0
57548,1
57549,1
57550,1
57551,1
57552,0
57553,1
57554,0
57555,1
57556,0
57557,1
57558,1
57559,1
57560,0
57561,0
57562,0
57563,1
57564,1
57565,1
57566,0
57567,1
57568,1
57569,0
57570,1
57571,0
57572,1
57573,1
57574,1
57575,1
57576,0
57577,0
57578,0
57579,1
57580,0
57581,1
57582,1
57583,0
57584,1
57585,1
57586,1
57587,0
57588,0
57589,1
57590,1
57591,1
57592,0
57593,0
57594,0
57595,0
57596,1
57597,1
57598,1
57599,0
57600,0
57601,1
57602,0
57603,1
57604,1
57605,1
57606,1
57607,0
57608,1
57609,0
57610,1
57611,0
57612,1
57613,0
57614,0
57615,0
57616,1
57617,1
57618,1
57619,1
57620,1
57621,1
57622,0
57623,0
57624,0
57625,0
57626,1
57627,1
57628,1
57629,0
57630,0
57631,0
57632,0
57633,0
57634,1
57635,1
57636,0
57637,0
57638,1
57639,1
57640,0
57641,0
57642,0
57643,0
57644,0
57645,1
57646,1
57647,0
57648,0
57649,0
57650,1
57651,1
57652,0
57653,0
57654,1
57655,1
57656,1
57657,0
57658,1
57659,0
57660,1
57661,0
57662,1
57663,0
57664,1
57665,0
57666,0
57667,1
57668,0
57669,0
57670,1
57671,1
57672,0
57673,1
57674,0
57675,0
57676,1
57677,0
57678,0
57679,1
57680,1
57681,1
57682,1
57683,1
57684,0
57685,1
57686,0
57687,0
57688,1
57689,0
57690,1
57691,0
57692,0
57693,0
57694,1
57695,1
57696,1
57697,0
57698,1
57699,0
57700,1
57701,1
57702,0
57703,0
57704,0
57705,0
57706,1
57707,0
57708,0
57709,0
57710,0
57711,1
57712,1
57713,0
57714,0
57715,0
57716,1
57717,1
57718,0
57719,0
57720,0
57721,1
57722,0
57723,0
57724,0
57725,1
57726,1
57727,0
57728,1
57729,1
57730,0
57731,1
57732,1
57733,1
57734,0
57735,0
57736,0
57737,0
57738,0
57739,0
57740,1
57741,0
57742,0
57743,0
57744,1
57745,1
57746,1
57747,1
57748,1
57749,1
57750,1
57751,1
57752,1
57753,1
57754,1
57755,0
57756,0
57757,1
57758,1
57759,0
57760,1
57761,1
57762,1
57763,1
57764,0
57765,1
57766,1
57767,1
57768,1
57769,0
57770,1
57771,0
57772,1
57773,1
57774,1
57775,0
57776,1
57777,1
57778,1
57779,0
57780,1
57781,1
57782,0
57783,0
57784,1
57785,0
57786,1
57787,0
57788,1
57789,0
57790,0
57791,1
57792,1
57793,0
57794,0
57795,0
57796,0
57797,0
57798,0
57799,0
57800,0
57801,0
57802,1
57803,0
57804,1
57805,0
57806,0
57807,0
57808,1
57809,0
57810,0
57811,1
57812,0
57813,1
57814,0
57815,1
57816,0
57817,0
57818,1
57819,1
57820,1
57821,0
57822,1
57823,0
57824,1
57825,0
57826,1
57827,1
57828,0
57829,1
57830,1
57831,0
57832,1
57833,0
57834,1
57835,0
57836,0
57837,0
57838,0
57839,1
57840,1
57841,0
57842,0
57843,1
57844,0
57845,1
57846,1
57847,0
57848,0
57849,0
57850,1
57851,1
57852,1
57853,1
57854,0
57855,1
57856,0
57857,0
57858,0
57859,0
57860,0
57861,0
57862,0
57863,0
57864,1
57865,0
57866,1
57867,0
57868,0
57869,0
57870,0
57871,1
57872,0
57873,1
57874,1
57875,1
57876,0
57877,1
57878,0
57879,0
57880,1
57881,1
57882,0
57883,0
57884,0
57885,1
57886,1
57887,0
57888,0
57889,1
57890,0
57891,1
57892,1
57893,0
57894,1
57895,0
57896,1
57897,1
57898,1
57899,1
57900,0
57901,0
57902,1
57903,0
57904,1
57905,1
57906,0
57907,0
57908,1
57909,1
57910,1
57911,0
57912,1
57913,0
57914,0
57915,1
57916,1
57917,1
57918,1
57919,0
57920,1
57921,1
57922,0
57923,0
57924,0
57925,1
57926,1
57927,1
57928,1
57929,1
57930,0
57931,1
57932,1
57933,1
57934,1
57935,0
57936,1
57937,0
57938,0
57939,1
57940,1
57941,0
57942,1
57943,0
57944,0
57945,0
57946,1
57947,0
57948,0
57949,1
57950,0
57951,1
57952,0
57953,1
57954,0
57955,1
57956,1
57957,1
57958,0
57959,1
57960,0
57961,1
57962,0
57963,1
57964,0
57965,1
57966,0
57967,0
57968,0
57969,0
57970,1
57971,1
57972,1
57973,0
57974,0
57975,1
57976,1
57977,0
57978,1
57979,0
57980,1
57981,0
57982,1
57983,0
57984,1
57985,0
57986,1
57987,1
57988,1
57989,0
57990,0
57991,0
57992,0
57993,0
57994,1
57995,1
57996,0
57997,0
57998,0
57999,0
58000,1
58001,1
58002,1
58003,0
58004,0
58005,1
58006,1
58007,1
58008,0
58009,0
58010,0
58011,1
58012,1
58013,1
58014,1
58015,0
58016,0
58017,1
58018,1
58019,1
58020,0
58021,0
58022,0
58023,0
58024,1
58025,0
58026,1
58027,1
58028,1
58029,1
58030,0
58031,0
58032,0
58033,1
58034,0
58035,1
58036,0
58037,1
58038,1
58039,1
58040,1
58041,1
58042,1
58043,1
58044,1
58045,1
58046,0
58047,1
58048,0
58049,0
58050,1
58051,1
58052,1
58053,1
58054,1
58055,0
58056,0
58057,0
58058,0
58059,0
58060,1
58061,0
58062,0
58063,0
58064,0
58065,1
58066,1
58067,0
58068,0
58069,0
58070,0
58071,1
58072,0
58073,0
58074,1
58075,1
58076,1
58077,0
58078,1
58079,0
58080,0
58081,1
58082,1
58083,1
58084,0
58085,0
58086,1
58087,0
58088,0
58089,1
58090,0
58091,1
58092,0
58093,1
58094,1
58095,0
58096,1
58097,0
58098,1
58099,1
58100,0
58101,1
58102,0
58103,1
58104,0
58105,1
58106,1
58107,0
58108,1
58109,0
58110,0
58111,1
58112,0
58113,1
58114,1
58115,1
58116,0
58117,1
58118,0
58119,0
58120,1
58121,1
58122,1
58123,1
58124,1
58125,0
58126,0
58127,1
58128,0
58129,0
58130,1
58131,1
58132,1
58133,1
58134,0
58135,1
58136,1
58137,0
58138,0
58139,1
58140,1
58141,1
58142,1
58143,1
58144,0
58145,1
58146,0
58147,0
58148,1
58149,1
58150,1
58151,1
58152,1
58153,1
58154,1
58155,0
58156,0
58157,0
58158,1
58159,0
58160,1
58161,1
58162,0
58163,0
58164,1
58165,0
58166,0
58167,1
58168,1
58169,0
58170,1
58171,1
58172,1
58173,1
58174,1
58175,1
58176,0
58177,0
58178,0
58179,0
58180,1
58181,1
58182,1
58183,1
58184,1
58185,0
58186,1
58187,0
58188,1
58189,1
58190,0
58191,0
58192,1
58193,0
58194,1
58195,1
58196,1
58197,0
58198,1
58199,0
58200,1
58201,1
58202,1
58203,1
58204,1
58205,1
58206,0
58207,1
58208,0
58209,0
58210,0
58211,1
58212,1
58213,0
58214,1
58215,0
58216,0
58217,0
58218,1
58219,0
58220,1
58221,1
58222,0
58223,1
58224,0
58225,1
58226,1
58227,0
58228,1
58229,0
58230,0
58231,1
58232,1
58233,0
58234,1
58235,1
58236,1
58237,0
58238,0
58239,1
58240,1
58241,0
58242,0
58243,1
58244,1
58245,0
58246,1
58247,0
58248,1
58249,0
58250,0
58251,0
58252,0
58253,1
58254,0
58255,1
58256,1
58257,0
58258,0
58259,0
58260,0
58261,1
58262,1
58263,1
58264,0
58265,1
58266,0
58267,0
58268,0
58269,0
58270,1
58271,0
58272,1
58273,1
58274,1
58275,1
58276,1
58277,1
58278,1
58279,1
58280,0
58281,0
58282,0
58283,1
58284,0
58285,0
58286,1
58287,1
58288,0
58289,1
58290,0
58291,0
58292,1
58293,1
58294,1
58295,1
58296,0
58297,0
58298,1
58299,1
58300,0
58301,1
58302,1
58303,1
58304,0
58305,0
58306,0
58307,0
58308,1
58309,1
58310,0
58311,0
58312,0
58313,1
58314,1
58315,0
58316,1
58317,0
58318,0
58319,1
58320,0
58321,1
58322,0
58323,0
58324,0
58325,1
58326,0
58327,1
58328,1
58329,0
58330,1
58331,0
58332,1
58333,0
58334,1
58335,0
58336,1
58337,1
58338,1
58339,1
58340,0
58341,0
58342,1
58343,1
58344,1
58345,1
58346,1
58347,0
58348,1
58349,1
58350,0
58351,0
58352,1
58353,1
58354,0
58355,1
58356,1
58357,0
58358,1
58359,1
58360,0
58361,1
58362,1
58363,1
58364,1
58365,1
58366,1
58367,1
58368,1
58369,1
58370,0
58371,1
58372,1
58373,1
58374,1
58375,0
58376,1
58377,1
58378,0
58379,1
58380,0
58381,1
58382,0
58383,0
58384,1
58385,1
58386,0
58387,1
58388,0
58389,0
58390,1
58391,1
58392,1
58393,1
58394,1
58395,1
58396,1
58397,0
58398,0
58399,1
58400,1
58401,1
58402,0
58403,1
58404,0
58405,0
58406,1
58407,0
58408,0
58409,1
58410,0
58411,1
58412,0
58413,0
58414,0
58415,1
58416,0
58417,1
58418,1
58419,0
58420,0
58421,0
58422,1
58423,1
58424,1
58425,0
58426,0
58427,1
58428,1
58429,1
58430,0
58431,0
58432,0
58433,1
58434,1
58435,1
58436,1
58437,0
58438,1
58439,1
58440,1
58441,0
58442,1
58443,0
58444,0
58445,0
58446,0
58447,1
58448,0
58449,0
58450,1
58451,1
58452,1
58453,1
58454,0
58455,1
58456,0
58457,0
58458,1
58459,0
58460,0
58461,1
58462,1
58463,1
58464,1
58465,1
58466,1
58467,1
58468,0
58469,1
58470,0
58471,0
58472,0
58473,0
58474,1
58475,1
58476,0
58477,0
58478,1
58479,0
58480,0
58481,1
58482,1
58483,1
58484,1
58485,0
58486,0
58487,1
58488,1
58489,0
58490,0
58491,0
58492,1
58493,1
58494,1
58495,1
58496,1
58497,1
58498,0
58499,0
58500,1
58501,0
58502,1
58503,1
58504,0
58505,0
58506,1
58507,1
58508,0
58509,0
58510,0
58511,0
58512,0
58513,1
58514,0
58515,1
58516,0
58517,1
58518,1
58519,0
58520,0
58521,1
58522,1
58523,0
58524,1
58525,0
58526,1
58527,0
58528,0
58529,1
58530,1
58531,1
58532,1
58533,1
58534,1
58535,0
58536,0
58537,0
58538,0
58539,1
58540,1
58541,1
58542,0
58543,0
58544,1
58545,0
58546,1
58547,0
58548,1
58549,0
58550,0
58551,0
58552,0
58553,0
58554,1
58555,0
58556,1
58557,0
58558,1
58559,0
58560,1
58561,1
58562,1
58563,1
58564,1
58565,0
58566,0
58567,1
58568,1
58569,0
58570,0
58571,0
58572,0
58573,1
58574,1
58575,0
58576,1
58577,1
58578,0
58579,0
58580,0
58581,1
58582,1
58583,0
58584,1
58585,0
58586,0
58587,0
58588,1
58589,0
58590,0
58591,1
58592,0
58593,0
58594,1
58595,0
58596,0
58597,0
58598,1
58599,0
58600,0
58601,1
58602,0
58603,1
58604,1
58605,1
58606,1
58607,1
58608,1
58609,0
58610,1
58611,0
58612,0
58613,1
58614,1
58615,0
58616,1
58617,1
58618,1
58619,0
58620,0
58621,0
58622,1
58623,1
58624,1
58625,1
58626,1
58627,1
58628,0
58629,0
58630,0
58631,0
58632,1
58633,0
58634,1
58635,0
58636,0
58637,1
58638,0
58639,0
58640,1
58641,0
58642,1
58643,1
58644,1
58645,1
58646,0
58647,0
58648,0
58649,1
58650,0
58651,1
58652,0
58653,1
58654,0
58655,1
58656,1
58657,1
58658,1
58659,0
58660,1
58661,0
58662,0
58663,1
58664,0
58665,0
58666,1
58667,1
58668,0
58669,0
58670,0
58671,1
58672,0
58673,0
58674,0
58675,1
58676,1
58677,1
58678,1
58679,1
58680,0
58681,0
58682,1
58683,1
58684,0
58685,1
58686,1
58687,1
58688,1
58689,0
58690,1
58691,1
58692,0
58693,0
58694,1
58695,1
58696,1
58697,0
58698,0
58699,1
58700,1
58701,1
58702,1
58703,0
58704,1
58705,0
58706,0
58707,1
58708,1
58709,1
58710,1
58711,0
58712,1
58713,0
58714,1
58715,1
58716,0
58717,1
58718,1
58719,0
58720,0
58721,1
58722,1
58723,0
58724,1
58725,1
58726,0
58727,0
58728,1
58729,1
58730,1
58731,1
58732,0
58733,0
58734,1
58735,0
58736,0
58737,0
58738,1
58739,0
58740,1
58741,1
58742,0
58743,0
58744,0
58745,0
58746,1
58747,0
58748,0
58749,0
58750,0
58751,0
58752,0
58753,1
58754,1
58755,1
58756,1
58757,0
58758,1
58759,0
58760,0
58761,1
58762,0
58763,1
58764,0
58765,1
58766,1
58767,1
58768,1
58769,0
58770,0
58771,1
58772,1
58773,0
58774,0
58775,1
58776,1
58777,1
58778,1
58779,1
58780,0
58781,0
58782,1
58783,1
58784,1
58785,0
58786,0
58787,1
58788,1
58789,0
58790,1
58791,1
58792,1
58793,1
58794,0
58795,1
58796,1
58797,1
58798,0
58799,1
58800,0
58801,0
58802,0
58803,0
58804,0
58805,0
58806,0
58807,0
58808,0
58809,1
58810,1
58811,1
58812,0
58813,1
58814,1
58815,1
58816,1
58817,1
58818,0
58819,0
58820,1
58821,0
58822,1
58823,1
58824,1
58825,1
58826,1
58827,1
58828,1
58829,1
58830,1
58831,1
58832,1
58833,1
58834,1
58835,1
58836,0
58837,0
58838,1
58839,1
58840,1
58841,0
58842,1
58843,0
58844,1
58845,1
58846,0
58847,1
58848,0
58849,1
58850,0
58851,0
58852,0
58853,1
58854,1
58855,1
58856,1
58857,1
58858,1
58859,0
58860,0
58861,1
58862,1
58863,1
58864,0
58865,0
58866,0
58867,0
58868,1
58869,1
58870,1
58871,0
58872,0
58873,1
58874,1
58875,0
58876,0
58877,0
58878,1
58879,1
58880,1
58881,0
58882,0
58883,0
58884,0
58885,1
58886,1
58887,0
58888,0
58889,1
58890,1
58891,0
58892,1
58893,1
58894,0
58895,0
58896,1
58897,1
58898,0
58899,1
58900,0
58901,0
58902,1
58903,0
58904,1
58905,1
58906,1
58907,0
58908,1
58909,0
58910,1
58911,1
58912,1
58913,0
58914,0
58915,0
58916,1
58917,0
58918,1
58919,0
58920,1
58921,0
58922,1
58923,1
58924,1
58925,0
58926,1
58927,1
58928,0
58929,1
58930,0
58931,0
58932,1
58933,0
58934,0
58935,1
58936,1
58937,0
58938,1
58939,1
58940,1
58941,0
58942,1
58943,1
58944,1
58945,0
58946,0
58947,1
58948,1
58949,1
58950,0
58951,0
58952,1
58953,0
58954,0
58955,1
58956,1
58957,1
58958,0
58959,0
58960,1
58961,0
58962,0
58963,1
58964,0
58965,1
58966,1
58967,1
58968,1
58969,1
58970,0
58971,1
58972,1
58973,1
58974,0
58975,1
58976,0
58977,1
58978,0
58979,0
58980,0
58981,1
58982,0
58983,1
58984,0
58985,1
58986,0
58987,1
58988,1
58989,1
58990,1
58991,1
58992,1
58993,0
58994,1
58995,0
58996,0
58997,0
58998,1
58999,0
59000,0
59001,1
59002,1
59003,1
59004,0
59005,1
59006,0
59007,1
59008,1
59009,1
59010,1
59011,1
59012,1
59013,1
59014,1
59015,1
59016,0
59017,0
59018,1
59019,1
59020,1
59021,1
59022,0
59023,0
59024,1
59025,1
59026,1
59027,0
59028,1
59029,1
59030,0
59031,1
59032,0
59033,0
59034,0
59035,0
59036,0
59037,1
59038,0
59039,0
59040,1
59041,0
59042,1
59043,1
59044,0
59045,0
59046,0
59047,0
59048,1
59049,0
59050,0
59051,1
59052,1
59053,0
59054,1
59055,0
59056,1
59057,0
59058,1
59059,0
59060,0
59061,1
59062,1
59063,1
59064,0
59065,1
59066,0
59067,1
59068,1
59069,0
59070,0
59071,0
59072,1
59073,0
59074,0
59075,0
59076,1
59077,0
59078,0
59079,1
59080,0
59081,1
59082,0
59083,1
59084,1
59085,1
59086,1
59087,0
59088,1
59089,1
59090,1
59091,0
59092,1
59093,0
59094,0
59095,1
59096,1
59097,1
59098,0
59099,1
59100,0
59101,1
59102,1
59103,1
59104,1
59105,0
59106,0
59107,0
59108,1
59109,0
59110,0
59111,1
59112,1
59113,0
59114,0
59115,0
59116,1
59117,0
59118,1
59119,0
59120,1
59121,1
59122,0
59123,1
59124,0
59125,1
59126,0
59127,0
59128,0
59129,1
59130,0
59131,1
59132,1
59133,0
59134,1
59135,0
59136,1
59137,1
59138,1
59139,1
59140,1
59141,0
59142,1
59143,1
59144,1
59145,0
59146,0
59147,1
59148,1
59149,1
59150,1
59151,1
59152,0
59153,0
59154,1
59155,0
59156,0
59157,1
59158,0
59159,1
59160,1
59161,1
59162,1
59163,1
59164,0
59165,1
59166,1
59167,0
59168,0
59169,1
59170,0
59171,1
59172,1
59173,1
59174,0
59175,1
59176,1
59177,0
59178,1
59179,1
59180,1
59181,1
59182,0
59183,1
59184,0
59185,0
59186,1
59187,1
59188,1
59189,1
59190,1
59191,0
59192,1
59193,1
59194,0
59195,1
59196,1
59197,1
59198,1
59199,0
59200,0
59201,1
59202,1
59203,1
59204,0
59205,0
59206,1
59207,0
59208,0
59209,0
59210,1
59211,1
59212,0
59213,0
59214,0
59215,1
59216,1
59217,0
59218,0
59219,1
59220,0
59221,1
59222,1
59223,0
59224,1
59225,1
59226,1
59227,0
59228,1
59229,0
59230,0
59231,0
59232,0
59233,1
59234,0
59235,0
59236,1
59237,1
59238,1
59239,0
59240,1
59241,0
59242,1
59243,0
59244,1
59245,0
59246,0
59247,1
59248,1
59249,1
59250,1
59251,1
59252,0
59253,0
59254,1
59255,1
59256,0
59257,0
59258,0
59259,1
59260,1
59261,1
59262,0
59263,0
59264,0
59265,1
59266,1
59267,1
59268,0
59269,1
59270,1
59271,0
59272,0
59273,1
59274,1
59275,0
59276,0
59277,1
59278,1
59279,0
59280,0
59281,0
59282,1
59283,1
59284,0
59285,0
59286,1
59287,1
59288,1
59289,0
59290,0
59291,1
59292,0
59293,0
59294,1
59295,1
59296,0
59297,1
59298,1
59299,1
59300,1
59301,0
59302,0
59303,1
59304,1
59305,1
59306,0
59307,0
59308,1
59309,0
59310,1
59311,1
59312,0
59313,1
59314,1
59315,1
59316,0
59317,0
59318,0
59319,1
59320,0
59321,0
59322,1
59323,0
59324,1
59325,0
59326,1
59327,1
59328,0
59329,1
59330,1
59331,1
59332,1
59333,1
59334,0
59335,1
59336,0
59337,1
59338,0
59339,0
59340,1
59341,1
59342,1
59343,0
59344,0
59345,1
59346,1
59347,1
59348,1
59349,0
59350,0
59351,1
59352,0
59353,0
59354,1
59355,1
59356,0
59357,0
59358,0
59359,1
59360,1
59361,0
59362,0
59363,1
59364,0
59365,1
59366,1
59367,1
59368,1
59369,1
59370,1
59371,0
59372,1
59373,0
59374,0
59375,1
59376,0
59377,0
59378,1
59379,1
59380,1
59381,0
59382,1
59383,1
59384,1
59385,0
59386,1
59387,1
59388,1
59389,0
59390,0
59391,1
59392,1
59393,1
59394,0
59395,1
59396,1
59397,1
59398,0
59399,1
59400,0
59401,0
59402,1
59403,1
59404,1
59405,0
59406,1
59407,1
59408,0
59409,1
59410,1
59411,1
59412,1
59413,1
59414,1
59415,1
59416,1
59417,0
59418,1
59419,0
59420,1
59421,1
59422,1
59423,0
59424,1
59425,0
59426,1
59427,1
59428,0
59429,1
59430,1
59431,1
59432,1
59433,0
59434,1
59435,1
59436,1
59437,1
59438,1
59439,0
59440,0
59441,1
59442,0
59443,0
59444,1
59445,0
59446,0
59447,0
59448,0
59449,0
59450,1
59451,1
59452,1
59453,1
59454,0
59455,1
59456,1
59457,1
59458,1
59459,1
59460,0
59461,0
59462,1
59463,1
59464,0
59465,1
59466,1
59467,0
59468,0
59469,1
59470,1
59471,0
59472,0
59473,1
59474,1
59475,0
59476,0
59477,1
59478,1
59479,0
59480,1
59481,0
59482,1
59483,0
59484,1
59485,1
59486,1
59487,1
59488,1
59489,1
59490,1
59491,0
59492,0
59493,1
59494,0
59495,0
59496,0
59497,0
59498,0
59499,1
59500,1
59501,1
59502,1
59503,1
59504,0
59505,0
59506,1
59507,0
59508,0
59509,1
59510,0
59511,1
59512,1
59513,1
59514,0
59515,1
59516,1
59517,0
59518,1
59519,1
59520,1
59521,1
59522,1
59523,0
59524,0
59525,1
59526,1
59527,0
59528,1
59529,0
59530,1
59531,0
59532,1
59533,1
59534,1
59535,1
59536,1
59537,0
59538,0
59539,1
59540,1
59541,0
59542,1
59543,0
59544,1
59545,0
59546,1
59547,0
59548,0
59549,0
59550,1
59551,1
59552,1
59553,0
59554,0
59555,1
59556,1
59557,0
59558,1
59559,1
59560,1
59561,0
59562,0
59563,1
59564,1
59565,0
59566,1
59567,0
59568,1
59569,0
59570,1
59571,0
59572,0
59573,0
59574,0
59575,0
59576,1
59577,0
59578,1
59579,1
59580,0
59581,0
59582,0
59583,0
59584,0
59585,0
59586,1
59587,0
59588,0
59589,0
59590,1
59591,1
59592,0
59593,1
59594,0
59595,1
59596,0
59597,1
59598,1
59599,1
59600,1
59601,0
59602,1
59603,0
59604,0
59605,0
59606,1
59607,0
59608,1
59609,0
59610,1
59611,1
59612,1
59613,0
59614,0
59615,0
59616,0
59617,0
59618,1
59619,0
59620,1
59621,0
59622,1
59623,1
59624,1
59625,0
59626,1
59627,1
59628,1
59629,0
59630,0
59631,0
59632,1
59633,1
59634,1
59635,1
59636,1
59637,1
59638,0
59639,1
59640,1
59641,1
59642,1
59643,1
59644,1
59645,1
59646,0
59647,1
59648,0
59649,1
59650,1
59651,0
59652,0
59653,0
59654,0
59655,0
59656,0
59657,1
59658,1
59659,1
59660,1
59661,1
59662,0
59663,0
59664,0
59665,1
59666,0
59667,0
59668,1
59669,0
59670,0
59671,1
59672,1
59673,0
59674,0
59675,0
59676,1
59677,1
59678,0
59679,1
59680,0
59681,0
59682,1
59683,1
59684,1
59685,1
59686,0
59687,1
59688,1
59689,1
59690,1
59691,0
59692,0
59693,1
59694,1
59695,0
59696,0
59697,0
59698,1
59699,1
59700,0
59701,1
59702,1
59703,0
59704,0
59705,0
59706,1
59707,1
59708,1
59709,1
59710,0
59711,0
59712,1
59713,1
59714,0
59715,1
59716,1
59717,1
59718,1
59719,0
59720,1
59721,1
59722,1
59723,1
59724,1
59725,0
59726,0
59727,1
59728,0
59729,1
59730,1
59731,0
59732,0
59733,1
59734,1
59735,1
59736,1
59737,1
59738,0
59739,0
59740,0
59741,0
59742,0
59743,0
59744,1
59745,0
59746,0
59747,1
59748,0
59749,1
59750,1
59751,0
59752,1
59753,1
59754,0
59755,1
59756,0
59757,1
59758,1
59759,0
59760,1
59761,0
59762,1
59763,0
59764,0
59765,0
59766,0
59767,0
59768,1
59769,0
59770,1
59771,1
59772,0
59773,1
59774,1
59775,0
59776,1
59777,0
59778,0
59779,0
59780,1
59781,1
59782,0
59783,1
59784,0
59785,1
59786,1
59787,0
59788,1
59789,0
59790,0
59791,0
59792,0
59793,1
59794,0
59795,1
59796,1
59797,0
59798,1
59799,1
59800,1
59801,1
59802,0
59803,1
59804,0
59805,1
59806,0
59807,0
59808,0
59809,1
59810,0
59811,1
59812,0
59813,1
59814,1
59815,0
59816,0
59817,1
59818,0
59819,0
59820,1
59821,0
59822,1
59823,1
59824,1
59825,0
59826,0
59827,1
59828,0
59829,1
59830,1
59831,0
59832,0
59833,1
59834,1
59835,0
59836,1
59837,0
59838,1
59839,0
59840,0
59841,1
59842,1
59843,1
59844,1
59845,0
59846,1
59847,0
59848,1
59849,1
59850,1
59851,0
59852,1
59853,0
59854,1
59855,1
59856,1
59857,1
59858,0
59859,0
59860,0
59861,0
59862,1
59863,0
59864,1
59865,0
59866,0
59867,1
59868,1
59869,0
59870,0
59871,0
59872,0
59873,1
59874,0
59875,0
59876,1
59877,1
59878,0
59879,1
59880,1
59881,1
59882,1
59883,1
59884,0
59885,1
59886,0
59887,1
59888,1
59889,0
59890,1
59891,1
59892,1
59893,1
59894,0
59895,1
59896,1
59897,1
59898,1
59899,1
59900,0
59901,0
59902,1
59903,0
59904,1
59905,0
59906,0
59907,0
59908,0
59909,1
59910,0
59911,1
59912,0
59913,1
59914,0
59915,1
59916,0
59917,1
59918,0
59919,1
59920,0
59921,1
59922,0
59923,1
59924,1
59925,1
59926,0
59927,1
59928,0
59929,1
59930,1
59931,0
59932,1
59933,0
59934,1
59935,1
59936,0
59937,1
59938,0
59939,1
59940,1
59941,1
59942,0
59943,1
59944,0
59945,0
59946,1
59947,1
59948,1
59949,1
59950,0
59951,1
59952,1
59953,1
59954,0
59955,1
59956,1
59957,0
59958,0
59959,0
59960,1
59961,0
59962,1
59963,0
59964,1
59965,1
59966,1
59967,1
59968,0
59969,0
59970,0
59971,1
59972,1
59973,1
59974,0
59975,0
59976,1
59977,1
59978,0
59979,1
59980,0
59981,0
59982,0
59983,1
59984,1
59985,0
59986,0
59987,1
59988,0
59989,0
59990,1
59991,1
59992,1
59993,1
59994,0
59995,1
59996,0
59997,0
59998,0
59999,0
60000,1
60001,0
60002,0
60003,0
60004,0
60005,0
60006,1
60007,0
60008,1
60009,1
60010,0
60011,1
60012,1
60013,1
60014,1
60015,1
60016,1
60017,1
60018,0
60019,0
60020,1
60021,0
60022,1
60023,0
60024,0
60025,1
60026,1
60027,1
60028,1
60029,1
60030,0
60031,0
60032,0
60033,0
60034,0
60035,1
60036,1
60037,1
60038,1
60039,1
60040,1
60041,0
60042,1
60043,1
60044,1
60045,0
60046,0
60047,1
60048,1
60049,0
60050,1
60051,1
60052,1
60053,0
60054,1
60055,0
60056,1
60057,0
60058,1
60059,1
60060,1
60061,0
60062,1
60063,0
60064,0
60065,0
60066,1
60067,1
60068,0
60069,1
60070,0
60071,0
60072,0
60073,0
60074,0
60075,1
60076,0
60077,0
60078,1
60079,1
60080,1
60081,1
60082,0
60083,1
60084,1
60085,1
60086,0
60087,1
60088,0
60089,1
60090,0
60091,1
60092,1
60093,1
60094,0
60095,1
60096,0
60097,1
60098,0
60099,1
60100,1
60101,1
60102,1
60103,1
60104,0
60105,1
60106,1
60107,0
60108,1
60109,1
60110,0
60111,1
60112,0
60113,1
60114,0
60115,0
60116,0
60117,1
60118,0
60119,0
60120,0
60121,1
60122,1
60123,0
60124,1
60125,0
60126,0
60127,0
60128,1
60129,1
60130,0
60131,0
60132,1
60133,0
60134,0
60135,1
60136,1
60137,1
60138,1
60139,0
60140,1
60141,0
60142,1
60143,0
60144,1
60145,0
60146,1
60147,1
60148,1
60149,1
60150,1
60151,0
60152,0
60153,0
60154,1
60155,1
60156,1
60157,0
60158,0
60159,1
60160,1
60161,0
60162,0
60163,0
60164,0
60165,1
60166,0
60167,0
60168,1
60169,1
60170,0
60171,0
60172,0
60173,0
60174,0
60175,1
60176,1
60177,1
60178,0
60179,0
60180,1
60181,1
60182,1
60183,1
60184,0
60185,0
60186,0
60187,1
60188,1
60189,1
60190,0
60191,0
60192,0
60193,1
60194,0
60195,1
60196,0
60197,0
60198,0
60199,0
60200,1
60201,0
60202,1
60203,0
60204,0
60205,1
60206,0
60207,1
60208,1
60209,1
60210,1
60211,1
60212,1
60213,0
60214,1
60215,1
60216,1
60217,1
60218,1
60219,0
60220,1
60221,1
60222,0
60223,0
60224,1
60225,1
60226,0
60227,1
60228,1
60229,1
60230,1
60231,0
60232,1
60233,1
60234,0
60235,1
60236,1
60237,0
60238,0
60239,0
60240,0
60241,0
60242,0
60243,1
60244,1
60245,1
60246,1
60247,0
60248,0
60249,0
60250,0
60251,1
60252,0
60253,1
60254,0
60255,1
60256,0
60257,1
60258,0
60259,1
60260,0
60261,1
60262,1
60263,1
60264,0
60265,1
60266,1
60267,0
60268,1
60269,0
60270,1
60271,1
60272,0
60273,1
60274,0
60275,0
60276,1
60277,1
60278,1
60279,1
60280,0
60281,1
60282,1
60283,0
60284,0
60285,1
60286,0
60287,1
60288,0
60289,0
60290,1
60291,0
60292,1
60293,1
60294,0
60295,0
60296,0
60297,1
60298,0
60299,0
60300,0
60301,1
60302,1
60303,0
60304,0
60305,0
60306,1
60307,0
60308,1
60309,0
60310,1
60311,1
60312,0
60313,1
60314,0
60315,1
60316,1
60317,0
60318,0
60319,0
60320,1
60321,1
60322,1
60323,0
60324,1
60325,1
60326,1
60327,0
60328,1
60329,1
60330,1
60331,1
60332,1
60333,0
60334,1
60335,1
60336,1
60337,0
60338,0
60339,1
60340,1
60341,1
60342,0
60343,0
60344,1
60345,1
60346,0
60347,1
60348,1
60349,0
60350,1
60351,0
60352,1
60353,0
60354,1
60355,0
60356,1
60357,0
60358,0
60359,1
60360,0
60361,0
60362,0
60363,1
60364,1
60365,0
60366,1
60367,0
60368,0
60369,1
60370,1
60371,0
60372,1
60373,0
60374,1
60375,1
60376,1
60377,0
60378,1
60379,1
60380,0
60381,1
60382,0
60383,0
60384,1
60385,0
60386,0
60387,1
60388,0
60389,0
60390,0
60391,0
60392,1
60393,0
60394,0
60395,1
60396,1
60397,1
60398,0
60399,0
60400,1
60401,0
60402,0
60403,1
60404,1
60405,1
60406,0
60407,0
60408,1
60409,0
60410,0
60411,1
60412,1
60413,0
60414,0
60415,0
60416,1
60417,1
60418,0
60419,0
60420,0
60421,1
60422,1
60423,0
60424,1
60425,0
60426,1
60427,0
60428,0
60429,0
60430,1
60431,0
60432,1
60433,1
60434,0
60435,1
60436,0
60437,0
60438,0
60439,1
60440,1
60441,0
60442,0
60443,1
60444,0
60445,0
60446,1
60447,0
60448,1
60449,1
60450,0
60451,0
60452,1
60453,1
60454,1
60455,1
60456,1
60457,1
60458,0
60459,1
60460,0
60461,1
60462,0
60463,1
60464,1
60465,1
60466,1
60467,0
60468,1
60469,1
60470,0
60471,1
60472,0
60473,0
60474,1
60475,1
60476,0
60477,1
60478,0
60479,0
60480,0
60481,1
60482,1
60483,0
60484,1
60485,1
60486,1
60487,0
60488,1
60489,1
60490,0
60491,1
60492,0
60493,0
60494,1
60495,0
60496,1
60497,1
60498,0
60499,1
60500,1
60501,1
60502,0
60503,0
60504,1
60505,1
60506,1
60507,0
60508,1
60509,1
60510,0
60511,1
60512,1
60513,0
60514,1
60515,0
60516,1
60517,1
60518,0
60519,0
60520,0
60521,0
60522,1
60523,0
60524,0
60525,0
60526,0
60527,1
60528,0
60529,0
60530,1
60531,0
60532,1
60533,1
60534,0
60535,0
60536,1
60537,0
60538,1
60539,1
60540,0
60541,0
60542,1
60543,0
60544,1
60545,0
60546,0
60547,1
60548,0
60549,1
60550,1
60551,0
60552,0
60553,1
60554,0
60555,1
60556,1
60557,0
60558,1
60559,0
60560,0
60561,0
60562,0
60563,0
60564,1
60565,0
60566,0
60567,0
60568,0
60569,0
60570,1
60571,1
60572,0
60573,0
60574,1
60575,1
60576,1
60577,0
60578,1
60579,1
60580,1
60581,0
60582,0
60583,0
60584,1
60585,1
60586,1
60587,1
60588,0
60589,1
60590,1
60591,1
60592,0
60593,1
60594,1
60595,1
60596,0
60597,1
60598,0
60599,0
60600,0
60601,0
60602,1
60603,1
60604,1
60605,0
60606,1
60607,1
60608,1
60609,0
60610,1
60611,1
60612,1
60613,1
60614,1
60615,1
60616,1
60617,1
60618,1
60619,0
60620,1
60621,1
60622,0
60623,1
60624,1
60625,1
60626,1
60627,0
60628,1
60629,1
60630,0
60631,1
60632,0
60633,1
60634,1
60635,0
60636,0
60637,1
60638,1
60639,1
60640,1
60641,0
60642,0
60643,1
60644,1
60645,1
60646,0
60647,1
60648,0
60649,1
60650,1
60651,1
60652,1
60653,1
60654,1
60655,1
60656,1
60657,1
60658,1
60659,1
60660,0
60661,0
60662,1
60663,1
60664,1
60665,1
60666,0
60667,1
60668,1
60669,1
60670,1
60671,1
60672,1
60673,0
60674,0
60675,1
60676,1
60677,1
60678,1
60679,1
60680,0
60681,1
60682,1
60683,1
60684,1
60685,0
60686,1
60687,0
60688,1
60689,1
60690,1
60691,0
60692,0
60693,0
60694,1
60695,1
60696,0
60697,1
60698,1
60699,1
60700,1
60701,0
60702,1
60703,1
60704,0
60705,0
60706,1
60707,0
60708,1
60709,1
60710,1
60711,0
60712,1
60713,0
60714,1
60715,0
60716,1
60717,0
60718,1
60719,0
60720,0
60721,1
60722,1
60723,1
60724,0
60725,0
60726,1
60727,1
60728,1
60729,1
60730,0
60731,0
60732,1
60733,1
60734,0
60735,1
60736,1
60737,0
60738,0
60739,0
60740,0
60741,1
60742,1
60743,1
60744,0
60745,0
60746,1
60747,0
60748,0
60749,1
60750,1
60751,1
60752,0
60753,0
60754,1
60755,0
60756,0
60757,1
60758,1
60759,0
60760,1
60761,0
60762,1
60763,0
60764,0
60765,1
60766,1
60767,1
60768,1
60769,0
60770,1
60771,0
60772,1
60773,1
60774,0
60775,1
60776,1
60777,1
60778,1
60779,1
60780,1
60781,1
60782,1
60783,0
60784,1
60785,0
60786,0
60787,1
60788,1
60789,1
60790,1
60791,0
60792,1
60793,0
60794,1
60795,1
60796,1
60797,1
60798,1
60799,1
60800,0
60801,1
60802,0
60803,1
60804,1
60805,1
60806,0
60807,1
60808,0
60809,0
60810,1
60811,1
60812,1
60813,0
60814,1
60815,0
60816,1
60817,1
60818,1
60819,1
60820,1
60821,0
60822,0
60823,1
60824,0
60825,0
60826,1
60827,1
60828,1
60829,1
60830,0
60831,0
60832,1
60833,1
60834,0
60835,0
60836,0
60837,1
60838,0
60839,1
60840,1
60841,1
60842,1
60843,0
60844,0
60845,0
60846,1
60847,1
60848,1
60849,1
60850,1
60851,1
60852,0
60853,0
60854,1
60855,0
60856,0
60857,0
60858,0
60859,1
60860,0
60861,1
60862,1
60863,0
60864,1
60865,1
60866,0
60867,0
60868,1
60869,0
60870,0
60871,1
60872,0
60873,0
60874,0
60875,0
60876,1
60877,0
60878,0
60879,0
60880,1
60881,1
60882,1
60883,1
60884,1
60885,1
60886,1
60887,1
60888,0
60889,1
60890,0
60891,1
60892,0
60893,1
60894,1
60895,1
60896,0
60897,1
60898,0
60899,0
60900,1
60901,0
60902,0
60903,1
60904,0
60905,1
60906,1
60907,1
60908,1
60909,0
60910,0
60911,0
60912,0
60913,1
60914,0
60915,1
60916,0
60917,1
60918,0
60919,1
60920,0
60921,0
60922,1
60923,1
60924,1
60925,1
60926,1
60927,1
60928,1
60929,0
60930,0
60931,0
60932,1
60933,0
60934,1
60935,1
60936,1
60937,1
60938,1
60939,1
60940,0
60941,1
60942,0
60943,0
60944,0
60945,0
60946,0
60947,0
60948,1
60949,1
60950,1
60951,1
60952,0
60953,1
60954,1
60955,0
60956,0
60957,0
60958,0
60959,0
60960,1
60961,0
60962,0
60963,0
60964,0
60965,1
60966,1
60967,1
60968,1
60969,1
60970,1
60971,1
60972,1
60973,1
60974,1
60975,1
60976,1
60977,1
60978,0
60979,0
60980,0
60981,1
60982,1
60983,1
60984,0
60985,0
60986,1
60987,1
60988,0
60989,1
60990,1
60991,0
60992,1
60993,1
60994,1
60995,0
60996,1
60997,1
60998,1
60999,0
61000,0
61001,0
61002,1
61003,1
61004,1
61005,1
61006,1
61007,1
61008,0
61009,0
61010,0
61011,1
61012,0
61013,0
61014,1
61015,1
61016,1
61017,1
61018,1
61019,1
61020,1
61021,0
61022,0
61023,0
61024,1
61025,0
61026,1
61027,1
61028,1
61029,1
61030,1
61031,1
61032,0
61033,1
61034,1
61035,1
61036,1
61037,1
61038,1
61039,1
61040,0
61041,0
61042,0
61043,1
61044,1
61045,0
61046,1
61047,0
61048,1
61049,0
61050,1
61051,1
61052,0
61053,1
61054,1
61055,1
61056,1
61057,0
61058,1
61059,1
61060,1
61061,0
61062,1
61063,1
61064,0
61065,1
61066,0
61067,0
61068,1
61069,0
61070,0
61071,1
61072,1
61073,0
61074,1
61075,1
61076,0
61077,0
61078,0
61079,1
61080,1
61081,1
61082,1
61083,1
61084,1
61085,0
61086,1
61087,1
61088,0
61089,0
61090,1
61091,1
61092,1
61093,0
61094,1
61095,0
61096,1
61097,1
61098,1
61099,0
61100,0
61101,0
61102,0
61103,1
61104,0
61105,0
61106,0
61107,1
61108,0
61109,1
61110,0
61111,1
61112,0
61113,1
61114,0
61115,0
61116,0
61117,0
61118,0
61119,1
61120,1
61121,0
61122,0
61123,0
61124,1
61125,1
61126,0
61127,1
61128,0
61129,1
61130,0
61131,1
61132,1
61133,1
61134,0
61135,1
61136,0
61137,0
61138,1
61139,1
61140,0
61141,0
61142,0
61143,1
61144,1
61145,0
61146,1
61147,1
61148,0
61149,1
61150,0
61151,0
61152,1
61153,0
61154,1
61155,1
61156,0
61157,0
61158,1
61159,1
61160,0
61161,0
61162,0
61163,1
61164,0
61165,1
61166,0
61167,1
61168,1
61169,0
61170,1
61171,1
61172,0
61173,0
61174,1
61175,1
61176,0
61177,0
61178,1
61179,0
61180,1
61181,1
61182,0
61183,1
61184,0
61185,1
61186,1
61187,1
61188,1
61189,1
61190,0
61191,0
61192,0
61193,0
61194,0
61195,0
61196,1
61197,0
61198,0
61199,1
61200,0
61201,1
61202,1
61203,1
61204,0
61205,0
61206,0
61207,0
61208,1
61209,0
61210,1
61211,1
61212,1
61213,0
61214,1
61215,0
61216,1
61217,0
61218,0
61219,1
61220,1
61221,0
61222,0
61223,0
61224,0
61225,0
61226,0
61227,1
61228,1
61229,1
61230,1
61231,1
61232,1
61233,1
61234,1
61235,1
61236,0
61237,1
61238,1
61239,0
61240,0
61241,0
61242,1
61243,1
61244,0
61245,1
61246,0
61247,1
61248,1
61249,1
61250,1
61251,0
61252,0
61253,1
61254,1
61255,1
61256,1
61257,0
61258,1
61259,0
61260,1
61261,1
61262,1
61263,0
61264,1
61265,1
61266,1
61267,0
61268,0
61269,1
61270,0
61271,1
61272,0
61273,1
61274,1
61275,1
61276,0
61277,1
61278,1
61279,1
61280,0
61281,1
61282,1
61283,0
61284,0
61285,0
61286,1
61287,1
61288,0
61289,1
61290,1
61291,1
61292,1
61293,0
61294,0
61295,1
61296,0
61297,0
61298,1
61299,1
61300,1
61301,0
61302,0
61303,0
61304,1
61305,1
61306,0
61307,0
61308,1
61309,0
61310,0
61311,1
61312,0
61313,1
61314,1
61315,1
61316,1
61317,1
61318,1
61319,1
61320,1
61321,0
61322,0
61323,0
61324,0
61325,0
61326,0
61327,0
61328,1
61329,0
61330,0
61331,0
61332,1
61333,1
61334,0
61335,1
61336,0
61337,1
61338,0
61339,1
61340,1
61341,1
61342,0
61343,1
61344,1
61345,0
61346,1
61347,1
61348,0
61349,0
61350,0
61351,1
61352,1
61353,0
61354,0
61355,1
61356,1
61357,1
61358,1
61359,1
61360,0
61361,1
61362,0
61363,1
61364,0
61365,0
61366,0
61367,1
61368,1
61369,0
61370,1
61371,1
61372,1
61373,1
61374,1
61375,0
61376,1
61377,0
61378,0
61379,1
61380,1
61381,0
61382,0
61383,0
61384,0
61385,1
61386,0
61387,1
61388,0
61389,1
61390,0
61391,0
61392,1
61393,1
61394,0
61395,1
61396,0
61397,1
61398,1
61399,0
61400,1
61401,0
61402,1
61403,1
61404,1
61405,1
61406,0
61407,1
61408,1
61409,0
61410,0
61411,0
61412,1
61413,0
61414,1
61415,0
61416,1
61417,0
61418,0
61419,1
61420,0
61421,0
61422,1
61423,0
61424,1
61425,0
61426,1
61427,1
61428,0
61429,0
61430,1
61431,0
61432,1
61433,0
61434,1
61435,1
61436,0
61437,1
61438,0
61439,0
61440,0
61441,1
61442,1
61443,0
61444,1
61445,1
61446,0
61447,1
61448,1
61449,0
61450,0
61451,1
61452,1
61453,0
61454,0
61455,1
61456,0
61457,0
61458,1
61459,0
61460,0
61461,0
61462,1
61463,1
61464,0
61465,0
61466,1
61467,1
61468,0
61469,0
61470,1
61471,0
61472,1
61473,1
61474,0
61475,0
61476,0
61477,0
61478,0
61479,0
61480,0
61481,1
61482,0
61483,0
61484,0
61485,0
61486,1
61487,1
61488,1
61489,0
61490,0
61491,0
61492,0
61493,1
61494,1
61495,1
61496,0
61497,0
61498,0
61499,1
61500,0
61501,0
61502,0
61503,1
61504,1
61505,0
61506,0
61507,0
61508,0
61509,0
61510,1
61511,1
61512,0
61513,1
61514,0
61515,0
61516,1
61517,1
61518,0
61519,0
61520,1
61521,1
61522,0
61523,1
61524,1
61525,1
61526,0
61527,1
61528,1
61529,1
61530,0
61531,1
61532,1
61533,1
61534,0
61535,0
61536,1
61537,0
61538,0
61539,1
61540,0
61541,1
61542,0
61543,0
61544,0
61545,0
61546,0
61547,1
61548,0
61549,0
61550,1
61551,0
61552,1
61553,0
61554,0
61555,1
61556,1
61557,1
61558,1
61559,1
61560,0
61561,1
61562,0
61563,0
61564,1
61565,1
61566,0
61567,0
61568,1
61569,0
61570,0
61571,1
61572,1
61573,0
61574,0
61575,1
61576,1
61577,1
61578,0
61579,1
61580,0
61581,1
61582,0
61583,1
61584,1
61585,1
61586,1
61587,1
61588,1
61589,0
61590,0
61591,0
61592,1
61593,1
61594,0
61595,1
61596,1
61597,1
61598,1
61599,1
61600,1
61601,0
61602,1
61603,1
61604,1
61605,0
61606,0
61607,0
61608,1
61609,0
61610,0
61611,1
61612,1
61613,1
61614,0
61615,1
61616,0
61617,1
61618,0
61619,0
61620,0
61621,0
61622,0
61623,1
61624,0
61625,0
61626,0
61627,1
61628,0
61629,0
61630,1
61631,0
61632,1
61633,1
61634,1
61635,1
61636,0
61637,0
61638,0
61639,1
61640,1
61641,1
61642,0
61643,1
61644,0
61645,1
61646,0
61647,0
61648,0
61649,0
61650,0
61651,1
61652,1
61653,1
61654,1
61655,1
61656,0
61657,1
61658,0
61659,1
61660,1
61661,0
61662,0
61663,1
61664,0
61665,0
61666,0
61667,1
61668,0
61669,0
61670,0
61671,1
61672,0
61673,1
61674,1
61675,0
61676,0
61677,0
61678,1
61679,0
61680,0
61681,0
61682,1
61683,0
61684,0
61685,1
61686,1
61687,0
61688,0
61689,0
61690,0
61691,1
61692,1
61693,1
61694,0
61695,1
61696,1
61697,0
61698,0
61699,1
61700,1
61701,0
61702,0
61703,1
61704,0
61705,0
61706,0
61707,1
61708,1
61709,0
61710,0
61711,1
61712,1
61713,0
61714,0
61715,0
61716,1
61717,1
61718,0
61719,1
61720,1
61721,1
61722,1
61723,0
61724,0
61725,1
61726,1
61727,0
61728,0
61729,0
61730,0
61731,0
61732,1
61733,0
61734,0
61735,1
61736,1
61737,1
61738,1
61739,0
61740,1
61741,0
61742,0
61743,1
61744,0
61745,1
61746,0
61747,1
61748,1
61749,1
61750,0
61751,1
61752,1
61753,0
61754,0
61755,1
61756,1
61757,0
61758,1
61759,0
61760,1
61761,1
61762,0
61763,0
61764,0
61765,1
61766,1
61767,0
61768,1
61769,1
61770,1
61771,1
61772,0
61773,0
61774,0
61775,0
61776,1
61777,1
61778,0
61779,0
61780,1
61781,1
61782,1
61783,0
61784,0
61785,1
61786,0
61787,1
61788,0
61789,1
61790,1
61791,1
61792,0
61793,1
61794,1
61795,0
61796,0
61797,1
61798,0
61799,1
61800,1
61801,0
61802,1
61803,1
61804,0
61805,0
61806,1
61807,0
61808,0
61809,0
61810,0
61811,1
61812,0
61813,1
61814,0
61815,1
61816,1
61817,0
61818,0
61819,0
61820,0
61821,1
61822,1
61823,1
61824,0
61825,1
61826,1
61827,0
61828,0
61829,1
61830,1
61831,1
61832,1
61833,0
61834,0
61835,0
61836,0
61837,1
61838,0
61839,0
61840,1
61841,1
61842,0
61843,1
61844,1
61845,0
61846,1
61847,1
61848,0
61849,0
61850,1
61851,0
61852,0
61853,0
61854,0
61855,1
61856,1
61857,1
61858,1
61859,1
61860,0
61861,0
61862,1
61863,1
61864,1
61865,1
61866,1
61867,1
61868,0
61869,1
61870,1
61871,0
61872,1
61873,1
61874,0
61875,0
61876,0
61877,0
61878,1
61879,1
61880,0
61881,1
61882,1
61883,1
61884,1
61885,1
61886,1
61887,1
61888,0
61889,0
61890,0
61891,1
61892,0
61893,0
61894,0
61895,0
61896,1
61897,1
61898,0
61899,1
61900,0
61901,0
61902,1
61903,0
61904,0
61905,1
61906,1
61907,1
61908,1
61909,0
61910,0
61911,0
61912,0
61913,0
61914,0
61915,0
61916,0
61917,1
61918,0
61919,1
61920,1
61921,1
61922,1
61923,1
61924,1
61925,0
61926,1
61927,1
61928,0
61929,0
61930,0
61931,0
61932,1
61933,0
61934,1
61935,0
61936,0
61937,1
61938,0
61939,0
61940,1
61941,1
61942,0
61943,1
61944,0
61945,1
61946,0
61947,0
61948,0
61949,1
61950,1
61951,1
61952,1
61953,1
61954,1
61955,0
61956,0
61957,1
61958,1
61959,0
61960,0
61961,0
61962,1
61963,1
61964,1
61965,1
61966,0
61967,0
61968,0
61969,0
61970,0
61971,0
61972,1
61973,0
61974,1
61975,0
61976,1
61977,0
61978,0
61979,1
61980,1
61981,1
61982,1
61983,0
61984,1
61985,0
61986,0
61987,1
61988,1
61989,0
61990,0
61991,1
61992,0
61993,0
61994,1
61995,1
61996,1
61997,1
61998,0
61999,0
62000,0
62001,1
62002,1
62003,1
62004,0
62005,0
62006,1
62007,1
62008,0
62009,1
62010,1
62011,1
62012,1
62013,0
62014,1
62015,1
62016,1
62017,0
62018,1
62019,0
62020,1
62021,0
62022,1
62023,1
62024,1
62025,0
62026,1
62027,0
62028,0
62029,0
62030,1
62031,0
62032,0
62033,1
62034,1
62035,1
62036,0
62037,1
62038,1
62039,1
62040,0
62041,1
62042,1
62043,1
62044,0
62045,0
62046,0
62047,0
62048,0
62049,0
62050,1
62051,1
62052,1
62053,0
62054,1
62055,0
62056,1
62057,1
62058,1
62059,0
62060,1
62061,1
62062,1
62063,0
62064,1
62065,0
62066,0
62067,1
62068,1
62069,0
62070,1
62071,1
62072,1
62073,1
62074,1
62075,0
62076,1
62077,0
62078,1
62079,1
62080,0
62081,0
62082,0
62083,0
62084,0
62085,1
62086,1
62087,0
62088,1
62089,0
62090,1
62091,0
62092,0
62093,0
62094,0
62095,1
62096,1
62097,0
62098,1
62099,0
62100,1
62101,1
62102,1
62103,0
62104,1
62105,0
62106,0
62107,1
62108,0
62109,1
62110,1
62111,0
62112,0
62113,0
62114,1
62115,1
62116,0
62117,1
62118,1
62119,1
62120,1
62121,1
62122,1
62123,1
62124,0
62125,1
62126,0
62127,1
62128,0
62129,0
62130,0
62131,1
62132,1
62133,0
62134,0
62135,0
62136,1
62137,0
62138,0
62139,0
62140,0
62141,0
62142,1
62143,1
62144,0
62145,1
62146,1
62147,1
62148,1
62149,0
62150,0
62151,0
62152,0
62153,1
62154,1
62155,1
62156,1
62157,1
62158,0
62159,1
62160,0
62161,0
62162,0
62163,0
62164,1
62165,1
62166,1
62167,1
62168,0
62169,1
62170,1
62171,1
62172,1
62173,1
62174,1
62175,0
62176,0
62177,1
62178,1
62179,0
62180,0
62181,0
62182,0
62183,1
62184,0
62185,1
62186,1
62187,0
62188,1
62189,1
62190,1
62191,1
62192,0
62193,0
62194,0
62195,0
62196,1
62197,0
62198,1
62199,1
62200,1
62201,0
62202,1
62203,1
62204,1
62205,0
62206,1
62207,1
62208,0
62209,1
62210,1
62211,0
62212,0
62213,1
62214,0
62215,0
62216,0
62217,0
62218,0
62219,1
62220,0
62221,1
62222,1
62223,1
62224,0
62225,0
62226,0
62227,0
62228,1
62229,0
62230,0
62231,1
62232,0
62233,1
62234,1
62235,1
62236,0
62237,0
62238,1
62239,0
62240,1
62241,0
62242,1
62243,0
62244,1
62245,0
62246,1
62247,0
62248,1
62249,0
62250,1
62251,1
62252,1
62253,1
62254,1
62255,0
62256,1
62257,0
62258,1
62259,0
62260,1
62261,1
62262,0
62263,0
62264,1
62265,1
62266,1
62267,0
62268,0
62269,1
62270,1
62271,1
62272,0
62273,0
62274,0
62275,0
62276,0
62277,0
62278,0
62279,1
62280,1
62281,0
62282,1
62283,0
62284,1
62285,1
62286,0
62287,1
62288,0
62289,1
62290,0
62291,1
62292,1
62293,1
62294,0
62295,1
62296,0
62297,0
62298,0
62299,1
62300,1
62301,1
62302,1
62303,1
62304,0
62305,0
62306,1
62307,1
62308,0
62309,1
62310,0
62311,0
62312,1
62313,0
62314,0
62315,1
62316,1
62317,1
62318,0
62319,0
62320,0
62321,0
62322,0
62323,0
62324,0
62325,0
62326,1
62327,1
62328,0
62329,0
62330,0
62331,0
62332,1
62333,0
62334,1
62335,0
62336,0
62337,0
62338,1
62339,1
62340,0
62341,1
62342,1
62343,1
62344,0
62345,0
62346,0
62347,0
62348,0
62349,1
62350,0
62351,0
62352,0
62353,0
62354,1
62355,1
62356,0
62357,1
62358,0
62359,0
62360,1
62361,1
62362,1
62363,0
62364,1
62365,1
62366,1
62367,1
62368,1
62369,0
62370,0
62371,1
62372,1
62373,1
62374,0
62375,0
62376,0
62377,0
62378,0
62379,1
62380,0
62381,1
62382,1
62383,1
62384,1
62385,0
62386,1
62387,0
62388,1
62389,1
62390,1
62391,0
62392,0
62393,1
62394,1
62395,1
62396,1
62397,1
62398,0
62399,0
62400,1
62401,0
62402,1
62403,1
62404,0
62405,1
62406,0
62407,1
62408,0
62409,1
62410,1
62411,1
62412,1
62413,1
62414,0
62415,0
62416,0
62417,1
62418,1
62419,0
62420,1
62421,1
62422,1
62423,0
62424,0
62425,0
62426,1
62427,1
62428,0
62429,1
62430,0
62431,1
62432,1
62433,1
62434,1
62435,1
62436,1
62437,1
62438,0
62439,1
62440,1
62441,1
62442,1
62443,1
62444,1
62445,1
62446,1
62447,1
62448,0
62449,0
62450,1
62451,1
62452,0
62453,0
62454,0
62455,1
62456,0
62457,0
62458,1
62459,1
62460,1
62461,1
62462,1
62463,0
62464,0
62465,1
62466,0
62467,0
62468,1
62469,0
62470,1
62471,0
62472,1
62473,0
62474,0
62475,1
62476,1
62477,1
62478,0
62479,0
62480,0
62481,1
62482,1
62483,0
62484,1
62485,1
62486,0
62487,1
62488,0
62489,1
62490,1
62491,0
62492,0
62493,0
62494,1
62495,0
62496,1
62497,1
62498,0
62499,0
62500,1
62501,0
62502,1
62503,0
62504,1
62505,0
62506,0
62507,0
62508,0
62509,1
62510,0
62511,1
62512,0
62513,0
62514,1
62515,1
62516,0
62517,1
62518,0
62519,0
62520,0
62521,0
62522,0
62523,1
62524,1
62525,0
62526,1
62527,1
62528,1
62529,0
62530,0
62531,1
62532,0
62533,0
62534,1
62535,0
62536,1
62537,0
62538,1
62539,1
62540,1
62541,0
62542,0
62543,0
62544,1
62545,1
62546,1
62547,1
62548,1
62549,1
62550,1
62551,1
62552,1
62553,1
62554,1
62555,0
62556,0
62557,0
62558,1
62559,0
62560,1
62561,0
62562,1
62563,1
62564,1
62565,0
62566,1
62567,1
62568,1
62569,0
62570,1
62571,1
62572,1
62573,1
62574,1
62575,0
62576,0
62577,1
62578,1
62579,0
62580,1
62581,1
62582,0
62583,0
62584,0
62585,1
62586,0
62587,1
62588,0
62589,0
62590,1
62591,0
62592,1
62593,1
62594,1
62595,0
62596,1
62597,0
62598,1
62599,0
62600,0
62601,0
62602,1
62603,1
62604,0
62605,1
62606,0
62607,0
62608,1
62609,0
62610,0
62611,0
62612,0
62613,1
62614,1
62615,1
62616,1
62617,0
62618,1
62619,0
62620,1
62621,0
62622,0
62623,1
62624,0
62625,1
62626,1
62627,0
62628,1
62629,0
62630,1
62631,0
62632,1
62633,0
62634,1
62635,1
62636,1
62637,0
62638,0
62639,0
62640,1
62641,1
62642,0
62643,1
62644,0
62645,0
62646,1
62647,0
62648,0
62649,0
62650,1
62651,1
62652,1
62653,1
62654,1
62655,0
62656,1
62657,0
62658,0
62659,0
62660,0
62661,1
62662,0
62663,0
62664,0
62665,0
62666,0
62667,0
62668,1
62669,0
62670,1
62671,1
62672,0
62673,0
62674,0
62675,0
62676,1
62677,0
62678,0
62679,1
62680,1
62681,0
62682,1
62683,1
62684,1
62685,1
62686,0
62687,1
62688,1
62689,1
62690,0
62691,0
62692,0
62693,0
62694,0
62695,1
62696,0
62697,0
62698,1
62699,0
62700,1
62701,0
62702,1
62703,1
62704,1
62705,1
62706,0
62707,1
62708,0
62709,1
62710,1
62711,1
62712,0
62713,1
62714,0
62715,0
62716,1
62717,1
62718,1
62719,0
62720,1
62721,1
62722,1
62723,0
62724,1
62725,0
62726,1
62727,0
62728,0
62729,0
62730,0
62731,0
62732,1
62733,0
62734,1
62735,1
62736,1
62737,1
62738,1
62739,1
62740,0
62741,1
62742,1
62743,1
62744,1
62745,0
62746,0
62747,0
62748,1
62749,1
62750,0
62751,0
62752,1
62753,1
62754,1
62755,1
62756,0
62757,0
62758,1
62759,0
62760,0
62761,1
62762,1
62763,1
62764,0
62765,1
62766,0
62767,1
62768,1
62769,1
62770,1
62771,1
62772,1
62773,1
62774,1
62775,0
62776,1
62777,1
62778,1
62779,0
62780,1
62781,0
62782,0
62783,1
62784,0
62785,0
62786,1
62787,0
62788,0
62789,0
62790,1
62791,1
62792,0
62793,1
62794,0
62795,0
62796,1
62797,1
62798,0
62799,0
62800,0
62801,1
62802,1
62803,0
62804,1
62805,1
62806,1
62807,1
62808,1
62809,1
62810,1
62811,1
62812,0
62813,1
62814,1
62815,0
62816,1
62817,1
62818,1
62819,1
62820,1
62821,1
62822,0
62823,0
62824,0
62825,1
62826,0
62827,0
62828,0
62829,1
62830,1
62831,1
62832,0
62833,1
62834,1
62835,1
62836,0
62837,1
62838,0
62839,1
62840,1
62841,1
62842,1
62843,0
62844,1
62845,1
62846,1
62847,0
62848,1
62849,0
62850,0
62851,1
62852,1
62853,0
62854,1
62855,0
62856,1
62857,0
62858,1
62859,1
62860,0
62861,0
62862,1
62863,0
62864,0
62865,1
62866,0
62867,1
62868,1
62869,0
62870,0
62871,1
62872,1
62873,1
62874,1
62875,0
62876,0
62877,0
62878,1
62879,1
62880,0
62881,1
62882,0
62883,1
62884,0
62885,0
62886,0
62887,1
62888,0
62889,0
62890,0
62891,0
62892,0
62893,1
62894,0
62895,1
62896,0
62897,1
62898,0
62899,1
62900,0
62901,0
62902,1
62903,1
62904,0
62905,0
62906,0
62907,0
62908,0
62909,0
62910,0
62911,0
62912,1
62913,1
62914,0
62915,1
62916,1
62917,1
62918,1
62919,1
62920,0
62921,1
62922,1
62923,1
62924,0
62925,0
62926,1
62927,0
62928,0
62929,1
62930,1
62931,1
62932,0
62933,0
62934,1
62935,1
62936,0
62937,0
62938,1
62939,1
62940,0
62941,1
62942,1
62943,1
62944,1
62945,0
62946,0
62947,0
62948,0
62949,1
62950,1
62951,1
62952,0
62953,0
62954,0
62955,0
62956,1
62957,0
62958,0
62959,1
62960,1
62961,1
62962,1
62963,0
62964,1
62965,0
62966,0
62967,1
62968,1
62969,0
62970,1
62971,1
62972,0
62973,0
62974,0
62975,0
62976,0
62977,1
62978,1
62979,1
62980,0
62981,0
62982,0
62983,1
62984,1
62985,0
62986,0
62987,1
62988,1
62989,0
62990,1
62991,0
62992,1
62993,0
62994,1
62995,1
62996,0
62997,0
62998,0
62999,1
63000,1
63001,0
63002,0
63003,1
63004,0
63005,1
63006,0
63007,0
63008,0
63009,0
63010,0
63011,1
63012,1
63013,1
63014,0
63015,1
63016,1
63017,0
63018,0
63019,1
63020,1
63021,1
63022,0
63023,0
63024,1
63025,0
63026,0
63027,1
63028,0
63029,1
63030,1
63031,1
63032,0
63033,0
63034,1
63035,1
63036,0
63037,0
63038,0
63039,1
63040,1
63041,1
63042,0
63043,0
63044,1
63045,1
63046,1
63047,1
63048,1
63049,0
63050,0
63051,0
63052,1
63053,1
63054,1
63055,0
63056,0
63057,0
63058,1
63059,1
63060,1
63061,0
63062,0
63063,1
63064,1
63065,0
63066,0
63067,0
63068,1
63069,1
63070,0
63071,1
63072,1
63073,1
63074,1
63075,1
63076,1
63077,0
63078,1
63079,0
63080,0
63081,0
63082,1
63083,0
63084,1
63085,1
63086,1
63087,1
63088,0
63089,0
63090,1
63091,0
63092,0
63093,0
63094,1
63095,0
63096,0
63097,1
63098,1
63099,1
63100,0
63101,0
63102,1
63103,0
63104,0
63105,1
63106,1
63107,1
63108,1
63109,0
63110,1
63111,0
63112,1
63113,1
63114,0
63115,0
63116,0
63117,1
63118,0
63119,1
63120,1
63121,1
63122,1
63123,1
63124,0
63125,0
63126,0
63127,0
63128,0
63129,0
63130,1
63131,1
63132,1
63133,0
63134,0
63135,1
63136,1
63137,1
63138,1
63139,0
63140,0
63141,1
63142,1
63143,1
63144,1
63145,1
63146,1
63147,1
63148,1
63149,0
63150,0
63151,0
63152,1
63153,1
63154,1
63155,0
63156,1
63157,0
63158,1
63159,0
63160,1
63161,1
63162,1
63163,0
63164,1
63165,0
63166,0
63167,0
63168,1
63169,1
63170,0
63171,1
63172,0
63173,1
63174,0
63175,0
63176,0
63177,0
63178,1
63179,1
63180,0
63181,0
63182,0
63183,0
63184,0
63185,1
63186,1
63187,0
63188,0
63189,0
63190,0
63191,1
63192,0
63193,0
63194,1
63195,0
63196,1
63197,0
63198,0
63199,1
63200,0
63201,1
63202,1
63203,1
63204,0
63205,1
63206,1
63207,0
63208,0
63209,0
63210,1
63211,0
63212,0
63213,1
63214,1
63215,1
63216,0
63217,1
63218,1
63219,0
63220,0
63221,1
63222,1
63223,1
63224,0
63225,0
63226,0
63227,0
63228,0
63229,1
63230,0
63231,1
63232,1
63233,0
63234,1
63235,0
63236,1
63237,0
63238,1
63239,0
63240,1
63241,0
63242,0
63243,1
63244,1
63245,0
63246,0
63247,0
63248,0
63249,0
63250,1
63251,0
63252,0
63253,1
63254,1
63255,0
63256,0
63257,1
63258,1
63259,1
63260,0
63261,0
63262,0
63263,0
63264,0
63265,1
63266,0
63267,1
63268,1
63269,1
63270,0
63271,1
63272,1
63273,1
63274,0
63275,0
63276,0
63277,0
63278,0
63279,0
63280,0
63281,1
63282,1
63283,1
63284,1
63285,1
63286,1
63287,0
63288,1
63289,0
63290,0
63291,0
63292,0
63293,0
63294,0
63295,1
63296,1
63297,1
63298,1
63299,1
63300,0
63301,1
63302,0
63303,0
63304,1
63305,1
63306,0
63307,0
63308,0
63309,1
63310,0
63311,0
63312,0
63313,0
63314,1
63315,0
63316,0
63317,0
63318,1
63319,0
63320,0
63321,1
63322,0
63323,1
63324,0
63325,0
63326,0
63327,0
63328,1
63329,0
63330,1
63331,0
63332,1
63333,1
63334,1
63335,1
63336,1
63337,0
63338,0
63339,1
63340,1
63341,1
63342,1
63343,0
63344,0
63345,1
63346,0
63347,0
63348,1
63349,1
63350,1
63351,0
63352,0
63353,1
63354,1
63355,1
63356,0
63357,1
63358,1
63359,0
63360,1
63361,1
63362,0
63363,1
63364,1
63365,1
63366,1
63367,1
63368,1
63369,0
63370,1
63371,0
63372,1
63373,1
63374,1
63375,1
63376,1
63377,1
63378,1
63379,0
63380,1
63381,1
63382,1
63383,1
63384,1
63385,1
63386,1
63387,0
63388,1
63389,1
63390,1
63391,0
63392,0
63393,0
63394,0
63395,1
63396,0
63397,1
63398,1
63399,0
63400,1
63401,1
63402,0
63403,0
63404,1
63405,1
63406,1
63407,0
63408,0
63409,0
63410,0
63411,1
63412,0
63413,1
63414,1
63415,0
63416,1
63417,1
63418,1
63419,0
63420,0
63421,0
63422,1
63423,1
63424,1
63425,1
63426,0
63427,1
63428,1
63429,0
63430,1
63431,1
63432,1
63433,1
63434,1
63435,1
63436,1
63437,0
63438,0
63439,0
63440,0
63441,1
63442,0
63443,0
63444,0
63445,0
63446,1
63447,0
63448,0
63449,0
63450,1
63451,1
63452,1
63453,0
63454,1
63455,1
63456,1
63457,0
63458,1
63459,1
63460,0
63461,1
63462,1
63463,0
63464,1
63465,0
63466,0
63467,0
63468,1
63469,0
63470,1
63471,0
63472,0
63473,0
63474,0
63475,1
63476,1
63477,1
63478,0
63479,0
63480,0
63481,1
63482,1
63483,1
63484,1
63485,0
63486,1
63487,0
63488,1
63489,1
63490,1
63491,1
63492,1
63493,0
63494,0
63495,0
63496,1
63497,0
63498,1
63499,1
63500,1
63501,1
63502,1
63503,0
63504,1
63505,1
63506,0
63507,0
63508,0
63509,0
63510,1
63511,0
63512,0
63513,1
63514,1
63515,1
63516,0
63517,0
63518,0
63519,1
63520,1
63521,1
63522,1
63523,1
63524,1
63525,0
63526,0
63527,0
63528,0
63529,0
63530,1
63531,1
63532,1
63533,0
63534,1
63535,1
63536,1
63537,0
63538,0
63539,1
63540,1
63541,1
63542,0
63543,0
63544,0
63545,0
63546,0
63547,1
63548,0
63549,0
63550,1
63551,0
63552,1
63553,0
63554,1
63555,1
63556,1
63557,1
63558,0
63559,0
63560,1
63561,0
63562,0
63563,1
63564,0
63565,1
63566,1
63567,1
63568,0
63569,1
63570,0
63571,1
63572,0
63573,1
63574,1
63575,1
63576,0
63577,1
63578,1
63579,1
63580,0
63581,1
63582,1
63583,0
63584,0
63585,0
63586,0
63587,0
63588,1
63589,1
63590,0
63591,0
63592,1
63593,1
63594,0
63595,1
63596,0
63597,1
63598,0
63599,1
63600,1
63601,0
63602,1
63603,1
63604,0
63605,1
63606,0
63607,0
63608,0
63609,0
63610,1
63611,0
63612,1
63613,0
63614,1
63615,1
63616,1
63617,1
63618,1
63619,1
63620,1
63621,0
63622,0
63623,1
63624,1
63625,1
63626,1
63627,0
63628,0
63629,1
63630,1
63631,1
63632,0
63633,1
63634,1
63635,0
63636,0
63637,0
63638,0
63639,1
63640,0
63641,1
63642,0
63643,1
63644,1
63645,0
63646,0
63647,0
63648,0
63649,1
63650,1
63651,1
63652,0
63653,0
63654,1
63655,0
63656,1
63657,1
63658,1
63659,1
63660,1
63661,0
63662,0
63663,0
63664,0
63665,1
63666,1
63667,0
63668,1
63669,0
63670,1
63671,0
63672,0
63673,0
63674,1
63675,1
63676,1
63677,1
63678,1
63679,1
63680,0
63681,1
63682,1
63683,1
63684,0
63685,1
63686,1
63687,1
63688,0
63689,0
63690,1
63691,0
63692,1
63693,0
63694,0
63695,1
63696,1
63697,1
63698,0
63699,0
63700,1
63701,1
63702,1
63703,1
63704,0
63705,0
63706,1
63707,1
63708,1
63709,1
63710,0
63711,1
63712,1
63713,1
63714,1
63715,0
63716,0
63717,0
63718,0
63719,1
63720,0
63721,1
63722,1
63723,0
63724,1
63725,1
63726,0
63727,1
63728,0
63729,1
63730,1
63731,1
63732,0
63733,0
63734,0
63735,1
63736,0
63737,0
63738,1
63739,1
63740,1
63741,1
63742,0
63743,1
63744,1
63745,1
63746,1
63747,0
63748,0
63749,0
63750,0
63751,1
63752,1
63753,1
63754,0
63755,0
63756,1
63757,0
63758,0
63759,0
63760,1
63761,1
63762,1
63763,0
63764,1
63765,0
63766,1
63767,1
63768,0
63769,0
63770,1
63771,0
63772,0
63773,1
63774,0
63775,0
63776,0
63777,1
63778,1
63779,0
63780,0
63781,0
63782,1
63783,0
63784,1
63785,1
63786,1
63787,0
63788,1
63789,1
63790,1
63791,1
63792,1
63793,1
63794,1
63795,1
63796,1
63797,1
63798,1
63799,1
63800,0
63801,0
63802,0
63803,1
63804,1
63805,1
63806,0
63807,1
63808,1
63809,0
63810,1
63811,1
63812,1
63813,0
63814,1
63815,1
63816,0
63817,0
63818,0
63819,1
63820,0
63821,0
63822,1
63823,0
63824,1
63825,0
63826,0
63827,1
63828,1
63829,0
63830,0
63831,0
63832,1
63833,1
63834,1
63835,1
63836,1
63837,0
63838,0
63839,1
63840,1
63841,0
63842,1
63843,1
63844,1
63845,1
63846,1
63847,1
63848,0
63849,1
63850,0
63851,1
63852,1
63853,0
63854,1
63855,0
63856,1
63857,1
63858,1
63859,0
63860,1
63861,1
63862,1
63863,0
63864,0
63865,1
63866,1
63867,0
63868,0
63869,1
63870,1
63871,0
63872,1
63873,0
63874,1
63875,1
63876,0
63877,1
63878,1
63879,1
63880,1
63881,1
63882,0
63883,1
63884,0
63885,1
63886,0
63887,0
63888,1
63889,1
63890,1
63891,1
63892,1
63893,1
63894,0
63895,1
63896,1
63897,1
63898,0
63899,0
63900,1
63901,1
63902,1
63903,1
63904,1
63905,0
63906,1
63907,0
63908,0
63909,0
63910,1
63911,0
63912,1
63913,1
63914,0
63915,0
63916,0
63917,1
63918,1
63919,0
63920,0
63921,1
63922,1
63923,0
63924,0
63925,0
63926,1
63927,0
63928,0
63929,0
63930,0
63931,1
63932,0
63933,0
63934,1
63935,0
63936,0
63937,1
63938,1
63939,1
63940,1
63941,0
63942,1
63943,1
63944,1
63945,0
63946,0
63947,0
63948,0
63949,0
63950,0
63951,0
63952,0
63953,0
63954,1
63955,1
63956,0
63957,1
63958,1
63959,0
63960,1
63961,1
63962,0
63963,0
63964,1
63965,1
63966,0
63967,0
63968,0
63969,0
63970,0
63971,1
63972,1
63973,0
63974,0
63975,1
63976,0
63977,1
63978,1
63979,1
63980,1
63981,0
63982,1
63983,0
63984,0
63985,1
63986,1
63987,1
63988,1
63989,0
63990,0
63991,1
63992,0
63993,0
63994,0
63995,1
63996,0
63997,0
63998,0
63999,0
64000,1
64001,1
64002,1
64003,1
64004,1
64005,0
64006,1
64007,1
64008,0
64009,1
64010,1
64011,1
64012,1
64013,1
64014,1
64015,1
64016,0
64017,0
64018,1
64019,1
64020,1
64021,0
64022,0
64023,0
64024,1
64025,0
64026,0
64027,1
64028,0
64029,1
64030,1
64031,1
64032,0
64033,0
64034,1
64035,0
64036,0
64037,0
64038,1
64039,1
64040,0
64041,0
64042,1
64043,0
64044,0
64045,1
64046,0
64047,1
64048,1
64049,1
64050,1
64051,1
64052,0
64053,0
64054,0
64055,0
64056,0
64057,1
64058,0
64059,1
64060,1
64061,1
64062,1
64063,1
64064,1
64065,0
64066,0
64067,0
64068,1
64069,1
64070,1
64071,1
64072,1
64073,1
64074,0
64075,1
64076,0
64077,1
64078,0
64079,0
64080,0
64081,0
64082,0
64083,0
64084,0
64085,1
64086,1
64087,0
64088,1
64089,1
64090,1
64091,0
64092,1
64093,0
64094,1
64095,1
64096,1
64097,0
64098,0
64099,0
64100,1
64101,0
64102,0
64103,1
64104,0
64105,1
64106,1
64107,1
64108,0
64109,0
64110,0
64111,1
64112,1
64113,1
64114,1
64115,1
64116,0
64117,0
64118,1
64119,1
64120,1
64121,0
64122,1
64123,0
64124,1
64125,1
64126,1
64127,1
64128,1
64129,0
64130,1
64131,1
64132,0
64133,1
64134,1
64135,0
64136,1
64137,0
64138,1
64139,1
64140,1
64141,0
64142,0
64143,0
64144,0
64145,1
64146,1
64147,0
64148,1
64149,0
64150,1
64151,1
64152,1
64153,1
64154,1
64155,0
64156,0
64157,0
64158,1
64159,0
64160,0
64161,0
64162,0
64163,1
64164,1
64165,1
64166,1
64167,1
64168,1
64169,0
64170,1
64171,1
64172,1
64173,0
64174,0
64175,1
64176,1
64177,0
64178,1
64179,1
64180,1
64181,0
64182,1
64183,0
64184,0
64185,0
64186,0
64187,1
64188,1
64189,1
64190,0
64191,0
64192,1
64193,1
64194,1
64195,1
64196,1
64197,1
64198,1
64199,0
64200,1
64201,0
64202,0
64203,1
64204,0
64205,1
64206,1
64207,1
64208,0
64209,0
64210,1
64211,1
64212,1
64213,0
64214,1
64215,0
64216,1
64217,0
64218,0
64219,1
64220,1
64221,0
64222,1
64223,0
64224,1
64225,1
64226,0
64227,0
64228,1
64229,1
64230,0
64231,1
64232,1
64233,0
64234,0
64235,0
64236,0
64237,1
64238,0
64239,1
64240,1
64241,1
64242,0
64243,1
64244,1
64245,1
64246,1
64247,1
64248,0
64249,0
64250,1
64251,1
64252,1
64253,1
64254,1
64255,1
64256,1
64257,1
64258,0
64259,0
64260,0
64261,0
64262,1
64263,1
64264,1
64265,0
64266,1
64267,1
64268,0
64269,1
64270,0
64271,1
64272,1
64273,0
64274,0
64275,1
64276,0
64277,1
64278,1
64279,0
64280,1
64281,1
64282,1
64283,1
64284,0
64285,1
64286,1
64287,0
64288,0
64289,0
64290,0
64291,0
64292,1
64293,1
64294,1
64295,0
64296,1
64297,1
64298,1
64299,0
64300,0
64301,1
64302,1
64303,1
64304,1
64305,0
64306,1
64307,0
64308,1
64309,0
64310,1
64311,1
64312,0
64313,1
64314,1
64315,0
64316,0
64317,1
64318,1
64319,1
64320,1
64321,1
64322,1
64323,1
64324,0
64325,0
64326,1
64327,0
64328,1
64329,1
64330,0
64331,1
64332,1
64333,0
64334,1
64335,1
64336,1
64337,0
64338,0
64339,1
64340,1
64341,1
64342,1
64343,1
64344,0
64345,0
64346,0
64347,1
64348,1
64349,0
64350,0
64351,0
64352,0
64353,1
64354,0
64355,0
64356,0
64357,0
64358,0
64359,0
64360,1
64361,1
64362,1
64363,0
64364,1
64365,0
64366,1
64367,0
64368,1
64369,0
64370,0
64371,1
64372,0
64373,0
64374,0
64375,1
64376,1
64377,0
64378,1
64379,1
64380,0
64381,0
64382,0
64383,1
64384,1
64385,0
64386,0
64387,0
64388,1
64389,0
64390,0
64391,0
64392,1
64393,0
64394,0
64395,1
64396,1
64397,0
64398,0
64399,1
64400,0
64401,0
64402,1
64403,1
64404,0
64405,1
64406,0
64407,1
64408,1
64409,1
64410,1
64411,0
64412,0
64413,1
64414,1
64415,0
64416,1
64417,0
64418,0
64419,1
64420,1
64421,1
64422,1
64423,0
64424,1
64425,1
64426,1
64427,0
64428,1
64429,1
64430,1
64431,0
64432,0
64433,1
64434,0
64435,0
64436,1
64437,1
64438,0
64439,1
64440,1
64441,0
64442,1
64443,1
64444,1
64445,0
64446,0
64447,0
64448,1
64449,0
64450,1
64451,1
64452,0
64453,1
64454,0
64455,1
64456,1
64457,1
64458,1
64459,1
64460,1
64461,1
64462,1
64463,1
64464,1
64465,1
64466,0
64467,0
64468,0
64469,0
64470,1
64471,0
64472,1
64473,1
64474,1
64475,0
64476,1
64477,0
64478,1
64479,1
64480,1
64481,1
64482,0
64483,1
64484,0
64485,1
64486,0
64487,1
64488,1
64489,1
64490,1
64491,0
64492,1
64493,1
64494,0
64495,1
64496,1
64497,0
64498,0
64499,1
64500,1
64501,0
64502,1
64503,0
64504,0
64505,0
64506,0
64507,1
64508,0
64509,0
64510,0
64511,1
64512,0
64513,0
64514,0
64515,0
64516,1
64517,1
64518,1
64519,1
64520,1
64521,1
64522,1
64523,1
64524,0
64525,0
64526,1
64527,1
64528,0
64529,1
64530,1
64531,1
64532,1
64533,0
64534,1
64535,0
64536,0
64537,0
64538,1
64539,0
64540,0
64541,1
64542,0
64543,1
64544,1
64545,1
64546,1
64547,0
64548,0
64549,0
64550,1
64551,1
64552,0
64553,0
64554,0
64555,0
64556,0
64557,1
64558,1
64559,1
64560,1
64561,1
64562,0
64563,1
64564,0
64565,1
64566,1
64567,0
64568,1
64569,0
64570,1
64571,0
64572,1
64573,1
64574,1
64575,1
64576,1
64577,0
64578,1
64579,1
64580,1
64581,1
64582,0
64583,1
64584,1
64585,1
64586,1
64587,0
64588,0
64589,1
64590,0
64591,1
64592,1
64593,1
64594,1
64595,0
64596,0
64597,0
64598,1
64599,1
64600,1
64601,0
64602,0
64603,0
64604,1
64605,0
64606,1
64607,0
64608,1
64609,1
64610,0
64611,0
64612,0
64613,0
64614,1
64615,1
64616,0
64617,1
64618,1
64619,1
64620,1
64621,0
64622,0
64623,0
64624,1
64625,0
64626,1
64627,0
64628,1
64629,1
64630,1
64631,1
64632,1
64633,0
64634,0
64635,1
64636,0
64637,1
64638,0
64639,0
64640,0
64641,1
64642,1
64643,1
64644,1
64645,0
64646,1
64647,0
64648,1
64649,0
64650,0
64651,0
64652,0
64653,1
64654,0
64655,0
64656,1
64657,0
64658,1
64659,0
64660,0
64661,0
64662,1
64663,1
64664,1
64665,0
64666,0
64667,0
64668,0
64669,1
64670,0
64671,0
64672,1
64673,1
64674,1
64675,1
64676,1
64677,0
64678,0
64679,0
64680,1
64681,0
64682,0
64683,1
64684,0
64685,1
64686,1
64687,1
64688,1
64689,1
64690,1
64691,0
64692,1
64693,1
64694,0
64695,1
64696,1
64697,1
64698,1
64699,0
64700,1
64701,1
64702,1
64703,1
64704,0
64705,0
64706,1
64707,1
64708,0
64709,1
64710,0
64711,0
64712,1
64713,1
64714,0
64715,1
64716,0
64717,1
64718,0
64719,0
64720,1
64721,1
64722,1
64723,1
64724,1
64725,1
64726,1
64727,1
64728,1
64729,1
64730,0
64731,0
64732,0
64733,1
64734,1
64735,0
64736,1
64737,0
64738,0
64739,0
64740,0
64741,1
64742,0
64743,0
64744,0
64745,0
64746,1
64747,1
64748,0
64749,0
64750,0
64751,0
64752,0
64753,0
64754,1
64755,0
64756,0
64757,0
64758,1
64759,1
64760,1
64761,1
64762,1
64763,1
64764,0
64765,1
64766,0
64767,1
64768,1
64769,1
64770,1
64771,1
64772,1
64773,0
64774,1
64775,1
64776,1
64777,1
64778,1
64779,1
64780,1
64781,0
64782,1
64783,1
64784,0
64785,0
64786,0
64787,1
64788,0
64789,0
64790,1
64791,0
64792,0
64793,0
64794,1
64795,1
64796,0
64797,0
64798,0
64799,1
64800,0
64801,1
64802,1
64803,0
64804,1
64805,0
64806,0
64807,1
64808,1
64809,0
64810,1
64811,0
64812,1
64813,1
64814,1
64815,1
64816,1
64817,1
64818,1
64819,0
64820,0
64821,1
64822,1
64823,1
64824,1
64825,1
64826,0
64827,1
64828,1
64829,1
64830,1
64831,0
64832,1
64833,0
64834,0
64835,1
64836,1
64837,0
64838,0
64839,0
64840,1
64841,0
64842,0
64843,0
64844,1
64845,1
64846,1
64847,1
64848,1
64849,1
64850,0
64851,0
64852,1
64853,1
64854,1
64855,1
64856,0
64857,1
64858,1
64859,1
64860,0
64861,1
64862,1
64863,1
64864,1
64865,0
64866,1
64867,1
64868,0
64869,1
64870,0
64871,0
64872,0
64873,1
64874,1
64875,0
64876,1
64877,0
64878,1
64879,1
64880,1
64881,0
64882,1
64883,1
64884,0
64885,1
64886,1
64887,1
64888,1
64889,0
64890,1
64891,1
64892,1
64893,0
64894,1
64895,0
64896,1
64897,0
64898,0
64899,1
64900,0
64901,0
64902,0
64903,1
64904,1
64905,0
64906,0
64907,0
64908,1
64909,0
64910,0
64911,0
64912,0
64913,0
64914,0
64915,1
64916,0
64917,1
64918,0
64919,1
64920,0
64921,1
64922,0
64923,1
64924,1
64925,1
64926,1
64927,0
64928,0
64929,0
64930,1
64931,0
64932,0
64933,1
64934,1
64935,0
64936,1
64937,0
64938,0
64939,1
64940,1
64941,0
64942,1
64943,0
64944,0
64945,1
64946,1
64947,1
64948,0
64949,1
64950,0
64951,0
64952,0
64953,0
64954,1
64955,0
64956,0
64957,1
64958,1
64959,0
64960,1
64961,1
64962,1
64963,0
64964,0
64965,1
64966,0
64967,1
64968,1
64969,1
64970,0
64971,1
64972,1
64973,1
64974,0
64975,1
64976,0
64977,0
64978,0
64979,0
64980,1
64981,1
64982,0
64983,0
64984,0
64985,1
64986,1
64987,0
64988,1
64989,1
64990,0
64991,0
64992,1
64993,1
64994,0
64995,1
64996,1
64997,0
64998,1
64999,0
65000,1
65001,1
65002,1
65003,1
65004,1
65005,0
65006,1
65007,0
65008,0
65009,1
65010,1
65011,1
65012,0
65013,0
65014,1
65015,0
65016,0
65017,1
65018,0
65019,0
65020,0
65021,0
65022,0
65023,1
65024,0
65025,1
65026,1
65027,0
65028,1
65029,0
65030,0
65031,0
65032,0
65033,1
65034,0
65035,1
65036,0
65037,0
65038,1
65039,0
65040,1
65041,1
65042,1
65043,1
65044,1
65045,1
65046,0
65047,1
65048,1
65049,0
65050,1
65051,1
65052,0
65053,1
65054,1
65055,0
65056,0
65057,1
65058,0
65059,1
65060,1
65061,0
65062,0
65063,1
65064,1
65065,0
65066,1
65067,0
65068,1
65069,1
65070,1
65071,1
65072,1
65073,0
65074,1
65075,1
65076,0
65077,1
65078,1
65079,0
65080,1
65081,0
65082,1
65083,1
65084,0
65085,1
65086,0
65087,1
65088,1
65089,0
65090,1
65091,0
65092,1
65093,1
65094,1
65095,0
65096,0
65097,1
65098,1
65099,0
65100,1
65101,0
65102,1
65103,1
65104,1
65105,1
65106,1
65107,1
65108,0
65109,0
65110,1
65111,0
65112,0
65113,1
65114,0
65115,0
65116,0
65117,0
65118,0
65119,0
65120,1
65121,0
65122,1
65123,1
65124,0
65125,0
65126,1
65127,1
65128,0
65129,0
65130,0
65131,0
65132,0
65133,1
65134,1
65135,0
65136,1
65137,0
65138,1
65139,0
65140,1
65141,1
65142,1
65143,1
65144,1
65145,0
65146,1
65147,0
65148,1
65149,0
65150,1
65151,1
65152,1
65153,1
65154,0
65155,0
65156,0
65157,1
65158,0
65159,0
65160,0
65161,0
65162,0
65163,1
65164,1
65165,0
65166,1
65167,0
65168,0
65169,1
65170,0
65171,1
65172,1
65173,0
65174,1
65175,0
65176,1
65177,0
65178,1
65179,1
65180,0
65181,0
65182,1
65183,0
65184,0
65185,0
65186,0
65187,0
65188,0
65189,0
65190,0
65191,1
65192,1
65193,0
65194,1
65195,0
65196,0
65197,1
65198,0
65199,0
65200,1
65201,1
65202,0
65203,0
65204,0
65205,0
65206,1
65207,1
65208,0
65209,0
65210,0
65211,1
65212,0
65213,1
65214,1
65215,0
65216,0
65217,1
65218,0
65219,1
65220,0
65221,0
65222,1
65223,1
65224,0
65225,0
65226,0
65227,1
65228,0
65229,1
65230,1
65231,0
65232,1
65233,1
65234,1
65235,0
65236,0
65237,1
65238,0
65239,0
65240,0
65241,0
65242,1
65243,0
65244,1
65245,1
65246,1
65247,0
65248,1
65249,1
65250,1
65251,0
65252,0
65253,1
65254,0
65255,0
65256,1
65257,0
65258,1
65259,1
65260,1
65261,1
65262,0
65263,0
65264,1
65265,1
65266,1
65267,1
65268,1
65269,0
65270,0
65271,0
65272,1
65273,1
65274,0
65275,1
65276,0
65277,0
65278,0
65279,1
65280,1
65281,0
65282,1
65283,0
65284,0
65285,0
65286,1
65287,0
65288,1
65289,0
65290,1
65291,1
65292,1
65293,0
65294,1
65295,1
65296,0
65297,0
65298,0
65299,1
65300,1
65301,1
65302,1
65303,1
65304,1
65305,1
65306,1
65307,1
65308,0
65309,0
65310,1
65311,1
65312,1
65313,1
65314,0
65315,0
65316,1
65317,1
65318,1
65319,1
65320,0
65321,0
65322,1
65323,0
65324,1
65325,1
65326,1
65327,0
65328,0
65329,0
65330,1
65331,1
65332,1
65333,0
65334,1
65335,1
65336,1
65337,1
65338,1
65339,0
65340,0
65341,0
65342,0
65343,1
65344,0
65345,0
65346,1
65347,1
65348,1
65349,0
65350,1
65351,0
65352,1
65353,1
65354,1
65355,1
65356,0
65357,1
65358,0
65359,0
65360,0
65361,1
65362,1
65363,1
65364,0
65365,1
65366,0
65367,0
65368,0
65369,0
65370,0
65371,1
65372,1
65373,0
65374,0
65375,0
65376,0
65377,1
65378,1
65379,0
65380,1
65381,0
65382,0
65383,1
65384,1
65385,1
65386,0
65387,1
65388,0
65389,1
65390,1
65391,0
65392,0
65393,1
65394,0
65395,1
65396,1
65397,0
65398,0
65399,0
65400,0
65401,1
65402,1
65403,1
65404,0
65405,0
65406,1
65407,0
65408,0
65409,1
65410,0
65411,0
65412,1
65413,0
65414,1
65415,1
65416,1
65417,0
65418,1
65419,1
65420,0
65421,0
65422,1
65423,0
65424,1
65425,1
65426,1
65427,1
65428,0
65429,0
65430,1
65431,1
65432,0
65433,0
65434,1
65435,1
65436,1
65437,1
65438,1
65439,0
65440,1
65441,0
65442,0
65443,1
65444,0
65445,0
65446,0
65447,1
65448,0
65449,0
65450,1
65451,0
65452,0
65453,1
65454,0
65455,0
65456,1
65457,0
65458,1
65459,1
65460,0
65461,1
65462,0
65463,1
65464,0
65465,0
65466,0
65467,0
65468,0
65469,1
65470,0
65471,1
65472,0
65473,0
65474,1
65475,0
65476,0
65477,1
65478,0
65479,1
65480,0
65481,1
65482,1
65483,0
65484,0
65485,0
65486,0
65487,0
65488,1
65489,0
65490,1
65491,1
65492,1
65493,0
65494,1
65495,1
65496,0
65497,0
65498,1
65499,1
65500,0
65501,0
65502,0
65503,1
65504,0
65505,0
65506,1
65507,1
65508,0
65509,1
65510,0
65511,1
65512,0
65513,0
65514,1
65515,0
65516,0
65517,0
65518,1
65519,1
65520,0
65521,0
65522,0
65523,1
65524,1
65525,1
65526,0
65527,1
65528,1
65529,0
65530,1
65531,0
65532,0
65533,1
65534,0
65535,1
65536,0
65537,1
65538,1
65539,1
65540,0
65541,1
65542,0
65543,0
65544,0
65545,1
65546,0
65547,1
65548,0
65549,0
65550,0
65551,0
65552,1
65553,1
65554,1
65555,0
65556,1
65557,1
65558,1
65559,0
65560,0
65561,0
65562,0
65563,0
65564,1
65565,0
65566,0
65567,1
65568,0
65569,0
65570,1
65571,1
65572,0
65573,1
65574,1
65575,1
65576,0
65577,0
65578,1
65579,1
65580,1
65581,0
65582,1
65583,1
65584,0
65585,1
65586,1
65587,0
65588,0
65589,1
65590,0
65591,1
65592,1
65593,0
65594,1
65595,0
65596,0
65597,1
65598,1
65599,1
65600,0
65601,0
65602,1
65603,0
65604,0
65605,1
65606,0
65607,0
65608,0
65609,1
65610,0
65611,1
65612,0
65613,0
65614,1
65615,1
65616,0
65617,0
65618,1
65619,1
65620,1
65621,0
65622,0
65623,1
65624,1
65625,1
65626,0
65627,1
65628,1
65629,0
65630,1
65631,1
65632,0
65633,0
65634,0
65635,1
65636,1
65637,0
65638,1
65639,0
65640,0
65641,0
65642,1
65643,1
65644,0
65645,0
65646,1
65647,0
65648,1
65649,1
65650,1
65651,1
65652,0
65653,0
65654,1
65655,1
65656,1
65657,0
65658,0
65659,0
65660,0
65661,0
65662,0
65663,1
65664,0
65665,0
65666,1
65667,0
65668,0
65669,1
65670,1
65671,0
65672,0
65673,1
65674,1
65675,1
65676,1
65677,1
65678,0
65679,1
65680,0
65681,1
65682,0
65683,1
65684,1
65685,1
65686,0
65687,1
65688,0
65689,0
65690,0
65691,0
65692,0
65693,1
65694,0
65695,1
65696,1
65697,1
65698,0
65699,1
65700,0
65701,0
65702,1
65703,1
65704,0
65705,0
65706,0
65707,0
65708,1
65709,1
65710,1
65711,1
65712,0
65713,1
65714,1
65715,1
65716,0
65717,1
65718,1
65719,1
65720,0
65721,0
65722,1
65723,0
65724,0
65725,1
65726,0
65727,1
65728,1
65729,1
65730,1
65731,1
65732,0
65733,0
65734,1
65735,1
65736,1
65737,1
65738,0
65739,0
65740,1
65741,0
65742,0
65743,1
65744,0
65745,1
65746,0
65747,1
65748,0
65749,1
65750,1
65751,0
65752,1
65753,1
65754,1
65755,0
65756,0
65757,0
65758,0
65759,1
65760,1
65761,1
65762,0
65763,1
65764,1
65765,1
65766,0
65767,0
65768,1
65769,1
65770,0
65771,1
65772,1
65773,0
65774,1
65775,1
65776,0
65777,1
65778,0
65779,1
65780,1
65781,0
65782,1
65783,0
65784,1
65785,1
65786,0
65787,0
65788,0
65789,0
65790,1
65791,0
65792,0
65793,0
65794,0
65795,1
65796,1
65797,0
65798,0
65799,1
65800,0
65801,1
65802,1
65803,0
65804,1
65805,1
65806,0
65807,1
65808,1
65809,0
65810,1
65811,0
65812,1
65813,0
65814,1
65815,0
65816,0
65817,1
65818,0
65819,0
65820,1
65821,0
65822,1
65823,1
65824,1
65825,0
65826,1
65827,0
65828,0
65829,1
65830,0
65831,1
65832,1
65833,1
65834,0
65835,1
65836,0
65837,1
65838,0
65839,1
65840,0
65841,1
65842,1
65843,0
65844,1
65845,0
65846,0
65847,1
65848,0
65849,1
65850,1
65851,1
65852,0
65853,1
65854,0
65855,0
65856,1
65857,0
65858,1
65859,1
65860,0
65861,1
65862,1
65863,1
65864,0
65865,1
65866,1
65867,1
65868,0
65869,1
65870,0
65871,1
65872,1
65873,1
65874,0
65875,0
65876,1
65877,1
65878,1
65879,1
65880,0
65881,1
65882,0
65883,0
65884,1
65885,1
65886,1
65887,1
65888,1
65889,1
65890,1
65891,1
65892,1
65893,0
65894,0
65895,1
65896,0
65897,0
65898,0
65899,0
65900,0
65901,0
65902,1
65903,0
65904,1
65905,1
65906,0
65907,1
65908,1
65909,1
65910,0
65911,1
65912,1
65913,1
65914,0
65915,0
65916,0
65917,1
65918,1
65919,1
65920,0
65921,1
65922,0
65923,1
65924,1
65925,1
65926,1
65927,1
65928,0
65929,1
65930,1
65931,0
65932,0
65933,0
65934,0
65935,1
65936,0
65937,0
65938,0
65939,0
65940,1
65941,1
65942,1
65943,1
65944,1
65945,1
65946,0
65947,0
65948,0
65949,1
65950,1
65951,1
65952,1
65953,1
65954,1
65955,1
65956,1
65957,1
65958,0
65959,0
65960,0
65961,0
65962,1
65963,1
65964,0
65965,1
65966,0
65967,0
65968,1
65969,0
65970,1
65971,0
65972,1
65973,0
65974,1
65975,1
65976,0
65977,1
65978,1
65979,1
65980,1
65981,1
65982,0
65983,0
65984,1
65985,1
65986,1
65987,1
65988,1
65989,0
65990,1
65991,0
65992,0
65993,0
65994,0
65995,1
65996,1
65997,0
65998,1
65999,1
66000,0
66001,0
66002,0
66003,1
66004,0
66005,1
66006,0
66007,1
66008,1
66009,1
66010,1
66011,1
66012,1
66013,0
66014,0
66015,1
66016,1
66017,1
66018,1
66019,1
66020,1
66021,1
66022,0
66023,1
66024,1
66025,0
66026,0
66027,1
66028,1
66029,0
66030,0
66031,0
66032,0
66033,1
66034,1
66035,0
66036,1
66037,1
66038,0
66039,0
66040,0
66041,0
66042,0
66043,1
66044,0
66045,0
66046,1
66047,0
66048,0
66049,1
66050,1
66051,1
66052,1
66053,1
66054,0
66055,1
66056,1
66057,1
66058,1
66059,0
66060,1
66061,0
66062,1
66063,1
66064,0
66065,0
66066,1
66067,1
66068,0
66069,0
66070,0
66071,1
66072,0
66073,1
66074,1
66075,0
66076,0
66077,1
66078,0
66079,0
66080,0
66081,0
66082,1
66083,0
66084,1
66085,0
66086,0
66087,0
66088,1
66089,1
66090,1
66091,1
66092,1
66093,0
66094,1
66095,1
66096,1
66097,0
66098,0
66099,1
66100,1
66101,0
66102,1
66103,1
66104,1
66105,1
66106,1
66107,0
66108,1
66109,0
66110,1
66111,1
66112,1
66113,1
66114,1
66115,1
66116,0
66117,0
66118,1
66119,0
66120,0
66121,1
66122,0
66123,0
66124,0
66125,1
66126,1
66127,0
66128,1
66129,1
66130,1
66131,0
66132,1
66133,1
66134,1
66135,1
66136,0
66137,1
66138,1
66139,1
66140,1
66141,0
66142,1
66143,1
66144,1
66145,1
66146,0
66147,1
66148,0
66149,1
66150,0
66151,1
66152,1
66153,1
66154,0
66155,0
66156,0
66157,1
66158,0
66159,0
66160,0
66161,0
66162,0
66163,0
66164,0
66165,1
66166,1
66167,0
66168,0
66169,0
66170,0
66171,0
66172,1
66173,0
66174,1
66175,1
66176,1
66177,0
66178,1
66179,0
66180,0
66181,0
66182,1
66183,0
66184,1
66185,1
66186,0
66187,1
66188,0
66189,0
66190,0
66191,1
66192,0
66193,1
66194,1
66195,1
66196,1
66197,0
66198,0
66199,0
66200,0
66201,0
66202,1
66203,1
66204,1
66205,1
66206,0
66207,1
66208,0
66209,1
66210,1
66211,1
66212,1
66213,0
66214,1
66215,1
66216,0
66217,0
66218,1
66219,1
66220,0
66221,0
66222,1
66223,0
66224,1
66225,1
66226,0
66227,1
66228,0
66229,1
66230,0
66231,0
66232,1
66233,1
66234,1
66235,0
66236,0
66237,1
66238,0
66239,1
66240,0
66241,0
66242,1
66243,0
66244,0
66245,0
66246,1
66247,0
66248,1
66249,1
66250,0
66251,0
66252,0
66253,0
66254,0
66255,1
66256,1
66257,0
66258,0
66259,1
66260,0
66261,1
66262,0
66263,0
66264,1
66265,0
66266,1
66267,1
66268,1
66269,1
66270,0
66271,1
66272,1
66273,1
66274,1
66275,1
66276,0
66277,1
66278,1
66279,1
66280,1
66281,0
66282,0
66283,1
66284,0
66285,0
66286,1
66287,1
66288,0
66289,1
66290,0
66291,0
66292,1
66293,1
66294,0
66295,0
66296,1
66297,1
66298,0
66299,0
66300,1
66301,1
66302,0
66303,1
66304,1
66305,1
66306,0
66307,0
66308,0
66309,0
66310,1
66311,1
66312,0
66313,0
66314,1
66315,1
66316,0
66317,1
66318,0
66319,0
66320,0
66321,1
66322,1
66323,0
66324,1
66325,1
66326,1
66327,0
66328,1
66329,1
66330,0
66331,1
66332,0
66333,0
66334,1
66335,1
66336,0
66337,0
66338,0
66339,0
66340,0
66341,1
66342,1
66343,1
66344,0
66345,0
66346,0
66347,1
66348,1
66349,1
66350,0
66351,1
66352,1
66353,1
66354,0
66355,0
66356,1
66357,1
66358,0
66359,0
66360,0
66361,1
66362,1
66363,0
66364,0
66365,1
66366,1
66367,0
66368,0
66369,1
66370,1
66371,0
66372,1
66373,1
66374,1
66375,1
66376,1
66377,1
66378,1
66379,0
66380,1
66381,1
66382,1
66383,0
66384,1
66385,0
66386,0
66387,0
66388,0
66389,1
66390,1
66391,0
66392,0
66393,0
66394,1
66395,1
66396,1
66397,1
66398,0
66399,1
66400,0
66401,0
66402,0
66403,0
66404,1
66405,1
66406,1
66407,0
66408,0
66409,0
66410,0
66411,0
66412,0
66413,0
66414,0
66415,0
66416,0
66417,1
66418,0
66419,0
66420,1
66421,1
66422,1
66423,0
66424,1
66425,0
66426,1
66427,1
66428,0
66429,0
66430,0
66431,1
66432,0
66433,0
66434,0
66435,0
66436,1
66437,0
66438,0
66439,1
66440,1
66441,0
66442,0
66443,1
66444,1
66445,1
66446,0
66447,1
66448,0
66449,1
66450,1
66451,1
66452,0
66453,1
66454,0
66455,1
66456,1
66457,1
66458,0
66459,1
66460,0
66461,1
66462,1
66463,1
66464,0
66465,0
66466,1
66467,1
66468,0
66469,1
66470,1
66471,0
66472,0
66473,1
66474,0
66475,1
66476,1
66477,0
66478,0
66479,1
66480,0
66481,0
66482,1
66483,1
66484,0
66485,1
66486,1
66487,0
66488,0
66489,1
66490,0
66491,0
66492,0
66493,0
66494,1
66495,1
66496,1
66497,1
66498,1
66499,0
66500,0
66501,1
66502,0
66503,0
66504,1
66505,1
66506,0
66507,0
66508,1
66509,0
66510,0
66511,0
66512,0
66513,0
66514,1
66515,1
66516,0
66517,0
66518,0
66519,0
66520,1
66521,1
66522,1
66523,0
66524,0
66525,0
66526,1
66527,1
66528,1
66529,1
66530,0
66531,0
66532,1
66533,0
66534,0
66535,0
66536,0
66537,0
66538,1
66539,1
66540,1
66541,1
66542,0
66543,0
66544,1
66545,1
66546,1
66547,0
66548,1
66549,0
66550,1
66551,0
66552,0
66553,0
66554,1
66555,1
66556,0
66557,0
66558,1
66559,1
66560,1
66561,1
66562,1
66563,0
66564,1
66565,0
66566,0
66567,1
66568,0
66569,1
66570,1
66571,1
66572,0
66573,1
66574,1
66575,0
66576,1
66577,0
66578,0
66579,1
66580,1
66581,0
66582,1
66583,1
66584,1
66585,1
66586,0
66587,1
66588,1
66589,0
66590,0
66591,1
66592,0
66593,0
66594,0
66595,1
66596,1
66597,0
66598,1
66599,0
66600,1
66601,0
66602,0
66603,1
66604,0
66605,1
66606,1
66607,1
66608,0
66609,0
66610,1
66611,1
66612,1
66613,1
66614,1
66615,1
66616,1
66617,1
66618,1
66619,0
66620,1
66621,1
66622,0
66623,0
66624,0
66625,1
66626,0
66627,0
66628,0
66629,0
66630,0
66631,0
66632,1
66633,0
66634,0
66635,1
66636,0
66637,0
66638,1
66639,0
66640,1
66641,0
66642,0
66643,1
66644,0
66645,0
66646,1
66647,0
66648,0
66649,0
66650,1
66651,1
66652,1
66653,1
66654,1
66655,0
66656,0
66657,0
66658,1
66659,0
66660,1
66661,1
66662,1
66663,0
66664,0
66665,0
66666,1
66667,1
66668,0
66669,0
66670,1
66671,0
66672,0
66673,0
66674,1
66675,1
66676,1
66677,1
66678,0
66679,0
66680,0
66681,0
66682,1
66683,1
66684,1
66685,1
66686,0
66687,0
66688,1
66689,1
66690,1
66691,0
66692,1
66693,0
66694,1
66695,1
66696,0
66697,0
66698,1
66699,0
66700,0
66701,1
66702,1
66703,1
66704,0
66705,1
66706,1
66707,0
66708,0
66709,1
66710,1
66711,1
66712,1
66713,0
66714,0
66715,0
66716,1
66717,1
66718,1
66719,1
66720,1
66721,1
66722,1
66723,1
66724,0
66725,0
66726,1
66727,0
66728,1
66729,0
66730,0
66731,0
66732,1
66733,1
66734,1
66735,1
66736,1
66737,1
66738,0
66739,1
66740,1
66741,0
66742,0
66743,1
66744,1
66745,0
66746,1
66747,1
66748,0
66749,1
66750,1
66751,0
66752,1
66753,1
66754,1
66755,1
66756,0
66757,1
66758,0
66759,0
66760,1
66761,1
66762,0
66763,1
66764,1
66765,1
66766,1
66767,1
66768,1
66769,1
66770,1
66771,1
66772,1
66773,1
66774,0
66775,1
66776,1
66777,1
66778,1
66779,0
66780,1
66781,1
66782,0
66783,0
66784,1
66785,1
66786,0
66787,0
66788,1
66789,0
66790,0
66791,1
66792,0
66793,1
66794,0
66795,0
66796,1
66797,0
66798,1
66799,1
66800,0
66801,1
66802,1
66803,1
66804,1
66805,1
66806,1
66807,1
66808,0
66809,0
66810,0
66811,0
66812,1
66813,0
66814,0
66815,0
66816,0
66817,1
66818,1
66819,1
66820,0
66821,1
66822,1
66823,1
66824,1
66825,1
66826,0
66827,0
66828,0
66829,1
66830,0
66831,0
66832,0
66833,1
66834,0
66835,0
66836,1
66837,0
66838,0
66839,0
66840,0
66841,0
66842,1
66843,1
66844,0
66845,0
66846,1
66847,1
66848,1
66849,1
66850,1
66851,0
66852,1
66853,1
66854,0
66855,1
66856,1
66857,1
66858,0
66859,0
66860,1
66861,0
66862,0
66863,1
66864,0
66865,0
66866,0
66867,1
66868,0
66869,1
66870,1
66871,1
66872,0
66873,1
66874,1
66875,1
66876,1
66877,1
66878,0
66879,1
66880,0
66881,0
66882,1
66883,0
66884,1
66885,1
66886,0
66887,0
66888,1
66889,1
66890,1
66891,1
66892,0
66893,0
66894,1
66895,1
66896,1
66897,0
66898,1
66899,1
66900,1
66901,1
66902,0
66903,1
66904,1
66905,1
66906,0
66907,1
66908,1
66909,0
66910,1
66911,0
66912,1
66913,0
66914,0
66915,1
66916,1
66917,1
66918,0
66919,1
66920,1
66921,1
66922,1
66923,0
66924,1
66925,0
66926,0
66927,0
66928,0
66929,1
66930,0
66931,1
66932,1
66933,1
66934,0
66935,1
66936,1
66937,0
66938,1
66939,1
66940,1
66941,0
66942,0
66943,1
66944,0
66945,1
66946,1
66947,0
66948,0
66949,1
66950,0
66951,0
66952,0
66953,1
66954,0
66955,1
66956,1
66957,1
66958,1
66959,1
66960,1
66961,1
66962,1
66963,1
66964,1
66965,1
66966,1
66967,0
66968,1
66969,0
66970,0
66971,1
66972,1
66973,0
66974,1
66975,1
66976,1
66977,0
66978,0
66979,1
66980,0
66981,0
66982,1
66983,0
66984,0
66985,0
66986,0
66987,1
66988,0
66989,0
66990,1
66991,0
66992,1
66993,1
66994,0
66995,1
66996,1
66997,0
66998,1
66999,1
67000,0
67001,1
67002,0
67003,1
67004,1
67005,1
67006,1
67007,0
67008,0
67009,0
67010,1
67011,0
67012,0
67013,1
67014,0
67015,1
67016,1
67017,0
67018,0
67019,0
67020,1
67021,0
67022,1
67023,0
67024,1
67025,0
67026,1
67027,1
67028,1
67029,1
67030,1
67031,0
67032,1
67033,0
67034,0
67035,1
67036,0
67037,0
67038,1
67039,0
67040,0
67041,1
67042,0
67043,0
67044,1
67045,1
67046,0
67047,1
67048,1
67049,1
67050,0
67051,1
67052,1
67053,0
67054,0
67055,0
67056,0
67057,0
67058,1
67059,1
67060,1
67061,1
67062,0
67063,0
67064,0
67065,1
67066,0
67067,1
67068,0
67069,0
67070,1
67071,0
67072,1
67073,1
67074,1
67075,1
67076,1
67077,1
67078,0
67079,0
67080,1
67081,1
67082,1
67083,1
67084,0
67085,0
67086,1
67087,0
67088,0
67089,0
67090,1
67091,1
67092,0
67093,1
67094,0
67095,1
67096,1
67097,0
67098,0
67099,1
67100,1
67101,1
67102,1
67103,0
67104,0
67105,0
67106,0
67107,1
67108,1
67109,1
67110,0
67111,1
67112,0
67113,0
67114,1
67115,0
67116,1
67117,0
67118,1
67119,1
67120,1
67121,1
67122,1
67123,0
67124,0
67125,1
67126,1
67127,0
67128,1
67129,0
67130,0
67131,1
67132,0
67133,0
67134,1
67135,1
67136,1
67137,0
67138,1
67139,1
67140,1
67141,0
67142,1
67143,0
67144,1
67145,0
67146,1
67147,1
67148,0
67149,0
67150,0
67151,1
67152,0
67153,0
67154,1
67155,0
67156,1
67157,0
67158,1
67159,1
67160,0
67161,0
67162,0
67163,1
67164,0
67165,1
67166,1
67167,0
67168,1
67169,0
67170,0
67171,0
67172,0
67173,0
67174,0
67175,0
67176,0
67177,1
67178,1
67179,0
67180,0
67181,1
67182,0
67183,1
67184,1
67185,1
67186,0
67187,0
67188,0
67189,0
67190,0
67191,1
67192,0
67193,0
67194,1
67195,1
67196,0
67197,0
67198,0
67199,0
67200,1
67201,0
67202,0
67203,1
67204,0
67205,1
67206,0
67207,1
67208,0
67209,1
67210,0
67211,1
67212,1
67213,1
67214,1
67215,1
67216,0
67217,0
67218,0
67219,1
67220,1
67221,1
67222,0
67223,1
67224,0
67225,0
67226,1
67227,1
67228,1
67229,1
67230,0
67231,0
67232,0
67233,0
67234,0
67235,0
67236,1
67237,0
67238,1
67239,0
67240,0
67241,1
67242,0
67243,1
67244,1
67245,1
67246,0
67247,1
67248,1
67249,0
67250,0
67251,0
67252,1
67253,0
67254,1
67255,1
67256,1
67257,1
67258,1
67259,1
67260,1
67261,0
67262,0
67263,1
67264,1
67265,1
67266,1
67267,1
67268,1
67269,1
67270,1
67271,1
67272,0
67273,1
67274,1
67275,0
67276,1
67277,0
67278,0
67279,1
67280,0
67281,0
67282,0
67283,1
67284,1
67285,1
67286,1
67287,0
67288,1
67289,0
67290,1
67291,0
67292,1
67293,1
67294,1
67295,0
67296,1
67297,1
67298,1
67299,1
67300,0
67301,0
67302,0
67303,0
67304,1
67305,1
67306,0
67307,1
67308,0
67309,1
67310,1
67311,1
67312,1
67313,1
67314,1
67315,0
67316,0
67317,1
67318,1
67319,0
67320,1
67321,1
67322,0
67323,0
67324,0
67325,0
67326,1
67327,1
67328,0
67329,0
67330,1
67331,1
67332,1
67333,0
67334,0
67335,1
67336,1
67337,1
67338,1
67339,0
67340,1
67341,0
67342,1
67343,1
67344,0
67345,0
67346,0
67347,0
67348,1
67349,0
67350,1
67351,0
67352,1
67353,1
67354,0
67355,0
67356,0
67357,1
67358,0
67359,0
67360,1
67361,1
67362,0
67363,0
67364,1
67365,0
67366,1
67367,0
67368,1
67369,1
67370,1
67371,1
67372,1
67373,0
67374,0
67375,1
67376,0
67377,1
67378,0
67379,0
67380,0
67381,1
67382,1
67383,0
67384,1
67385,1
67386,0
67387,1
67388,0
67389,1
67390,0
67391,0
67392,1
67393,1
67394,1
67395,1
67396,1
67397,0
67398,0
67399,0
67400,0
67401,0
67402,0
67403,0
67404,1
67405,0
67406,1
67407,1
67408,1
67409,0
67410,1
67411,0
67412,0
67413,1
67414,1
67415,1
67416,1
67417,0
67418,1
67419,1
67420,0
67421,0
67422,1
67423,0
67424,0
67425,1
67426,1
67427,0
67428,1
67429,0
67430,1
67431,0
67432,0
67433,0
67434,0
67435,0
67436,0
67437,1
67438,0
67439,1
67440,0
67441,1
67442,0
67443,1
67444,1
67445,1
67446,1
67447,1
67448,1
67449,1
67450,1
67451,1
67452,0
67453,0
67454,0
67455,1
67456,1
67457,1
67458,0
67459,1
67460,1
67461,1
67462,0
67463,1
67464,0
67465,0
67466,1
67467,1
67468,1
67469,0
67470,1
67471,1
67472,1
67473,1
67474,0
67475,1
67476,1
67477,0
67478,0
67479,0
67480,0
67481,1
67482,0
67483,0
67484,1
67485,0
67486,0
67487,1
67488,1
67489,1
67490,0
67491,1
67492,1
67493,0
67494,0
67495,0
67496,1
67497,1
67498,0
67499,0
67500,0
67501,0
67502,0
67503,0
67504,1
67505,1
67506,1
67507,1
67508,1
67509,1
67510,1
67511,1
67512,1
67513,1
67514,0
67515,1
67516,0
67517,1
67518,0
67519,1
67520,1
67521,0
67522,0
67523,0
67524,1
67525,1
67526,1
67527,0
67528,0
67529,0
67530,0
67531,1
67532,0
67533,0
67534,1
67535,1
67536,1
67537,1
67538,0
67539,1
67540,1
67541,1
67542,0
67543,0
67544,0
67545,0
67546,1
67547,0
67548,1
67549,1
67550,1
67551,0
67552,1
67553,1
67554,1
67555,1
67556,0
67557,0
67558,1
67559,0
67560,1
67561,1
67562,1
67563,1
67564,0
67565,1
67566,0
67567,0
67568,1
67569,0
67570,0
67571,0
67572,1
67573,0
67574,1
67575,1
67576,1
67577,0
67578,0
67579,0
67580,1
67581,0
67582,0
67583,0
67584,1
67585,1
67586,1
67587,0
67588,1
67589,0
67590,0
67591,1
67592,1
67593,1
67594,0
67595,0
67596,1
67597,0
67598,1
67599,1
67600,1
67601,1
67602,0
67603,1
67604,1
67605,1
67606,1
67607,0
67608,0
67609,0
67610,1
67611,0
67612,0
67613,1
67614,1
67615,1
67616,0
67617,1
67618,0
67619,1
67620,1
67621,1
67622,1
67623,0
67624,1
67625,1
67626,1
67627,1
67628,0
67629,1
67630,0
67631,0
67632,0
67633,1
67634,0
67635,1
67636,1
67637,0
67638,0
67639,0
67640,0
67641,0
67642,0
67643,0
67644,0
67645,1
67646,1
67647,0
67648,0
67649,1
67650,1
67651,1
67652,0
67653,0
67654,1
67655,1
67656,1
67657,0
67658,1
67659,1
67660,0
67661,0
67662,0
67663,1
67664,1
67665,1
67666,0
67667,1
67668,1
67669,0
67670,1
67671,1
67672,0
67673,1
67674,1
67675,0
67676,1
67677,1
67678,1
67679,0
67680,1
67681,1
67682,0
67683,1
67684,0
67685,1
67686,0
67687,0
67688,1
67689,1
67690,1
67691,0
67692,0
67693,1
67694,0
67695,1
67696,0
67697,0
67698,1
67699,0
67700,1
67701,0
67702,1
67703,0
67704,0
67705,0
67706,1
67707,1
67708,1
67709,1
67710,1
67711,1
67712,1
67713,1
67714,0
67715,1
67716,1
67717,1
67718,1
67719,0
67720,0
67721,1
67722,0
67723,0
67724,1
67725,1
67726,1
67727,1
67728,1
67729,0
67730,1
67731,1
67732,0
67733,0
67734,1
67735,0
67736,1
67737,1
67738,1
67739,1
67740,0
67741,0
67742,0
67743,0
67744,0
67745,0
67746,0
67747,0
67748,0
67749,1
67750,1
67751,0
67752,1
67753,1
67754,0
67755,1
67756,0
67757,0
67758,1
67759,1
67760,1
67761,1
67762,1
67763,1
67764,1
67765,1
67766,0
67767,0
67768,1
67769,1
67770,0
67771,1
67772,0
67773,1
67774,1
67775,1
67776,0
67777,1
67778,1
67779,0
67780,1
67781,0
67782,0
67783,1
67784,1
67785,1
67786,0
67787,0
67788,1
67789,1
67790,1
67791,1
67792,1
67793,0
67794,0
67795,0
67796,1
67797,1
67798,1
67799,0
67800,1
67801,0
67802,0
67803,0
67804,0
67805,1
67806,0
67807,0
67808,1
67809,1
67810,1
67811,0
67812,1
67813,1
67814,1
67815,1
67816,0
67817,1
67818,0
67819,0
67820,0
67821,0
67822,1
67823,1
67824,1
67825,1
67826,0
67827,1
67828,0
67829,1
67830,0
67831,0
67832,1
67833,1
67834,0
67835,1
67836,1
67837,0
67838,0
67839,1
67840,0
67841,1
67842,1
67843,0
67844,0
67845,1
67846,0
67847,1
67848,0
67849,1
67850,1
67851,0
67852,0
67853,0
67854,0
67855,0
67856,1
67857,1
67858,0
67859,0
67860,1
67861,0
67862,1
67863,0
67864,1
67865,1
67866,1
67867,1
67868,1
67869,1
67870,1
67871,0
67872,1
67873,0
67874,0
67875,0
67876,1
67877,0
67878,1
67879,1
67880,0
67881,1
67882,0
67883,1
67884,0
67885,1
67886,0
67887,1
67888,1
67889,0
67890,1
67891,1
67892,0
67893,1
67894,1
67895,1
67896,0
67897,0
67898,0
67899,0
67900,0
67901,0
67902,0
67903,0
67904,1
67905,1
67906,1
67907,0
67908,0
67909,0
67910,0
67911,0
67912,0
67913,1
67914,0
67915,0
67916,1
67917,0
67918,1
67919,0
67920,0
67921,0
67922,1
67923,1
67924,0
67925,1
67926,1
67927,1
67928,1
67929,0
67930,1
67931,1
67932,0
67933,0
67934,1
67935,0
67936,1
67937,0
67938,0
67939,1
67940,0
67941,0
67942,1
67943,1
67944,1
67945,1
67946,1
67947,0
67948,1
67949,1
67950,0
67951,0
67952,1
67953,0
67954,1
67955,0
67956,0
67957,1
67958,1
67959,1
67960,1
67961,1
67962,0
67963,0
67964,0
67965,1
67966,0
67967,0
67968,1
67969,1
67970,0
67971,0
67972,1
67973,0
67974,0
67975,0
67976,1
67977,1
67978,1
67979,1
67980,1
67981,1
67982,1
67983,0
67984,1
67985,0
67986,1
67987,0
67988,0
67989,1
67990,0
67991,0
67992,1
67993,0
67994,1
67995,1
67996,0
67997,0
67998,1
67999,1
68000,0
68001,1
68002,0
68003,0
68004,0
68005,0
68006,1
68007,1
68008,0
68009,0
68010,0
68011,1
68012,0
68013,0
68014,1
68015,1
68016,1
68017,1
68018,1
68019,0
68020,0
68021,1
68022,0
68023,0
68024,1
68025,1
68026,1
68027,1
68028,1
68029,1
68030,0
68031,0
68032,0
68033,1
68034,0
68035,1
68036,0
68037,1
68038,0
68039,1
68040,1
68041,0
68042,0
68043,1
68044,1
68045,1
68046,1
68047,1
68048,0
68049,1
68050,1
68051,1
68052,0
68053,0
68054,1
68055,0
68056,0
68057,1
68058,1
68059,1
68060,1
68061,1
68062,0
68063,1
68064,1
68065,0
68066,1
68067,0
68068,0
68069,0
68070,1
68071,1
68072,0
68073,0
68074,1
68075,1
68076,1
68077,0
68078,1
68079,1
68080,1
68081,1
68082,1
68083,0
68084,0
68085,0
68086,1
68087,0
68088,0
68089,1
68090,1
68091,0
68092,1
68093,1
68094,1
68095,1
68096,1
68097,0
68098,1
68099,0
68100,0
68101,1
68102,1
68103,0
68104,1
68105,1
68106,0
68107,1
68108,1
68109,1
68110,1
68111,0
68112,1
68113,0
68114,0
68115,1
68116,0
68117,1
68118,1
68119,1
68120,1
68121,0
68122,1
68123,1
68124,0
68125,1
68126,1
68127,0
68128,0
68129,0
68130,1
68131,1
68132,0
68133,1
68134,0
68135,1
68136,1
68137,1
68138,1
68139,0
68140,1
68141,1
68142,0
68143,1
68144,0
68145,1
68146,0
68147,1
68148,1
68149,1
68150,1
68151,1
68152,0
68153,0
68154,1
68155,0
68156,1
68157,0
68158,1
68159,1
68160,0
68161,0
68162,1
68163,0
68164,0
68165,0
68166,1
68167,0
68168,0
68169,1
68170,1
68171,1
68172,0
68173,1
68174,0
68175,0
68176,0
68177,0
68178,0
68179,1
68180,1
68181,1
68182,1
68183,1
68184,0
68185,0
68186,0
68187,1
68188,0
68189,0
68190,0
68191,1
68192,1
68193,1
68194,1
68195,1
68196,1
68197,1
68198,1
68199,1
68200,1
68201,1
68202,0
68203,1
68204,0
68205,1
68206,1
68207,1
68208,1
68209,1
68210,1
68211,0
68212,1
68213,1
68214,1
68215,1
68216,1
68217,0
68218,0
68219,1
68220,1
68221,0
68222,0
68223,0
68224,0
68225,0
68226,0
68227,1
68228,0
68229,0
68230,0
68231,1
68232,0
68233,1
68234,1
68235,0
68236,0
68237,0
68238,1
68239,0
68240,0
68241,1
68242,0
68243,0
68244,0
68245,1
68246,1
68247,1
68248,1
68249,1
68250,1
68251,1
68252,1
68253,0
68254,0
68255,1
68256,0
68257,1
68258,1
68259,0
68260,1
68261,0
68262,1
68263,1
68264,0
68265,0
68266,1
68267,1
68268,0
68269,0
68270,0
68271,1
68272,1
68273,0
68274,0
68275,0
68276,1
68277,0
68278,1
68279,1
68280,0
68281,1
68282,0
68283,1
68284,0
68285,1
68286,0
68287,0
68288,0
68289,0
68290,1
68291,0
68292,0
68293,1
68294,1
68295,1
68296,1
68297,1
68298,1
68299,0
68300,1
68301,1
68302,1
68303,1
68304,1
68305,0
68306,1
68307,0
68308,0
68309,0
68310,0
68311,1
68312,1
68313,1
68314,0
68315,0
68316,1
68317,1
68318,1
68319,0
68320,0
68321,0
68322,0
68323,0
68324,0
68325,1
68326,0
68327,0
68328,1
68329,0
68330,1
68331,0
68332,1
68333,0
68334,1
68335,0
68336,0
68337,0
68338,1
68339,0
68340,1
68341,0
68342,1
68343,0
68344,1
68345,1
68346,1
68347,0
68348,1
68349,1
68350,0
68351,0
68352,1
68353,0
68354,0
68355,1
68356,1
68357,0
68358,1
68359,0
68360,0
68361,0
68362,0
68363,0
68364,1
68365,0
68366,1
68367,0
68368,1
68369,1
68370,0
68371,0
68372,1
68373,0
68374,0
68375,1
68376,0
68377,0
68378,0
68379,0
68380,0
68381,1
68382,0
68383,1
68384,1
68385,1
68386,1
68387,1
68388,1
68389,1
68390,1
68391,1
68392,1
68393,1
68394,1
68395,1
68396,1
68397,1
68398,1
68399,0
68400,1
68401,1
68402,0
68403,0
68404,0
68405,0
68406,0
68407,0
68408,0
68409,0
68410,0
68411,0
68412,0
68413,1
68414,1
68415,0
68416,1
68417,1
68418,0
68419,0
68420,1
68421,1
68422,0
68423,0
68424,0
68425,0
68426,1
68427,1
68428,1
68429,1
68430,0
68431,0
68432,0
68433,0
68434,0
68435,0
68436,1
68437,1
68438,1
68439,1
68440,1
68441,1
68442,1
68443,1
68444,1
68445,1
68446,0
68447,0
68448,0
68449,1
68450,1
68451,1
68452,0
68453,0
68454,0
68455,1
68456,0
68457,0
68458,1
68459,0
68460,1
68461,1
68462,1
68463,1
68464,1
68465,0
68466,1
68467,1
68468,1
68469,1
68470,0
68471,0
68472,0
68473,1
68474,1
68475,0
68476,1
68477,0
68478,1
68479,1
68480,1
68481,0
68482,0
68483,0
68484,0
68485,1
68486,0
68487,0
68488,0
68489,0
68490,0
68491,0
68492,1
68493,1
68494,1
68495,1
68496,1
68497,1
68498,1
68499,0
68500,0
68501,1
68502,0
68503,1
68504,1
68505,1
68506,1
68507,0
68508,1
68509,0
68510,0
68511,1
68512,0
68513,1
68514,1
68515,0
68516,0
68517,0
68518,0
68519,0
68520,1
68521,0
68522,0
68523,0
68524,1
68525,0
68526,1
68527,0
68528,0
68529,0
68530,1
68531,0
68532,1
68533,1
68534,0
68535,1
68536,1
68537,0
68538,1
68539,0
68540,0
68541,0
68542,1
68543,0
68544,0
68545,0
68546,1
68547,1
68548,1
68549,0
68550,1
68551,1
68552,0
68553,0
68554,0
68555,1
68556,1
68557,1
68558,1
68559,0
68560,0
68561,1
68562,0
68563,0
68564,1
68565,1
68566,1
68567,0
68568,0
68569,0
68570,0
68571,0
68572,1
68573,1
68574,1
68575,0
68576,0
68577,1
68578,1
68579,1
68580,1
68581,1
68582,1
68583,0
68584,1
68585,1
68586,1
68587,1
68588,1
68589,1
68590,0
68591,1
68592,1
68593,0
68594,1
68595,0
68596,0
68597,1
68598,1
68599,1
68600,0
68601,1
68602,0
68603,0
68604,1
68605,1
68606,0
68607,0
68608,0
68609,1
68610,0
68611,1
68612,1
68613,0
68614,1
68615,0
68616,0
68617,1
68618,1
68619,0
68620,0
68621,1
68622,1
68623,1
68624,0
68625,1
68626,1
68627,0
68628,1
68629,0
68630,1
68631,0
68632,1
68633,0
68634,0
68635,0
68636,1
68637,0
68638,0
68639,0
68640,0
68641,0
68642,0
68643,0
68644,1
68645,0
68646,1
68647,0
68648,1
68649,0
68650,0
68651,1
68652,0
68653,1
68654,1
68655,1
68656,1
68657,1
68658,0
68659,1
68660,1
68661,1
68662,1
68663,1
68664,0
68665,1
68666,0
68667,0
68668,1
68669,1
68670,1
68671,1
68672,1
68673,1
68674,1
68675,1
68676,1
68677,0
68678,0
68679,1
68680,0
68681,0
68682,0
68683,0
68684,0
68685,0
68686,1
68687,0
68688,0
68689,0
68690,0
68691,0
68692,0
68693,0
68694,0
68695,1
68696,1
68697,1
68698,0
68699,0
68700,1
68701,0
68702,0
68703,1
68704,0
68705,0
68706,1
68707,0
68708,1
68709,1
68710,1
68711,0
68712,1
68713,1
68714,0
68715,0
68716,1
68717,1
68718,1
68719,0
68720,0
68721,1
68722,0
68723,1
68724,0
68725,1
68726,1
68727,0
68728,1
68729,0
68730,0
68731,1
68732,0
68733,0
68734,0
68735,0
68736,1
68737,1
68738,1
68739,0
68740,1
68741,0
68742,0
68743,1
68744,1
68745,1
68746,1
68747,0
68748,1
68749,1
68750,1
68751,0
68752,1
68753,0
68754,0
68755,1
68756,0
68757,1
68758,1
68759,1
68760,0
68761,0
68762,0
68763,0
68764,1
68765,1
68766,1
68767,1
68768,1
68769,1
68770,1
68771,0
68772,0
68773,0
68774,0
68775,0
68776,0
68777,0
68778,0
68779,0
68780,0
68781,1
68782,0
68783,1
68784,1
68785,0
68786,1
68787,1
68788,1
68789,0
68790,1
68791,0
68792,0
68793,1
68794,1
68795,1
68796,0
68797,0
68798,1
68799,0
68800,0
68801,1
68802,1
68803,1
68804,0
68805,1
68806,1
68807,1
68808,1
68809,0
68810,1
68811,0
68812,1
68813,1
68814,0
68815,1
68816,1
68817,0
68818,0
68819,0
68820,0
68821,1
68822,1
68823,0
68824,1
68825,1
68826,1
68827,0
68828,1
68829,1
68830,1
68831,1
68832,1
68833,0
68834,0
68835,0
68836,1
68837,1
68838,1
68839,1
68840,1
68841,0
68842,0
68843,1
68844,1
68845,0
68846,1
68847,1
68848,1
68849,1
68850,0
68851,0
68852,0
68853,0
68854,0
68855,1
68856,0
68857,1
68858,1
68859,1
68860,1
68861,0
68862,1
68863,1
68864,1
68865,0
68866,1
68867,1
68868,0
68869,1
68870,1
68871,1
68872,1
68873,0
68874,0
68875,0
68876,1
68877,1
68878,1
68879,0
68880,1
68881,0
68882,0
68883,1
68884,1
68885,1
68886,0
68887,1
68888,0
68889,1
68890,0
68891,0
68892,0
68893,1
68894,1
68895,1
68896,1
68897,1
68898,0
68899,1
68900,0
68901,1
68902,1
68903,0
68904,0
68905,1
68906,0
68907,0
68908,1
68909,1
68910,0
68911,1
68912,0
68913,1
68914,1
68915,0
68916,1
68917,1
68918,0
68919,0
68920,1
68921,1
68922,0
68923,1
68924,1
68925,1
68926,1
68927,0
68928,1
68929,1
68930,1
68931,0
68932,1
68933,0
68934,1
68935,1
68936,0
68937,0
68938,1
68939,0
68940,0
68941,0
68942,0
68943,0
68944,1
68945,1
68946,0
68947,1
68948,0
68949,1
68950,1
68951,0
68952,0
68953,1
68954,1
68955,1
68956,1
68957,0
68958,1
68959,0
68960,1
68961,1
68962,0
68963,1
68964,1
68965,1
68966,1
68967,1
68968,0
68969,0
68970,1
68971,1
68972,1
68973,1
68974,1
68975,0
68976,1
68977,1
68978,0
68979,1
68980,0
68981,0
68982,0
68983,1
68984,0
68985,1
68986,0
68987,1
68988,0
68989,0
68990,1
68991,1
68992,1
68993,1
68994,1
68995,0
68996,1
68997,1
68998,0
68999,0
69000,0
69001,0
69002,0
69003,0
69004,0
69005,0
69006,1
69007,0
69008,0
69009,1
69010,0
69011,1
69012,0
69013,0
69014,1
69015,1
69016,0
69017,1
69018,1
69019,0
69020,0
69021,0
69022,0
69023,1
69024,0
69025,0
69026,0
69027,0
69028,1
69029,1
69030,0
69031,1
69032,0
69033,0
69034,1
69035,0
69036,0
69037,1
69038,0
69039,0
69040,1
69041,0
69042,0
69043,0
69044,0
69045,1
69046,0
69047,0
69048,0
69049,1
69050,0
69051,0
69052,1
69053,1
69054,1
69055,1
69056,0
69057,1
69058,0
69059,0
69060,1
69061,0
69062,1
69063,0
69064,0
69065,1
69066,0
69067,0
69068,1
69069,1
69070,1
69071,1
69072,0
69073,0
69074,1
69075,1
69076,0
69077,1
69078,1
69079,1
69080,0
69081,0
69082,0
69083,0
69084,1
69085,0
69086,0
69087,0
69088,0
69089,0
69090,1
69091,1
69092,1
69093,0
69094,0
69095,0
69096,1
69097,1
69098,0
69099,1
69100,0
69101,1
69102,1
69103,1
69104,0
69105,1
69106,1
69107,0
69108,0
69109,0
69110,1
69111,0
69112,0
69113,1
69114,1
69115,0
69116,1
69117,1
69118,1
69119,0
69120,1
69121,1
69122,0
69123,0
69124,1
69125,0
69126,0
69127,1
69128,0
69129,0
69130,0
69131,0
69132,1
69133,0
69134,1
69135,0
69136,0
69137,1
69138,0
69139,1
69140,0
69141,0
69142,1
69143,1
69144,1
69145,0
69146,0
69147,0
69148,1
69149,1
69150,1
69151,1
69152,0
69153,0
69154,1
69155,0
69156,0
69157,1
69158,1
69159,1
69160,1
69161,1
69162,1
69163,1
69164,1
69165,1
69166,0
69167,0
69168,0
69169,1
69170,1
69171,0
69172,0
69173,0
69174,1
69175,0
69176,1
69177,1
69178,1
69179,0
69180,1
69181,1
69182,0
69183,1
69184,1
69185,1
69186,1
69187,1
69188,1
69189,1
69190,0
69191,0
69192,1
69193,1
69194,1
69195,0
69196,1
69197,1
69198,1
69199,0
69200,0
69201,1
69202,0
69203,1
69204,1
69205,0
69206,0
69207,0
69208,1
69209,0
69210,0
69211,1
69212,1
69213,0
69214,0
69215,1
69216,0
69217,1
69218,1
69219,0
69220,0
69221,1
69222,1
69223,0
69224,1
69225,0
69226,1
69227,1
69228,1
69229,0
69230,0
69231,0
69232,0
69233,1
69234,1
69235,1
69236,0
69237,1
69238,1
69239,1
69240,1
69241,0
69242,0
69243,0
69244,1
69245,1
69246,1
69247,1
69248,1
69249,0
69250,0
69251,1
69252,0
69253,1
69254,1
69255,0
69256,0
69257,1
69258,1
69259,1
69260,1
69261,0
69262,0
69263,1
69264,1
69265,0
69266,0
69267,1
69268,1
69269,1
69270,1
69271,1
69272,0
69273,1
69274,1
69275,1
69276,0
69277,1
69278,1
69279,1
69280,1
69281,1
69282,1
69283,1
69284,1
69285,0
69286,1
69287,1
69288,0
69289,0
69290,1
69291,1
69292,1
69293,0
69294,0
69295,0
69296,0
69297,1
69298,0
69299,1
69300,1
69301,0
69302,0
69303,1
69304,1
69305,1
69306,0
69307,1
69308,1
69309,1
69310,0
69311,1
69312,1
69313,0
69314,0
69315,1
69316,1
69317,0
69318,0
69319,1
69320,1
69321,0
69322,0
69323,0
69324,0
69325,1
69326,0
69327,1
69328,1
69329,0
69330,1
69331,0
69332,1
69333,0
69334,0
69335,0
69336,1
69337,0
69338,0
69339,0
69340,0
69341,1
69342,0
69343,0
69344,0
69345,1
69346,1
69347,0
69348,0
69349,1
69350,0
69351,0
69352,1
69353,1
69354,1
69355,0
69356,1
69357,1
69358,1
69359,0
69360,1
69361,1
69362,1
69363,1
69364,1
69365,1
69366,1
69367,1
69368,1
69369,0
69370,0
69371,0
69372,1
69373,0
69374,0
69375,1
69376,1
69377,0
69378,0
69379,1
69380,1
69381,0
69382,0
69383,1
69384,0
69385,1
69386,0
69387,0
69388,0
69389,0
69390,0
69391,1
69392,1
69393,0
69394,0
69395,0
69396,1
69397,0
69398,0
69399,1
69400,1
69401,1
69402,1
69403,1
69404,1
69405,1
69406,0
69407,0
69408,1
69409,0
69410,0
69411,1
69412,1
69413,0
69414,1
69415,0
69416,0
69417,0
69418,0
69419,1
69420,1
69421,1
69422,1
69423,0
69424,1
69425,1
69426,0
69427,0
69428,1
69429,0
69430,0
69431,1
69432,1
69433,0
69434,1
69435,1
69436,1
69437,1
69438,1
69439,1
69440,1
69441,1
69442,1
69443,0
69444,0
69445,1
69446,0
69447,0
69448,0
69449,1
69450,1
69451,1
69452,1
69453,1
69454,1
69455,0
69456,0
69457,1
69458,1
69459,1
69460,1
69461,1
69462,1
69463,0
69464,0
69465,1
69466,1
69467,1
69468,0
69469,1
69470,1
69471,1
69472,1
69473,0
69474,0
69475,0
69476,0
69477,0
69478,0
69479,1
69480,1
69481,0
69482,0
69483,1
69484,1
69485,0
69486,0
69487,0
69488,1
69489,1
69490,0
69491,1
69492,0
69493,0
69494,1
69495,0
69496,0
69497,1
69498,1
69499,0
69500,1
69501,0
69502,0
69503,1
69504,0
69505,1
69506,0
69507,1
69508,1
69509,0
69510,1
69511,0
69512,0
69513,0
69514,0
69515,1
69516,0
69517,1
69518,0
69519,1
69520,0
69521,0
69522,0
69523,0
69524,0
69525,1
69526,0
69527,0
69528,1
69529,1
69530,0
69531,1
69532,1
69533,1
69534,1
69535,1
69536,0
69537,0
69538,0
69539,0
69540,1
69541,0
69542,1
69543,1
69544,0
69545,1
69546,1
69547,1
69548,0
69549,1
69550,0
69551,1
69552,0
69553,1
69554,0
69555,0
69556,0
69557,1
69558,1
69559,0
69560,1
69561,1
69562,1
69563,1
69564,1
69565,0
69566,0
69567,1
69568,0
69569,1
69570,0
69571,1
69572,1
69573,0
69574,0
69575,0
69576,1
69577,1
69578,1
69579,1
69580,0
69581,1
69582,1
69583,0
69584,1
69585,0
69586,1
69587,0
69588,0
69589,0
69590,1
69591,1
69592,0
69593,1
69594,1
69595,1
69596,0
69597,0
69598,1
69599,0
69600,1
69601,1
69602,0
69603,0
69604,1
69605,1
69606,0
69607,1
69608,0
69609,1
69610,0
69611,0
69612,1
69613,0
69614,1
69615,1
69616,1
69617,1
69618,1
69619,0
69620,0
69621,0
69622,1
69623,0
69624,0
69625,0
69626,0
69627,1
69628,1
69629,1
69630,0
69631,0
69632,0
69633,1
69634,0
69635,0
69636,1
69637,0
69638,1
69639,0
69640,0
69641,1
69642,0
69643,0
69644,1
69645,1
69646,0
69647,1
69648,0
69649,1
69650,1
69651,1
69652,1
69653,1
69654,0
69655,1
69656,0
69657,0
69658,0
69659,0
69660,1
69661,0
69662,1
69663,0
69664,0
69665,1
69666,1
69667,1
69668,0
69669,0
69670,1
69671,0
69672,1
69673,1
69674,1
69675,0
69676,0
69677,1
69678,1
69679,0
69680,1
69681,1
69682,1
69683,0
69684,0
69685,0
69686,1
69687,1
69688,0
69689,0
69690,1
69691,1
69692,0
69693,1
69694,1
69695,0
69696,0
69697,0
69698,1
69699,0
69700,1
69701,0
69702,0
69703,0
69704,1
69705,0
69706,0
69707,1
69708,1
69709,1
69710,0
69711,0
69712,1
69713,1
69714,0
69715,1
69716,0
69717,1
69718,1
69719,1
69720,1
69721,0
69722,1
69723,1
69724,0
69725,0
69726,1
69727,0
69728,0
69729,0
69730,1
69731,1
69732,1
69733,1
69734,0
69735,1
69736,1
69737,1
69738,0
69739,0
69740,0
69741,0
69742,1
69743,0
69744,1
69745,1
69746,1
69747,0
69748,1
69749,1
69750,1
69751,1
69752,0
69753,1
69754,1
69755,0
69756,1
69757,1
69758,1
69759,0
69760,1
69761,1
69762,0
69763,1
69764,1
69765,1
69766,1
69767,1
69768,1
69769,1
69770,0
69771,1
69772,0
69773,1
69774,1
69775,1
69776,0
69777,1
69778,1
69779,1
69780,1
69781,1
69782,0
69783,0
69784,1
69785,1
69786,0
69787,0
69788,0
69789,1
69790,0
69791,0
69792,1
69793,0
69794,0
69795,1
69796,1
69797,1
69798,1
69799,0
69800,1
69801,0
69802,1
69803,0
69804,1
69805,0
69806,0
69807,1
69808,0
69809,0
69810,1
69811,1
69812,1
69813,0
69814,0
69815,1
69816,0
69817,1
69818,0
69819,0
69820,1
69821,1
69822,1
69823,0
69824,1
69825,1
69826,1
69827,0
69828,0
69829,1
69830,1
69831,0
69832,0
69833,0
69834,1
69835,1
69836,0
69837,0
69838,1
69839,1
69840,1
69841,0
69842,1
69843,1
69844,1
69845,1
69846,1
69847,1
69848,0
69849,0
69850,0
69851,1
69852,1
69853,1
69854,0
69855,1
69856,0
69857,1
69858,0
69859,1
69860,1
69861,1
69862,1
69863,1
69864,1
69865,0
69866,0
69867,1
69868,1
69869,0
69870,1
69871,0
69872,1
69873,1
69874,1
69875,0
69876,0
69877,1
69878,1
69879,1
69880,0
69881,0
69882,0
69883,1
69884,0
69885,0
69886,0
69887,1
69888,1
69889,1
69890,1
69891,1
69892,0
69893,0
69894,1
69895,0
69896,1
69897,1
69898,0
69899,1
69900,1
69901,1
69902,0
69903,0
69904,0
69905,0
69906,1
69907,1
69908,1
69909,1
69910,0
69911,0
69912,0
69913,0
69914,0
69915,1
69916,0
69917,1
69918,1
69919,1
69920,1
69921,1
69922,1
69923,0
69924,1
69925,0
69926,0
69927,1
69928,0
69929,1
69930,1
69931,0
69932,1
69933,1
69934,1
69935,1
69936,0
69937,0
69938,0
69939,1
69940,0
69941,0
69942,1
69943,0
69944,0
69945,1
69946,0
69947,0
69948,0
69949,1
69950,0
69951,0
69952,0
69953,1
69954,1
69955,1
69956,0
69957,1
69958,1
69959,1
69960,0
69961,1
69962,1
69963,1
69964,0
69965,0
69966,1
69967,0
69968,1
69969,1
69970,0
69971,0
69972,0
69973,1
69974,1
69975,0
69976,1
69977,0
69978,0
69979,1
69980,0
69981,0
69982,1
69983,0
69984,1
69985,1
69986,1
69987,1
69988,1
69989,1
69990,0
69991,0
69992,1
69993,0
69994,1
69995,1
69996,1
69997,0
69998,1
69999,1
70000,0
70001,1
70002,1
70003,0
70004,1
70005,0
70006,0
70007,0
70008,0
70009,1
70010,0
70011,1
70012,1
70013,1
70014,1
70015,0
70016,1
70017,0
70018,1
70019,0
70020,0
70021,1
70022,0
70023,1
70024,1
70025,0
70026,0
70027,1
70028,1
70029,1
70030,0
70031,0
70032,0
70033,1
70034,0
70035,1
70036,1
70037,1
70038,0
70039,0
70040,1
70041,1
70042,1
70043,0
70044,0
70045,1
70046,0
70047,0
70048,1
70049,0
70050,1
70051,0
70052,0
70053,1
70054,1
70055,1
70056,1
70057,1
70058,1
70059,0
70060,0
70061,1
70062,1
70063,0
70064,1
70065,1
70066,1
70067,0
70068,1
70069,1
70070,1
70071,1
70072,1
70073,1
70074,0
70075,0
70076,1
70077,0
70078,1
70079,0
70080,1
70081,1
70082,1
70083,1
70084,1
70085,0
70086,1
70087,1
70088,1
70089,1
70090,1
70091,0
70092,1
70093,1
70094,1
70095,0
70096,1
70097,1
70098,1
70099,1
70100,1
70101,0
70102,0
70103,1
70104,1
70105,1
70106,0
70107,1
70108,1
70109,0
70110,0
70111,1
70112,0
70113,1
70114,1
70115,1
70116,1
70117,0
70118,1
70119,0
70120,0
70121,1
70122,0
70123,1
70124,1
70125,0
70126,0
70127,1
70128,1
70129,0
70130,1
70131,1
70132,1
70133,0
70134,0
70135,0
70136,0
70137,0
70138,1
70139,0
70140,1
70141,1
70142,0
70143,0
70144,1
70145,0
70146,1
70147,1
70148,0
70149,0
70150,0
70151,1
70152,1
70153,1
70154,0
70155,1
70156,1
70157,1
70158,1
70159,0
70160,1
70161,0
70162,0
70163,0
70164,1
70165,1
70166,1
70167,1
70168,0
70169,0
70170,1
70171,1
70172,1
70173,1
70174,0
70175,0
70176,0
70177,1
70178,0
70179,0
70180,0
70181,1
70182,1
70183,1
70184,0
70185,0
70186,0
70187,1
70188,1
70189,1
70190,1
70191,1
70192,1
70193,0
70194,0
70195,1
70196,1
70197,1
70198,1
70199,1
70200,1
70201,1
70202,1
70203,0
70204,0
70205,0
70206,0
70207,1
70208,1
70209,0
70210,1
70211,1
70212,1
70213,1
70214,0
70215,1
70216,1
70217,0
70218,1
70219,1
70220,1
70221,1
70222,0
70223,1
70224,0
70225,0
70226,1
70227,1
70228,0
70229,1
70230,0
70231,0
70232,1
70233,0
70234,1
70235,0
70236,1
70237,1
70238,1
70239,1
70240,1
70241,1
70242,0
70243,0
70244,1
70245,1
70246,1
70247,0
70248,1
70249,0
70250,1
70251,0
70252,1
70253,0
70254,1
70255,1
70256,0
70257,0
70258,0
70259,1
70260,1
70261,1
70262,0
70263,1
70264,1
70265,1
70266,1
70267,0
70268,0
70269,0
70270,1
70271,1
70272,0
70273,0
70274,1
70275,0
70276,1
70277,0
70278,1
70279,0
70280,0
70281,0
70282,0
70283,0
70284,1
70285,0
70286,1
70287,1
70288,0
70289,1
70290,0
70291,1
70292,0
70293,1
70294,1
70295,1
70296,0
70297,0
70298,0
70299,0
70300,1
70301,1
70302,1
70303,0
70304,1
70305,1
70306,1
70307,1
70308,1
70309,1
70310,0
70311,0
70312,1
70313,1
70314,0
70315,0
70316,1
70317,1
70318,1
70319,1
70320,1
70321,0
70322,0
70323,1
70324,0
70325,1
70326,0
70327,1
70328,1
70329,0
70330,0
70331,1
70332,1
70333,0
70334,0
70335,0
70336,1
70337,0
70338,1
70339,0
70340,1
70341,1
70342,1
70343,0
70344,0
70345,0
70346,0
70347,1
70348,1
70349,1
70350,0
70351,1
70352,1
70353,0
70354,1
70355,1
70356,1
70357,1
70358,0
70359,1
70360,1
70361,1
70362,1
70363,1
70364,1
70365,0
70366,1
70367,1
70368,1
70369,1
70370,0
70371,0
70372,1
70373,0
70374,1
70375,0
70376,1
70377,0
70378,1
70379,1
70380,1
70381,1
70382,0
70383,1
70384,0
70385,1
70386,1
70387,0
70388,1
70389,1
70390,1
70391,0
70392,0
70393,1
70394,1
70395,1
70396,1
70397,0
70398,0
70399,0
70400,1
70401,1
70402,1
70403,0
70404,0
70405,1
70406,1
70407,1
70408,0
70409,0
70410,0
70411,1
70412,0
70413,1
70414,1
70415,0
70416,1
70417,1
70418,0
70419,0
70420,0
70421,1
70422,0
70423,0
70424,0
70425,0
70426,0
70427,1
70428,1
70429,1
70430,1
70431,1
70432,1
70433,1
70434,1
70435,0
70436,0
70437,1
70438,1
70439,1
70440,0
70441,0
70442,0
70443,0
70444,1
70445,1
70446,0
70447,1
70448,1
70449,0
70450,0
70451,1
70452,1
70453,1
70454,0
70455,0
70456,1
70457,0
70458,0
70459,1
70460,1
70461,0
70462,0
70463,1
70464,0
70465,1
70466,1
70467,1
70468,1
70469,0
70470,0
70471,1
70472,0
70473,1
70474,1
70475,0
70476,0
70477,1
70478,1
70479,1
70480,1
70481,0
70482,0
70483,0
70484,1
70485,1
70486,1
70487,0
70488,0
70489,1
70490,0
70491,1
70492,0
70493,0
70494,0
70495,1
70496,1
70497,0
70498,0
70499,0
70500,1
70501,1
70502,0
70503,1
70504,1
70505,1
70506,0
70507,1
70508,0
70509,1
70510,0
70511,0
70512,1
70513,0
70514,0
70515,1
70516,1
70517,1
70518,1
70519,1
70520,0
70521,1
70522,0
70523,1
70524,0
70525,1
70526,1
70527,0
70528,0
70529,1
70530,0
70531,1
70532,0
70533,1
70534,0
70535,1
70536,1
70537,1
70538,0
70539,0
70540,0
70541,1
70542,0
70543,1
70544,0
70545,0
70546,1
70547,1
70548,1
70549,1
70550,0
70551,0
70552,0
70553,1
70554,0
70555,0
70556,1
70557,1
70558,1
70559,0
70560,0
70561,1
70562,0
70563,1
70564,1
70565,0
70566,1
70567,1
70568,0
70569,1
70570,1
70571,1
70572,0
70573,0
70574,1
70575,0
70576,1
70577,1
70578,0
70579,0
70580,0
70581,0
70582,1
70583,1
70584,1
70585,1
70586,1
70587,0
70588,0
70589,0
70590,1
70591,0
70592,0
70593,1
70594,1
70595,0
70596,1
70597,1
70598,1
70599,1
70600,1
70601,1
70602,1
70603,1
70604,0
70605,0
70606,1
70607,0
70608,0
70609,1
70610,0
70611,1
70612,1
70613,1
70614,1
70615,0
70616,1
70617,1
70618,0
70619,0
70620,1
70621,0
70622,1
70623,0
70624,1
70625,1
70626,0
70627,0
70628,0
70629,1
70630,0
70631,1
70632,1
70633,0
70634,0
70635,0
70636,1
70637,1
70638,1
70639,1
70640,0
70641,0
70642,1
70643,1
70644,0
70645,0
70646,1
70647,1
70648,0
70649,1
70650,0
70651,0
70652,0
70653,0
70654,0
70655,1
70656,0
70657,1
70658,1
70659,1
70660,0
70661,1
70662,1
70663,0
70664,1
70665,0
70666,0
70667,0
70668,1
70669,1
70670,0
70671,1
70672,1
70673,1
70674,1
70675,1
70676,1
70677,1
70678,0
70679,1
70680,0
70681,1
70682,0
70683,1
70684,0
70685,0
70686,1
70687,0
70688,1
70689,1
70690,1
70691,1
70692,1
70693,0
70694,0
70695,0
70696,1
70697,0
70698,1
70699,1
70700,0
70701,0
70702,1
70703,1
70704,1
70705,1
70706,0
70707,0
70708,0
70709,0
70710,1
70711,1
70712,1
70713,0
70714,0
70715,1
70716,0
70717,0
70718,1
70719,1
70720,1
70721,1
70722,1
70723,1
70724,1
70725,1
70726,1
70727,1
70728,1
70729,0
70730,0
70731,1
70732,0
70733,1
70734,1
70735,0
70736,1
70737,0
70738,1
70739,1
70740,0
70741,1
70742,1
70743,1
70744,1
70745,1
70746,0
70747,0
70748,1
70749,0
70750,1
70751,0
70752,0
70753,1
70754,1
70755,1
70756,1
70757,0
70758,1
70759,0
70760,0
70761,1
70762,0
70763,1
70764,1
70765,0
70766,0
70767,1
70768,1
70769,0
70770,0
70771,0
70772,1
70773,1
70774,0
70775,1
70776,0
70777,1
70778,0
70779,0
70780,0
70781,1
70782,0
70783,0
70784,0
70785,0
70786,0
70787,0
70788,0
70789,0
70790,1
70791,0
70792,1
70793,1
70794,1
70795,0
70796,1
70797,0
70798,1
70799,1
70800,0
70801,0
70802,1
70803,1
70804,0
70805,0
70806,0
70807,0
70808,1
70809,0
70810,0
70811,0
70812,1
70813,1
70814,0
70815,0
70816,0
70817,0
70818,1
70819,1
70820,0
70821,1
70822,1
70823,1
70824,1
70825,0
70826,0
70827,0
70828,1
70829,0
70830,1
70831,0
70832,1
70833,0
70834,1
70835,0
70836,0
70837,0
70838,0
70839,0
70840,0
70841,1
70842,1
70843,0
70844,0
70845,1
70846,1
70847,0
70848,1
70849,1
70850,1
70851,1
70852,0
70853,1
70854,0
70855,0
70856,0
70857,1
70858,1
70859,1
70860,1
70861,1
70862,1
70863,1
70864,1
70865,0
70866,0
70867,0
70868,1
70869,0
70870,1
70871,0
70872,0
70873,1
70874,1
70875,1
70876,1
70877,1
70878,1
70879,1
70880,1
70881,1
70882,1
70883,1
70884,1
70885,1
70886,0
70887,1
70888,0
70889,1
70890,1
70891,0
70892,0
70893,0
70894,1
70895,1
70896,1
70897,0
70898,1
70899,1
70900,1
70901,0
70902,0
70903,0
70904,1
70905,1
70906,1
70907,1
70908,0
70909,1
70910,0
70911,1
70912,1
70913,1
70914,1
70915,0
70916,1
70917,1
70918,0
70919,0
70920,1
70921,1
70922,1
70923,0
70924,0
70925,1
70926,1
70927,1
70928,1
70929,1
70930,0
70931,1
70932,0
70933,0
70934,1
70935,0
70936,0
70937,0
70938,1
70939,0
70940,1
70941,0
70942,0
70943,1
70944,0
70945,0
70946,1
70947,0
70948,0
70949,1
70950,0
70951,0
70952,0
70953,0
70954,1
70955,1
70956,1
70957,0
70958,1
70959,0
70960,0
70961,0
70962,1
70963,1
70964,0
70965,1
70966,1
70967,0
70968,0
70969,0
70970,1
70971,1
70972,0
70973,1
70974,1
70975,0
70976,0
70977,0
70978,1
70979,0
70980,0
70981,1
70982,1
70983,1
70984,1
70985,1
70986,1
70987,0
70988,1
70989,0
70990,0
70991,1
70992,1
70993,0
70994,1
70995,0
70996,1
70997,0
70998,1
70999,1
71000,0
71001,1
71002,0
71003,1
71004,1
71005,1
71006,1
71007,0
71008,1
71009,1
71010,0
71011,1
71012,1
71013,1
71014,1
71015,1
71016,1
71017,1
71018,1
71019,1
71020,0
71021,1
71022,0
71023,1
71024,1
71025,1
71026,1
71027,1
71028,0
71029,1
71030,1
71031,0
71032,0
71033,1
71034,0
71035,0
71036,1
71037,1
71038,1
71039,1
71040,0
71041,0
71042,0
71043,1
71044,1
71045,1
71046,1
71047,0
71048,0
71049,1
71050,0
71051,1
71052,1
71053,1
71054,1
71055,1
71056,1
71057,0
71058,1
71059,1
71060,0
71061,0
71062,1
71063,0
71064,1
71065,0
71066,1
71067,1
71068,1
71069,1
71070,0
71071,1
71072,1
71073,1
71074,1
71075,1
71076,1
71077,0
71078,1
71079,1
71080,1
71081,1
71082,1
71083,1
71084,0
71085,1
71086,1
71087,1
71088,1
71089,1
71090,1
71091,0
71092,1
71093,1
71094,1
71095,1
71096,1
71097,0
71098,0
71099,1
71100,1
71101,1
71102,0
71103,0
71104,0
71105,0
71106,1
71107,0
71108,0
71109,0
71110,0
71111,1
71112,0
71113,1
71114,1
71115,1
71116,1
71117,1
71118,1
71119,1
71120,1
71121,0
71122,0
71123,0
71124,0
71125,0
71126,0
71127,1
71128,1
71129,0
71130,0
71131,0
71132,1
71133,1
71134,1
71135,1
71136,1
71137,0
71138,1
71139,0
71140,0
71141,1
71142,1
71143,0
71144,1
71145,1
71146,1
71147,0
71148,1
71149,0
71150,1
71151,1
71152,0
71153,1
71154,1
71155,0
71156,0
71157,0
71158,1
71159,1
71160,0
71161,1
71162,0
71163,1
71164,1
71165,1
71166,1
71167,1
71168,0
71169,1
71170,1
71171,0
71172,1
71173,1
71174,0
71175,0
71176,1
71177,0
71178,1
71179,0
71180,1
71181,0
71182,1
71183,1
71184,1
71185,1
71186,0
71187,1
71188,0
71189,1
71190,0
71191,0
71192,1
71193,1
71194,0
71195,1
71196,1
71197,1
71198,0
71199,0
71200,1
71201,0
71202,1
71203,0
71204,0
71205,1
71206,1
71207,1
71208,1
71209,0
71210,0
71211,0
71212,1
71213,1
71214,0
71215,0
71216,0
71217,1
71218,0
71219,1
71220,1
71221,1
71222,1
71223,0
71224,0
71225,0
71226,0
71227,1
71228,0
71229,1
71230,1
71231,1
71232,0
71233,0
71234,0
71235,0
71236,0
71237,1
71238,0
71239,0
71240,1
71241,1
71242,0
71243,0
71244,0
71245,1
71246,0
71247,1
71248,1
71249,0
71250,0
71251,0
71252,0
71253,1
71254,0
71255,0
71256,1
71257,1
71258,1
71259,1
71260,0
71261,0
71262,1
71263,1
71264,1
71265,1
71266,0
71267,0
71268,0
71269,1
71270,1
71271,1
71272,0
71273,1
71274,1
71275,0
71276,1
71277,1
71278,1
71279,0
71280,0
71281,1
71282,1
71283,1
71284,0
71285,0
71286,1
71287,1
71288,1
71289,0
71290,0
71291,0
71292,0
71293,0
71294,1
71295,1
71296,1
71297,0
71298,1
71299,0
71300,1
71301,1
71302,1
71303,1
71304,0
71305,1
71306,1
71307,0
71308,0
71309,1
71310,1
71311,1
71312,0
71313,1
71314,1
71315,1
71316,1
71317,1
71318,1
71319,1
71320,1
71321,0
71322,1
71323,1
71324,1
71325,0
71326,0
71327,1
71328,0
71329,1
71330,1
71331,1
71332,0
71333,1
71334,0
71335,0
71336,1
71337,1
71338,0
71339,1
71340,0
71341,1
71342,0
71343,1
71344,0
71345,0
71346,1
71347,0
71348,0
71349,0
71350,1
71351,0
71352,0
71353,0
71354,0
71355,0
71356,0
71357,1
71358,1
71359,1
71360,0
71361,0
71362,0
71363,0
71364,1
71365,1
71366,1
71367,1
71368,0
71369,1
71370,0
71371,1
71372,0
71373,0
71374,1
71375,1
71376,0
71377,0
71378,1
71379,0
71380,0
71381,0
71382,1
71383,0
71384,0
71385,1
71386,1
71387,0
71388,1
71389,1
71390,1
71391,1
71392,0
71393,0
71394,1
71395,0
71396,0
71397,0
71398,1
71399,0
71400,1
71401,1
71402,0
71403,1
71404,1
71405,0
71406,1
71407,0
71408,1
71409,0
71410,1
71411,0
71412,1
71413,1
71414,1
71415,0
71416,0
71417,0
71418,0
71419,0
71420,0
71421,1
71422,1
71423,0
71424,1
71425,1
71426,1
71427,0
71428,1
71429,0
71430,0
71431,1
71432,1
71433,1
71434,0
71435,1
71436,0
71437,1
71438,1
71439,1
71440,0
71441,1
71442,1
71443,0
71444,1
71445,1
71446,0
71447,1
71448,1
71449,1
71450,0
71451,1
71452,0
71453,1
71454,1
71455,1
71456,1
71457,1
71458,1
71459,0
71460,0
71461,1
71462,1
71463,1
71464,1
71465,1
71466,0
71467,1
71468,0
71469,1
71470,0
71471,1
71472,0
71473,1
71474,0
71475,1
71476,1
71477,1
71478,0
71479,1
71480,0
71481,0
71482,1
71483,1
71484,1
71485,1
71486,0
71487,0
71488,1
71489,0
71490,1
71491,0
71492,1
71493,0
71494,1
71495,0
71496,1
71497,0
71498,0
71499,1
71500,0
71501,0
71502,1
71503,0
71504,0
71505,1
71506,1
71507,1
71508,1
71509,1
71510,0
71511,0
71512,0
71513,0
71514,0
71515,1
71516,0
71517,0
71518,1
71519,0
71520,1
71521,1
71522,0
71523,0
71524,1
71525,1
71526,1
71527,1
71528,0
71529,0
71530,0
71531,1
71532,0
71533,0
71534,0
71535,0
71536,1
71537,0
71538,1
71539,0
71540,1
71541,0
71542,0
71543,0
71544,0
71545,0
71546,1
71547,1
71548,1
71549,1
71550,1
71551,1
71552,1
71553,1
71554,0
71555,0
71556,0
71557,0
71558,0
71559,0
71560,1
71561,0
71562,1
71563,1
71564,0
71565,0
71566,0
71567,0
71568,0
71569,0
71570,1
71571,1
71572,0
71573,0
71574,1
71575,1
71576,0
71577,1
71578,0
71579,1
71580,1
71581,1
71582,0
71583,0
71584,0
71585,1
71586,1
71587,0
71588,0
71589,1
71590,0
71591,1
71592,0
71593,0
71594,1
71595,0
71596,1
71597,1
71598,0
71599,0
71600,0
71601,0
71602,0
71603,1
71604,1
71605,0
71606,0
71607,0
71608,0
71609,1
71610,0
71611,1
71612,1
71613,0
71614,0
71615,0
71616,1
71617,1
71618,0
71619,1
71620,0
71621,1
71622,1
71623,1
71624,0
71625,0
71626,0
71627,1
71628,1
71629,0
71630,1
71631,0
71632,1
71633,1
71634,1
71635,0
71636,1
71637,0
71638,0
71639,1
71640,1
71641,1
71642,1
71643,0
71644,0
71645,0
71646,1
71647,1
71648,1
71649,0
71650,0
71651,1
71652,1
71653,1
71654,0
71655,1
71656,1
71657,0
71658,1
71659,1
71660,1
71661,0
71662,0
71663,1
71664,1
71665,1
71666,1
71667,1
71668,1
71669,1
71670,0
71671,1
71672,1
71673,1
71674,1
71675,1
71676,1
71677,1
71678,1
71679,1
71680,0
71681,1
71682,0
71683,1
71684,1
71685,0
71686,1
71687,0
71688,1
71689,1
71690,0
71691,1
71692,0
71693,1
71694,1
71695,0
71696,1
71697,1
71698,0
71699,0
71700,0
71701,0
71702,1
71703,1
71704,1
71705,0
71706,0
71707,0
71708,1
71709,1
71710,1
71711,0
71712,1
71713,1
71714,0
71715,1
71716,1
71717,0
71718,1
71719,0
71720,0
71721,1
71722,1
71723,1
71724,1
71725,0
71726,0
71727,1
71728,1
71729,1
71730,0
71731,0
71732,1
71733,0
71734,1
71735,0
71736,1
71737,1
71738,0
71739,0
71740,0
71741,0
71742,1
71743,0
71744,0
71745,0
71746,1
71747,0
71748,1
71749,0
71750,0
71751,0
71752,1
71753,1
71754,0
71755,0
71756,0
71757,1
71758,0
71759,0
71760,1
71761,0
71762,1
71763,1
71764,1
71765,0
71766,1
71767,1
71768,0
71769,1
71770,1
71771,1
71772,0
71773,0
71774,1
71775,1
71776,1
71777,1
71778,0
71779,1
71780,0
71781,0
71782,0
71783,0
71784,0
71785,1
71786,0
71787,0
71788,1
71789,0
71790,1
71791,0
71792,1
71793,1
71794,0
71795,0
71796,1
71797,0
71798,0
71799,0
71800,0
71801,0
71802,1
71803,1
71804,1
71805,0
71806,0
71807,1
71808,1
71809,1
71810,0
71811,1
71812,0
71813,1
71814,1
71815,0
71816,1
71817,0
71818,1
71819,1
71820,1
71821,1
71822,1
71823,1
71824,1
71825,0
71826,0
71827,0
71828,0
71829,1
71830,1
71831,1
71832,1
71833,0
71834,1
71835,1
71836,1
71837,0
71838,1
71839,1
71840,1
71841,1
71842,0
71843,0
71844,0
71845,1
71846,0
71847,1
71848,0
71849,1
71850,1
71851,0
71852,0
71853,0
71854,0
71855,1
71856,0
71857,0
71858,1
71859,1
71860,1
71861,0
71862,0
71863,1
71864,1
71865,1
71866,0
71867,1
71868,1
71869,1
71870,0
71871,1
71872,0
71873,1
71874,0
71875,0
71876,1
71877,0
71878,0
71879,1
71880,0
71881,0
71882,0
71883,0
71884,1
71885,1
71886,0
71887,1
71888,1
71889,1
71890,1
71891,0
71892,0
71893,1
71894,1
71895,0
71896,0
71897,0
71898,0
71899,1
71900,0
71901,1
71902,1
71903,0
71904,0
71905,1
71906,1
71907,1
71908,0
71909,1
71910,1
71911,1
71912,0
71913,0
71914,0
71915,0
71916,1
71917,1
71918,0
71919,0
71920,1
71921,0
71922,0
71923,0
71924,1
71925,1
71926,0
71927,0
71928,1
71929,0
71930,0
71931,1
71932,0
71933,1
71934,0
71935,1
71936,0
71937,1
71938,0
71939,0
71940,0
71941,1
71942,0
71943,0
71944,1
71945,0
71946,1
71947,1
71948,0
71949,1
71950,1
71951,0
71952,0
71953,1
71954,0
71955,0
71956,0
71957,0
71958,1
71959,1
71960,1
71961,1
71962,1
71963,1
71964,0
71965,1
71966,1
71967,1
71968,0
71969,0
71970,1
71971,0
71972,0
71973,1
71974,0
71975,0
71976,0
71977,1
71978,0
71979,0
71980,0
71981,1
71982,1
71983,1
71984,1
71985,0
71986,1
71987,1
71988,1
71989,1
71990,0
71991,0
71992,0
71993,0
71994,0
71995,1
71996,1
71997,1
71998,0
71999,1
72000,1
72001,1
72002,0
72003,1
72004,1
72005,0
72006,1
72007,1
72008,0
72009,1
72010,1
72011,1
72012,1
72013,1
72014,1
72015,1
72016,1
72017,0
72018,0
72019,0
72020,1
72021,1
72022,0
72023,1
72024,0
72025,1
72026,0
72027,1
72028,0
72029,0
72030,1
72031,1
72032,1
72033,1
72034,0
72035,1
72036,1
72037,1
72038,0
72039,1
72040,0
72041,1
72042,1
72043,0
72044,0
72045,1
72046,0
72047,1
72048,1
72049,0
72050,1
72051,1
72052,0
72053,1
72054,1
72055,0
72056,1
72057,1
72058,1
72059,0
72060,1
72061,0
72062,1
72063,1
72064,1
72065,0
72066,1
72067,1
72068,0
72069,1
72070,0
72071,1
72072,0
72073,1
72074,0
72075,1
72076,0
72077,0
72078,1
72079,0
72080,0
72081,0
72082,0
72083,0
72084,0
72085,0
72086,1
72087,1
72088,0
72089,0
72090,1
72091,1
72092,1
72093,1
72094,0
72095,0
72096,1
72097,1
72098,0
72099,0
72100,0
72101,0
72102,0
72103,0
72104,1
72105,0
72106,0
72107,1
72108,0
72109,1
72110,1
72111,1
72112,1
72113,0
72114,1
72115,1
72116,1
72117,0
72118,0
72119,0
72120,0
72121,0
72122,1
72123,0
72124,1
72125,0
72126,0
72127,1
72128,0
72129,0
72130,1
72131,1
72132,1
72133,1
72134,1
72135,1
72136,0
72137,0
72138,1
72139,0
72140,1
72141,0
72142,0
72143,0
72144,1
72145,1
72146,0
72147,0
72148,1
72149,1
72150,0
72151,1
72152,0
72153,0
72154,1
72155,0
72156,1
72157,1
72158,0
72159,0
72160,1
72161,1
72162,0
72163,0
72164,0
72165,1
72166,0
72167,0
72168,1
72169,1
72170,1
72171,1
72172,1
72173,0
72174,0
72175,1
72176,1
72177,0
72178,0
72179,1
72180,0
72181,0
72182,0
72183,1
72184,1
72185,0
72186,0
72187,0
72188,1
72189,1
72190,1
72191,1
72192,0
72193,1
72194,0
72195,0
72196,1
72197,1
72198,1
72199,0
72200,1
72201,1
72202,0
72203,1
72204,1
72205,0
72206,0
72207,0
72208,1
72209,0
72210,1
72211,0
72212,1
72213,0
72214,1
72215,0
72216,1
72217,1
72218,1
72219,0
72220,0
72221,1
72222,0
72223,1
72224,1
72225,1
72226,1
72227,1
72228,0
72229,0
72230,1
72231,0
72232,1
72233,0
72234,0
72235,0
72236,1
72237,1
72238,0
72239,1
72240,0
72241,1
72242,1
72243,1
72244,0
72245,0
72246,1
72247,0
72248,1
72249,0
72250,1
72251,1
72252,1
72253,0
72254,0
72255,0
72256,1
72257,0
72258,1
72259,0
72260,0
72261,1
72262,0
72263,0
72264,0
72265,1
72266,0
72267,1
72268,0
72269,1
72270,1
72271,1
72272,1
72273,1
72274,1
72275,0
72276,1
72277,0
72278,0
72279,1
72280,0
72281,0
72282,0
72283,1
72284,0
72285,0
72286,1
72287,0
72288,0
72289,1
72290,0
72291,0
72292,0
72293,0
72294,0
72295,0
72296,1
72297,0
72298,1
72299,1
72300,1
72301,1
72302,1
72303,0
72304,0
72305,0
72306,1
72307,1
72308,1
72309,1
72310,0
72311,1
72312,1
72313,0
72314,1
72315,1
72316,1
72317,1
72318,0
72319,1
72320,0
72321,1
72322,0
72323,0
72324,1
72325,1
72326,1
72327,0
72328,1
72329,1
72330,0
72331,1
72332,1
72333,0
72334,1
72335,0
72336,0
72337,1
72338,1
72339,0
72340,1
72341,0
72342,1
72343,1
72344,0
72345,1
72346,0
72347,0
72348,0
72349,1
72350,0
72351,0
72352,0
72353,1
72354,0
72355,0
72356,1
72357,0
72358,0
72359,0
72360,1
72361,1
72362,0
72363,1
72364,1
72365,0
72366,1
72367,0
72368,0
72369,0
72370,0
72371,1
72372,1
72373,1
72374,1
72375,1
72376,0
72377,1
72378,1
72379,1
72380,1
72381,1
72382,1
72383,0
72384,0
72385,1
72386,1
72387,0
72388,0
72389,1
72390,0
72391,0
72392,0
72393,1
72394,1
72395,1
72396,1
72397,1
72398,1
72399,1
72400,1
72401,0
72402,0
72403,0
72404,1
72405,0
72406,0
72407,0
72408,1
72409,1
72410,1
72411,0
72412,1
72413,1
72414,0
72415,1
72416,1
72417,1
72418,1
72419,1
72420,1
72421,0
72422,1
72423,1
72424,0
72425,1
72426,1
72427,1
72428,1
72429,1
72430,1
72431,1
72432,0
72433,1
72434,1
72435,1
72436,1
72437,1
72438,1
72439,1
72440,1
72441,0
72442,1
72443,0
72444,1
72445,1
72446,0
72447,0
72448,0
72449,0
72450,1
72451,1
72452,0
72453,1
72454,0
72455,1
72456,1
72457,1
72458,0
72459,0
72460,0
72461,0
72462,1
72463,0
72464,0
72465,1
72466,1
72467,1
72468,1
72469,0
72470,1
72471,0
72472,0
72473,0
72474,1
72475,1
72476,0
72477,0
72478,1
72479,1
72480,1
72481,0
72482,1
72483,0
72484,0
72485,0
72486,1
72487,1
72488,0
72489,0
72490,1
72491,0
72492,1
72493,1
72494,1
72495,0
72496,1
72497,0
72498,1
72499,1
72500,0
72501,0
72502,1
72503,0
72504,0
72505,1
72506,1
72507,0
72508,1
72509,1
72510,1
72511,1
72512,1
72513,0
72514,0
72515,1
72516,1
72517,0
72518,0
72519,1
72520,0
72521,0
72522,0
72523,0
72524,0
72525,0
72526,0
72527,1
72528,0
72529,1
72530,1
72531,1
72532,1
72533,1
72534,1
72535,0
72536,1
72537,0
72538,1
72539,1
72540,1
72541,0
72542,1
72543,1
72544,1
72545,0
72546,0
72547,1
72548,1
72549,0
72550,0
72551,1
72552,0
72553,0
72554,0
72555,1
72556,0
72557,0
72558,1
72559,0
72560,0
72561,1
72562,0
72563,1
72564,0
72565,1
72566,1
72567,1
72568,1
72569,0
72570,1
72571,1
72572,1
72573,1
72574,0
72575,0
72576,1
72577,1
72578,1
72579,0
72580,1
72581,0
72582,0
72583,1
72584,1
72585,0
72586,1
72587,1
72588,0
72589,1
72590,1
72591,1
72592,1
72593,0
72594,0
72595,1
72596,1
72597,1
72598,1
72599,1
72600,0
72601,0
72602,1
72603,1
72604,1
72605,0
72606,0
72607,0
72608,0
72609,1
72610,1
72611,1
72612,1
72613,0
72614,0
72615,0
72616,1
72617,0
72618,0
72619,0
72620,1
72621,1
72622,1
72623,0
72624,0
72625,0
72626,1
72627,1
72628,0
72629,0
72630,0
72631,0
72632,1
72633,0
72634,1
72635,1
72636,0
72637,0
72638,1
72639,1
72640,1
72641,0
72642,0
72643,1
72644,0
72645,1
72646,0
72647,0
72648,0
72649,1
72650,1
72651,0
72652,1
72653,0
72654,1
72655,0
72656,1
72657,0
72658,0
72659,0
72660,1
72661,1
72662,1
72663,1
72664,0
72665,1
72666,0
72667,0
72668,0
72669,1
72670,1
72671,0
72672,1
72673,1
72674,0
72675,0
72676,0
72677,1
72678,1
72679,1
72680,0
72681,1
72682,1
72683,1
72684,1
72685,0
72686,1
72687,1
72688,1
72689,0
72690,1
72691,1
72692,1
72693,1
72694,0
72695,1
72696,0
72697,0
72698,1
72699,1
72700,1
72701,1
72702,1
72703,0
72704,1
72705,1
72706,0
72707,0
72708,1
72709,0
72710,1
72711,1
72712,1
72713,1
72714,1
72715,1
72716,1
72717,1
72718,1
72719,0
72720,0
72721,0
72722,1
72723,0
72724,0
72725,0
72726,0
72727,1
72728,1
72729,0
72730,0
72731,0
72732,0
72733,0
72734,1
72735,1
72736,1
72737,0
72738,0
72739,0
72740,0
72741,1
72742,0
72743,1
72744,1
72745,0
72746,0
72747,0
72748,0
72749,0
72750,0
72751,1
72752,1
72753,1
72754,1
72755,1
72756,0
72757,0
72758,1
72759,0
72760,0
72761,1
72762,1
72763,1
72764,1
72765,1
72766,0
72767,1
72768,0
72769,0
72770,1
72771,0
72772,1
72773,0
72774,1
72775,0
72776,0
72777,0
72778,1
72779,1
72780,0
72781,0
72782,0
72783,1
72784,1
72785,1
72786,1
72787,1
72788,0
72789,0
72790,0
72791,0
72792,0
72793,0
72794,1
72795,0
72796,0
72797,1
72798,0
72799,0
72800,1
72801,0
72802,0
72803,0
72804,1
72805,0
72806,1
72807,1
72808,1
72809,1
72810,1
72811,1
72812,1
72813,1
72814,1
72815,1
72816,0
72817,0
72818,0
72819,1
72820,0
72821,0
72822,0
72823,1
72824,0
72825,1
72826,0
72827,0
72828,1
72829,0
72830,0
72831,0
72832,0
72833,0
72834,1
72835,0
72836,0
72837,0
72838,0
72839,1
72840,0
72841,1
72842,0
72843,0
72844,1
72845,0
72846,1
72847,1
72848,1
72849,1
72850,1
72851,1
72852,1
72853,1
72854,1
72855,1
72856,1
72857,1
72858,0
72859,0
72860,1
72861,1
72862,1
72863,0
72864,1
72865,1
72866,1
72867,0
72868,0
72869,0
72870,0
72871,0
72872,1
72873,1
72874,0
72875,1
72876,0
72877,1
72878,1
72879,0
72880,0
72881,0
72882,0
72883,1
72884,0
72885,0
72886,1
72887,1
72888,1
72889,1
72890,1
72891,0
72892,1
72893,0
72894,0
72895,1
72896,0
72897,0
72898,1
72899,1
72900,0
72901,0
72902,0
72903,0
72904,0
72905,0
72906,1
72907,1
72908,1
72909,0
72910,1
72911,0
72912,1
72913,1
72914,1
72915,0
72916,1
72917,0
72918,0
72919,0
72920,0
72921,0
72922,1
72923,0
72924,1
72925,0
72926,0
72927,0
72928,1
72929,1
72930,0
72931,1
72932,1
72933,1
72934,0
72935,1
72936,0
72937,0
72938,1
72939,1
72940,1
72941,0
72942,1
72943,1
72944,0
72945,1
72946,0
72947,1
72948,0
72949,1
72950,1
72951,0
72952,1
72953,0
72954,1
72955,1
72956,0
72957,1
72958,0
72959,1
72960,0
72961,0
72962,0
72963,1
72964,0
72965,1
72966,0
72967,0
72968,0
72969,0
72970,0
72971,1
72972,1
72973,1
72974,1
72975,1
72976,0
72977,1
72978,0
72979,1
72980,1
72981,0
72982,1
72983,0
72984,0
72985,1
72986,1
72987,0
72988,1
72989,1
72990,1
72991,1
72992,0
72993,0
72994,1
72995,1
72996,1
72997,1
72998,1
72999,0
73000,1
73001,1
73002,1
73003,1
73004,0
73005,1
73006,0
73007,1
73008,1
73009,1
73010,0
73011,0
73012,0
73013,0
73014,1
73015,1
73016,0
73017,0
73018,1
73019,0
73020,1
73021,1
73022,0
73023,1
73024,0
73025,0
73026,1
73027,0
73028,0
73029,0
73030,0
73031,0
73032,1
73033,1
73034,1
73035,0
73036,0
73037,0
73038,0
73039,0
73040,0
73041,1
73042,1
73043,0
73044,1
73045,0
73046,1
73047,0
73048,1
73049,1
73050,1
73051,0
73052,1
73053,1
73054,0
73055,1
73056,1
73057,0
73058,0
73059,1
73060,0
73061,0
73062,1
73063,0
73064,1
73065,1
73066,1
73067,1
73068,0
73069,1
73070,1
73071,0
73072,1
73073,0
73074,1
73075,1
73076,0
73077,0
73078,0
73079,0
73080,1
73081,1
73082,1
73083,0
73084,1
73085,0
73086,1
73087,0
73088,1
73089,0
73090,0
73091,0
73092,0
73093,1
73094,1
73095,1
73096,1
73097,1
73098,0
73099,1
73100,0
73101,0
73102,0
73103,0
73104,1
73105,0
73106,1
73107,0
73108,1
73109,0
73110,1
73111,0
73112,0
73113,1
73114,0
73115,1
73116,0
73117,0
73118,1
73119,0
73120,1
73121,1
73122,0
73123,1
73124,1
73125,0
73126,1
73127,0
73128,1
73129,0
73130,0
73131,1
73132,1
73133,0
73134,1
73135,0
73136,0
73137,1
73138,0
73139,0
73140,0
73141,0
73142,0
73143,1
73144,0
73145,0
73146,0
73147,1
73148,0
73149,0
73150,0
73151,0
73152,0
73153,1
73154,1
73155,1
73156,1
73157,1
73158,0
73159,0
73160,1
73161,1
73162,1
73163,1
73164,0
73165,1
73166,1
73167,1
73168,1
73169,0
73170,0
73171,0
73172,0
73173,0
73174,0
73175,0
73176,1
73177,0
73178,0
73179,1
73180,1
73181,0
73182,1
73183,1
73184,1
73185,1
73186,1
73187,1
73188,0
73189,1
73190,1
73191,0
73192,1
73193,1
73194,0
73195,0
73196,1
73197,1
73198,1
73199,0
73200,1
73201,1
73202,0
73203,1
73204,0
73205,0
73206,1
73207,0
73208,1
73209,0
73210,0
73211,0
73212,0
73213,0
73214,0
73215,0
73216,1
73217,1
73218,1
73219,0
73220,1
73221,1
73222,1
73223,0
73224,0
73225,0
73226,1
73227,1
73228,0
73229,1
73230,1
73231,0
73232,1
73233,1
73234,1
73235,0
73236,1
73237,1
73238,1
73239,0
73240,1
73241,0
73242,1
73243,0
73244,1
73245,1
73246,0
73247,0
73248,0
73249,0
73250,0
73251,0
73252,1
73253,1
73254,0
73255,1
73256,0
73257,1
73258,0
73259,1
73260,0
73261,1
73262,1
73263,1
73264,0
73265,0
73266,0
73267,1
73268,1
73269,0
73270,0
73271,0
73272,0
73273,0
73274,0
73275,1
73276,1
73277,1
73278,1
73279,1
73280,0
73281,0
73282,1
73283,1
73284,1
73285,1
73286,0
73287,1
73288,0
73289,0
73290,1
73291,0
73292,1
73293,0
73294,0
73295,0
73296,0
73297,0
73298,0
73299,0
73300,1
73301,0
73302,0
73303,1
73304,0
73305,1
73306,0
73307,1
73308,0
73309,0
73310,0
73311,1
73312,0
73313,0
73314,0
73315,1
73316,0
73317,1
73318,0
73319,1
73320,1
73321,0
73322,0
73323,1
73324,1
73325,0
73326,0
73327,1
73328,0
73329,0
73330,1
73331,1
73332,0
73333,1
73334,1
73335,0
73336,1
73337,0
73338,0
73339,0
73340,1
73341,0
73342,1
73343,0
73344,1
73345,1
73346,1
73347,0
73348,0
73349,1
73350,1
73351,0
73352,1
73353,1
73354,1
73355,1
73356,0
73357,0
73358,0
73359,1
73360,1
73361,0
73362,1
73363,0
73364,0
73365,1
73366,1
73367,1
73368,1
73369,0
73370,0
73371,0
73372,0
73373,1
73374,1
73375,0
73376,0
73377,0
73378,1
73379,1
73380,1
73381,0
73382,1
73383,0
73384,1
73385,0
73386,0
73387,1
73388,0
73389,1
73390,0
73391,1
73392,0
73393,0
73394,1
73395,1
73396,1
73397,1
73398,1
73399,1
73400,1
73401,1
73402,1
73403,1
73404,1
73405,1
73406,0
73407,1
73408,1
73409,1
73410,0
73411,0
73412,0
73413,0
73414,0
73415,1
73416,0
73417,1
73418,1
73419,1
73420,1
73421,0
73422,1
73423,0
73424,0
73425,1
73426,1
73427,1
73428,1
73429,0
73430,0
73431,0
73432,1
73433,0
73434,0
73435,1
73436,0
73437,1
73438,0
73439,0
73440,0
73441,0
73442,1
73443,0
73444,0
73445,1
73446,1
73447,1
73448,0
73449,0
73450,0
73451,1
73452,1
73453,1
73454,1
73455,1
73456,0
73457,0
73458,1
73459,0
73460,0
73461,0
73462,0
73463,1
73464,1
73465,0
73466,0
73467,1
73468,1
73469,0
73470,0
73471,1
73472,1
73473,0
73474,0
73475,0
73476,1
73477,0
73478,1
73479,1
73480,0
73481,0
73482,0
73483,0
73484,1
73485,0
73486,0
73487,1
73488,0
73489,0
73490,1
73491,1
73492,1
73493,1
73494,1
73495,0
73496,1
73497,1
73498,1
73499,0
73500,0
73501,0
73502,1
73503,1
73504,0
73505,1
73506,0
73507,1
73508,1
73509,1
73510,0
73511,0
73512,1
73513,1
73514,1
73515,0
73516,1
73517,0
73518,0
73519,1
73520,0
73521,0
73522,1
73523,0
73524,0
73525,0
73526,1
73527,0
73528,0
73529,1
73530,1
73531,0
73532,1
73533,1
73534,1
73535,1
73536,0
73537,0
73538,1
73539,1
73540,0
73541,1
73542,1
73543,0
73544,0
73545,1
73546,1
73547,1
73548,1
73549,1
73550,0
73551,0
73552,1
73553,1
73554,0
73555,1
73556,0
73557,0
73558,1
73559,1
73560,1
73561,1
73562,1
73563,1
73564,0
73565,1
73566,1
73567,1
73568,1
73569,1
73570,0
73571,1
73572,0
73573,0
73574,1
73575,0
73576,1
73577,1
73578,0
73579,0
73580,0
73581,0
73582,1
73583,0
73584,0
73585,1
73586,0
73587,1
73588,1
73589,1
73590,0
73591,1
73592,0
73593,1
73594,0
73595,0
73596,0
73597,1
73598,1
73599,1
73600,1
73601,1
73602,0
73603,0
73604,1
73605,1
73606,0
73607,0
73608,0
73609,0
73610,0
73611,1
73612,1
73613,0
73614,1
73615,1
73616,1
73617,1
73618,1
73619,1
73620,0
73621,0
73622,1
73623,1
73624,0
73625,0
73626,1
73627,0
73628,0
73629,1
73630,0
73631,0
73632,0
73633,0
73634,0
73635,0
73636,1
73637,1
73638,1
73639,0
73640,0
73641,1
73642,0
73643,0
73644,0
73645,1
73646,0
73647,0
73648,0
73649,0
73650,1
73651,1
73652,1
73653,1
73654,1
73655,0
73656,0
73657,0
73658,1
73659,1
73660,0
73661,1
73662,1
73663,0
73664,1
73665,0
73666,0
73667,0
73668,1
73669,1
73670,1
73671,1
73672,0
73673,0
73674,1
73675,0
73676,0
73677,1
73678,1
73679,1
73680,0
73681,1
73682,0
73683,1
73684,0
73685,0
73686,0
73687,0
73688,0
73689,1
73690,0
73691,1
73692,0
73693,0
73694,0
73695,1
73696,0
73697,0
73698,1
73699,1
73700,1
73701,0
73702,1
73703,0
73704,0
73705,1
73706,0
73707,0
73708,0
73709,0
73710,1
73711,0
73712,1
73713,1
73714,1
73715,0
73716,1
73717,1
73718,1
73719,0
73720,1
73721,1
73722,1
73723,1
73724,1
73725,1
73726,1
73727,0
73728,1
73729,1
73730,1
73731,1
73732,1
73733,0
73734,1
73735,1
73736,0
73737,0
73738,0
73739,1
73740,1
73741,1
73742,0
73743,1
73744,1
73745,1
73746,1
73747,1
73748,1
73749,1
73750,1
73751,1
73752,0
73753,1
73754,0
73755,1
73756,0
73757,0
73758,1
73759,0
73760,0
73761,1
73762,1
73763,1
73764,0
73765,1
73766,0
73767,0
73768,1
73769,0
73770,1
73771,0
73772,0
73773,0
73774,0
73775,0
73776,0
73777,1
73778,0
73779,1
73780,0
73781,1
73782,0
73783,0
73784,1
73785,1
73786,1
73787,0
73788,0
73789,0
73790,1
73791,1
73792,0
73793,1
73794,0
73795,1
73796,0
73797,0
73798,1
73799,0
73800,0
73801,1
73802,1
73803,1
73804,0
73805,0
73806,1
73807,0
73808,0
73809,0
73810,1
73811,1
73812,1
73813,0
73814,0
73815,0
73816,1
73817,0
73818,1
73819,1
73820,0
73821,0
73822,1
73823,0
73824,0
73825,0
73826,1
73827,0
73828,0
73829,1
73830,1
73831,1
73832,0
73833,0
73834,1
73835,1
73836,1
73837,1
73838,0
73839,0
73840,1
73841,1
73842,0
73843,0
73844,0
73845,1
73846,1
73847,1
73848,0
73849,0
73850,0
73851,1
73852,1
73853,1
73854,1
73855,0
73856,0
73857,0
73858,1
73859,1
73860,1
73861,1
73862,0
73863,1
73864,0
73865,1
73866,1
73867,1
73868,0
73869,1
73870,0
73871,0
73872,0
73873,1
73874,0
73875,1
73876,0
73877,0
73878,1
73879,0
73880,0
73881,1
73882,0
73883,1
73884,0
73885,0
73886,1
73887,0
73888,0
73889,1
73890,0
73891,1
73892,0
73893,0
73894,0
73895,0
73896,1
73897,0
73898,0
73899,1
73900,0
73901,1
73902,1
73903,0
73904,0
73905,1
73906,0
73907,0
73908,0
73909,1
73910,0
73911,1
73912,0
73913,1
73914,0
73915,1
73916,0
73917,1
73918,0
73919,1
73920,0
73921,0
73922,0
73923,1
73924,0
73925,1
73926,1
73927,1
73928,0
73929,1
73930,0
73931,0
73932,0
73933,0
73934,1
73935,1
73936,0
73937,1
73938,1
73939,0
73940,0
73941,1
73942,0
73943,0
73944,0
73945,1
73946,0
73947,1
73948,0
73949,0
73950,0
73951,1
73952,1
73953,1
73954,1
73955,1
73956,1
73957,1
73958,0
73959,1
73960,0
73961,1
73962,0
73963,1
73964,1
73965,1
73966,0
73967,0
73968,0
73969,0
73970,1
73971,0
73972,0
73973,1
73974,0
73975,1
73976,1
73977,0
73978,1
73979,1
73980,0
73981,1
73982,1
73983,0
73984,0
73985,1
73986,1
73987,0
73988,0
73989,0
73990,0
73991,0
73992,0
73993,0
73994,0
73995,0
73996,0
73997,1
73998,1
73999,1
74000,1
74001,0
74002,0
74003,1
74004,1
74005,0
74006,0
74007,1
74008,0
74009,0
74010,0
74011,0
74012,1
74013,0
74014,1
74015,0
74016,1
74017,0
74018,0
74019,1
74020,0
74021,0
74022,1
74023,1
74024,1
74025,1
74026,0
74027,1
74028,1
74029,1
74030,0
74031,0
74032,0
74033,1
74034,0
74035,1
74036,1
74037,0
74038,0
74039,1
74040,0
74041,0
74042,1
74043,0
74044,1
74045,0
74046,0
74047,1
74048,1
74049,1
74050,1
74051,1
74052,0
74053,1
74054,1
74055,1
74056,0
74057,0
74058,0
74059,0
74060,0
74061,1
74062,1
74063,0
74064,1
74065,0
74066,1
74067,0
74068,0
74069,0
74070,1
74071,0
74072,1
74073,0
74074,0
74075,0
74076,1
74077,1
74078,1
74079,0
74080,1
74081,1
74082,0
74083,1
74084,1
74085,1
74086,0
74087,0
74088,0
74089,0
74090,1
74091,1
74092,1
74093,0
74094,1
74095,1
74096,0
74097,1
74098,1
74099,1
74100,0
74101,1
74102,0
74103,1
74104,1
74105,0
74106,0
74107,0
74108,0
74109,0
74110,0
74111,1
74112,1
74113,0
74114,1
74115,0
74116,1
74117,1
74118,0
74119,0
74120,0
74121,0
74122,0
74123,1
74124,1
74125,0
74126,1
74127,0
74128,0
74129,0
74130,1
74131,0
74132,0
74133,1
74134,0
74135,1
74136,0
74137,1
74138,0
74139,0
74140,0
74141,0
74142,0
74143,1
74144,0
74145,0
74146,0
74147,0
74148,1
74149,0
74150,0
74151,0
74152,0
74153,1
74154,0
74155,0
74156,0
74157,0
74158,0
74159,1
74160,1
74161,0
74162,1
74163,0
74164,0
74165,0
74166,0
74167,1
74168,0
74169,0
74170,1
74171,1
74172,1
74173,1
74174,0
74175,0
74176,1
74177,0
74178,1
74179,1
74180,0
74181,0
74182,0
74183,1
74184,0
74185,1
74186,0
74187,1
74188,0
74189,0
74190,0
74191,1
74192,0
74193,1
74194,0
74195,0
74196,0
74197,0
74198,1
74199,1
74200,0
74201,1
74202,1
74203,1
74204,1
74205,1
74206,0
74207,1
74208,0
74209,1
74210,1
74211,1
74212,1
74213,1
74214,1
74215,0
74216,0
74217,1
74218,1
74219,0
74220,1
74221,0
74222,1
74223,0
74224,1
74225,0
74226,1
74227,1
74228,1
74229,1
74230,1
74231,0
74232,1
74233,0
74234,0
74235,1
74236,0
74237,0
74238,1
74239,1
74240,0
74241,1
74242,1
74243,1
74244,0
74245,0
74246,0
74247,0
74248,0
74249,1
74250,1
74251,1
74252,1
74253,1
74254,0
74255,0
74256,1
74257,1
74258,1
74259,0
74260,0
74261,1
74262,1
74263,0
74264,0
74265,0
74266,1
74267,1
74268,0
74269,0
74270,0
74271,1
74272,0
74273,1
74274,0
74275,1
74276,0
74277,1
74278,0
74279,1
74280,1
74281,0
74282,1
74283,1
74284,0
74285,1
74286,0
74287,0
74288,1
74289,0
74290,1
74291,0
74292,0
74293,0
74294,1
74295,0
74296,0
74297,1
74298,0
74299,0
74300,0
74301,0
74302,1
74303,1
74304,0
74305,0
74306,0
74307,0
74308,0
74309,0
74310,0
74311,0
74312,1
74313,1
74314,0
74315,0
74316,0
74317,1
74318,0
74319,1
74320,0
74321,1
74322,1
74323,0
74324,1
74325,0
74326,0
74327,1
74328,1
74329,1
74330,0
74331,1
74332,1
74333,0
74334,0
74335,1
74336,0
74337,1
74338,1
74339,0
74340,1
74341,1
74342,1
74343,1
74344,1
74345,1
74346,0
74347,1
74348,0
74349,1
74350,0
74351,1
74352,1
74353,1
74354,1
74355,1
74356,0
74357,0
74358,0
74359,1
74360,1
74361,0
74362,0
74363,0
74364,1
74365,1
74366,1
74367,1
74368,1
74369,0
74370,1
74371,0
74372,1
74373,1
74374,1
74375,0
74376,0
74377,0
74378,0
74379,1
74380,1
74381,0
74382,0
74383,1
74384,1
74385,0
74386,1
74387,1
74388,0
74389,0
74390,0
74391,0
74392,0
74393,1
74394,1
74395,1
74396,0
74397,1
74398,1
74399,1
74400,0
74401,1
74402,0
74403,0
74404,0
74405,0
74406,1
74407,0
74408,0
74409,1
74410,0
74411,1
74412,0
74413,1
74414,0
74415,1
74416,0
74417,0
74418,1
74419,1
74420,1
74421,0
74422,0
74423,0
74424,1
74425,0
74426,1
74427,1
74428,0
74429,1
74430,1
74431,1
74432,0
74433,0
74434,0
74435,1
74436,0
74437,0
74438,1
74439,0
74440,1
74441,1
74442,0
74443,0
74444,0
74445,1
74446,0
74447,1
74448,1
74449,1
74450,0
74451,1
74452,1
74453,1
74454,0
74455,0
74456,0
74457,1
74458,0
74459,1
74460,0
74461,0
74462,0
74463,1
74464,1
74465,0
74466,0
74467,0
74468,0
74469,0
74470,0
74471,0
74472,0
74473,1
74474,0
74475,1
74476,1
74477,1
74478,1
74479,0
74480,0
74481,1
74482,1
74483,1
74484,0
74485,1
74486,0
74487,1
74488,1
74489,1
74490,1
74491,0
74492,0
74493,0
74494,0
74495,0
74496,0
74497,0
74498,0
74499,1
74500,1
74501,1
74502,0
74503,1
74504,1
74505,1
74506,1
74507,1
74508,1
74509,0
74510,1
74511,0
74512,1
74513,1
74514,0
74515,0
74516,0
74517,0
74518,1
74519,1
74520,0
74521,0
74522,0
74523,0
74524,1
74525,0
74526,0
74527,1
74528,0
74529,1
74530,1
74531,0
74532,0
74533,1
74534,0
74535,0
74536,1
74537,0
74538,0
74539,1
74540,0
74541,1
74542,1
74543,0
74544,0
74545,0
74546,0
74547,1
74548,1
74549,0
74550,1
74551,0
74552,0
74553,0
74554,1
74555,1
74556,1
74557,1
74558,1
74559,0
74560,0
74561,1
74562,0
74563,0
74564,1
74565,0
74566,1
74567,1
74568,0
74569,0
74570,1
74571,0
74572,1
74573,1
74574,1
74575,0
74576,1
74577,1
74578,1
74579,0
74580,1
74581,0
74582,1
74583,1
74584,0
74585,1
74586,0
74587,1
74588,0
74589,0
74590,0
74591,1
74592,1
74593,1
74594,0
74595,1
74596,1
74597,1
74598,1
74599,0
74600,1
74601,1
74602,1
74603,0
74604,0
74605,0
74606,1
74607,1
74608,1
74609,0
74610,1
74611,0
74612,1
74613,0
74614,0
74615,1
74616,0
74617,1
74618,0
74619,1
74620,0
74621,1
74622,0
74623,0
74624,1
74625,0
74626,1
74627,0
74628,0
74629,1
74630,1
74631,1
74632,0
74633,1
74634,1
74635,1
74636,1
74637,0
74638,0
74639,1
74640,1
74641,0
74642,0
74643,0
74644,0
74645,1
74646,0
74647,1
74648,0
74649,1
74650,1
74651,1
74652,1
74653,1
74654,1
74655,1
74656,0
74657,1
74658,0
74659,0
74660,0
74661,1
74662,1
74663,1
74664,0
74665,0
74666,0
74667,1
74668,1
74669,1
74670,0
74671,1
74672,0
74673,1
74674,0
74675,0
74676,0
74677,0
74678,0
74679,0
74680,1
74681,0
74682,1
74683,1
74684,1
74685,1
74686,1
74687,1
74688,0
74689,0
74690,0
74691,0
74692,1
74693,0
74694,0
74695,1
74696,0
74697,0
74698,0
74699,0
74700,0
74701,0
74702,0
74703,0
74704,1
74705,1
74706,0
74707,1
74708,0
74709,0
74710,0
74711,1
74712,0
74713,0
74714,0
74715,0
74716,1
74717,0
74718,1
74719,0
74720,0
74721,1
74722,1
74723,1
74724,1
74725,0
74726,1
74727,0
74728,0
74729,0
74730,1
74731,0
74732,0
74733,0
74734,0
74735,1
74736,0
74737,1
74738,1
74739,0
74740,0
74741,0
74742,1
74743,0
74744,0
74745,1
74746,0
74747,1
74748,0
74749,1
74750,0
74751,1
74752,0
74753,1
74754,0
74755,0
74756,1
74757,0
74758,1
74759,0
74760,0
74761,0
74762,1
74763,1
74764,1
74765,0
74766,1
74767,0
74768,0
74769,0
74770,0
74771,1
74772,0
74773,1
74774,1
74775,1
74776,1
74777,0
74778,1
74779,0
74780,0
74781,1
74782,1
74783,1
74784,0
74785,0
74786,1
74787,0
74788,1
74789,1
74790,1
74791,0
74792,1
74793,0
74794,0
74795,1
74796,0
74797,1
74798,0
74799,1
74800,1
74801,1
74802,0
74803,0
74804,1
74805,0
74806,1
74807,1
74808,0
74809,0
74810,1
74811,0
74812,1
74813,0
74814,0
74815,1
74816,1
74817,1
74818,1
74819,1
74820,1
74821,1
74822,1
74823,0
74824,0
74825,1
74826,0
74827,0
74828,0
74829,0
74830,1
74831,1
74832,1
74833,1
74834,1
74835,1
74836,1
74837,0
74838,0
74839,1
74840,1
74841,1
74842,1
74843,0
74844,1
74845,1
74846,1
74847,1
74848,1
74849,1
74850,1
74851,1
74852,1
74853,0
74854,1
74855,1
74856,1
74857,1
74858,0
74859,1
74860,0
74861,0
74862,1
74863,0
74864,0
74865,1
74866,0
74867,1
74868,0
74869,0
74870,1
74871,0
74872,1
74873,0
74874,1
74875,0
74876,0
74877,1
74878,1
74879,1
74880,1
74881,0
74882,1
74883,1
74884,0
74885,1
74886,1
74887,0
74888,0
74889,1
74890,1
74891,1
74892,0
74893,0
74894,1
74895,0
74896,1
74897,0
74898,0
74899,1
74900,0
74901,1
74902,0
74903,1
74904,1
74905,0
74906,1
74907,1
74908,1
74909,0
74910,0
74911,0
74912,0
74913,0
74914,1
74915,1
74916,0
74917,1
74918,0
74919,1
74920,0
74921,1
74922,0
74923,0
74924,0
74925,1
74926,1
74927,0
74928,1
74929,1
74930,1
74931,1
74932,1
74933,0
74934,1
74935,1
74936,0
74937,0
74938,1
74939,1
74940,0
74941,1
74942,1
74943,1
74944,1
74945,1
74946,1
74947,1
74948,0
74949,0
74950,0
74951,0
74952,1
74953,0
74954,1
74955,1
74956,0
74957,0
74958,1
74959,1
74960,1
74961,1
74962,0
74963,0
74964,0
74965,1
74966,0
74967,1
74968,0
74969,0
74970,0
74971,1
74972,0
74973,1
74974,1
74975,0
74976,0
74977,0
74978,0
74979,0
74980,0
74981,1
74982,1
74983,1
74984,1
74985,1
74986,1
74987,1
74988,0
74989,1
74990,1
74991,0
74992,1
74993,0
74994,1
74995,0
74996,0
74997,1
74998,1
74999,1
75000,1
75001,1
75002,1
75003,1
75004,0
75005,0
75006,1
75007,0
75008,1
75009,0
75010,1
75011,1
75012,1
75013,1
75014,1
75015,1
75016,1
75017,1
75018,1
75019,1
75020,1
75021,1
75022,0
75023,1
75024,0
75025,1
75026,1
75027,0
75028,1
75029,0
75030,1
75031,0
75032,1
75033,1
75034,0
75035,0
75036,1
75037,1
75038,0
75039,0
75040,0
75041,1
75042,0
75043,0
75044,1
75045,1
75046,0
75047,1
75048,0
75049,1
75050,1
75051,0
75052,1
75053,0
75054,1
75055,1
75056,1
75057,0
75058,1
75059,1
75060,0
75061,0
75062,1
75063,1
75064,0
75065,0
75066,1
75067,1
75068,0
75069,1
75070,0
75071,0
75072,0
75073,0
75074,0
75075,1
75076,1
75077,0
75078,1
75079,0
75080,0
75081,1
75082,1
75083,0
75084,1
75085,0
75086,1
75087,1
75088,0
75089,0
75090,1
75091,0
75092,0
75093,1
75094,0
75095,0
75096,0
75097,1
75098,0
75099,1
75100,1
75101,1
75102,1
75103,1
75104,1
75105,0
75106,1
75107,0
75108,0
75109,1
75110,1
75111,1
75112,0
75113,0
75114,1
75115,0
75116,0
75117,0
75118,0
75119,0
75120,1
75121,0
75122,0
75123,1
75124,1
75125,1
75126,1
75127,1
75128,1
75129,0
75130,0
75131,1
75132,0
75133,0
75134,0
75135,0
75136,0
75137,0
75138,0
75139,0
75140,1
75141,1
75142,0
75143,0
75144,1
75145,1
75146,1
75147,1
75148,0
75149,0
75150,0
75151,1
75152,1
75153,0
75154,0
75155,1
75156,1
75157,0
75158,1
75159,1
75160,0
75161,0
75162,1
75163,0
75164,0
75165,0
75166,1
75167,1
75168,0
75169,1
75170,1
75171,0
75172,0
75173,0
75174,0
75175,0
75176,1
75177,1
75178,1
75179,1
75180,1
75181,1
75182,0
75183,1
75184,1
75185,0
75186,1
75187,1
75188,0
75189,0
75190,1
75191,0
75192,0
75193,0
75194,0
75195,1
75196,1
75197,1
75198,0
75199,1
75200,0
75201,0
75202,1
75203,0
75204,0
75205,0
75206,1
75207,0
75208,0
75209,1
75210,1
75211,0
75212,1
75213,1
75214,0
75215,0
75216,1
75217,1
75218,1
75219,1
75220,0
75221,1
75222,1
75223,0
75224,1
75225,1
75226,0
75227,1
75228,1
75229,0
75230,1
75231,0
75232,0
75233,0
75234,1
75235,0
75236,1
75237,1
75238,0
75239,1
75240,1
75241,1
75242,1
75243,1
75244,0
75245,1
75246,1
75247,1
75248,0
75249,1
75250,1
75251,0
75252,0
75253,1
75254,0
75255,0
75256,1
75257,1
75258,1
75259,0
75260,0
75261,1
75262,1
75263,0
75264,1
75265,0
75266,0
75267,1
75268,0
75269,0
75270,0
75271,0
75272,1
75273,0
75274,1
75275,1
75276,1
75277,1
75278,1
75279,1
75280,0
75281,0
75282,1
75283,1
75284,1
75285,0
75286,0
75287,1
75288,0
75289,1
75290,0
75291,0
75292,0
75293,1
75294,1
75295,1
75296,1
75297,0
75298,0
75299,1
75300,1
75301,0
75302,1
75303,1
75304,0
75305,0
75306,0
75307,1
75308,1
75309,1
75310,1
75311,1
75312,1
75313,1
75314,1
75315,1
75316,1
75317,0
75318,0
75319,0
75320,0
75321,1
75322,1
75323,0
75324,1
75325,0
75326,0
75327,0
75328,0
75329,1
75330,1
75331,1
75332,1
75333,0
75334,0
75335,1
75336,1
75337,1
75338,0
75339,0
75340,0
75341,1
75342,1
75343,1
75344,1
75345,0
75346,0
75347,1
75348,1
75349,1
75350,0
75351,0
75352,0
75353,0
75354,0
75355,1
75356,1
75357,1
75358,1
75359,1
75360,1
75361,1
75362,0
75363,0
75364,1
75365,1
75366,0
75367,0
75368,1
75369,1
75370,1
75371,0
75372,0
75373,1
75374,0
75375,1
75376,1
75377,1
75378,1
75379,1
75380,0
75381,1
75382,1
75383,1
75384,1
75385,1
75386,1
75387,1
75388,0
75389,1
75390,1
75391,1
75392,0
75393,1
75394,0
75395,1
75396,1
75397,0
75398,0
75399,1
75400,1
75401,0
75402,0
75403,1
75404,1
75405,1
75406,0
75407,1
75408,0
75409,0
75410,1
75411,0
75412,1
75413,0
75414,0
75415,1
75416,1
75417,1
75418,1
75419,1
75420,0
75421,1
75422,1
75423,1
75424,0
75425,1
75426,1
75427,1
75428,1
75429,1
75430,1
75431,0
75432,0
75433,1
75434,0
75435,1
75436,1
75437,0
75438,1
75439,1
75440,1
75441,1
75442,0
75443,1
75444,1
75445,1
75446,1
75447,0
75448,0
75449,1
75450,1
75451,0
75452,1
75453,0
75454,1
75455,0
75456,0
75457,1
75458,1
75459,1
75460,1
75461,1
75462,0
75463,1
75464,0
75465,1
75466,0
75467,1
75468,1
75469,0
75470,1
75471,1
75472,1
75473,1
75474,1
75475,1
75476,1
75477,0
75478,1
75479,0
75480,1
75481,0
75482,0
75483,1
75484,1
75485,1
75486,1
75487,1
75488,1
75489,0
75490,1
75491,1
75492,1
75493,1
75494,1
75495,1
75496,1
75497,0
75498,0
75499,1
75500,1
75501,1
75502,1
75503,1
75504,0
75505,0
75506,0
75507,1
75508,0
75509,1
75510,1
75511,1
75512,0
75513,0
75514,0
75515,1
75516,0
75517,1
75518,1
75519,1
75520,0
75521,0
75522,0
75523,1
75524,1
75525,1
75526,1
75527,0
75528,0
75529,0
75530,1
75531,1
75532,1
75533,0
75534,1
75535,1
75536,1
75537,0
75538,0
75539,1
75540,1
75541,0
75542,1
75543,1
75544,0
75545,0
75546,0
75547,0
75548,0
75549,0
75550,0
75551,1
75552,1
75553,1
75554,0
75555,1
75556,1
75557,1
75558,0
75559,0
75560,0
75561,1
75562,1
75563,1
75564,1
75565,1
75566,0
75567,1
75568,0
75569,1
75570,0
75571,0
75572,0
75573,0
75574,0
75575,0
75576,1
75577,0
75578,1
75579,1
75580,1
75581,0
75582,0
75583,1
75584,0
75585,1
75586,0
75587,1
75588,1
75589,1
75590,0
75591,0
75592,1
75593,1
75594,0
75595,1
75596,0
75597,0
75598,1
75599,0
75600,1
75601,0
75602,1
75603,0
75604,0
75605,1
75606,0
75607,1
75608,0
75609,1
75610,1
75611,1
75612,0
75613,1
75614,0
75615,0
75616,0
75617,1
75618,1
75619,1
75620,0
75621,1
75622,0
75623,1
75624,1
75625,0
75626,0
75627,0
75628,0
75629,0
75630,1
75631,1
75632,1
75633,0
75634,0
75635,0
75636,0
75637,0
75638,1
75639,0
75640,1
75641,0
75642,0
75643,0
75644,1
75645,1
75646,1
75647,1
75648,1
75649,0
75650,1
75651,0
75652,0
75653,0
75654,1
75655,0
75656,0
75657,0
75658,0
75659,0
75660,1
75661,1
75662,0
75663,1
75664,1
75665,1
75666,0
75667,1
75668,1
75669,1
75670,0
75671,1
75672,1
75673,0
75674,1
75675,1
75676,0
75677,1
75678,1
75679,0
75680,0
75681,0
75682,1
75683,1
75684,1
75685,1
75686,1
75687,1
75688,0
75689,0
75690,1
75691,0
75692,1
75693,1
75694,1
75695,0
75696,1
75697,0
75698,0
75699,1
75700,1
75701,1
75702,1
75703,0
75704,1
75705,0
75706,0
75707,1
75708,1
75709,1
75710,1
75711,1
75712,0
75713,1
75714,1
75715,1
75716,1
75717,0
75718,0
75719,0
75720,1
75721,0
75722,1
75723,1
75724,1
75725,1
75726,1
75727,1
75728,0
75729,1
75730,0
75731,1
75732,0
75733,0
75734,0
75735,0
75736,1
75737,1
75738,0
75739,1
75740,0
75741,1
75742,1
75743,1
75744,0
75745,1
75746,1
75747,1
75748,0
75749,1
75750,0
75751,0
75752,1
75753,0
75754,1
75755,1
75756,1
75757,0
75758,0
75759,0
75760,0
75761,1
75762,1
75763,1
75764,1
75765,1
75766,1
75767,0
75768,0
75769,0
75770,0
75771,1
75772,1
75773,1
75774,0
75775,1
75776,1
75777,0
75778,1
75779,1
75780,1
75781,1
75782,1
75783,0
75784,0
75785,0
75786,1
75787,0
75788,0
75789,1
75790,1
75791,0
75792,0
75793,0
75794,0
75795,1
75796,0
75797,1
75798,1
75799,1
75800,1
75801,0
75802,0
75803,0
75804,1
75805,0
75806,1
75807,1
75808,1
75809,0
75810,1
75811,1
75812,0
75813,1
75814,0
75815,1
75816,1
75817,0
75818,0
75819,0
75820,0
75821,0
75822,1
75823,1
75824,0
75825,1
75826,1
75827,0
75828,0
75829,0
75830,1
75831,0
75832,0
75833,0
75834,0
75835,0
75836,0
75837,0
75838,0
75839,0
75840,1
75841,1
75842,0
75843,1
75844,0
75845,0
75846,1
75847,1
75848,1
75849,1
75850,1
75851,1
75852,0
75853,0
75854,1
75855,1
75856,0
75857,0
75858,1
75859,1
75860,1
75861,1
75862,0
75863,1
75864,1
75865,0
75866,0
75867,0
75868,0
75869,0
75870,1
75871,0
75872,0
75873,0
75874,0
75875,1
75876,0
75877,1
75878,0
75879,0
75880,1
75881,0
75882,0
75883,1
75884,0
75885,1
75886,1
75887,0
75888,1
75889,1
75890,1
75891,1
75892,0
75893,1
75894,0
75895,1
75896,1
75897,1
75898,1
75899,1
75900,1
75901,1
75902,1
75903,1
75904,1
75905,1
75906,0
75907,0
75908,1
75909,0
75910,1
75911,0
75912,1
75913,0
75914,1
75915,0
75916,1
75917,1
75918,0
75919,1
75920,0
75921,0
75922,0
75923,0
75924,0
75925,1
75926,1
75927,1
75928,0
75929,0
75930,0
75931,1
75932,1
75933,0
75934,1
75935,0
75936,0
75937,0
75938,1
75939,1
75940,0
75941,1
75942,1
75943,0
75944,0
75945,0
75946,0
75947,0
75948,1
75949,1
75950,0
75951,0
75952,1
75953,1
75954,0
75955,1
75956,0
75957,0
75958,1
75959,1
75960,0
75961,1
75962,0
75963,0
75964,1
75965,1
75966,0
75967,0
75968,0
75969,1
75970,0
75971,1
75972,0
75973,0
75974,0
75975,1
75976,1
75977,0
75978,1
75979,1
75980,1
75981,0
75982,1
75983,1
75984,0
75985,0
75986,1
75987,0
75988,0
75989,1
75990,0
75991,0
75992,0
75993,0
75994,1
75995,1
75996,0
75997,1
75998,0
75999,1
76000,1
76001,1
76002,1
76003,1
76004,0
76005,0
76006,1
76007,1
76008,1
76009,0
76010,1
76011,0
76012,1
76013,0
76014,0
76015,1
76016,1
76017,0
76018,1
76019,0
76020,0
76021,0
76022,1
76023,1
76024,0
76025,0
76026,1
76027,1
76028,1
76029,1
76030,1
76031,0
76032,1
76033,0
76034,1
76035,1
76036,1
76037,1
76038,0
76039,0
76040,0
76041,0
76042,0
76043,0
76044,1
76045,1
76046,0
76047,0
76048,1
76049,1
76050,0
76051,1
76052,1
76053,0
76054,0
76055,1
76056,1
76057,0
76058,0
76059,1
76060,1
76061,0
76062,0
76063,0
76064,0
76065,0
76066,0
76067,0
76068,1
76069,1
76070,0
76071,1
76072,1
76073,1
76074,0
76075,1
76076,0
76077,1
76078,0
76079,0
76080,0
76081,1
76082,0
76083,0
76084,0
76085,0
76086,1
76087,1
76088,0
76089,1
76090,1
76091,1
76092,0
76093,0
76094,0
76095,0
76096,0
76097,1
76098,1
76099,0
76100,0
76101,1
76102,0
76103,1
76104,0
76105,0
76106,1
76107,1
76108,1
76109,1
76110,1
76111,1
76112,0
76113,1
76114,1
76115,1
76116,0
76117,1
76118,1
76119,1
76120,0
76121,0
76122,0
76123,1
76124,1
76125,1
76126,0
76127,0
76128,0
76129,1
76130,1
76131,1
76132,1
76133,1
76134,1
76135,1
76136,0
76137,1
76138,0
76139,1
76140,0
76141,0
76142,1
76143,1
76144,0
76145,0
76146,0
76147,1
76148,1
76149,1
76150,1
76151,1
76152,0
76153,1
76154,1
76155,1
76156,1
76157,1
76158,0
76159,1
76160,0
76161,1
76162,0
76163,0
76164,0
76165,0
76166,1
76167,1
76168,1
76169,0
76170,0
76171,1
76172,0
76173,0
76174,0
76175,0
76176,0
76177,0
76178,0
76179,1
76180,1
76181,0
76182,1
76183,1
76184,1
76185,0
76186,1
76187,1
76188,0
76189,1
76190,1
76191,0
76192,0
76193,1
76194,0
76195,1
76196,1
76197,0
76198,0
76199,1
76200,1
76201,1
76202,1
76203,1
76204,1
76205,1
76206,0
76207,1
76208,0
76209,1
76210,1
76211,1
76212,1
76213,0
76214,0
76215,1
76216,1
76217,1
76218,0
76219,1
76220,1
76221,0
76222,1
76223,1
76224,1
76225,1
76226,0
76227,0
76228,0
76229,1
76230,0
76231,0
76232,0
76233,1
76234,1
76235,1
76236,0
76237,1
76238,0
76239,0
76240,1
76241,1
76242,0
76243,1
76244,0
76245,1
76246,1
76247,0
76248,0
76249,1
76250,0
76251,1
76252,1
76253,1
76254,0
76255,0
76256,0
76257,1
76258,1
76259,1
76260,0
76261,0
76262,1
76263,0
76264,0
76265,1
76266,0
76267,0
76268,1
76269,0
76270,0
76271,0
76272,1
76273,0
76274,1
76275,0
76276,1
76277,0
76278,1
76279,1
76280,1
76281,0
76282,0
76283,1
76284,0
76285,0
76286,0
76287,1
76288,0
76289,1
76290,1
76291,0
76292,1
76293,0
76294,1
76295,0
76296,0
76297,0
76298,0
76299,0
76300,0
76301,1
76302,1
76303,1
76304,0
76305,1
76306,1
76307,1
76308,1
76309,1
76310,1
76311,1
76312,0
76313,0
76314,1
76315,0
76316,0
76317,1
76318,1
76319,0
76320,0
76321,1
76322,0
76323,0
76324,1
76325,1
76326,1
76327,1
76328,0
76329,1
76330,1
76331,0
76332,1
76333,0
76334,1
76335,0
76336,1
76337,0
76338,1
76339,0
76340,0
76341,0
76342,1
76343,1
76344,0
76345,1
76346,1
76347,0
76348,1
76349,0
76350,1
76351,0
76352,1
76353,0
76354,0
76355,1
76356,0
76357,1
76358,1
76359,0
76360,0
76361,0
76362,0
76363,1
76364,1
76365,1
76366,0
76367,0
76368,0
76369,1
76370,1
76371,1
76372,0
76373,0
76374,1
76375,1
76376,0
76377,1
76378,1
76379,1
76380,1
76381,1
76382,1
76383,0
76384,0
76385,1
76386,1
76387,0
76388,1
76389,1
76390,0
76391,0
76392,1
76393,0
76394,1
76395,1
76396,0
76397,1
76398,0
76399,1
76400,1
76401,0
76402,0
76403,0
76404,0
76405,0
76406,1
76407,0
76408,1
76409,0
76410,0
76411,1
76412,0
76413,1
76414,1
76415,0
76416,1
76417,1
76418,1
76419,1
76420,0
76421,1
76422,1
76423,0
76424,1
76425,1
76426,1
76427,1
76428,0
76429,0
76430,1
76431,0
76432,1
76433,1
76434,1
76435,0
76436,1
76437,0
76438,1
76439,0
76440,0
76441,1
76442,1
76443,1
76444,1
76445,1
76446,0
76447,1
76448,1
76449,1
76450,1
76451,1
76452,1
76453,0
76454,1
76455,1
76456,1
76457,1
76458,0
76459,1
76460,1
76461,1
76462,0
76463,1
76464,0
76465,0
76466,1
76467,1
76468,1
76469,1
76470,1
76471,0
76472,1
76473,0
76474,0
76475,0
76476,1
76477,0
76478,1
76479,1
76480,1
76481,1
76482,1
76483,1
76484,1
76485,1
76486,0
76487,1
76488,1
76489,1
76490,1
76491,1
76492,1
76493,1
76494,1
76495,1
76496,1
76497,0
76498,0
76499,1
76500,0
76501,1
76502,0
76503,1
76504,0
76505,1
76506,0
76507,0
76508,0
76509,1
76510,1
76511,0
76512,1
76513,1
76514,1
76515,1
76516,1
76517,1
76518,0
76519,0
76520,1
76521,1
76522,1
76523,0
76524,1
76525,0
76526,0
76527,1
76528,1
76529,1
76530,1
76531,0
76532,0
76533,0
76534,0
76535,1
76536,1
76537,1
76538,0
76539,0
76540,0
76541,1
76542,1
76543,0
76544,0
76545,1
76546,1
76547,1
76548,1
76549,0
76550,0
76551,1
76552,0
76553,0
76554,1
76555,1
76556,1
76557,1
76558,0
76559,0
76560,1
76561,0
76562,1
76563,1
76564,0
76565,1
76566,1
76567,1
76568,1
76569,0
76570,1
76571,0
76572,0
76573,0
76574,1
76575,0
76576,1
76577,1
76578,1
76579,0
76580,0
76581,0
76582,1
76583,1
76584,0
76585,0
76586,0
76587,0
76588,0
76589,0
76590,0
76591,0
76592,1
76593,0
76594,1
76595,1
76596,1
76597,0
76598,1
76599,0
76600,0
76601,1
76602,1
76603,1
76604,1
76605,0
76606,0
76607,1
76608,0
76609,1
76610,1
76611,1
76612,1
76613,1
76614,1
76615,1
76616,1
76617,1
76618,0
76619,1
76620,0
76621,0
76622,0
76623,0
76624,1
76625,0
76626,1
76627,0
76628,1
76629,0
76630,1
76631,0
76632,0
76633,0
76634,0
76635,0
76636,0
76637,1
76638,1
76639,0
76640,1
76641,0
76642,1
76643,0
76644,0
76645,1
76646,0
76647,1
76648,0
76649,0
76650,1
76651,1
76652,0
76653,1
76654,0
76655,1
76656,0
76657,0
76658,0
76659,1
76660,1
76661,0
76662,0
76663,0
76664,1
76665,0
76666,0
76667,1
76668,1
76669,1
76670,0
76671,0
76672,0
76673,1
76674,0
76675,1
76676,0
76677,0
76678,1
76679,1
76680,0
76681,1
76682,1
76683,1
76684,0
76685,1
76686,1
76687,0
76688,0
76689,1
76690,1
76691,1
76692,0
76693,0
76694,1
76695,1
76696,1
76697,0
76698,1
76699,0
76700,1
76701,0
76702,0
76703,1
76704,1
76705,0
76706,1
76707,1
76708,0
76709,1
76710,1
76711,1
76712,0
76713,0
76714,0
76715,1
76716,1
76717,1
76718,1
76719,1
76720,0
76721,0
76722,1
76723,1
76724,1
76725,0
76726,1
76727,1
76728,0
76729,1
76730,0
76731,0
76732,0
76733,0
76734,0
76735,0
76736,0
76737,1
76738,0
76739,0
76740,0
76741,0
76742,0
76743,0
76744,0
76745,0
76746,0
76747,0
76748,1
76749,1
76750,0
76751,0
76752,1
76753,0
76754,0
76755,1
76756,0
76757,0
76758,1
76759,0
76760,1
76761,1
76762,1
76763,1
76764,1
76765,0
76766,0
76767,0
76768,0
76769,0
76770,1
76771,0
76772,1
76773,1
76774,1
76775,0
76776,0
76777,0
76778,0
76779,1
76780,1
76781,0
76782,1
76783,0
76784,1
76785,0
76786,0
76787,0
76788,0
76789,1
76790,1
76791,1
76792,1
76793,0
76794,1
76795,1
76796,1
76797,1
76798,0
76799,0
76800,0
76801,0
76802,0
76803,0
76804,1
76805,0
76806,1
76807,1
76808,0
76809,0
76810,1
76811,1
76812,1
76813,0
76814,0
76815,0
76816,1
76817,1
76818,0
76819,1
76820,0
76821,0
76822,0
76823,0
76824,1
76825,0
76826,1
76827,0
76828,0
76829,1
76830,0
76831,0
76832,0
76833,1
76834,1
76835,1
76836,0
76837,1
76838,0
76839,1
76840,1
76841,1
76842,1
76843,1
76844,1
76845,1
76846,0
76847,0
76848,1
76849,0
76850,0
76851,0
76852,1
76853,0
76854,0
76855,0
76856,0
76857,1
76858,0
76859,0
76860,1
76861,0
76862,1
76863,0
76864,1
76865,0
76866,1
76867,1
76868,1
76869,0
76870,0
76871,1
76872,0
76873,0
76874,0
76875,1
76876,0
76877,0
76878,0
76879,1
76880,0
76881,1
76882,0
76883,1
76884,1
76885,1
76886,1
76887,0
76888,1
76889,0
76890,1
76891,0
76892,1
76893,1
76894,0
76895,0
76896,0
76897,0
76898,1
76899,1
76900,1
76901,0
76902,1
76903,0
76904,1
76905,1
76906,1
76907,1
76908,0
76909,1
76910,1
76911,1
76912,1
76913,1
76914,1
76915,0
76916,1
76917,1
76918,0
76919,0
76920,1
76921,0
76922,0
76923,1
76924,1
76925,1
76926,1
76927,0
76928,0
76929,1
76930,1
76931,1
76932,0
76933,0
76934,0
76935,1
76936,0
76937,0
76938,1
76939,0
76940,1
76941,1
76942,1
76943,0
76944,0
76945,1
76946,1
76947,0
76948,1
76949,0
76950,1
76951,0
76952,1
76953,1
76954,1
76955,0
76956,1
76957,1
76958,0
76959,0
76960,0
76961,1
76962,1
76963,0
76964,0
76965,0
76966,1
76967,1
76968,1
76969,0
76970,0
76971,1
76972,1
76973,1
76974,0
76975,0
76976,1
76977,0
76978,1
76979,0
76980,1
76981,0
76982,1
76983,0
76984,1
76985,1
76986,1
76987,1
76988,1
76989,1
76990,1
76991,0
76992,0
76993,1
76994,1
76995,1
76996,0
76997,0
76998,1
76999,1
77000,1
77001,0
77002,0
77003,1
77004,0
77005,1
77006,0
77007,1
77008,0
77009,1
77010,1
77011,0
77012,0
77013,0
77014,1
77015,0
77016,1
77017,1
77018,1
77019,0
77020,1
77021,1
77022,1
77023,0
77024,0
77025,0
77026,1
77027,0
77028,1
77029,0
77030,1
77031,0
77032,0
77033,0
77034,1
77035,0
77036,0
77037,0
77038,1
77039,0
77040,1
77041,1
77042,0
77043,1
77044,1
77045,1
77046,0
77047,1
77048,1
77049,0
77050,1
77051,0
77052,1
77053,1
77054,1
77055,1
77056,0
77057,1
77058,1
77059,0
77060,0
77061,0
77062,0
77063,1
77064,0
77065,0
77066,1
77067,1
77068,1
77069,1
77070,1
77071,0
77072,1
77073,1
77074,0
77075,1
77076,0
77077,0
77078,1
77079,0
77080,0
77081,1
77082,1
77083,0
77084,0
77085,0
77086,1
77087,0
77088,0
77089,0
77090,0
77091,0
77092,0
77093,1
77094,1
77095,1
77096,0
77097,1
77098,1
77099,1
77100,1
77101,1
77102,0
77103,1
77104,0
77105,1
77106,0
77107,0
77108,0
77109,1
77110,1
77111,0
77112,1
77113,1
77114,1
77115,0
77116,1
77117,1
77118,0
77119,0
77120,1
77121,0
77122,0
77123,1
77124,0
77125,1
77126,0
77127,0
77128,1
77129,0
77130,1
77131,0
77132,1
77133,1
77134,0
77135,1
77136,0
77137,0
77138,0
77139,0
77140,1
77141,1
77142,1
77143,1
77144,1
77145,1
77146,0
77147,1
77148,1
77149,0
77150,1
77151,0
77152,1
77153,1
77154,1
77155,1
77156,1
77157,1
77158,0
77159,1
77160,0
77161,0
77162,1
77163,1
77164,1
77165,1
77166,1
77167,1
77168,0
77169,1
77170,0
77171,0
77172,1
77173,0
77174,1
77175,1
77176,1
77177,1
77178,1
77179,1
77180,0
77181,1
77182,0
77183,1
77184,1
77185,0
77186,0
77187,1
77188,0
77189,1
77190,1
77191,1
77192,0
77193,1
77194,1
77195,0
77196,0
77197,0
77198,1
77199,1
77200,1
77201,1
77202,0
77203,0
77204,1
77205,0
77206,1
77207,0
77208,1
77209,0
77210,1
77211,0
77212,1
77213,1
77214,0
77215,1
77216,0
77217,1
77218,1
77219,1
77220,0
77221,0
77222,0
77223,0
77224,1
77225,0
77226,1
77227,0
77228,1
77229,0
77230,1
77231,1
77232,1
77233,1
77234,1
77235,1
77236,0
77237,1
77238,1
77239,0
77240,0
77241,0
77242,1
77243,1
77244,1
77245,1
77246,1
77247,1
77248,1
77249,0
77250,0
77251,1
77252,1
77253,0
77254,0
77255,0
77256,0
77257,0
77258,0
77259,1
77260,0
77261,0
77262,0
77263,1
77264,0
77265,0
77266,0
77267,1
77268,1
77269,0
77270,0
77271,1
77272,0
77273,0
77274,1
77275,0
77276,1
77277,0
77278,1
77279,1
77280,0
77281,1
77282,0
77283,0
77284,0
77285,1
77286,0
77287,0
77288,0
77289,1
77290,0
77291,0
77292,0
77293,1
77294,1
77295,0
77296,1
77297,1
77298,0
77299,1
77300,1
77301,1
77302,0
77303,0
77304,1
77305,0
77306,0
77307,0
77308,0
77309,1
77310,0
77311,0
77312,1
77313,0
77314,0
77315,1
77316,1
77317,1
77318,0
77319,0
77320,1
77321,1
77322,0
77323,1
77324,0
77325,1
77326,1
77327,1
77328,1
77329,1
77330,1
77331,1
77332,1
77333,0
77334,1
77335,1
77336,1
77337,1
77338,0
77339,1
77340,1
77341,1
77342,1
77343,0
77344,1
77345,0
77346,1
77347,0
77348,1
77349,1
77350,1
77351,1
77352,0
77353,0
77354,0
77355,1
77356,1
77357,0
77358,0
77359,0
77360,1
77361,1
77362,1
77363,0
77364,0
77365,0
77366,0
77367,1
77368,1
77369,1
77370,0
77371,1
77372,1
77373,1
77374,0
77375,1
77376,0
77377,1
77378,1
77379,0
77380,1
77381,0
77382,1
77383,0
77384,1
77385,1
77386,0
77387,1
77388,1
77389,0
77390,1
77391,0
77392,1
77393,0
77394,1
77395,1
77396,1
77397,0
77398,0
77399,0
77400,1
77401,1
77402,1
77403,1
77404,0
77405,0
77406,0
77407,0
77408,0
77409,1
77410,0
77411,1
77412,0
77413,0
77414,1
77415,1
77416,1
77417,1
77418,0
77419,1
77420,1
77421,0
77422,0
77423,1
77424,0
77425,1
77426,0
77427,1
77428,1
77429,1
77430,0
77431,1
77432,0
77433,0
77434,0
77435,1
77436,1
77437,0
77438,0
77439,1
77440,0
77441,1
77442,0
77443,0
77444,0
77445,1
77446,0
77447,1
77448,1
77449,0
77450,1
77451,1
77452,0
77453,0
77454,0
77455,0
77456,0
77457,1
77458,1
77459,1
77460,1
77461,1
77462,1
77463,1
77464,1
77465,1
77466,0
77467,1
77468,0
77469,1
77470,1
77471,1
77472,1
77473,0
77474,0
77475,1
77476,0
77477,1
77478,1
77479,1
77480,1
77481,1
77482,1
77483,1
77484,0
77485,1
77486,0
77487,1
77488,1
77489,0
77490,1
77491,1
77492,1
77493,1
77494,1
77495,0
77496,1
77497,0
77498,0
77499,1
77500,1
77501,1
77502,1
77503,0
77504,0
77505,0
77506,1
77507,1
77508,1
77509,1
77510,0
77511,0
77512,0
77513,1
77514,0
77515,1
77516,0
77517,1
77518,1
77519,0
77520,0
77521,1
77522,1
77523,1
77524,1
77525,1
77526,1
77527,1
77528,1
77529,1
77530,0
77531,0
77532,1
77533,1
77534,1
77535,0
77536,0
77537,1
77538,0
77539,1
77540,1
77541,1
77542,1
77543,1
77544,0
77545,0
77546,0
77547,0
77548,1
77549,1
77550,1
77551,0
77552,0
77553,1
77554,0
77555,0
77556,0
77557,1
77558,0
77559,0
77560,1
77561,1
77562,0
77563,1
77564,1
77565,0
77566,1
77567,1
77568,0
77569,1
77570,0
77571,0
77572,0
77573,1
77574,1
77575,0
77576,1
77577,1
77578,1
77579,0
77580,0
77581,0
77582,1
77583,1
77584,0
77585,1
77586,1
77587,1
77588,1
77589,0
77590,0
77591,1
77592,1
77593,0
77594,1
77595,0
77596,0
77597,0
77598,0
77599,1
77600,1
77601,1
77602,0
77603,0
77604,1
77605,0
77606,0
77607,1
77608,1
77609,0
77610,1
77611,1
77612,0
77613,1
77614,0
77615,1
77616,0
77617,1
77618,0
77619,0
77620,0
77621,1
77622,1
77623,0
77624,0
77625,0
77626,0
77627,1
77628,0
77629,1
77630,0
77631,0
77632,0
77633,0
77634,0
77635,0
77636,1
77637,1
77638,0
77639,1
77640,0
77641,0
77642,0
77643,1
77644,0
77645,1
77646,1
77647,0
77648,0
77649,0
77650,0
77651,0
77652,0
77653,1
77654,1
77655,1
77656,1
77657,0
77658,1
77659,1
77660,1
77661,0
77662,1
77663,1
77664,0
77665,1
77666,1
77667,0
77668,0
77669,1
77670,1
77671,1
77672,1
77673,0
77674,0
77675,1
77676,1
77677,0
77678,1
77679,0
77680,0
77681,1
77682,1
77683,0
77684,0
77685,1
77686,1
77687,0
77688,1
77689,0
77690,1
77691,0
77692,0
77693,1
77694,0
77695,1
77696,1
77697,1
77698,0
77699,1
77700,1
77701,0
77702,1
77703,0
77704,1
77705,1
77706,1
77707,0
77708,1
77709,0
77710,1
77711,1
77712,1
77713,0
77714,0
77715,0
77716,0
77717,0
77718,1
77719,0
77720,0
77721,1
77722,0
77723,0
77724,0
77725,1
77726,0
77727,1
77728,0
77729,0
77730,1
77731,1
77732,1
77733,0
77734,1
77735,0
77736,1
77737,1
77738,1
77739,0
77740,1
77741,1
77742,1
77743,1
77744,1
77745,1
77746,1
77747,1
77748,1
77749,0
77750,1
77751,1
77752,1
77753,1
77754,1
77755,1
77756,0
77757,1
77758,0
77759,0
77760,0
77761,1
77762,0
77763,1
77764,0
77765,1
77766,0
77767,0
77768,1
77769,0
77770,0
77771,0
77772,0
77773,0
77774,1
77775,0
77776,0
77777,1
77778,0
77779,0
77780,0
77781,1
77782,1
77783,1
77784,1
77785,1
77786,1
77787,1
77788,0
77789,0
77790,0
77791,0
77792,1
77793,1
77794,0
77795,1
77796,0
77797,1
77798,1
77799,1
77800,1
77801,1
77802,1
77803,1
77804,1
77805,1
77806,0
77807,1
77808,1
77809,1
77810,1
77811,1
77812,1
77813,0
77814,1
77815,1
77816,1
77817,0
77818,0
77819,0
77820,1
77821,1
77822,1
77823,0
77824,1
77825,0
77826,1
77827,0
77828,0
77829,0
77830,1
77831,1
77832,1
77833,0
77834,1
77835,0
77836,0
77837,1
77838,0
77839,0
77840,0
77841,1
77842,0
77843,0
77844,1
77845,1
77846,1
77847,1
77848,0
77849,0
77850,0
77851,1
77852,1
77853,1
77854,1
77855,0
77856,0
77857,0
77858,1
77859,0
77860,1
77861,0
77862,0
77863,1
77864,1
77865,1
77866,1
77867,1
77868,0
77869,0
77870,1
77871,0
77872,0
77873,0
77874,0
77875,1
77876,0
77877,1
77878,0
77879,1
77880,0
77881,1
77882,0
77883,0
77884,0
77885,1
77886,0
77887,1
77888,1
77889,1
77890,1
77891,1
77892,1
77893,0
77894,1
77895,0
77896,0
77897,0
77898,1
77899,1
77900,1
77901,1
77902,1
77903,1
77904,0
77905,0
77906,0
77907,0
77908,0
77909,0
77910,1
77911,1
77912,1
77913,1
77914,0
77915,1
77916,0
77917,1
77918,0
77919,1
77920,1
77921,0
77922,0
77923,1
77924,0
77925,1
77926,1
77927,1
77928,0
77929,0
77930,1
77931,0
77932,0
77933,1
77934,1
77935,1
77936,0
77937,1
77938,0
77939,0
77940,0
77941,1
77942,1
77943,1
77944,1
77945,1
77946,0
77947,1
77948,0
77949,0
77950,1
77951,1
77952,1
77953,0
77954,0
77955,1
77956,0
77957,0
77958,1
77959,0
77960,1
77961,0
77962,0
77963,1
77964,1
77965,1
77966,1
77967,0
77968,0
77969,1
77970,1
77971,1
77972,1
77973,0
77974,1
77975,0
77976,1
77977,0
77978,1
77979,1
77980,1
77981,0
77982,0
77983,0
77984,1
77985,1
77986,0
77987,1
77988,1
77989,1
77990,1
77991,0
77992,1
77993,1
77994,0
77995,1
77996,0
77997,1
77998,0
77999,0
78000,1
78001,1
78002,1
78003,1
78004,1
78005,1
78006,1
78007,1
78008,0
78009,0
78010,1
78011,1
78012,0
78013,0
78014,1
78015,0
78016,0
78017,1
78018,0
78019,0
78020,1
78021,1
78022,1
78023,0
78024,0
78025,1
78026,1
78027,0
78028,0
78029,0
78030,0
78031,0
78032,0
78033,1
78034,1
78035,1
78036,0
78037,1
78038,0
78039,0
78040,1
78041,1
78042,0
78043,1
78044,1
78045,0
78046,1
78047,0
78048,1
78049,0
78050,0
78051,0
78052,1
78053,0
78054,1
78055,1
78056,1
78057,0
78058,1
78059,1
78060,1
78061,1
78062,0
78063,1
78064,0
78065,1
78066,1
78067,0
78068,1
78069,1
78070,0
78071,0
78072,1
78073,0
78074,1
78075,0
78076,0
78077,1
78078,0
78079,1
78080,0
78081,0
78082,1
78083,1
78084,1
78085,1
78086,0
78087,0
78088,0
78089,0
78090,0
78091,1
78092,1
78093,1
78094,1
78095,1
78096,0
78097,1
78098,1
78099,0
78100,1
78101,1
78102,1
78103,1
78104,0
78105,0
78106,0
78107,1
78108,0
78109,1
78110,1
78111,0
78112,0
78113,0
78114,1
78115,0
78116,1
78117,1
78118,1
78119,0
78120,0
78121,1
78122,1
78123,1
78124,1
78125,1
78126,1
78127,1
78128,0
78129,1
78130,0
78131,1
78132,0
78133,1
78134,1
78135,1
78136,1
78137,1
78138,1
78139,1
78140,0
78141,0
78142,1
78143,0
78144,0
78145,1
78146,0
78147,1
78148,1
78149,0
78150,1
78151,1
78152,1
78153,1
78154,0
78155,1
78156,0
78157,1
78158,1
78159,1
78160,0
78161,0
78162,1
78163,1
78164,1
78165,1
78166,1
78167,1
78168,1
78169,1
78170,1
78171,0
78172,0
78173,1
78174,0
78175,1
78176,1
78177,0
78178,0
78179,0
78180,0
78181,0
78182,0
78183,1
78184,0
78185,1
78186,0
78187,0
78188,1
78189,0
78190,1
78191,1
78192,0
78193,1
78194,1
78195,0
78196,0
78197,1
78198,1
78199,0
78200,0
78201,1
78202,0
78203,1
78204,1
78205,0
78206,1
78207,1
78208,1
78209,1
78210,1
78211,0
78212,0
78213,0
78214,0
78215,1
78216,1
78217,0
78218,1
78219,1
78220,0
78221,1
78222,1
78223,0
78224,1
78225,1
78226,0
78227,0
78228,0
78229,0
78230,0
78231,0
78232,0
78233,1
78234,1
78235,1
78236,0
78237,0
78238,1
78239,0
78240,0
78241,1
78242,1
78243,1
78244,0
78245,0
78246,1
78247,0
78248,0
78249,0
78250,1
78251,0
78252,0
78253,1
78254,0
78255,0
78256,1
78257,0
78258,1
78259,0
78260,0
78261,0
78262,0
78263,1
78264,1
78265,1
78266,1
78267,0
78268,1
78269,1
78270,0
78271,1
78272,1
78273,0
78274,1
78275,1
78276,0
78277,1
78278,1
78279,1
78280,0
78281,0
78282,1
78283,0
78284,1
78285,0
78286,1
78287,0
78288,0
78289,0
78290,1
78291,0
78292,1
78293,0
78294,0
78295,0
78296,0
78297,0
78298,1
78299,1
78300,0
78301,0
78302,0
78303,0
78304,0
78305,1
78306,1
78307,0
78308,0
78309,0
78310,0
78311,1
78312,1
78313,0
78314,1
78315,0
78316,1
78317,1
78318,1
78319,0
78320,0
78321,0
78322,1
78323,1
78324,0
78325,1
78326,0
78327,0
78328,0
78329,0
78330,0
78331,0
78332,0
78333,1
78334,0
78335,0
78336,1
78337,1
78338,0
78339,1
78340,1
78341,0
78342,0
78343,0
78344,0
78345,0
78346,0
78347,0
78348,1
78349,1
78350,0
78351,0
78352,0
78353,1
78354,0
78355,0
78356,1
78357,1
78358,0
78359,0
78360,0
78361,0
78362,1
78363,1
78364,0
78365,1
78366,1
78367,0
78368,1
78369,1
78370,1
78371,1
78372,1
78373,1
78374,1
78375,1
78376,0
78377,0
78378,1
78379,1
78380,1
78381,1
78382,1
78383,0
78384,1
78385,1
78386,0
78387,1
78388,1
78389,1
78390,1
78391,1
78392,1
78393,1
78394,0
78395,0
78396,1
78397,1
78398,1
78399,1
78400,0
78401,0
78402,0
78403,1
78404,0
78405,0
78406,1
78407,1
78408,1
78409,1
78410,0
78411,1
78412,1
78413,1
78414,1
78415,1
78416,1
78417,1
78418,1
78419,1
78420,0
78421,0
78422,0
78423,1
78424,1
78425,1
78426,1
78427,0
78428,0
78429,1
78430,1
78431,1
78432,1
78433,1
78434,0
78435,1
78436,1
78437,1
78438,1
78439,1
78440,0
78441,0
78442,1
78443,0
78444,0
78445,1
78446,0
78447,0
78448,1
78449,0
78450,1
78451,0
78452,1
78453,0
78454,1
78455,0
78456,1
78457,1
78458,1
78459,0
78460,0
78461,1
78462,0
78463,1
78464,1
78465,1
78466,0
78467,1
78468,0
78469,0
78470,1
78471,0
78472,0
78473,1
78474,1
78475,0
78476,1
78477,0
78478,1
78479,0
78480,0
78481,1
78482,1
78483,0
78484,1
78485,1
78486,0
78487,0
78488,0
78489,0
78490,1
78491,0
78492,1
78493,1
78494,1
78495,1
78496,1
78497,1
78498,1
78499,1
78500,0
78501,1
78502,0
78503,0
78504,0
78505,1
78506,1
78507,1
78508,1
78509,0
78510,0
78511,0
78512,0
78513,1
78514,0
78515,0
78516,1
78517,1
78518,0
78519,0
78520,1
78521,1
78522,0
78523,0
78524,1
78525,1
78526,1
78527,0
78528,0
78529,1
78530,1
78531,1
78532,1
78533,1
78534,0
78535,1
78536,1
78537,1
78538,0
78539,1
78540,0
78541,0
78542,0
78543,0
78544,1
78545,0
78546,1
78547,0
78548,1
78549,1
78550,1
78551,1
78552,0
78553,1
78554,0
78555,0
78556,1
78557,0
78558,1
78559,1
78560,1
78561,0
78562,1
78563,1
78564,0
78565,1
78566,1
78567,0
78568,0
78569,1
78570,1
78571,0
78572,1
78573,0
78574,0
78575,0
78576,0
78577,1
78578,1
78579,0
78580,1
78581,1
78582,1
78583,0
78584,1
78585,1
78586,0
78587,1
78588,0
78589,0
78590,0
78591,0
78592,1
78593,1
78594,1
78595,0
78596,0
78597,0
78598,1
78599,1
78600,1
78601,0
78602,0
78603,1
78604,1
78605,0
78606,1
78607,0
78608,0
78609,1
78610,0
78611,1
78612,0
78613,1
78614,0
78615,1
78616,1
78617,1
78618,0
78619,0
78620,0
78621,0
78622,0
78623,1
78624,0
78625,1
78626,0
78627,0
78628,1
78629,1
78630,1
78631,0
78632,1
78633,0
78634,1
78635,1
78636,1
78637,1
78638,0
78639,1
78640,0
78641,0
78642,0
78643,1
78644,1
78645,0
78646,1
78647,0
78648,0
78649,0
78650,0
78651,1
78652,1
78653,0
78654,1
78655,0
78656,0
78657,1
78658,1
78659,0
78660,0
78661,1
78662,0
78663,0
78664,0
78665,1
78666,0
78667,0
78668,0
78669,0
78670,1
78671,1
78672,1
78673,0
78674,1
78675,1
78676,0
78677,0
78678,1
78679,1
78680,0
78681,1
78682,1
78683,1
78684,1
78685,0
78686,1
78687,1
78688,1
78689,1
78690,0
78691,0
78692,0
78693,0
78694,0
78695,1
78696,0
78697,0
78698,1
78699,0
78700,0
78701,1
78702,1
78703,0
78704,1
78705,1
78706,0
78707,1
78708,0
78709,0
78710,0
78711,0
78712,1
78713,1
78714,1
78715,1
78716,0
78717,1
78718,0
78719,1
78720,0
78721,1
78722,0
78723,0
78724,1
78725,0
78726,1
78727,1
78728,1
78729,1
78730,0
78731,0
78732,0
78733,1
78734,1
78735,0
78736,1
78737,0
78738,1
78739,0
78740,1
78741,1
78742,1
78743,1
78744,1
78745,1
78746,1
78747,1
78748,1
78749,0
78750,0
78751,1
78752,1
78753,1
78754,1
78755,1
78756,1
78757,1
78758,1
78759,1
78760,0
78761,0
78762,0
78763,1
78764,1
78765,1
78766,1
78767,0
78768,1
78769,0
78770,1
78771,1
78772,1
78773,1
78774,1
78775,1
78776,1
78777,0
78778,1
78779,0
78780,0
78781,0
78782,1
78783,1
78784,1
78785,1
78786,1
78787,1
78788,0
78789,0
78790,1
78791,1
78792,0
78793,1
78794,1
78795,0
78796,0
78797,1
78798,0
78799,0
78800,0
78801,1
78802,0
78803,0
78804,1
78805,1
78806,0
78807,0
78808,0
78809,1
78810,1
78811,0
78812,0
78813,1
78814,1
78815,0
78816,1
78817,1
78818,0
78819,0
78820,1
78821,1
78822,0
78823,0
78824,1
78825,0
78826,1
78827,0
78828,0
78829,1
78830,1
78831,0
78832,0
78833,0
78834,1
78835,0
78836,1
78837,1
78838,0
78839,0
78840,0
78841,1
78842,1
78843,0
78844,1
78845,0
78846,0
78847,1
78848,0
78849,1
78850,0
78851,0
78852,1
78853,1
78854,1
78855,0
78856,0
78857,1
78858,1
78859,1
78860,0
78861,0
78862,0
78863,1
78864,0
78865,1
78866,0
78867,0
78868,1
78869,0
78870,0
78871,0
78872,0
78873,1
78874,0
78875,0
78876,1
78877,0
78878,0
78879,1
78880,1
78881,0
78882,0
78883,1
78884,0
78885,1
78886,0
78887,1
78888,1
78889,0
78890,1
78891,1
78892,1
78893,0
78894,0
78895,0
78896,0
78897,0
78898,1
78899,0
78900,1
78901,1
78902,1
78903,1
78904,1
78905,0
78906,0
78907,0
78908,0
78909,0
78910,0
78911,0
78912,1
78913,0
78914,0
78915,1
78916,1
78917,0
78918,0
78919,0
78920,0
78921,0
78922,1
78923,1
78924,1
78925,1
78926,0
78927,1
78928,0
78929,1
78930,1
78931,1
78932,1
78933,0
78934,1
78935,1
78936,0
78937,1
78938,0
78939,1
78940,1
78941,0
78942,1
78943,1
78944,1
78945,0
78946,1
78947,1
78948,1
78949,0
78950,0
78951,0
78952,1
78953,1
78954,1
78955,0
78956,0
78957,1
78958,0
78959,0
78960,1
78961,1
78962,1
78963,0
78964,1
78965,1
78966,1
78967,1
78968,1
78969,1
78970,0
78971,0
78972,0
78973,1
78974,0
78975,1
78976,0
78977,0
78978,0
78979,0
78980,0
78981,0
78982,0
78983,0
78984,1
78985,0
78986,1
78987,0
78988,1
78989,1
78990,1
78991,0
78992,1
78993,1
78994,0
78995,1
78996,0
78997,0
78998,0
78999,1
79000,0
79001,0
79002,0
79003,0
79004,1
79005,0
79006,1
79007,1
79008,1
79009,0
79010,1
79011,1
79012,0
79013,1
79014,0
79015,1
79016,1
79017,1
79018,1
79019,0
79020,1
79021,0
79022,0
79023,1
79024,1
79025,0
79026,0
79027,0
79028,0
79029,0
79030,0
79031,1
79032,1
79033,1
79034,1
79035,0
79036,1
79037,1
79038,0
79039,1
79040,1
79041,1
79042,0
79043,0
79044,1
79045,0
79046,0
79047,1
79048,1
79049,0
79050,0
79051,0
79052,1
79053,1
79054,1
79055,0
79056,1
79057,1
79058,1
79059,1
79060,1
79061,0
79062,1
79063,0
79064,0
79065,1
79066,0
79067,1
79068,1
79069,0
79070,1
79071,1
79072,1
79073,1
79074,1
79075,1
79076,0
79077,0
79078,0
79079,0
79080,0
79081,1
79082,1
79083,0
79084,1
79085,1
79086,0
79087,0
79088,0
79089,1
79090,0
79091,0
79092,0
79093,0
79094,1
79095,0
79096,0
79097,1
79098,1
79099,0
79100,0
79101,0
79102,0
79103,0
79104,0
79105,1
79106,0
79107,0
79108,1
79109,1
79110,1
79111,1
79112,1
79113,1
79114,0
79115,0
79116,0
79117,0
79118,0
79119,0
79120,1
79121,1
79122,1
79123,1
79124,1
79125,1
79126,0
79127,0
79128,1
79129,1
79130,0
79131,1
79132,1
79133,0
79134,0
79135,0
79136,1
79137,0
79138,0
79139,0
79140,1
79141,1
79142,1
79143,0
79144,0
79145,1
79146,1
79147,1
79148,0
79149,1
79150,0
79151,1
79152,1
79153,0
79154,1
79155,0
79156,1
79157,0
79158,0
79159,1
79160,1
79161,1
79162,0
79163,0
79164,0
79165,0
79166,0
79167,1
79168,0
79169,1
79170,0
79171,0
79172,1
79173,1
79174,1
79175,0
79176,1
79177,1
79178,1
79179,1
79180,0
79181,0
79182,0
79183,1
79184,0
79185,1
79186,0
79187,0
79188,0
79189,1
79190,1
79191,0
79192,1
79193,0
79194,1
79195,1
79196,1
79197,1
79198,0
79199,1
79200,1
79201,0
79202,0
79203,0
79204,1
79205,1
79206,1
79207,1
79208,0
79209,0
79210,0
79211,1
79212,0
79213,0
79214,1
79215,1
79216,0
79217,1
79218,0
79219,1
79220,1
79221,0
79222,1
79223,0
79224,1
79225,1
79226,1
79227,0
79228,0
79229,0
79230,1
79231,1
79232,0
79233,0
79234,1
79235,1
79236,0
79237,1
79238,1
79239,0
79240,1
79241,0
79242,0
79243,0
79244,0
79245,1
79246,1
79247,0
79248,1
79249,1
79250,0
79251,0
79252,0
79253,1
79254,0
79255,1
79256,1
79257,1
79258,1
79259,0
79260,0
79261,1
79262,1
79263,1
79264,1
79265,1
79266,1
79267,1
79268,1
79269,0
79270,1
79271,0
79272,1
79273,1
79274,1
79275,0
79276,1
79277,1
79278,0
79279,1
79280,0
79281,0
79282,0
79283,0
79284,0
79285,1
79286,0
79287,0
79288,1
79289,1
79290,1
79291,1
79292,0
79293,1
79294,1
79295,1
79296,1
79297,0
79298,0
79299,0
79300,0
79301,1
79302,0
79303,0
79304,1
79305,0
79306,0
79307,1
79308,0
79309,0
79310,0
79311,1
79312,0
79313,0
79314,1
79315,1
79316,1
79317,1
79318,0
79319,0
79320,1
79321,1
79322,1
79323,0
79324,0
79325,0
79326,1
79327,0
79328,1
79329,0
79330,0
79331,0
79332,1
79333,0
79334,1
79335,0
79336,1
79337,0
79338,1
79339,0
79340,1
79341,0
79342,1
79343,1
79344,1
79345,0
79346,0
79347,0
79348,0
79349,1
79350,1
79351,1
79352,0
79353,1
79354,0
79355,0
79356,1
79357,0
79358,0
79359,1
79360,1
79361,0
79362,1
79363,0
79364,0
79365,1
79366,1
79367,1
79368,0
79369,0
79370,1
79371,0
79372,1
79373,0
79374,1
79375,0
79376,1
79377,1
79378,0
79379,1
79380,1
79381,1
79382,0
79383,0
79384,1
79385,0
79386,0
79387,1
79388,0
79389,0
79390,0
79391,1
79392,0
79393,1
79394,1
79395,1
79396,1
79397,1
79398,0
79399,1
79400,0
79401,0
79402,1
79403,1
79404,0
79405,0
79406,0
79407,1
79408,1
79409,1
79410,0
79411,0
79412,0
79413,1
79414,0
79415,0
79416,0
79417,0
79418,0
79419,1
79420,1
79421,1
79422,0
79423,1
79424,1
79425,1
79426,1
79427,1
79428,0
79429,0
79430,0
79431,1
79432,1
79433,1
79434,1
79435,0
79436,1
79437,1
79438,1
79439,0
79440,0
79441,0
79442,1
79443,0
79444,0
79445,0
79446,0
79447,0
79448,1
79449,1
79450,1
79451,1
79452,1
79453,1
79454,1
79455,1
79456,1
79457,0
79458,1
79459,1
79460,0
79461,1
79462,1
79463,0
79464,1
79465,0
79466,1
79467,0
79468,0
79469,1
79470,1
79471,1
79472,1
79473,1
79474,1
79475,0
79476,1
79477,1
79478,0
79479,1
79480,0
79481,0
79482,0
79483,1
79484,1
79485,0
79486,0
79487,0
79488,1
79489,0
79490,1
79491,0
79492,1
79493,1
79494,1
79495,1
79496,0
79497,0
79498,1
79499,0
79500,1
79501,0
79502,0
79503,1
79504,0
79505,1
79506,1
79507,0
79508,0
79509,0
79510,0
79511,0
79512,0
79513,1
79514,0
79515,0
79516,0
79517,0
79518,1
79519,1
79520,1
79521,1
79522,0
79523,1
79524,1
79525,0
79526,1
79527,0
79528,1
79529,0
79530,0
79531,0
79532,1
79533,0
79534,1
79535,1
79536,1
79537,1
79538,0
79539,0
79540,1
79541,0
79542,1
79543,0
79544,1
79545,1
79546,1
79547,0
79548,0
79549,0
79550,1
79551,0
79552,1
79553,1
79554,1
79555,0
79556,0
79557,1
79558,0
79559,0
79560,0
79561,1
79562,0
79563,0
79564,1
79565,1
79566,1
79567,1
79568,1
79569,1
79570,1
79571,1
79572,0
79573,0
79574,0
79575,0
79576,0
79577,1
79578,1
79579,0
79580,0
79581,1
79582,1
79583,0
79584,1
79585,1
79586,0
79587,0
79588,0
79589,1
79590,1
79591,0
79592,0
79593,1
79594,1
79595,1
79596,0
79597,0
79598,1
79599,1
79600,1
79601,0
79602,0
79603,0
79604,0
79605,0
79606,0
79607,1
79608,1
79609,1
79610,1
79611,0
79612,1
79613,1
79614,0
79615,0
79616,1
79617,1
79618,0
79619,0
79620,1
79621,1
79622,1
79623,0
79624,1
79625,0
79626,1
79627,0
79628,1
79629,0
79630,0
79631,0
79632,0
79633,0
79634,0
79635,1
79636,1
79637,0
79638,1
79639,0
79640,0
79641,0
79642,1
79643,1
79644,0
79645,1
79646,0
79647,1
79648,1
79649,0
79650,0
79651,0
79652,1
79653,1
79654,0
79655,1
79656,0
79657,1
79658,0
79659,0
79660,1
79661,1
79662,0
79663,0
79664,0
79665,1
79666,0
79667,0
79668,0
79669,1
79670,1
79671,0
79672,0
79673,1
79674,0
79675,1
79676,1
79677,1
79678,0
79679,1
79680,0
79681,1
79682,0
79683,0
79684,1
79685,0
79686,1
79687,1
79688,0
79689,0
79690,1
79691,1
79692,0
79693,0
79694,1
79695,0
79696,1
79697,0
79698,1
79699,1
79700,1
79701,0
79702,1
79703,0
79704,0
79705,1
79706,0
79707,1
79708,1
79709,1
79710,0
79711,0
79712,0
79713,0
79714,0
79715,1
79716,1
79717,1
79718,1
79719,1
79720,0
79721,1
79722,1
79723,0
79724,1
79725,1
79726,1
79727,0
79728,1
79729,0
79730,0
79731,1
79732,0
79733,1
79734,1
79735,1
79736,0
79737,1
79738,1
79739,0
79740,0
79741,0
79742,1
79743,1
79744,0
79745,1
79746,1
79747,0
79748,1
79749,0
79750,1
79751,0
79752,0
79753,0
79754,1
79755,1
79756,1
79757,1
79758,0
79759,1
79760,1
79761,1
79762,1
79763,1
79764,0
79765,0
79766,0
79767,1
79768,0
79769,0
79770,1
79771,1
79772,0
79773,1
79774,0
79775,1
79776,1
79777,1
79778,1
79779,1
79780,1
79781,0
79782,1
79783,1
79784,0
79785,0
79786,0
79787,1
79788,1
79789,0
79790,1
79791,1
79792,1
79793,0
79794,1
79795,0
79796,1
79797,0
79798,1
79799,1
79800,1
79801,0
79802,1
79803,1
79804,1
79805,0
79806,1
79807,1
79808,0
79809,0
79810,0
79811,1
79812,0
79813,1
79814,1
79815,1
79816,0
79817,0
79818,0
79819,0
79820,0
79821,0
79822,0
79823,0
79824,1
79825,0
79826,0
79827,0
79828,1
79829,1
79830,1
79831,0
79832,1
79833,0
79834,1
79835,1
79836,0
79837,0
79838,0
79839,0
79840,1
79841,1
79842,1
79843,0
79844,1
79845,1
79846,0
79847,0
79848,1
79849,0
79850,0
79851,0
79852,1
79853,1
79854,1
79855,0
79856,1
79857,1
79858,1
79859,1
79860,0
79861,1
79862,0
79863,1
79864,0
79865,0
79866,0
79867,0
79868,0
79869,1
79870,1
79871,0
79872,1
79873,0
79874,0
79875,0
79876,1
79877,1
79878,0
79879,1
79880,0
79881,1
79882,1
79883,1
79884,1
79885,0
79886,0
79887,0
79888,1
79889,1
79890,1
79891,1
79892,0
79893,0
79894,1
79895,1
79896,0
79897,0
79898,1
79899,0
79900,1
79901,1
79902,0
79903,1
79904,0
79905,1
79906,1
79907,1
79908,0
79909,0
79910,1
79911,0
79912,0
79913,0
79914,0
79915,0
79916,0
79917,1
79918,0
79919,0
79920,1
79921,0
79922,1
79923,0
79924,0
79925,1
79926,1
79927,0
79928,1
79929,1
79930,0
79931,1
79932,1
79933,1
79934,1
79935,1
79936,0
79937,0
79938,1
79939,0
79940,1
79941,0
79942,0
79943,1
79944,1
79945,0
79946,0
79947,0
79948,1
79949,0
79950,0
79951,0
79952,0
79953,0
79954,1
79955,0
79956,0
79957,1
79958,1
79959,1
79960,0
79961,1
79962,1
79963,0
79964,1
79965,0
79966,0
79967,1
79968,0
79969,0
79970,1
79971,0
79972,0
79973,0
79974,0
79975,0
79976,1
79977,1
79978,0
79979,1
79980,1
79981,0
79982,0
79983,1
79984,1
79985,0
79986,1
79987,1
79988,0
79989,0
79990,0
79991,1
79992,1
79993,0
79994,0
79995,0
79996,0
79997,0
79998,1
79999,0
80000,1
80001,0
80002,1
80003,1
80004,0
80005,0
80006,1
80007,1
80008,1
80009,1
80010,0
80011,0
80012,0
80013,0
80014,1
80015,1
80016,0
80017,1
80018,0
80019,1
80020,1
80021,1
80022,1
80023,0
80024,1
80025,0
80026,0
80027,0
80028,0
80029,1
80030,1
80031,1
80032,0
80033,1
80034,0
80035,0
80036,1
80037,0
80038,0
80039,1
80040,0
80041,0
80042,1
80043,0
80044,1
80045,1
80046,1
80047,0
80048,0
80049,0
80050,0
80051,1
80052,1
80053,0
80054,0
80055,1
80056,1
80057,1
80058,0
80059,0
80060,1
80061,1
80062,1
80063,1
80064,0
80065,1
80066,1
80067,0
80068,0
80069,1
80070,0
80071,1
80072,1
80073,1
80074,0
80075,1
80076,0
80077,1
80078,0
80079,1
80080,1
80081,0
80082,0
80083,0
80084,1
80085,1
80086,1
80087,1
80088,0
80089,1
80090,0
80091,0
80092,0
80093,1
80094,1
80095,0
80096,0
80097,1
80098,1
80099,1
80100,0
80101,1
80102,0
80103,0
80104,0
80105,1
80106,1
80107,0
80108,1
80109,0
80110,0
80111,0
80112,0
80113,1
80114,0
80115,0
80116,0
80117,0
80118,1
80119,1
80120,1
80121,0
80122,0
80123,0
80124,1
80125,1
80126,1
80127,1
80128,1
80129,0
80130,0
80131,1
80132,1
80133,0
80134,1
80135,0
80136,1
80137,1
80138,0
80139,1
80140,1
80141,0
80142,1
80143,1
80144,0
80145,0
80146,1
80147,1
80148,0
80149,0
80150,0
80151,0
80152,1
80153,0
80154,0
80155,0
80156,1
80157,1
80158,1
80159,0
80160,1
80161,0
80162,0
80163,1
80164,0
80165,1
80166,0
80167,0
80168,1
80169,0
80170,0
80171,0
80172,1
80173,1
80174,0
80175,0
80176,1
80177,1
80178,1
80179,0
80180,0
80181,1
80182,1
80183,0
80184,1
80185,0
80186,0
80187,1
80188,1
80189,1
80190,1
80191,0
80192,0
80193,0
80194,0
80195,1
80196,0
80197,0
80198,0
80199,0
80200,0
80201,1
80202,0
80203,1
80204,1
80205,0
80206,0
80207,1
80208,1
80209,1
80210,1
80211,0
80212,0
80213,1
80214,0
80215,0
80216,1
80217,1
80218,0
80219,1
80220,1
80221,1
80222,1
80223,0
80224,1
80225,0
80226,1
80227,0
80228,0
80229,1
80230,1
80231,1
80232,0
80233,1
80234,0
80235,0
80236,0
80237,0
80238,1
80239,0
80240,1
80241,0
80242,1
80243,0
80244,0
80245,0
80246,1
80247,1
80248,1
80249,1
80250,1
80251,1
80252,1
80253,0
80254,1
80255,1
80256,1
80257,1
80258,0
80259,1
80260,1
80261,1
80262,1
80263,1
80264,1
80265,0
80266,0
80267,1
80268,1
80269,0
80270,1
80271,1
80272,1
80273,1
80274,1
80275,1
80276,0
80277,0
80278,1
80279,0
80280,1
80281,0
80282,0
80283,1
80284,0
80285,0
80286,1
80287,1
80288,1
80289,0
80290,0
80291,1
80292,1
80293,0
80294,1
80295,1
80296,0
80297,1
80298,1
80299,1
80300,1
80301,1
80302,0
80303,0
80304,0
80305,0
80306,1
80307,0
80308,0
80309,1
80310,0
80311,1
80312,1
80313,1
80314,0
80315,0
80316,1
80317,1
80318,1
80319,0
80320,1
80321,1
80322,0
80323,1
80324,0
80325,0
80326,0
80327,1
80328,0
80329,1
80330,1
80331,1
80332,1
80333,0
80334,0
80335,1
80336,1
80337,0
80338,0
80339,0
80340,1
80341,1
80342,1
80343,1
80344,0
80345,0
80346,1
80347,1
80348,1
80349,1
80350,1
80351,0
80352,1
80353,0
80354,1
80355,1
80356,0
80357,0
80358,0
80359,1
80360,1
80361,1
80362,0
80363,1
80364,1
80365,0
80366,1
80367,0
80368,1
80369,1
80370,0
80371,0
80372,1
80373,1
80374,1
80375,1
80376,0
80377,1
80378,1
80379,1
80380,1
80381,0
80382,0
80383,1
80384,0
80385,1
80386,0
80387,0
80388,1
80389,0
80390,0
80391,1
80392,1
80393,0
80394,1
80395,0
80396,0
80397,0
80398,1
80399,0
80400,1
80401,1
80402,0
80403,1
80404,1
80405,1
80406,1
80407,1
80408,1
80409,1
80410,1
80411,0
80412,0
80413,1
80414,0
80415,0
80416,0
80417,0
80418,1
80419,0
80420,1
80421,1
80422,1
80423,0
80424,1
80425,0
80426,1
80427,1
80428,1
80429,1
80430,0
80431,1
80432,1
80433,0
80434,1
80435,1
80436,0
80437,0
80438,0
80439,0
80440,0
80441,1
80442,0
80443,1
80444,1
80445,1
80446,0
80447,1
80448,1
80449,1
80450,1
80451,0
80452,1
80453,1
80454,1
80455,1
80456,0
80457,1
80458,1
80459,0
80460,1
80461,0
80462,0
80463,1
80464,1
80465,1
80466,1
80467,1
80468,0
80469,1
80470,1
80471,0
80472,1
80473,1
80474,1
80475,1
80476,0
80477,0
80478,0
80479,0
80480,1
80481,1
80482,1
80483,0
80484,1
80485,1
80486,0
80487,1
80488,1
80489,0
80490,1
80491,0
80492,0
80493,0
80494,1
80495,0
80496,1
80497,1
80498,1
80499,1
80500,1
80501,1
80502,0
80503,0
80504,0
80505,0
80506,1
80507,1
80508,0
80509,1
80510,1
80511,1
80512,0
80513,0
80514,1
80515,1
80516,0
80517,0
80518,1
80519,0
80520,1
80521,0
80522,0
80523,1
80524,1
80525,0
80526,0
80527,1
80528,0
80529,1
80530,1
80531,1
80532,1
80533,0
80534,0
80535,0
80536,0
80537,0
80538,0
80539,0
80540,1
80541,1
80542,1
80543,1
80544,1
80545,1
80546,0
80547,0
80548,1
80549,1
80550,0
80551,1
80552,1
80553,1
80554,1
80555,1
80556,0
80557,1
80558,1
80559,0
80560,0
80561,0
80562,1
80563,0
80564,0
80565,0
80566,1
80567,1
80568,1
80569,1
80570,1
80571,1
80572,1
80573,0
80574,1
80575,1
80576,1
80577,0
80578,1
80579,1
80580,0
80581,0
80582,1
80583,1
80584,1
80585,1
80586,1
80587,1
80588,1
80589,1
80590,0
80591,1
80592,0
80593,1
80594,0
80595,1
80596,0
80597,1
80598,0
80599,1
80600,0
80601,0
80602,0
80603,1
80604,1
80605,1
80606,1
80607,1
80608,1
80609,0
80610,0
80611,1
80612,0
80613,0
80614,0
80615,1
80616,1
80617,1
80618,0
80619,1
80620,1
80621,0
80622,1
80623,1
80624,1
80625,1
80626,0
80627,0
80628,0
80629,1
80630,0
80631,0
80632,1
80633,0
80634,1
80635,0
80636,1
80637,1
80638,0
80639,1
80640,1
80641,0
80642,0
80643,1
80644,0
80645,0
80646,0
80647,0
80648,0
80649,0
80650,0
80651,0
80652,1
80653,1
80654,1
80655,1
80656,1
80657,0
80658,1
80659,0
80660,0
80661,1
80662,1
80663,0
80664,0
80665,0
80666,0
80667,0
80668,0
80669,0
80670,0
80671,1
80672,0
80673,0
80674,1
80675,1
80676,0
80677,0
80678,1
80679,0
80680,0
80681,0
80682,1
80683,1
80684,1
80685,1
80686,0
80687,0
80688,1
80689,0
80690,1
80691,1
80692,1
80693,0
80694,0
80695,1
80696,1
80697,0
80698,1
80699,0
80700,1
80701,0
80702,0
80703,0
80704,1
80705,1
80706,1
80707,0
80708,0
80709,0
80710,1
80711,0
80712,0
80713,1
80714,1
80715,1
80716,0
80717,0
80718,1
80719,1
80720,0
80721,0
80722,1
80723,1
80724,0
80725,1
80726,0
80727,1
80728,1
80729,0
80730,1
80731,1
80732,1
80733,1
80734,0
80735,1
80736,0
80737,1
80738,0
80739,1
80740,1
80741,1
80742,0
80743,0
80744,0
80745,1
80746,1
80747,0
80748,0
80749,1
80750,1
80751,0
80752,0
80753,1
80754,0
80755,1
80756,1
80757,1
80758,0
80759,1
80760,1
80761,0
80762,0
80763,1
80764,1
80765,1
80766,0
80767,1
80768,0
80769,0
80770,0
80771,0
80772,1
80773,1
80774,0
80775,0
80776,0
80777,1
80778,1
80779,1
80780,1
80781,1
80782,1
80783,0
80784,1
80785,0
80786,1
80787,1
80788,1
80789,1
80790,1
80791,0
80792,0
80793,0
80794,1
80795,0
80796,0
80797,1
80798,1
80799,1
80800,1
80801,1
80802,0
80803,1
80804,1
80805,1
80806,0
80807,1
80808,1
80809,0
80810,1
80811,1
80812,0
80813,1
80814,0
80815,1
80816,1
80817,0
80818,1
80819,0
80820,1
80821,1
80822,0
80823,1
80824,0
80825,1
80826,1
80827,0
80828,0
80829,0
80830,0
80831,1
80832,1
80833,0
80834,0
80835,1
80836,0
80837,1
80838,0
80839,1
80840,0
80841,0
80842,0
80843,1
80844,1
80845,0
80846,1
80847,1
80848,0
80849,1
80850,0
80851,0
80852,1
80853,0
80854,0
80855,1
80856,0
80857,1
80858,0
80859,1
80860,0
80861,0
80862,1
80863,0
80864,1
80865,0
80866,0
80867,0
80868,0
80869,1
80870,0
80871,1
80872,1
80873,0
80874,1
80875,1
80876,0
80877,1
80878,1
80879,1
80880,0
80881,0
80882,0
80883,1
80884,0
80885,0
80886,0
80887,1
80888,0
80889,0
80890,0
80891,1
80892,1
80893,1
80894,0
80895,1
80896,0
80897,1
80898,0
80899,0
80900,1
80901,1
80902,0
80903,0
80904,1
80905,1
80906,0
80907,1
80908,1
80909,0
80910,1
80911,1
80912,1
80913,1
80914,0
80915,0
80916,1
80917,0
80918,1
80919,0
80920,1
80921,1
80922,0
80923,0
80924,1
80925,1
80926,0
80927,1
80928,0
80929,1
80930,1
80931,0
80932,1
80933,0
80934,0
80935,1
80936,1
80937,0
80938,1
80939,1
80940,1
80941,1
80942,1
80943,0
80944,1
80945,0
80946,1
80947,1
80948,1
80949,0
80950,1
80951,0
80952,1
80953,0
80954,0
80955,1
80956,1
80957,1
80958,1
80959,1
80960,1
80961,0
80962,1
80963,1
80964,1
80965,0
80966,1
80967,1
80968,1
80969,1
80970,0
80971,0
80972,1
80973,0
80974,1
80975,0
80976,0
80977,1
80978,1
80979,0
80980,1
80981,1
80982,1
80983,1
80984,0
80985,1
80986,0
80987,0
80988,0
80989,0
80990,1
80991,0
80992,0
80993,0
80994,1
80995,0
80996,1
80997,1
80998,1
80999,1
81000,0
81001,0
81002,1
81003,1
81004,0
81005,0
81006,1
81007,0
81008,1
81009,0
81010,1
81011,1
81012,1
81013,1
81014,1
81015,0
81016,1
81017,1
81018,0
81019,0
81020,1
81021,1
81022,1
81023,1
81024,1
81025,1
81026,1
81027,1
81028,1
81029,0
81030,0
81031,1
81032,0
81033,1
81034,1
81035,1
81036,1
81037,1
81038,0
81039,0
81040,1
81041,1
81042,0
81043,1
81044,0
81045,0
81046,0
81047,1
81048,1
81049,0
81050,1
81051,0
81052,1
81053,0
81054,1
81055,1
81056,0
81057,0
81058,1
81059,1
81060,1
81061,1
81062,0
81063,0
81064,1
81065,1
81066,0
81067,0
81068,1
81069,0
81070,1
81071,0
81072,1
81073,1
81074,0
81075,0
81076,0
81077,1
81078,0
81079,0
81080,0
81081,1
81082,0
81083,1
81084,0
81085,0
81086,1
81087,0
81088,1
81089,1
81090,0
81091,0
81092,0
81093,1
81094,1
81095,1
81096,1
81097,1
81098,0
81099,0
81100,0
81101,1
81102,0
81103,0
81104,0
81105,1
81106,1
81107,0
81108,0
81109,0
81110,0
81111,1
81112,0
81113,0
81114,0
81115,0
81116,0
81117,0
81118,0
81119,0
81120,1
81121,1
81122,1
81123,0
81124,0
81125,1
81126,0
81127,1
81128,0
81129,0
81130,0
81131,1
81132,0
81133,0
81134,0
81135,1
81136,1
81137,1
81138,0
81139,0
81140,1
81141,0
81142,0
81143,1
81144,0
81145,1
81146,1
81147,1
81148,1
81149,0
81150,0
81151,0
81152,0
81153,0
81154,0
81155,0
81156,0
81157,0
81158,1
81159,1
81160,0
81161,0
81162,0
81163,0
81164,0
81165,0
81166,0
81167,1
81168,1
81169,1
81170,1
81171,0
81172,0
81173,0
81174,0
81175,0
81176,1
81177,1
81178,0
81179,1
81180,0
81181,0
81182,1
81183,1
81184,1
81185,1
81186,0
81187,1
81188,0
81189,0
81190,1
81191,1
81192,0
81193,1
81194,0
81195,1
81196,1
81197,0
81198,0
81199,1
81200,0
81201,1
81202,1
81203,1
81204,0
81205,1
81206,0
81207,0
81208,1
81209,1
81210,0
81211,1
81212,0
81213,1
81214,0
81215,1
81216,1
81217,0
81218,0
81219,0
81220,0
81221,1
81222,0
81223,1
81224,0
81225,1
81226,0
81227,1
81228,0
81229,1
81230,0
81231,0
81232,0
81233,0
81234,0
81235,1
81236,1
81237,0
81238,0
81239,0
81240,1
81241,1
81242,0
81243,0
81244,0
81245,0
81246,1
81247,1
81248,0
81249,0
81250,0
81251,1
81252,0
81253,0
81254,0
81255,1
81256,0
81257,1
81258,0
81259,1
81260,1
81261,0
81262,0
81263,1
81264,1
81265,1
81266,1
81267,1
81268,0
81269,0
81270,1
81271,1
81272,1
81273,0
81274,1
81275,0
81276,0
81277,0
81278,1
81279,0
81280,0
81281,0
81282,1
81283,1
81284,1
81285,1
81286,1
81287,0
81288,0
81289,1
81290,1
81291,0
81292,1
81293,1
81294,0
81295,0
81296,1
81297,1
81298,1
81299,1
81300,1
81301,1
81302,0
81303,0
81304,0
81305,0
81306,1
81307,1
81308,0
81309,0
81310,0
81311,0
81312,0
81313,0
81314,1
81315,1
81316,1
81317,1
81318,0
81319,0
81320,1
81321,0
81322,0
81323,0
81324,1
81325,0
81326,0
81327,1
81328,1
81329,1
81330,0
81331,0
81332,1
81333,1
81334,0
81335,0
81336,1
81337,0
81338,1
81339,1
81340,0
81341,1
81342,0
81343,0
81344,0
81345,0
81346,0
81347,1
81348,0
81349,1
81350,0
81351,1
81352,1
81353,0
81354,0
81355,1
81356,1
81357,1
81358,1
81359,1
81360,0
81361,0
81362,0
81363,0
81364,0
81365,0
81366,1
81367,1
81368,1
81369,0
81370,0
81371,0
81372,0
81373,1
81374,0
81375,0
81376,0
81377,1
81378,1
81379,1
81380,1
81381,1
81382,0
81383,0
81384,1
81385,0
81386,0
81387,0
81388,1
81389,1
81390,1
81391,0
81392,1
81393,0
81394,1
81395,0
81396,1
81397,1
81398,0
81399,1
81400,1
81401,0
81402,1
81403,1
81404,0
81405,1
81406,0
81407,0
81408,1
81409,0
81410,1
81411,1
81412,0
81413,1
81414,0
81415,0
81416,0
81417,1
81418,1
81419,0
81420,0
81421,0
81422,0
81423,0
81424,1
81425,1
81426,0
81427,1
81428,0
81429,1
81430,0
81431,0
81432,0
81433,0
81434,1
81435,0
81436,1
81437,0
81438,0
81439,1
81440,0
81441,0
81442,1
81443,1
81444,1
81445,0
81446,0
81447,1
81448,1
81449,1
81450,1
81451,0
81452,0
81453,1
81454,1
81455,0
81456,0
81457,1
81458,1
81459,1
81460,1
81461,0
81462,1
81463,1
81464,0
81465,0
81466,1
81467,0
81468,0
81469,1
81470,0
81471,0
81472,1
81473,1
81474,0
81475,0
81476,0
81477,0
81478,1
81479,1
81480,0
81481,0
81482,1
81483,1
81484,0
81485,1
81486,1
81487,0
81488,1
81489,1
81490,0
81491,1
81492,0
81493,1
81494,0
81495,0
81496,0
81497,0
81498,1
81499,1
81500,1
81501,1
81502,1
81503,0
81504,0
81505,0
81506,1
81507,1
81508,0
81509,1
81510,1
81511,0
81512,0
81513,1
81514,1
81515,1
81516,1
81517,0
81518,1
81519,1
81520,0
81521,0
81522,1
81523,1
81524,0
81525,0
81526,0
81527,0
81528,0
81529,1
81530,0
81531,0
81532,0
81533,0
81534,1
81535,1
81536,0
81537,1
81538,1
81539,0
81540,1
81541,0
81542,1
81543,1
81544,0
81545,0
81546,0
81547,1
81548,1
81549,1
81550,1
81551,1
81552,0
81553,0
81554,1
81555,0
81556,0
81557,1
81558,0
81559,0
81560,1
81561,1
81562,0
81563,0
81564,0
81565,0
81566,0
81567,1
81568,0
81569,0
81570,1
81571,0
81572,1
81573,1
81574,1
81575,0
81576,1
81577,0
81578,1
81579,1
81580,0
81581,0
81582,1
81583,1
81584,0
81585,0
81586,1
81587,1
81588,1
81589,1
81590,0
81591,0
81592,0
81593,1
81594,1
81595,0
81596,0
81597,1
81598,0
81599,1
81600,1
81601,1
81602,0
81603,0
81604,1
81605,1
81606,0
81607,0
81608,0
81609,1
81610,0
81611,0
81612,0
81613,1
81614,1
81615,1
81616,1
81617,0
81618,1
81619,1
81620,0
81621,0
81622,1
81623,1
81624,0
81625,1
81626,1
81627,0
81628,1
81629,0
81630,1
81631,0
81632,1
81633,0
81634,0
81635,1
81636,1
81637,1
81638,0
81639,0
81640,1
81641,0
81642,0
81643,1
81644,0
81645,1
81646,0
81647,0
81648,0
81649,1
81650,1
81651,1
81652,0
81653,0
81654,1
81655,1
81656,1
81657,1
81658,1
81659,1
81660,0
81661,1
81662,1
81663,0
81664,1
81665,1
81666,0
81667,0
81668,1
81669,1
81670,1
81671,0
81672,1
81673,0
81674,0
81675,0
81676,0
81677,0
81678,1
81679,0
81680,1
81681,1
81682,0
81683,1
81684,0
81685,0
81686,1
81687,0
81688,1
81689,1
81690,0
81691,1
81692,1
81693,1
81694,1
81695,1
81696,1
81697,1
81698,1
81699,0
81700,0
81701,1
81702,1
81703,0
81704,0
81705,0
81706,1
81707,1
81708,0
81709,1
81710,0
81711,1
81712,1
81713,1
81714,0
81715,1
81716,1
81717,1
81718,1
81719,1
81720,1
81721,0
81722,1
81723,1
81724,0
81725,1
81726,0
81727,0
81728,1
81729,1
81730,0
81731,1
81732,0
81733,0
81734,0
81735,1
81736,0
81737,0
81738,0
81739,1
81740,0
81741,1
81742,1
81743,0
81744,1
81745,0
81746,1
81747,0
81748,1
81749,0
81750,0
81751,1
81752,1
81753,1
81754,0
81755,0
81756,0
81757,1
81758,0
81759,0
81760,1
81761,1
81762,1
81763,1
81764,0
81765,1
81766,0
81767,1
81768,1
81769,1
81770,0
81771,1
81772,1
81773,0
81774,1
81775,0
81776,1
81777,0
81778,1
81779,0
81780,1
81781,1
81782,0
81783,1
81784,1
81785,1
81786,1
81787,0
81788,0
81789,1
81790,1
81791,0
81792,1
81793,0
81794,0
81795,0
81796,1
81797,0
81798,0
81799,1
81800,0
81801,1
81802,1
81803,0
81804,1
81805,1
81806,0
81807,0
81808,1
81809,0
81810,1
81811,1
81812,1
81813,1
81814,0
81815,0
81816,0
81817,1
81818,1
81819,0
81820,0
81821,1
81822,1
81823,0
81824,0
81825,1
81826,1
81827,1
81828,0
81829,1
81830,0
81831,0
81832,1
81833,1
81834,1
81835,1
81836,0
81837,0
81838,0
81839,1
81840,1
81841,0
81842,1
81843,0
81844,1
81845,0
81846,0
81847,0
81848,1
81849,0
81850,0
81851,1
81852,1
81853,1
81854,0
81855,1
81856,0
81857,1
81858,1
81859,0
81860,0
81861,0
81862,1
81863,0
81864,1
81865,1
81866,1
81867,0
81868,0
81869,1
81870,0
81871,1
81872,1
81873,1
81874,0
81875,1
81876,0
81877,1
81878,0
81879,1
81880,0
81881,0
81882,1
81883,0
81884,1
81885,0
81886,0
81887,1
81888,0
81889,0
81890,0
81891,1
81892,1
81893,0
81894,0
81895,1
81896,1
81897,1
81898,0
81899,1
81900,0
81901,0
81902,0
81903,0
81904,0
81905,1
81906,1
81907,1
81908,1
81909,0
81910,0
81911,0
81912,1
81913,1
81914,0
81915,1
81916,1
81917,1
81918,0
81919,1
81920,1
81921,1
81922,0
81923,1
81924,0
81925,1
81926,1
81927,0
81928,1
81929,0
81930,0
81931,0
81932,1
81933,0
81934,1
81935,0
81936,0
81937,0
81938,1
81939,1
81940,1
81941,1
81942,1
81943,1
81944,1
81945,0
81946,1
81947,1
81948,1
81949,1
81950,0
81951,0
81952,0
81953,1
81954,0
81955,0
81956,1
81957,0
81958,1
81959,1
81960,0
81961,1
81962,0
81963,0
81964,1
81965,0
81966,1
81967,0
81968,0
81969,1
81970,1
81971,0
81972,0
81973,1
81974,1
81975,0
81976,0
81977,1
81978,0
81979,0
81980,1
81981,1
81982,1
81983,0
81984,0
81985,0
81986,0
81987,0
81988,0
81989,0
81990,0
81991,1
81992,1
81993,0
81994,0
81995,0
81996,1
81997,1
81998,0
81999,1
82000,1
82001,1
82002,1
82003,1
82004,1
82005,1
82006,0
82007,0
82008,0
82009,1
82010,0
82011,0
82012,1
82013,1
82014,0
82015,1
82016,0
82017,0
82018,1
82019,0
82020,0
82021,0
82022,0
82023,1
82024,1
82025,0
82026,1
82027,0
82028,0
82029,1
82030,0
82031,0
82032,0
82033,0
82034,0
82035,1
82036,0
82037,0
82038,0
82039,0
82040,0
82041,1
82042,1
82043,0
82044,0
82045,1
82046,1
82047,0
82048,1
82049,0
82050,1
82051,1
82052,1
82053,1
82054,0
82055,1
82056,1
82057,0
82058,1
82059,1
82060,0
82061,0
82062,0
82063,0
82064,0
82065,0
82066,1
82067,1
82068,1
82069,1
82070,1
82071,0
82072,1
82073,1
82074,1
82075,0
82076,0
82077,1
82078,0
82079,1
82080,0
82081,1
82082,1
82083,0
82084,1
82085,1
82086,0
82087,1
82088,1
82089,1
82090,1
82091,0
82092,0
82093,1
82094,1
82095,1
82096,0
82097,1
82098,0
82099,0
82100,0
82101,0
82102,1
82103,1
82104,1
82105,1
82106,0
82107,1
82108,1
82109,1
82110,0
82111,1
82112,1
82113,0
82114,0
82115,0
82116,1
82117,1
82118,0
82119,0
82120,1
82121,1
82122,0
82123,0
82124,0
82125,0
82126,0
82127,1
82128,1
82129,1
82130,1
82131,1
82132,0
82133,1
82134,1
82135,0
82136,0
82137,0
82138,0
82139,0
82140,1
82141,1
82142,1
82143,1
82144,0
82145,0
82146,0
82147,1
82148,0
82149,1
82150,1
82151,0
82152,0
82153,0
82154,0
82155,1
82156,1
82157,1
82158,1
82159,0
82160,0
82161,0
82162,1
82163,0
82164,1
82165,0
82166,1
82167,1
82168,1
82169,0
82170,0
82171,1
82172,1
82173,0
82174,1
82175,0
82176,1
82177,1
82178,1
82179,1
82180,1
82181,1
82182,1
82183,0
82184,0
82185,0
82186,1
82187,0
82188,1
82189,0
82190,0
82191,1
82192,1
82193,0
82194,1
82195,1
82196,0
82197,1
82198,0
82199,1
82200,1
82201,0
82202,1
82203,0
82204,1
82205,1
82206,1
82207,0
82208,1
82209,0
82210,0
82211,0
82212,0
82213,0
82214,1
82215,1
82216,1
82217,1
82218,1
82219,1
82220,1
82221,0
82222,1
82223,0
82224,1
82225,1
82226,1
82227,1
82228,0
82229,1
82230,1
82231,0
82232,0
82233,1
82234,1
82235,1
82236,1
82237,1
82238,1
82239,1
82240,1
82241,1
82242,0
82243,1
82244,1
82245,0
82246,1
82247,0
82248,1
82249,1
82250,1
82251,0
82252,1
82253,1
82254,0
82255,1
82256,0
82257,1
82258,1
82259,1
82260,0
82261,0
82262,1
82263,1
82264,1
82265,0
82266,0
82267,1
82268,0
82269,0
82270,0
82271,1
82272,0
82273,1
82274,1
82275,0
82276,1
82277,0
82278,1
82279,0
82280,1
82281,0
82282,1
82283,1
82284,0
82285,0
82286,1
82287,1
82288,0
82289,0
82290,0
82291,0
82292,0
82293,1
82294,0
82295,0
82296,0
82297,1
82298,0
82299,0
82300,1
82301,1
82302,0
82303,1
82304,1
82305,0
82306,0
82307,0
82308,0
82309,0
82310,1
82311,1
82312,1
82313,0
82314,0
82315,1
82316,0
82317,1
82318,1
82319,0
82320,0
82321,0
82322,1
82323,1
82324,0
82325,0
82326,1
82327,1
82328,0
82329,0
82330,0
82331,1
82332,1
82333,1
82334,1
82335,1
82336,1
82337,0
82338,1
82339,0
82340,0
82341,1
82342,1
82343,0
82344,1
82345,1
82346,0
82347,1
82348,0
82349,0
82350,0
82351,1
82352,0
82353,0
82354,0
82355,0
82356,0
82357,1
82358,1
82359,1
82360,1
82361,1
82362,0
82363,1
82364,1
82365,0
82366,1
82367,1
82368,0
82369,0
82370,1
82371,0
82372,0
82373,0
82374,0
82375,1
82376,0
82377,0
82378,1
82379,0
82380,1
82381,0
82382,1
82383,1
82384,0
82385,0
82386,1
82387,0
82388,0
82389,1
82390,0
82391,1
82392,0
82393,1
82394,1
82395,1
82396,1
82397,0
82398,0
82399,1
82400,1
82401,1
82402,0
82403,1
82404,1
82405,1
82406,1
82407,1
82408,0
82409,1
82410,0
82411,0
82412,0
82413,1
82414,0
82415,0
82416,1
82417,1
82418,0
82419,1
82420,0
82421,1
82422,0
82423,0
82424,0
82425,1
82426,0
82427,1
82428,1
82429,0
82430,0
82431,1
82432,1
82433,1
82434,1
82435,1
82436,1
82437,0
82438,0
82439,1
82440,1
82441,1
82442,1
82443,0
82444,0
82445,0
82446,0
82447,1
82448,0
82449,1
82450,0
82451,0
82452,0
82453,1
82454,1
82455,1
82456,0
82457,0
82458,0
82459,1
82460,1
82461,1
82462,1
82463,1
82464,0
82465,0
82466,1
82467,0
82468,1
82469,0
82470,0
82471,1
82472,0
82473,1
82474,1
82475,1
82476,1
82477,1
82478,0
82479,1
82480,0
82481,1
82482,0
82483,1
82484,1
82485,0
82486,1
82487,0
82488,0
82489,1
82490,1
82491,0
82492,0
82493,1
82494,0
82495,0
82496,0
82497,1
82498,1
82499,0
82500,0
82501,1
82502,1
82503,0
82504,1
82505,1
82506,0
82507,0
82508,0
82509,1
82510,0
82511,0
82512,1
82513,0
82514,1
82515,0
82516,0
82517,0
82518,1
82519,1
82520,1
82521,0
82522,1
82523,1
82524,1
82525,0
82526,1
82527,0
82528,0
82529,1
82530,1
82531,1
82532,1
82533,0
82534,1
82535,1
82536,0
82537,0
82538,0
82539,0
82540,0
82541,0
82542,1
82543,1
82544,1
82545,1
82546,1
82547,1
82548,1
82549,1
82550,1
82551,0
82552,0
82553,0
82554,1
82555,1
82556,0
82557,1
82558,0
82559,1
82560,0
82561,0
82562,0
82563,0
82564,1
82565,0
82566,0
82567,1
82568,0
82569,0
82570,1
82571,1
82572,1
82573,0
82574,0
82575,0
82576,0
82577,1
82578,1
82579,0
82580,0
82581,0
82582,1
82583,0
82584,1
82585,0
82586,0
82587,0
82588,1
82589,1
82590,0
82591,1
82592,1
82593,0
82594,1
82595,0
82596,1
82597,0
82598,0
82599,1
82600,0
82601,0
82602,1
82603,0
82604,0
82605,0
82606,1
82607,0
82608,0
82609,0
82610,0
82611,0
82612,1
82613,1
82614,1
82615,1
82616,1
82617,0
82618,0
82619,0
82620,1
82621,0
82622,0
82623,0
82624,0
82625,0
82626,1
82627,0
82628,0
82629,1
82630,0
82631,1
82632,0
82633,1
82634,0
82635,0
82636,0
82637,1
82638,0
82639,0
82640,0
82641,1
82642,1
82643,0
82644,0
82645,0
82646,0
82647,1
82648,1
82649,1
82650,1
82651,1
82652,1
82653,0
82654,0
82655,0
82656,0
82657,0
82658,0
82659,0
82660,0
82661,1
82662,1
82663,1
82664,1
82665,1
82666,1
82667,0
82668,1
82669,1
82670,0
82671,1
82672,1
82673,0
82674,1
82675,1
82676,1
82677,1
82678,1
82679,1
82680,1
82681,1
82682,0
82683,1
82684,0
82685,0
82686,0
82687,0
82688,1
82689,1
82690,0
82691,0
82692,0
82693,1
82694,1
82695,1
82696,1
82697,1
82698,1
82699,1
82700,0
82701,0
82702,1
82703,1
82704,1
82705,0
82706,0
82707,1
82708,0
82709,1
82710,1
82711,1
82712,0
82713,1
82714,1
82715,0
82716,0
82717,0
82718,1
82719,1
82720,1
82721,1
82722,0
82723,0
82724,1
82725,0
82726,1
82727,0
82728,1
82729,1
82730,1
82731,0
82732,1
82733,1
82734,1
82735,0
82736,1
82737,1
82738,1
82739,0
82740,1
82741,1
82742,1
82743,0
82744,1
82745,1
82746,0
82747,0
82748,1
82749,1
82750,1
82751,0
82752,0
82753,0
82754,0
82755,0
82756,0
82757,1
82758,1
82759,1
82760,1
82761,1
82762,1
82763,1
82764,1
82765,0
82766,0
82767,1
82768,0
82769,0
82770,1
82771,1
82772,0
82773,0
82774,0
82775,1
82776,0
82777,0
82778,0
82779,0
82780,1
82781,0
82782,0
82783,1
82784,1
82785,1
82786,0
82787,1
82788,0
82789,1
82790,1
82791,0
82792,1
82793,1
82794,0
82795,1
82796,0
82797,1
82798,1
82799,1
82800,0
82801,1
82802,0
82803,1
82804,1
82805,1
82806,0
82807,0
82808,1
82809,0
82810,1
82811,1
82812,1
82813,1
82814,0
82815,1
82816,1
82817,0
82818,0
82819,1
82820,1
82821,0
82822,1
82823,0
82824,0
82825,0
82826,0
82827,1
82828,1
82829,0
82830,1
82831,1
82832,0
82833,1
82834,1
82835,0
82836,0
82837,0
82838,1
82839,0
82840,0
82841,0
82842,1
82843,0
82844,0
82845,1
82846,0
82847,0
82848,1
82849,0
82850,0
82851,0
82852,1
82853,1
82854,1
82855,0
82856,1
82857,1
82858,0
82859,0
82860,0
82861,1
82862,1
82863,0
82864,0
82865,1
82866,0
82867,1
82868,0
82869,1
82870,1
82871,1
82872,1
82873,1
82874,0
82875,0
82876,0
82877,1
82878,0
82879,1
82880,0
82881,0
82882,0
82883,1
82884,1
82885,1
82886,1
82887,1
82888,0
82889,0
82890,0
82891,1
82892,1
82893,1
82894,0
82895,0
82896,1
82897,1
82898,0
82899,0
82900,1
82901,1
82902,1
82903,1
82904,1
82905,0
82906,0
82907,1
82908,1
82909,0
82910,1
82911,1
82912,1
82913,1
82914,0
82915,0
82916,0
82917,1
82918,1
82919,0
82920,1
82921,0
82922,1
82923,0
82924,1
82925,1
82926,0
82927,1
82928,0
82929,0
82930,1
82931,1
82932,1
82933,0
82934,1
82935,1
82936,0
82937,0
82938,0
82939,1
82940,1
82941,1
82942,1
82943,1
82944,1
82945,1
82946,0
82947,0
82948,1
82949,0
82950,0
82951,0
82952,0
82953,0
82954,0
82955,0
82956,0
82957,0
82958,1
82959,0
82960,1
82961,1
82962,0
82963,1
82964,1
82965,1
82966,0
82967,0
82968,1
82969,1
82970,1
82971,1
82972,0
82973,0
82974,0
82975,0
82976,0
82977,0
82978,1
82979,1
82980,0
82981,1
82982,0
82983,0
82984,0
82985,1
82986,0
82987,0
82988,1
82989,1
82990,0
82991,0
82992,0
82993,1
82994,1
82995,0
82996,1
82997,1
82998,1
82999,0
83000,1
83001,1
83002,0
83003,0
83004,0
83005,1
83006,0
83007,1
83008,1
83009,1
83010,1
83011,1
83012,0
83013,1
83014,0
83015,1
83016,1
83017,1
83018,1
83019,1
83020,1
83021,1
83022,1
83023,1
83024,0
83025,0
83026,1
83027,0
83028,0
83029,1
83030,1
83031,1
83032,0
83033,0
83034,1
83035,1
83036,0
83037,1
83038,1
83039,1
83040,1
83041,1
83042,1
83043,1
83044,1
83045,0
83046,0
83047,0
83048,1
83049,0
83050,1
83051,0
83052,1
83053,0
83054,1
83055,0
83056,1
83057,1
83058,1
83059,0
83060,1
83061,0
83062,1
83063,1
83064,0
83065,0
83066,1
83067,1
83068,1
83069,0
83070,0
83071,1
83072,0
83073,1
83074,1
83075,1
83076,0
83077,1
83078,1
83079,0
83080,0
83081,1
83082,1
83083,1
83084,1
83085,1
83086,1
83087,0
83088,1
83089,1
83090,0
83091,1
83092,1
83093,1
83094,1
83095,0
83096,0
83097,1
83098,1
83099,0
83100,0
83101,0
83102,0
83103,1
83104,0
83105,1
83106,1
83107,0
83108,0
83109,0
83110,0
83111,1
83112,0
83113,0
83114,0
83115,1
83116,0
83117,1
83118,1
83119,1
83120,0
83121,0
83122,1
83123,1
83124,1
83125,0
83126,0
83127,1
83128,0
83129,0
83130,1
83131,1
83132,1
83133,1
83134,0
83135,0
83136,0
83137,1
83138,1
83139,1
83140,1
83141,0
83142,0
83143,0
83144,1
83145,1
83146,0
83147,1
83148,0
83149,0
83150,0
83151,0
83152,0
83153,0
83154,0
83155,1
83156,0
83157,1
83158,0
83159,0
83160,1
83161,0
83162,1
83163,1
83164,1
83165,0
83166,0
83167,1
83168,1
83169,0
83170,0
83171,0
83172,0
83173,1
83174,0
83175,0
83176,1
83177,0
83178,1
83179,1
83180,0
83181,1
83182,1
83183,1
83184,0
83185,1
83186,0
83187,1
83188,1
83189,0
83190,1
83191,1
83192,0
83193,0
83194,1
83195,0
83196,0
83197,1
83198,0
83199,1
83200,1
83201,0
83202,0
83203,1
83204,0
83205,1
83206,1
83207,1
83208,0
83209,1
83210,1
83211,0
83212,1
83213,1
83214,0
83215,0
83216,0
83217,0
83218,1
83219,0
83220,0
83221,1
83222,1
83223,1
83224,0
83225,0
83226,0
83227,1
83228,1
83229,0
83230,0
83231,0
83232,0
83233,0
83234,1
83235,1
83236,0
83237,0
83238,1
83239,1
83240,0
83241,0
83242,0
83243,0
83244,0
83245,1
83246,0
83247,0
83248,0
83249,0
83250,1
83251,0
83252,1
83253,0
83254,1
83255,1
83256,0
83257,1
83258,0
83259,1
83260,1
83261,0
83262,1
83263,0
83264,0
83265,0
83266,0
83267,0
83268,0
83269,1
83270,1
83271,0
83272,1
83273,1
83274,0
83275,0
83276,1
83277,1
83278,1
83279,0
83280,0
83281,0
83282,0
83283,1
83284,0
83285,1
83286,1
83287,1
83288,1
83289,1
83290,1
83291,1
83292,1
83293,1
83294,1
83295,1
83296,1
83297,0
83298,1
83299,1
83300,1
83301,0
83302,1
83303,0
83304,1
83305,0
83306,1
83307,1
83308,1
83309,1
83310,0
83311,1
83312,1
83313,1
83314,1
83315,0
83316,0
83317,1
83318,1
83319,1
83320,1
83321,1
83322,1
83323,0
83324,1
83325,1
83326,1
83327,0
83328,1
83329,1
83330,1
83331,1
83332,1
83333,1
83334,0
83335,0
83336,0
83337,0
83338,0
83339,0
83340,1
83341,1
83342,1
83343,0
83344,0
83345,1
83346,0
83347,0
83348,1
83349,0
83350,0
83351,1
83352,0
83353,0
83354,1
83355,0
83356,0
83357,1
83358,0
83359,1
83360,1
83361,1
83362,0
83363,0
83364,1
83365,0
83366,1
83367,1
83368,1
83369,0
83370,1
83371,1
83372,1
83373,1
83374,1
83375,0
83376,0
83377,0
83378,0
83379,0
83380,0
83381,1
83382,0
83383,1
83384,1
83385,1
83386,1
83387,1
83388,1
83389,1
83390,0
83391,1
83392,0
83393,1
83394,1
83395,1
83396,0
83397,0
83398,0
83399,1
83400,1
83401,0
83402,0
83403,1
83404,0
83405,1
83406,0
83407,1
83408,1
83409,1
83410,1
83411,1
83412,0
83413,1
83414,1
83415,0
83416,0
83417,0
83418,1
83419,1
83420,1
83421,1
83422,0
83423,1
83424,1
83425,0
83426,0
83427,1
83428,1
83429,1
83430,1
83431,1
83432,0
83433,1
83434,0
83435,1
83436,1
83437,0
83438,0
83439,0
83440,1
83441,0
83442,0
83443,1
83444,1
83445,1
83446,0
83447,1
83448,1
83449,1
83450,0
83451,1
83452,0
83453,1
83454,1
83455,1
83456,1
83457,1
83458,0
83459,1
83460,1
83461,0
83462,0
83463,1
83464,1
83465,1
83466,0
83467,0
83468,1
83469,0
83470,0
83471,1
83472,1
83473,1
83474,1
83475,0
83476,0
83477,1
83478,1
83479,1
83480,0
83481,0
83482,0
83483,1
83484,0
83485,0
83486,0
83487,1
83488,1
83489,1
83490,0
83491,1
83492,1
83493,0
83494,0
83495,0
83496,0
83497,0
83498,1
83499,0
83500,1
83501,0
83502,0
83503,0
83504,1
83505,0
83506,1
83507,0
83508,1
83509,1
83510,0
83511,1
83512,1
83513,0
83514,1
83515,1
83516,0
83517,1
83518,0
83519,1
83520,1
83521,0
83522,0
83523,0
83524,1
83525,1
83526,0
83527,0
83528,1
83529,1
83530,0
83531,1
83532,1
83533,0
83534,1
83535,0
83536,1
83537,0
83538,0
83539,1
83540,0
83541,1
83542,0
83543,1
83544,0
83545,1
83546,1
83547,1
83548,0
83549,1
83550,1
83551,0
83552,1
83553,0
83554,1
83555,0
83556,0
83557,0
83558,1
83559,1
83560,1
83561,1
83562,0
83563,1
83564,0
83565,1
83566,1
83567,0
83568,1
83569,1
83570,0
83571,0
83572,1
83573,0
83574,0
83575,1
83576,1
83577,0
83578,1
83579,0
83580,0
83581,0
83582,1
83583,1
83584,0
83585,0
83586,0
83587,1
83588,0
83589,0
83590,0
83591,0
83592,0
83593,0
83594,0
83595,0
83596,0
83597,1
83598,0
83599,1
83600,0
83601,1
83602,0
83603,1
83604,1
83605,1
83606,0
83607,1
83608,0
83609,1
83610,0
83611,1
83612,0
83613,1
83614,0
83615,1
83616,1
83617,1
83618,0
83619,1
83620,1
83621,1
83622,1
83623,0
83624,0
83625,0
83626,0
83627,1
83628,1
83629,0
83630,0
83631,0
83632,1
83633,1
83634,1
83635,1
83636,0
83637,0
83638,1
83639,1
83640,0
83641,1
83642,1
83643,1
83644,1
83645,0
83646,0
83647,0
83648,1
83649,0
83650,0
83651,1
83652,1
83653,0
83654,1
83655,1
83656,1
83657,1
83658,0
83659,1
83660,0
83661,1
83662,1
83663,0
83664,0
83665,1
83666,0
83667,0
83668,1
83669,1
83670,0
83671,1
83672,0
83673,1
83674,0
83675,1
83676,0
83677,1
83678,1
83679,0
83680,0
83681,0
83682,0
83683,0
83684,0
83685,1
83686,1
83687,1
83688,1
83689,0
83690,1
83691,1
83692,1
83693,1
83694,0
83695,1
83696,0
83697,1
83698,1
83699,1
83700,0
83701,0
83702,0
83703,1
83704,1
83705,0
83706,0
83707,1
83708,0
83709,1
83710,0
83711,1
83712,1
83713,1
83714,0
83715,1
83716,1
83717,0
83718,1
83719,0
83720,0
83721,1
83722,1
83723,1
83724,1
83725,1
83726,0
83727,1
83728,1
83729,1
83730,0
83731,1
83732,0
83733,0
83734,1
83735,1
83736,1
83737,0
83738,1
83739,0
83740,0
83741,1
83742,0
83743,0
83744,1
83745,1
83746,1
83747,1
83748,0
83749,0
83750,1
83751,0
83752,1
83753,1
83754,0
83755,0
83756,0
83757,1
83758,0
83759,1
83760,0
83761,1
83762,0
83763,1
83764,1
83765,1
83766,0
83767,0
83768,1
83769,0
83770,1
83771,0
83772,0
83773,0
83774,1
83775,1
83776,1
83777,1
83778,0
83779,1
83780,0
83781,1
83782,0
83783,1
83784,1
83785,0
83786,0
83787,1
83788,0
83789,1
83790,1
83791,0
83792,0
83793,0
83794,1
83795,1
83796,1
83797,0
83798,1
83799,1
83800,0
83801,0
83802,1
83803,0
83804,1
83805,0
83806,0
83807,0
83808,0
83809,1
83810,1
83811,0
83812,0
83813,1
83814,1
83815,0
83816,0
83817,0
83818,0
83819,0
83820,0
83821,1
83822,0
83823,1
83824,0
83825,1
83826,0
83827,0
83828,1
83829,0
83830,1
83831,0
83832,0
83833,0
83834,1
83835,0
83836,0
83837,0
83838,0
83839,0
83840,0
83841,0
83842,0
83843,1
83844,1
83845,0
83846,0
83847,0
83848,1
83849,0
83850,1
83851,0
83852,1
83853,1
83854,1
83855,1
83856,0
83857,0
83858,1
83859,1
83860,1
83861,1
83862,1
83863,1
83864,0
83865,1
83866,0
83867,1
83868,1
83869,0
83870,1
83871,0
83872,0
83873,0
83874,0
83875,1
83876,0
83877,1
83878,1
83879,1
83880,1
83881,0
83882,1
83883,0
83884,1
83885,0
83886,0
83887,1
83888,1
83889,0
83890,1
83891,1
83892,1
83893,1
83894,0
83895,1
83896,0
83897,0
83898,0
83899,1
83900,0
83901,1
83902,1
83903,0
83904,1
83905,0
83906,0
83907,1
83908,0
83909,0
83910,1
83911,1
83912,0
83913,1
83914,0
83915,1
83916,1
83917,1
83918,1
83919,0
83920,0
83921,0
83922,1
83923,0
83924,1
83925,0
83926,1
83927,1
83928,0
83929,1
83930,1
83931,0
83932,0
83933,1
83934,0
83935,1
83936,0
83937,1
83938,0
83939,1
83940,1
83941,1
83942,1
83943,0
83944,1
83945,0
83946,0
83947,0
83948,0
83949,0
83950,1
83951,1
83952,0
83953,1
83954,1
83955,0
83956,1
83957,0
83958,1
83959,1
83960,0
83961,1
83962,0
83963,1
83964,1
83965,0
83966,0
83967,1
83968,1
83969,1
83970,1
83971,1
83972,0
83973,1
83974,0
83975,0
83976,1
83977,0
83978,0
83979,1
83980,0
83981,0
83982,0
83983,1
83984,1
83985,1
83986,0
83987,1
83988,1
83989,1
83990,1
83991,1
83992,1
83993,0
83994,0
83995,1
83996,0
83997,1
83998,1
83999,0
84000,0
84001,1
84002,1
84003,1
84004,0
84005,1
84006,1
84007,0
84008,1
84009,0
84010,1
84011,0
84012,0
84013,1
84014,0
84015,1
84016,0
84017,0
84018,1
84019,1
84020,1
84021,1
84022,0
84023,1
84024,0
84025,1
84026,0
84027,0
84028,0
84029,1
84030,1
84031,1
84032,1
84033,0
84034,1
84035,1
84036,1
84037,1
84038,1
84039,1
84040,1
84041,1
84042,1
84043,1
84044,1
84045,0
84046,1
84047,0
84048,0
84049,0
84050,0
84051,1
84052,0
84053,0
84054,1
84055,1
84056,0
84057,1
84058,1
84059,1
84060,1
84061,1
84062,1
84063,1
84064,0
84065,0
84066,1
84067,0
84068,0
84069,1
84070,0
84071,1
84072,1
84073,0
84074,1
84075,1
84076,0
84077,0
84078,1
84079,1
84080,0
84081,0
84082,0
84083,1
84084,1
84085,1
84086,0
84087,0
84088,0
84089,1
84090,1
84091,0
84092,1
84093,1
84094,1
84095,0
84096,0
84097,0
84098,0
84099,1
84100,1
84101,0
84102,0
84103,1
84104,0
84105,1
84106,1
84107,0
84108,0
84109,0
84110,0
84111,1
84112,1
84113,0
84114,0
84115,0
84116,1
84117,1
84118,0
84119,0
84120,0
84121,0
84122,0
84123,1
84124,0
84125,0
84126,0
84127,1
84128,0
84129,0
84130,0
84131,1
84132,0
84133,1
84134,0
84135,0
84136,0
84137,1
84138,1
84139,1
84140,0
84141,1
84142,0
84143,0
84144,1
84145,0
84146,0
84147,1
84148,0
84149,1
84150,1
84151,1
84152,0
84153,0
84154,0
84155,1
84156,1
84157,1
84158,1
84159,0
84160,0
84161,1
84162,0
84163,1
84164,1
84165,0
84166,1
84167,0
84168,1
84169,0
84170,0
84171,1
84172,1
84173,0
84174,0
84175,0
84176,1
84177,1
84178,0
84179,1
84180,0
84181,1
84182,1
84183,0
84184,1
84185,1
84186,1
84187,0
84188,1
84189,0
84190,0
84191,1
84192,0
84193,0
84194,1
84195,0
84196,1
84197,0
84198,0
84199,0
84200,0
84201,1
84202,0
84203,1
84204,1
84205,1
84206,1
84207,1
84208,1
84209,1
84210,0
84211,1
84212,0
84213,0
84214,0
84215,1
84216,1
84217,0
84218,0
84219,1
84220,1
84221,0
84222,1
84223,0
84224,1
84225,0
84226,0
84227,0
84228,1
84229,0
84230,0
84231,0
84232,0
84233,1
84234,0
84235,0
84236,0
84237,0
84238,1
84239,0
84240,0
84241,1
84242,0
84243,1
84244,0
84245,1
84246,0
84247,1
84248,0
84249,0
84250,1
84251,0
84252,1
84253,0
84254,1
84255,1
84256,0
84257,1
84258,0
84259,0
84260,1
84261,0
84262,0
84263,0
84264,1
84265,0
84266,0
84267,1
84268,0
84269,1
84270,0
84271,0
84272,0
84273,0
84274,0
84275,0
84276,0
84277,1
84278,1
84279,1
84280,1
84281,1
84282,0
84283,1
84284,1
84285,1
84286,1
84287,0
84288,0
84289,1
84290,0
84291,0
84292,0
84293,1
84294,1
84295,1
84296,1
84297,0
84298,0
84299,1
84300,1
84301,1
84302,1
84303,1
84304,1
84305,1
84306,1
84307,1
84308,1
84309,0
84310,1
84311,0
84312,1
84313,0
84314,1
84315,1
84316,0
84317,1
84318,1
84319,0
84320,1
84321,0
84322,1
84323,1
84324,1
84325,0
84326,0
84327,0
84328,0
84329,1
84330,0
84331,0
84332,1
84333,1
84334,0
84335,1
84336,1
84337,1
84338,0
84339,0
84340,0
84341,0
84342,0
84343,1
84344,1
84345,0
84346,1
84347,1
84348,0
84349,1
84350,1
84351,0
84352,1
84353,1
84354,1
84355,0
84356,0
84357,1
84358,1
84359,0
84360,0
84361,1
84362,0
84363,1
84364,0
84365,0
84366,0
84367,1
84368,0
84369,1
84370,0
84371,1
84372,1
84373,0
84374,1
84375,0
84376,1
84377,0
84378,1
84379,1
84380,1
84381,1
84382,1
84383,0
84384,0
84385,1
84386,1
84387,0
84388,0
84389,1
84390,1
84391,1
84392,1
84393,1
84394,1
84395,1
84396,1
84397,1
84398,1
84399,1
84400,0
84401,1
84402,0
84403,1
84404,0
84405,0
84406,1
84407,1
84408,1
84409,1
84410,0
84411,0
84412,1
84413,1
84414,0
84415,1
84416,0
84417,1
84418,0
84419,1
84420,1
84421,1
84422,0
84423,0
84424,0
84425,1
84426,1
84427,0
84428,1
84429,1
84430,1
84431,0
84432,0
84433,1
84434,0
84435,0
84436,0
84437,0
84438,0
84439,1
84440,0
84441,1
84442,1
84443,1
84444,1
84445,1
84446,0
84447,0
84448,0
84449,1
84450,0
84451,1
84452,1
84453,1
84454,1
84455,0
84456,1
84457,1
84458,1
84459,1
84460,1
84461,0
84462,0
84463,0
84464,1
84465,1
84466,1
84467,0
84468,0
84469,0
84470,0
84471,0
84472,0
84473,0
84474,0
84475,0
84476,0
84477,1
84478,0
84479,0
84480,1
84481,1
84482,0
84483,1
84484,0
84485,1
84486,1
84487,1
84488,1
84489,0
84490,0
84491,1
84492,0
84493,0
84494,0
84495,0
84496,0
84497,1
84498,1
84499,0
84500,0
84501,0
84502,0
84503,1
84504,0
84505,0
84506,1
84507,1
84508,0
84509,0
84510,1
84511,1
84512,0
84513,0
84514,0
84515,1
84516,0
84517,1
84518,0
84519,1
84520,0
84521,1
84522,1
84523,1
84524,0
84525,0
84526,1
84527,1
84528,1
84529,0
84530,1
84531,0
84532,0
84533,0
84534,0
84535,1
84536,1
84537,1
84538,0
84539,0
84540,1
84541,0
84542,1
84543,1
84544,1
84545,0
84546,1
84547,1
84548,1
84549,1
84550,1
84551,0
84552,1
84553,0
84554,1
84555,0
84556,0
84557,1
84558,0
84559,1
84560,1
84561,1
84562,1
84563,0
84564,1
84565,1
84566,1
84567,1
84568,0
84569,0
84570,0
84571,1
84572,1
84573,0
84574,1
84575,1
84576,1
84577,0
84578,1
84579,0
84580,1
84581,1
84582,1
84583,0
84584,1
84585,0
84586,1
84587,0
84588,1
84589,1
84590,0
84591,0
84592,0
84593,1
84594,0
84595,0
84596,1
84597,0
84598,0
84599,1
84600,1
84601,1
84602,0
84603,1
84604,0
84605,1
84606,1
84607,1
84608,0
84609,1
84610,0
84611,0
84612,0
84613,1
84614,1
84615,1
84616,1
84617,1
84618,1
84619,1
84620,0
84621,1
84622,0
84623,0
84624,0
84625,0
84626,0
84627,0
84628,1
84629,1
84630,0
84631,0
84632,0
84633,1
84634,1
84635,1
84636,0
84637,0
84638,0
84639,0
84640,0
84641,0
84642,1
84643,1
84644,0
84645,0
84646,0
84647,1
84648,1
84649,1
84650,0
84651,1
84652,0
84653,1
84654,1
84655,0
84656,1
84657,1
84658,0
84659,0
84660,0
84661,0
84662,1
84663,1
84664,0
84665,0
84666,0
84667,0
84668,0
84669,1
84670,0
84671,0
84672,1
84673,1
84674,1
84675,1
84676,1
84677,1
84678,0
84679,1
84680,1
84681,1
84682,0
84683,1
84684,1
84685,1
84686,1
84687,0
84688,0
84689,0
84690,0
84691,1
84692,1
84693,1
84694,1
84695,0
84696,0
84697,1
84698,1
84699,0
84700,1
84701,1
84702,1
84703,0
84704,0
84705,0
84706,1
84707,1
84708,1
84709,0
84710,0
84711,0
84712,1
84713,0
84714,0
84715,0
84716,1
84717,1
84718,0
84719,0
84720,0
84721,0
84722,1
84723,0
84724,0
84725,1
84726,0
84727,1
84728,0
84729,1
84730,1
84731,0
84732,0
84733,1
84734,0
84735,1
84736,1
84737,1
84738,0
84739,1
84740,1
84741,1
84742,0
84743,0
84744,1
84745,1
84746,1
84747,0
84748,0
84749,0
84750,1
84751,0
84752,1
84753,1
84754,1
84755,1
84756,0
84757,0
84758,1
84759,1
84760,1
84761,0
84762,1
84763,1
84764,1
84765,1
84766,0
84767,1
84768,1
84769,0
84770,1
84771,0
84772,0
84773,0
84774,0
84775,0
84776,1
84777,0
84778,0
84779,0
84780,1
84781,1
84782,0
84783,1
84784,0
84785,0
84786,0
84787,1
84788,0
84789,1
84790,1
84791,0
84792,0
84793,1
84794,1
84795,0
84796,0
84797,0
84798,0
84799,0
84800,1
84801,1
84802,1
84803,1
84804,0
84805,1
84806,0
84807,1
84808,1
84809,0
84810,0
84811,0
84812,0
84813,0
84814,0
84815,0
84816,0
84817,1
84818,0
84819,0
84820,1
84821,1
84822,0
84823,1
84824,1
84825,1
84826,0
84827,0
84828,1
84829,1
84830,0
84831,0
84832,0
84833,1
84834,0
84835,0
84836,1
84837,1
84838,0
84839,0
84840,1
84841,1
84842,0
84843,1
84844,0
84845,1
84846,0
84847,1
84848,1
84849,1
84850,0
84851,0
84852,1
84853,1
84854,1
84855,0
84856,0
84857,0
84858,1
84859,0
84860,1
84861,1
84862,0
84863,0
84864,0
84865,1
84866,0
84867,0
84868,1
84869,1
84870,1
84871,0
84872,1
84873,1
84874,1
84875,1
84876,0
84877,1
84878,1
84879,0
84880,1
84881,1
84882,0
84883,1
84884,1
84885,1
84886,0
84887,0
84888,1
84889,1
84890,1
84891,1
84892,0
84893,0
84894,0
84895,1
84896,1
84897,0
84898,1
84899,0
84900,1
84901,0
84902,0
84903,1
84904,1
84905,1
84906,1
84907,1
84908,0
84909,1
84910,1
84911,0
84912,0
84913,0
84914,1
84915,1
84916,1
84917,1
84918,1
84919,0
84920,0
84921,1
84922,0
84923,1
84924,1
84925,0
84926,1
84927,1
84928,0
84929,0
84930,1
84931,0
84932,1
84933,0
84934,1
84935,1
84936,0
84937,0
84938,1
84939,0
84940,1
84941,1
84942,0
84943,0
84944,1
84945,1
84946,0
84947,0
84948,0
84949,1
84950,1
84951,0
84952,0
84953,1
84954,1
84955,1
84956,1
84957,1
84958,0
84959,1
84960,0
84961,1
84962,1
84963,1
84964,0
84965,1
84966,1
84967,0
84968,0
84969,0
84970,1
84971,1
84972,0
84973,1
84974,0
84975,1
84976,1
84977,1
84978,1
84979,0
84980,0
84981,0
84982,0
84983,0
84984,1
84985,0
84986,1
84987,0
84988,0
84989,0
84990,0
84991,1
84992,0
84993,1
84994,1
84995,1
84996,0
84997,1
84998,1
84999,0
85000,1
85001,1
85002,1
85003,0
85004,1
85005,0
85006,0
85007,1
85008,1
85009,0
85010,1
85011,1
85012,0
85013,1
85014,1
85015,0
85016,1
85017,0
85018,0
85019,0
85020,1
85021,0
85022,1
85023,1
85024,0
85025,1
85026,0
85027,1
85028,1
85029,1
85030,0
85031,0
85032,0
85033,0
85034,0
85035,1
85036,1
85037,0
85038,0
85039,1
85040,1
85041,1
85042,1
85043,1
85044,1
85045,1
85046,1
85047,1
85048,0
85049,1
85050,0
85051,1
85052,0
85053,1
85054,1
85055,0
85056,1
85057,0
85058,1
85059,1
85060,0
85061,1
85062,1
85063,1
85064,1
85065,0
85066,0
85067,1
85068,0
85069,0
85070,1
85071,1
85072,0
85073,0
85074,1
85075,0
85076,1
85077,1
85078,1
85079,1
85080,1
85081,0
85082,1
85083,1
85084,1
85085,0
85086,0
85087,0
85088,1
85089,0
85090,1
85091,1
85092,0
85093,1
85094,1
85095,1
85096,0
85097,1
85098,0
85099,1
85100,0
85101,1
85102,1
85103,0
85104,1
85105,0
85106,1
85107,1
85108,1
85109,0
85110,1
85111,0
85112,0
85113,0
85114,0
85115,0
85116,1
85117,0
85118,1
85119,0
85120,0
85121,1
85122,0
85123,0
85124,1
85125,0
85126,0
85127,1
85128,1
85129,0
85130,1
85131,1
85132,1
85133,1
85134,0
85135,0
85136,1
85137,0
85138,1
85139,0
85140,0
85141,1
85142,1
85143,1
85144,0
85145,1
85146,0
85147,1
85148,1
85149,0
85150,1
85151,1
85152,1
85153,0
85154,1
85155,1
85156,0
85157,1
85158,1
85159,0
85160,0
85161,0
85162,1
85163,1
85164,0
85165,0
85166,1
85167,1
85168,1
85169,1
85170,0
85171,1
85172,0
85173,0
85174,1
85175,0
85176,0
85177,0
85178,1
85179,0
85180,1
85181,0
85182,1
85183,0
85184,0
85185,0
85186,1
85187,1
85188,0
85189,0
85190,0
85191,1
85192,0
85193,0
85194,0
85195,0
85196,0
85197,1
85198,1
85199,0
85200,0
85201,1
85202,1
85203,0
85204,1
85205,0
85206,0
85207,1
85208,1
85209,0
85210,1
85211,1
85212,0
85213,0
85214,1
85215,1
85216,0
85217,1
85218,1
85219,0
85220,1
85221,1
85222,1
85223,0
85224,0
85225,0
85226,1
85227,1
85228,1
85229,0
85230,1
85231,1
85232,0
85233,0
85234,1
85235,1
85236,0
85237,0
85238,0
85239,0
85240,1
85241,1
85242,1
85243,0
85244,1
85245,0
85246,0
85247,1
85248,1
85249,1
85250,0
85251,0
85252,1
85253,1
85254,1
85255,0
85256,0
85257,1
85258,1
85259,1
85260,1
85261,1
85262,1
85263,1
85264,1
85265,1
85266,1
85267,1
85268,1
85269,1
85270,0
85271,1
85272,1
85273,1
85274,1
85275,0
85276,1
85277,0
85278,0
85279,1
85280,0
85281,1
85282,1
85283,1
85284,0
85285,0
85286,0
85287,1
85288,1
85289,1
85290,1
85291,1
85292,0
85293,1
85294,1
85295,1
85296,1
85297,1
85298,0
85299,1
85300,1
85301,1
85302,1
85303,1
85304,0
85305,0
85306,0
85307,1
85308,1
85309,1
85310,1
85311,0
85312,0
85313,1
85314,1
85315,0
85316,0
85317,0
85318,0
85319,1
85320,1
85321,1
85322,0
85323,0
85324,1
85325,0
85326,1
85327,1
85328,0
85329,1
85330,0
85331,1
85332,1
85333,0
85334,1
85335,1
85336,0
85337,1
85338,1
85339,0
85340,0
85341,1
85342,1
85343,1
85344,0
85345,0
85346,1
85347,1
85348,1
85349,1
85350,1
85351,1
85352,1
85353,1
85354,1
85355,1
85356,1
85357,0
85358,1
85359,1
85360,0
85361,0
85362,1
85363,0
85364,1
85365,1
85366,1
85367,1
85368,0
85369,1
85370,1
85371,0
85372,0
85373,0
85374,0
85375,1
85376,1
85377,1
85378,1
85379,0
85380,1
85381,1
85382,1
85383,1
85384,1
85385,0
85386,0
85387,1
85388,0
85389,0
85390,0
85391,0
85392,1
85393,0
85394,1
85395,1
85396,1
85397,0
85398,0
85399,1
85400,0
85401,1
85402,1
85403,0
85404,0
85405,1
85406,0
85407,0
85408,1
85409,1
85410,1
85411,0
85412,0
85413,0
85414,1
85415,0
85416,0
85417,1
85418,0
85419,0
85420,1
85421,1
85422,1
85423,0
85424,0
85425,1
85426,0
85427,0
85428,1
85429,1
85430,0
85431,1
85432,1
85433,1
85434,0
85435,1
85436,1
85437,0
85438,1
85439,0
85440,0
85441,1
85442,0
85443,1
85444,0
85445,0
85446,0
85447,0
85448,0
85449,1
85450,0
85451,0
85452,1
85453,0
85454,1
85455,1
85456,1
85457,0
85458,0
85459,1
85460,0
85461,0
85462,0
85463,0
85464,0
85465,1
85466,1
85467,1
85468,0
85469,0
85470,0
85471,1
85472,0
85473,1
85474,0
85475,1
85476,1
85477,0
85478,1
85479,1
85480,0
85481,1
85482,0
85483,0
85484,0
85485,0
85486,0
85487,0
85488,1
85489,1
85490,1
85491,1
85492,1
85493,1
85494,0
85495,0
85496,1
85497,0
85498,0
85499,0
85500,1
85501,0
85502,1
85503,1
85504,1
85505,1
85506,0
85507,1
85508,0
85509,1
85510,1
85511,0
85512,1
85513,1
85514,0
85515,0
85516,0
85517,0
85518,1
85519,1
85520,1
85521,0
85522,1
85523,0
85524,0
85525,0
85526,0
85527,0
85528,0
85529,1
85530,1
85531,0
85532,0
85533,1
85534,0
85535,0
85536,1
85537,1
85538,0
85539,0
85540,0
85541,1
85542,0
85543,1
85544,0
85545,0
85546,1
85547,1
85548,1
85549,1
85550,1
85551,0
85552,1
85553,0
85554,1
85555,1
85556,1
85557,1
85558,1
85559,0
85560,0
85561,1
85562,1
85563,1
85564,1
85565,1
85566,0
85567,0
85568,1
85569,1
85570,1
85571,0
85572,0
85573,0
85574,0
85575,1
85576,1
85577,0
85578,1
85579,0
85580,1
85581,1
85582,0
85583,0
85584,1
85585,0
85586,1
85587,0
85588,1
85589,0
85590,0
85591,0
85592,1
85593,1
85594,0
85595,0
85596,0
85597,0
85598,1
85599,0
85600,1
85601,1
85602,1
85603,0
85604,1
85605,1
85606,0
85607,1
85608,1
85609,0
85610,1
85611,0
85612,1
85613,1
85614,0
85615,1
85616,0
85617,0
85618,0
85619,1
85620,1
85621,0
85622,0
85623,1
85624,1
85625,1
85626,1
85627,0
85628,1
85629,1
85630,0
85631,1
85632,0
85633,0
85634,0
85635,0
85636,1
85637,0
85638,1
85639,1
85640,0
85641,1
85642,0
85643,0
85644,1
85645,1
85646,1
85647,1
85648,0
85649,0
85650,0
85651,0
85652,0
85653,0
85654,0
85655,0
85656,1
85657,0
85658,1
85659,0
85660,0
85661,1
85662,1
85663,0
85664,1
85665,1
85666,1
85667,0
85668,0
85669,1
85670,0
85671,1
85672,1
85673,1
85674,1
85675,1
85676,0
85677,0
85678,0
85679,1
85680,1
85681,1
85682,1
85683,0
85684,0
85685,0
85686,1
85687,0
85688,0
85689,1
85690,1
85691,1
85692,1
85693,0
85694,1
85695,0
85696,1
85697,1
85698,1
85699,1
85700,0
85701,1
85702,0
85703,1
85704,1
85705,0
85706,0
85707,1
85708,1
85709,1
85710,0
85711,1
85712,0
85713,0
85714,1
85715,0
85716,1
85717,0
85718,1
85719,0
85720,0
85721,0
85722,0
85723,1
85724,0
85725,0
85726,1
85727,1
85728,1
85729,1
85730,0
85731,0
85732,1
85733,1
85734,0
85735,0
85736,1
85737,0
85738,1
85739,1
85740,0
85741,1
85742,0
85743,0
85744,0
85745,1
85746,1
85747,0
85748,0
85749,1
85750,1
85751,1
85752,0
85753,0
85754,1
85755,1
85756,0
85757,1
85758,0
85759,0
85760,0
85761,1
85762,0
85763,0
85764,1
85765,0
85766,1
85767,1
85768,0
85769,0
85770,1
85771,0
85772,1
85773,1
85774,0
85775,1
85776,1
85777,0
85778,1
85779,0
85780,0
85781,0
85782,1
85783,0
85784,0
85785,1
85786,1
85787,1
85788,0
85789,1
85790,0
85791,0
85792,0
85793,1
85794,1
85795,1
85796,1
85797,0
85798,1
85799,0
85800,1
85801,1
85802,1
85803,1
85804,0
85805,0
85806,0
85807,0
85808,1
85809,0
85810,1
85811,0
85812,0
85813,1
85814,1
85815,0
85816,1
85817,0
85818,0
85819,0
85820,0
85821,1
85822,0
85823,0
85824,0
85825,1
85826,0
85827,1
85828,0
85829,0
85830,1
85831,0
85832,1
85833,0
85834,1
85835,0
85836,1
85837,0
85838,0
85839,1
85840,0
85841,1
85842,0
85843,1
85844,0
85845,0
85846,0
85847,1
85848,1
85849,1
85850,0
85851,0
85852,1
85853,0
85854,0
85855,0
85856,1
85857,1
85858,1
85859,0
85860,0
85861,0
85862,1
85863,1
85864,1
85865,0
85866,0
85867,1
85868,1
85869,0
85870,1
85871,1
85872,0
85873,1
85874,0
85875,1
85876,0
85877,0
85878,1
85879,0
85880,0
85881,1
85882,0
85883,0
85884,0
85885,0
85886,0
85887,0
85888,1
85889,1
85890,1
85891,1
85892,0
85893,0
85894,1
85895,0
85896,1
85897,1
85898,0
85899,1
85900,0
85901,0
85902,0
85903,1
85904,1
85905,1
85906,1
85907,1
85908,0
85909,1
85910,0
85911,0
85912,1
85913,0
85914,1
85915,1
85916,1
85917,1
85918,0
85919,0
85920,1
85921,1
85922,0
85923,1
85924,1
85925,0
85926,1
85927,0
85928,1
85929,0
85930,1
85931,1
85932,1
85933,1
85934,0
85935,1
85936,1
85937,1
85938,0
85939,1
85940,0
85941,0
85942,1
85943,1
85944,1
85945,1
85946,1
85947,1
85948,1
85949,0
85950,1
85951,0
85952,1
85953,1
85954,1
85955,1
85956,0
85957,0
85958,1
85959,1
85960,0
85961,0
85962,0
85963,0
85964,1
85965,1
85966,0
85967,1
85968,1
85969,0
85970,0
85971,1
85972,1
85973,1
85974,1
85975,1
85976,1
85977,0
85978,0
85979,1
85980,0
85981,1
85982,0
85983,0
85984,1
85985,0
85986,0
85987,1
85988,0
85989,1
85990,0
85991,1
85992,1
85993,1
85994,0
85995,0
85996,1
85997,1
85998,1
85999,0
86000,1
86001,0
86002,1
86003,0
86004,1
86005,1
86006,1
86007,1
86008,1
86009,1
86010,1
86011,0
86012,1
86013,1
86014,0
86015,0
86016,1
86017,1
86018,1
86019,0
86020,1
86021,0
86022,1
86023,0
86024,0
86025,0
86026,1
86027,1
86028,0
86029,1
86030,1
86031,1
86032,0
86033,1
86034,1
86035,1
86036,0
86037,1
86038,0
86039,0
86040,1
86041,0
86042,1
86043,1
86044,1
86045,0
86046,1
86047,1
86048,1
86049,0
86050,1
86051,1
86052,0
86053,1
86054,1
86055,1
86056,1
86057,0
86058,0
86059,1
86060,1
86061,0
86062,1
86063,1
86064,1
86065,0
86066,1
86067,1
86068,1
86069,1
86070,0
86071,0
86072,1
86073,1
86074,0
86075,1
86076,1
86077,0
86078,1
86079,0
86080,1
86081,1
86082,0
86083,1
86084,1
86085,1
86086,1
86087,1
86088,0
86089,0
86090,0
86091,0
86092,1
86093,1
86094,1
86095,0
86096,0
86097,0
86098,0
86099,1
86100,0
86101,0
86102,0
86103,0
86104,1
86105,1
86106,1
86107,1
86108,1
86109,1
86110,0
86111,0
86112,1
86113,0
86114,1
86115,0
86116,1
86117,0
86118,1
86119,0
86120,0
86121,1
86122,1
86123,0
86124,1
86125,1
86126,0
86127,1
86128,0
86129,1
86130,1
86131,1
86132,1
86133,0
86134,0
86135,1
86136,1
86137,0
86138,0
86139,1
86140,0
86141,1
86142,0
86143,1
86144,0
86145,1
86146,1
86147,1
86148,1
86149,1
86150,1
86151,1
86152,1
86153,0
86154,0
86155,1
86156,0
86157,1
86158,1
86159,1
86160,0
86161,1
86162,0
86163,1
86164,1
86165,0
86166,1
86167,0
86168,0
86169,1
86170,1
86171,0
86172,1
86173,1
86174,0
86175,1
86176,1
86177,1
86178,0
86179,1
86180,0
86181,0
86182,1
86183,1
86184,0
86185,0
86186,0
86187,1
86188,1
86189,0
86190,1
86191,1
86192,0
86193,1
86194,1
86195,0
86196,1
86197,0
86198,0
86199,1
86200,1
86201,0
86202,1
86203,0
86204,1
86205,1
86206,0
86207,0
86208,1
86209,1
86210,1
86211,0
86212,0
86213,0
86214,1
86215,0
86216,0
86217,1
86218,1
86219,1
86220,1
86221,1
86222,0
86223,1
86224,1
86225,1
86226,1
86227,0
86228,1
86229,1
86230,1
86231,1
86232,0
86233,0
86234,0
86235,1
86236,0
86237,1
86238,1
86239,1
86240,0
86241,0
86242,1
86243,0
86244,1
86245,1
86246,1
86247,0
86248,1
86249,0
86250,1
86251,0
86252,0
86253,1
86254,1
86255,0
86256,0
86257,0
86258,0
86259,1
86260,0
86261,0
86262,1
86263,0
86264,1
86265,1
86266,1
86267,1
86268,1
86269,1
86270,1
86271,1
86272,1
86273,0
86274,1
86275,0
86276,0
86277,0
86278,1
86279,0
86280,0
86281,0
86282,1
86283,1
86284,0
86285,1
86286,1
86287,0
86288,1
86289,1
86290,0
86291,1
86292,0
86293,1
86294,0
86295,0
86296,1
86297,0
86298,1
86299,1
86300,1
86301,1
86302,1
86303,1
86304,0
86305,0
86306,0
86307,0
86308,1
86309,0
86310,1
86311,0
86312,1
86313,1
86314,0
86315,1
86316,0
86317,1
86318,1
86319,0
86320,1
86321,0
86322,1
86323,1
86324,1
86325,0
86326,1
86327,1
86328,1
86329,0
86330,1
86331,0
86332,0
86333,1
86334,0
86335,1
86336,1
86337,1
86338,1
86339,0
86340,1
86341,0
86342,1
86343,1
86344,0
86345,1
86346,0
86347,1
86348,0
86349,1
86350,1
86351,1
86352,0
86353,1
86354,1
86355,0
86356,1
86357,1
86358,1
86359,1
86360,0
86361,1
86362,0
86363,1
86364,0
86365,0
86366,0
86367,1
86368,0
86369,0
86370,0
86371,1
86372,0
86373,0
86374,1
86375,1
86376,1
86377,1
86378,0
86379,1
86380,1
86381,1
86382,1
86383,0
86384,1
86385,1
86386,1
86387,1
86388,0
86389,1
86390,0
86391,0
86392,0
86393,1
86394,1
86395,0
86396,0
86397,1
86398,0
86399,1
86400,0
86401,0
86402,1
86403,1
86404,0
86405,0
86406,0
86407,1
86408,1
86409,0
86410,0
86411,0
86412,1
86413,0
86414,1
86415,0
86416,0
86417,0
86418,0
86419,1
86420,0
86421,1
86422,0
86423,1
86424,0
86425,1
86426,0
86427,1
86428,0
86429,0
86430,1
86431,0
86432,0
86433,1
86434,1
86435,0
86436,0
86437,0
86438,0
86439,0
86440,1
86441,0
86442,0
86443,1
86444,0
86445,0
86446,0
86447,0
86448,0
86449,1
86450,1
86451,0
86452,1
86453,1
86454,1
86455,1
86456,1
86457,1
86458,1
86459,1
86460,1
86461,0
86462,1
86463,0
86464,0
86465,0
86466,1
86467,1
86468,1
86469,1
86470,1
86471,1
86472,0
86473,1
86474,0
86475,0
86476,1
86477,1
86478,0
86479,1
86480,0
86481,1
86482,0
86483,0
86484,1
86485,0
86486,1
86487,1
86488,0
86489,1
86490,0
86491,0
86492,1
86493,0
86494,0
86495,0
86496,1
86497,0
86498,0
86499,0
86500,0
86501,0
86502,1
86503,0
86504,0
86505,0
86506,1
86507,1
86508,0
86509,0
86510,0
86511,1
86512,1
86513,1
86514,1
86515,1
86516,1
86517,0
86518,0
86519,1
86520,1
86521,1
86522,1
86523,1
86524,1
86525,0
86526,0
86527,0
86528,0
86529,1
86530,1
86531,0
86532,1
86533,0
86534,0
86535,1
86536,1
86537,1
86538,1
86539,1
86540,1
86541,1
86542,0
86543,1
86544,0
86545,1
86546,0
86547,0
86548,0
86549,0
86550,1
86551,0
86552,0
86553,0
86554,1
86555,1
86556,0
86557,1
86558,1
86559,1
86560,1
86561,0
86562,1
86563,1
86564,1
86565,0
86566,1
86567,0
86568,1
86569,0
86570,0
86571,0
86572,1
86573,1
86574,0
86575,0
86576,0
86577,0
86578,1
86579,1
86580,0
86581,1
86582,1
86583,0
86584,1
86585,0
86586,0
86587,1
86588,1
86589,1
86590,0
86591,0
86592,0
86593,0
86594,0
86595,0
86596,1
86597,1
86598,0
86599,0
86600,0
86601,1
86602,0
86603,1
86604,1
86605,1
86606,1
86607,1
86608,1
86609,0
86610,0
86611,0
86612,0
86613,0
86614,1
86615,1
86616,0
86617,1
86618,0
86619,1
86620,0
86621,0
86622,1
86623,1
86624,1
86625,1
86626,0
86627,1
86628,0
86629,0
86630,1
86631,0
86632,1
86633,1
86634,1
86635,0
86636,0
86637,1
86638,0
86639,0
86640,1
86641,1
86642,1
86643,1
86644,0
86645,1
86646,0
86647,0
86648,1
86649,0
86650,0
86651,0
86652,0
86653,1
86654,0
86655,0
86656,1
86657,0
86658,0
86659,0
86660,1
86661,1
86662,1
86663,1
86664,1
86665,1
86666,1
86667,1
86668,1
86669,0
86670,0
86671,1
86672,1
86673,1
86674,1
86675,1
86676,1
86677,1
86678,1
86679,1
86680,0
86681,0
86682,0
86683,0
86684,1
86685,1
86686,1
86687,0
86688,1
86689,1
86690,1
86691,0
86692,0
86693,0
86694,0
86695,1
86696,1
86697,0
86698,1
86699,0
86700,0
86701,1
86702,0
86703,0
86704,1
86705,1
86706,1
86707,1
86708,1
86709,1
86710,0
86711,0
86712,0
86713,0
86714,1
86715,0
86716,1
86717,0
86718,1
86719,0
86720,1
86721,0
86722,1
86723,1
86724,0
86725,1
86726,1
86727,0
86728,1
86729,0
86730,1
86731,0
86732,1
86733,0
86734,1
86735,0
86736,1
86737,1
86738,0
86739,1
86740,1
86741,0
86742,1
86743,1
86744,1
86745,1
86746,0
86747,1
86748,0
86749,1
86750,0
86751,1
86752,0
86753,0
86754,1
86755,1
86756,0
86757,0
86758,0
86759,0
86760,1
86761,0
86762,0
86763,1
86764,1
86765,1
86766,0
86767,0
86768,0
86769,1
86770,0
86771,1
86772,1
86773,1
86774,1
86775,1
86776,1
86777,1
86778,1
86779,1
86780,1
86781,0
86782,1
86783,0
86784,0
86785,1
86786,0
86787,1
86788,0
86789,1
86790,1
86791,0
86792,0
86793,0
86794,0
86795,0
86796,1
86797,1
86798,1
86799,0
86800,0
86801,1
86802,0
86803,0
86804,1
86805,0
86806,1
86807,0
86808,0
86809,0
86810,1
86811,1
86812,0
86813,1
86814,1
86815,1
86816,1
86817,0
86818,0
86819,1
86820,1
86821,0
86822,0
86823,0
86824,1
86825,0
86826,1
86827,0
86828,1
86829,1
86830,0
86831,1
86832,0
86833,1
86834,1
86835,1
86836,0
86837,1
86838,1
86839,0
86840,0
86841,0
86842,1
86843,0
86844,1
86845,0
86846,1
86847,1
86848,0
86849,0
86850,1
86851,1
86852,0
86853,1
86854,1
86855,1
86856,0
86857,1
86858,0
86859,0
86860,0
86861,0
86862,0
86863,0
86864,1
86865,0
86866,0
86867,1
86868,0
86869,0
86870,0
86871,0
86872,0
86873,0
86874,0
86875,1
86876,1
86877,1
86878,1
86879,0
86880,1
86881,0
86882,0
86883,0
86884,0
86885,1
86886,1
86887,1
86888,0
86889,1
86890,0
86891,0
86892,1
86893,1
86894,0
86895,0
86896,1
86897,0
86898,0
86899,0
86900,0
86901,1
86902,0
86903,1
86904,0
86905,1
86906,1
86907,0
86908,0
86909,1
86910,1
86911,1
86912,1
86913,0
86914,1
86915,1
86916,0
86917,0
86918,1
86919,1
86920,0
86921,1
86922,0
86923,1
86924,1
86925,1
86926,0
86927,1
86928,0
86929,0
86930,1
86931,0
86932,1
86933,1
86934,0
86935,1
86936,0
86937,1
86938,1
86939,1
86940,1
86941,1
86942,1
86943,0
86944,1
86945,1
86946,1
86947,1
86948,0
86949,0
86950,1
86951,1
86952,0
86953,0
86954,1
86955,0
86956,1
86957,0
86958,0
86959,1
86960,1
86961,0
86962,0
86963,1
86964,1
86965,0
86966,0
86967,0
86968,1
86969,0
86970,0
86971,0
86972,1
86973,1
86974,1
86975,0
86976,1
86977,0
86978,0
86979,0
86980,1
86981,1
86982,0
86983,1
86984,1
86985,1
86986,1
86987,0
86988,0
86989,1
86990,1
86991,1
86992,1
86993,0
86994,1
86995,1
86996,1
86997,1
86998,1
86999,0
87000,0
87001,1
87002,1
87003,0
87004,0
87005,0
87006,1
87007,0
87008,1
87009,1
87010,1
87011,1
87012,0
87013,1
87014,1
87015,1
87016,1
87017,0
87018,1
87019,0
87020,0
87021,0
87022,0
87023,0
87024,1
87025,0
87026,1
87027,0
87028,0
87029,0
87030,1
87031,1
87032,1
87033,1
87034,1
87035,1
87036,1
87037,0
87038,0
87039,1
87040,1
87041,0
87042,1
87043,0
87044,0
87045,1
87046,0
87047,1
87048,0
87049,1
87050,1
87051,0
87052,0
87053,0
87054,0
87055,1
87056,0
87057,1
87058,0
87059,0
87060,0
87061,0
87062,1
87063,0
87064,0
87065,1
87066,0
87067,1
87068,1
87069,0
87070,1
87071,0
87072,0
87073,0
87074,1
87075,0
87076,1
87077,1
87078,0
87079,1
87080,1
87081,1
87082,1
87083,0
87084,0
87085,0
87086,1
87087,0
87088,1
87089,1
87090,0
87091,1
87092,1
87093,1
87094,1
87095,1
87096,1
87097,1
87098,1
87099,1
87100,1
87101,0
87102,0
87103,1
87104,1
87105,1
87106,1
87107,1
87108,1
87109,0
87110,0
87111,1
87112,1
87113,1
87114,0
87115,1
87116,1
87117,0
87118,1
87119,1
87120,0
87121,1
87122,0
87123,1
87124,1
87125,0
87126,0
87127,1
87128,0
87129,0
87130,0
87131,1
87132,0
87133,0
87134,0
87135,0
87136,0
87137,1
87138,0
87139,0
87140,1
87141,1
87142,0
87143,1
87144,0
87145,0
87146,1
87147,1
87148,1
87149,0
87150,1
87151,0
87152,1
87153,0
87154,1
87155,0
87156,1
87157,1
87158,1
87159,0
87160,0
87161,0
87162,0
87163,1
87164,1
87165,1
87166,1
87167,1
87168,0
87169,1
87170,1
87171,1
87172,1
87173,1
87174,0
87175,1
87176,1
87177,1
87178,0
87179,1
87180,1
87181,0
87182,0
87183,1
87184,1
87185,1
87186,1
87187,0
87188,0
87189,0
87190,1
87191,1
87192,1
87193,1
87194,1
87195,1
87196,1
87197,1
87198,1
87199,0
87200,0
87201,0
87202,1
87203,1
87204,0
87205,1
87206,0
87207,0
87208,0
87209,0
87210,1
87211,1
87212,1
87213,1
87214,1
87215,1
87216,0
87217,1
87218,0
87219,1
87220,1
87221,0
87222,0
87223,1
87224,1
87225,0
87226,1
87227,1
87228,1
87229,0
87230,1
87231,1
87232,0
87233,1
87234,1
87235,0
87236,1
87237,1
87238,0
87239,1
87240,1
87241,1
87242,0
87243,1
87244,0
87245,1
87246,1
87247,1
87248,0
87249,1
87250,1
87251,0
87252,1
87253,1
87254,1
87255,1
87256,1
87257,1
87258,0
87259,0
87260,0
87261,1
87262,0
87263,1
87264,1
87265,1
87266,0
87267,0
87268,0
87269,1
87270,1
87271,1
87272,0
87273,1
87274,0
87275,1
87276,0
87277,0
87278,1
87279,0
87280,0
87281,0
87282,0
87283,0
87284,1
87285,1
87286,0
87287,1
87288,0
87289,1
87290,0
87291,1
87292,1
87293,0
87294,1
87295,0
87296,1
87297,1
87298,0
87299,1
87300,1
87301,1
87302,1
87303,0
87304,1
87305,1
87306,0
87307,0
87308,1
87309,1
87310,1
87311,1
87312,1
87313,0
87314,1
87315,1
87316,0
87317,1
87318,1
87319,1
87320,0
87321,0
87322,0
87323,0
87324,0
87325,0
87326,0
87327,0
87328,0
87329,0
87330,0
87331,1
87332,1
87333,0
87334,1
87335,1
87336,1
87337,1
87338,0
87339,0
87340,0
87341,0
87342,0
87343,1
87344,0
87345,1
87346,0
87347,1
87348,1
87349,0
87350,0
87351,0
87352,0
87353,0
87354,0
87355,0
87356,1
87357,0
87358,1
87359,0
87360,0
87361,1
87362,0
87363,1
87364,0
87365,0
87366,0
87367,1
87368,0
87369,1
87370,0
87371,0
87372,1
87373,0
87374,1
87375,1
87376,1
87377,0
87378,1
87379,0
87380,1
87381,0
87382,1
87383,1
87384,0
87385,0
87386,0
87387,1
87388,1
87389,1
87390,1
87391,0
87392,1
87393,0
87394,0
87395,1
87396,1
87397,0
87398,1
87399,1
87400,0
87401,1
87402,1
87403,0
87404,0
87405,1
87406,0
87407,0
87408,0
87409,0
87410,0
87411,1
87412,1
87413,1
87414,1
87415,0
87416,0
87417,0
87418,1
87419,1
87420,1
87421,1
87422,1
87423,0
87424,1
87425,1
87426,0
87427,1
87428,1
87429,0
87430,0
87431,1
87432,0
87433,0
87434,0
87435,0
87436,1
87437,0
87438,1
87439,1
87440,0
87441,0
87442,1
87443,0
87444,0
87445,1
87446,1
87447,1
87448,1
87449,1
87450,1
87451,1
87452,1
87453,0
87454,1
87455,1
87456,1
87457,0
87458,1
87459,0
87460,1
87461,0
87462,0
87463,0
87464,0
87465,0
87466,0
87467,0
87468,0
87469,0
87470,0
87471,0
87472,0
87473,0
87474,0
87475,1
87476,1
87477,1
87478,1
87479,1
87480,1
87481,0
87482,1
87483,1
87484,0
87485,0
87486,1
87487,0
87488,0
87489,0
87490,0
87491,0
87492,0
87493,0
87494,1
87495,1
87496,1
87497,1
87498,0
87499,0
87500,0
87501,1
87502,1
87503,0
87504,0
87505,1
87506,1
87507,1
87508,1
87509,1
87510,0
87511,1
87512,1
87513,0
87514,1
87515,0
87516,1
87517,1
87518,1
87519,0
87520,1
87521,0
87522,0
87523,1
87524,1
87525,0
87526,1
87527,0
87528,0
87529,0
87530,1
87531,0
87532,1
87533,0
87534,0
87535,1
87536,1
87537,0
87538,0
87539,0
87540,1
87541,0
87542,1
87543,0
87544,0
87545,1
87546,0
87547,0
87548,0
87549,1
87550,0
87551,1
87552,0
87553,1
87554,1
87555,0
87556,1
87557,1
87558,1
87559,0
87560,1
87561,0
87562,0
87563,1
87564,0
87565,0
87566,1
87567,1
87568,0
87569,0
87570,0
87571,0
87572,1
87573,0
87574,0
87575,1
87576,0
87577,0
87578,1
87579,0
87580,0
87581,1
87582,1
87583,1
87584,0
87585,1
87586,1
87587,0
87588,1
87589,1
87590,0
87591,1
87592,0
87593,0
87594,0
87595,1
87596,1
87597,0
87598,0
87599,0
87600,1
87601,0
87602,0
87603,1
87604,1
87605,1
87606,0
87607,1
87608,0
87609,1
87610,1
87611,1
87612,1
87613,1
87614,0
87615,0
87616,1
87617,1
87618,1
87619,0
87620,0
87621,1
87622,1
87623,1
87624,0
87625,0
87626,0
87627,0
87628,0
87629,1
87630,1
87631,0
87632,1
87633,0
87634,1
87635,0
87636,0
87637,1
87638,1
87639,0
87640,1
87641,1
87642,0
87643,1
87644,0
87645,1
87646,1
87647,1
87648,0
87649,1
87650,0
87651,0
87652,1
87653,1
87654,1
87655,1
87656,0
87657,0
87658,0
87659,1
87660,1
87661,0
87662,0
87663,1
87664,1
87665,1
87666,0
87667,1
87668,1
87669,1
87670,0
87671,1
87672,0
87673,1
87674,0
87675,0
87676,1
87677,1
87678,1
87679,0
87680,1
87681,1
87682,1
87683,0
87684,0
87685,1
87686,0
87687,0
87688,1
87689,0
87690,1
87691,1
87692,1
87693,0
87694,0
87695,1
87696,1
87697,0
87698,0
87699,0
87700,1
87701,0
87702,1
87703,1
87704,1
87705,1
87706,0
87707,1
87708,0
87709,0
87710,1
87711,1
87712,0
87713,1
87714,0
87715,1
87716,0
87717,0
87718,0
87719,1
87720,0
87721,1
87722,0
87723,1
87724,0
87725,1
87726,1
87727,1
87728,0
87729,0
87730,0
87731,1
87732,1
87733,1
87734,0
87735,1
87736,0
87737,1
87738,1
87739,1
87740,0
87741,0
87742,0
87743,0
87744,1
87745,1
87746,0
87747,0
87748,0
87749,0
87750,0
87751,1
87752,0
87753,1
87754,1
87755,1
87756,0
87757,1
87758,0
87759,0
87760,0
87761,1
87762,0
87763,1
87764,0
87765,1
87766,0
87767,1
87768,1
87769,0
87770,1
87771,0
87772,0
87773,0
87774,0
87775,0
87776,0
87777,1
87778,0
87779,1
87780,0
87781,1
87782,1
87783,0
87784,1
87785,0
87786,1
87787,0
87788,1
87789,0
87790,0
87791,1
87792,0
87793,1
87794,0
87795,1
87796,1
87797,1
87798,0
87799,0
87800,1
87801,0
87802,0
87803,1
87804,0
87805,1
87806,1
87807,1
87808,1
87809,1
87810,1
87811,1
87812,1
87813,1
87814,1
87815,0
87816,1
87817,1
87818,1
87819,0
87820,1
87821,1
87822,0
87823,1
87824,1
87825,0
87826,1
87827,0
87828,0
87829,0
87830,1
87831,0
87832,0
87833,0
87834,0
87835,1
87836,1
87837,1
87838,1
87839,1
87840,1
87841,1
87842,1
87843,0
87844,0
87845,0
87846,0
87847,1
87848,1
87849,1
87850,0
87851,1
87852,0
87853,1
87854,0
87855,0
87856,1
87857,0
87858,1
87859,0
87860,1
87861,0
87862,0
87863,0
87864,1
87865,1
87866,0
87867,1
87868,1
87869,1
87870,0
87871,0
87872,1
87873,0
87874,1
87875,1
87876,0
87877,0
87878,0
87879,0
87880,0
87881,1
87882,0
87883,1
87884,0
87885,0
87886,0
87887,1
87888,0
87889,0
87890,1
87891,0
87892,1
87893,1
87894,0
87895,1
87896,1
87897,0
87898,0
87899,1
87900,1
87901,0
87902,1
87903,0
87904,0
87905,0
87906,1
87907,0
87908,1
87909,0
87910,1
87911,1
87912,0
87913,1
87914,0
87915,1
87916,1
87917,0
87918,0
87919,0
87920,0
87921,0
87922,1
87923,1
87924,0
87925,1
87926,1
87927,1
87928,1
87929,1
87930,1
87931,0
87932,0
87933,1
87934,1
87935,1
87936,0
87937,1
87938,1
87939,1
87940,0
87941,0
87942,1
87943,1
87944,1
87945,1
87946,1
87947,1
87948,1
87949,1
87950,0
87951,1
87952,0
87953,1
87954,0
87955,1
87956,1
87957,0
87958,0
87959,0
87960,0
87961,0
87962,1
87963,1
87964,1
87965,1
87966,1
87967,1
87968,0
87969,1
87970,1
87971,0
87972,1
87973,1
87974,1
87975,1
87976,1
87977,1
87978,0
87979,0
87980,0
87981,1
87982,1
87983,0
87984,1
87985,0
87986,1
87987,1
87988,1
87989,0
87990,0
87991,0
87992,1
87993,0
87994,0
87995,1
87996,0
87997,1
87998,1
87999,0
88000,1
88001,0
88002,1
88003,1
88004,1
88005,1
88006,1
88007,0
88008,0
88009,1
88010,0
88011,1
88012,1
88013,1
88014,0
88015,1
88016,1
88017,1
88018,0
88019,0
88020,1
88021,1
88022,0
88023,1
88024,1
88025,1
88026,0
88027,0
88028,0
88029,0
88030,1
88031,1
88032,1
88033,0
88034,1
88035,1
88036,1
88037,1
88038,0
88039,1
88040,1
88041,1
88042,1
88043,1
88044,0
88045,0
88046,0
88047,1
88048,1
88049,0
88050,0
88051,0
88052,1
88053,1
88054,0
88055,1
88056,1
88057,1
88058,0
88059,0
88060,1
88061,1
88062,1
88063,0
88064,1
88065,1
88066,1
88067,0
88068,0
88069,0
88070,1
88071,1
88072,0
88073,0
88074,0
88075,0
88076,0
88077,0
88078,1
88079,0
88080,0
88081,1
88082,1
88083,0
88084,1
88085,1
88086,1
88087,1
88088,1
88089,1
88090,0
88091,0
88092,1
88093,1
88094,1
88095,1
88096,1
88097,0
88098,0
88099,1
88100,1
88101,0
88102,0
88103,0
88104,1
88105,0
88106,0
88107,1
88108,1
88109,1
88110,0
88111,1
88112,0
88113,0
88114,0
88115,0
88116,1
88117,1
88118,0
88119,1
88120,0
88121,1
88122,0
88123,1
88124,0
88125,1
88126,0
88127,1
88128,1
88129,0
88130,1
88131,0
88132,0
88133,0
88134,1
88135,1
88136,1
88137,1
88138,1
88139,0
88140,0
88141,1
88142,0
88143,0
88144,0
88145,1
88146,0
88147,0
88148,1
88149,1
88150,1
88151,0
88152,0
88153,1
88154,0
88155,1
88156,1
88157,0
88158,1
88159,1
88160,1
88161,1
88162,1
88163,0
88164,1
88165,1
88166,1
88167,0
88168,0
88169,0
88170,1
88171,0
88172,1
88173,1
88174,1
88175,1
88176,0
88177,1
88178,0
88179,0
88180,1
88181,1
88182,0
88183,1
88184,0
88185,1
88186,0
88187,1
88188,1
88189,0
88190,0
88191,1
88192,1
88193,0
88194,1
88195,0
88196,1
88197,1
88198,0
88199,1
88200,1
88201,1
88202,0
88203,0
88204,1
88205,1
88206,0
88207,0
88208,1
88209,0
88210,1
88211,0
88212,1
88213,0
88214,0
88215,1
88216,0
88217,0
88218,1
88219,1
88220,0
88221,1
88222,1
88223,1
88224,0
88225,0
88226,1
88227,0
88228,0
88229,1
88230,1
88231,0
88232,0
88233,0
88234,1
88235,1
88236,0
88237,0
88238,0
88239,0
88240,0
88241,0
88242,0
88243,1
88244,1
88245,1
88246,0
88247,1
88248,1
88249,1
88250,1
88251,1
88252,0
88253,1
88254,1
88255,0
88256,1
88257,0
88258,0
88259,1
88260,0
88261,0
88262,1
88263,0
88264,0
88265,0
88266,1
88267,1
88268,0
88269,1
88270,1
88271,1
88272,0
88273,0
88274,1
88275,1
88276,1
88277,0
88278,0
88279,0
88280,0
88281,0
88282,0
88283,0
88284,1
88285,1
88286,0
88287,1
88288,1
88289,1
88290,0
88291,0
88292,1
88293,0
88294,0
88295,0
88296,1
88297,0
88298,1
88299,0
88300,0
88301,0
88302,1
88303,0
88304,1
88305,0
88306,1
88307,0
88308,1
88309,0
88310,1
88311,1
88312,1
88313,1
88314,1
88315,1
88316,0
88317,1
88318,1
88319,0
88320,1
88321,1
88322,1
88323,0
88324,1
88325,1
88326,0
88327,1
88328,1
88329,1
88330,1
88331,0
88332,0
88333,0
88334,1
88335,1
88336,1
88337,1
88338,1
88339,1
88340,0
88341,1
88342,1
88343,0
88344,1
88345,0
88346,0
88347,0
88348,0
88349,0
88350,0
88351,1
88352,1
88353,0
88354,1
88355,1
88356,0
88357,1
88358,1
88359,1
88360,1
88361,1
88362,1
88363,1
88364,0
88365,0
88366,0
88367,1
88368,0
88369,1
88370,1
88371,1
88372,1
88373,0
88374,0
88375,0
88376,0
88377,0
88378,1
88379,1
88380,1
88381,0
88382,0
88383,1
88384,1
88385,0
88386,0
88387,1
88388,1
88389,0
88390,1
88391,0
88392,0
88393,1
88394,1
88395,1
88396,0
88397,0
88398,1
88399,0
88400,0
88401,1
88402,0
88403,1
88404,1
88405,0
88406,1
88407,0
88408,1
88409,0
88410,1
88411,1
88412,1
88413,1
88414,0
88415,1
88416,0
88417,0
88418,1
88419,1
88420,1
88421,0
88422,1
88423,1
88424,0
88425,1
88426,1
88427,0
88428,1
88429,0
88430,0
88431,0
88432,0
88433,1
88434,1
88435,0
88436,0
88437,0
88438,1
88439,1
88440,0
88441,0
88442,1
88443,1
88444,1
88445,0
88446,1
88447,0
88448,0
88449,1
88450,0
88451,1
88452,1
88453,0
88454,1
88455,0
88456,0
88457,1
88458,0
88459,1
88460,1
88461,1
88462,0
88463,0
88464,1
88465,1
88466,1
88467,0
88468,1
88469,1
88470,0
88471,1
88472,1
88473,0
88474,0
88475,0
88476,0
88477,1
88478,1
88479,1
88480,0
88481,0
88482,1
88483,0
88484,0
88485,1
88486,0
88487,0
88488,1
88489,0
88490,0
88491,0
88492,0
88493,0
88494,0
88495,0
88496,0
88497,0
88498,1
88499,0
88500,0
88501,1
88502,1
88503,0
88504,0
88505,0
88506,1
88507,0
88508,0
88509,0
88510,1
88511,1
88512,1
88513,1
88514,1
88515,1
88516,0
88517,0
88518,1
88519,1
88520,1
88521,0
88522,0
88523,1
88524,0
88525,0
88526,0
88527,0
88528,0
88529,0
88530,0
88531,0
88532,1
88533,1
88534,1
88535,1
88536,0
88537,1
88538,1
88539,1
88540,1
88541,1
88542,1
88543,0
88544,1
88545,1
88546,0
88547,1
88548,0
88549,1
88550,1
88551,0
88552,1
88553,0
88554,0
88555,1
88556,0
88557,1
88558,1
88559,1
88560,0
88561,0
88562,0
88563,0
88564,0
88565,1
88566,0
88567,1
88568,0
88569,1
88570,1
88571,1
88572,1
88573,0
88574,1
88575,1
88576,1
88577,0
88578,1
88579,1
88580,0
88581,1
88582,0
88583,0
88584,0
88585,1
88586,1
88587,1
88588,0
88589,1
88590,0
88591,1
88592,1
88593,0
88594,0
88595,1
88596,1
88597,1
88598,1
88599,0
88600,0
88601,1
88602,1
88603,1
88604,1
88605,0
88606,1
88607,0
88608,1
88609,0
88610,1
88611,0
88612,1
88613,1
88614,1
88615,1
88616,0
88617,0
88618,1
88619,1
88620,0
88621,1
88622,1
88623,0
88624,1
88625,0
88626,1
88627,0
88628,1
88629,1
88630,1
88631,0
88632,1
88633,0
88634,1
88635,1
88636,0
88637,0
88638,1
88639,0
88640,1
88641,1
88642,1
88643,1
88644,0
88645,1
88646,0
88647,0
88648,0
88649,1
88650,0
88651,0
88652,1
88653,1
88654,1
88655,1
88656,1
88657,0
88658,1
88659,0
88660,0
88661,1
88662,1
88663,0
88664,0
88665,1
88666,1
88667,1
88668,1
88669,0
88670,0
88671,1
88672,1
88673,1
88674,1
88675,1
88676,1
88677,0
88678,1
88679,1
88680,1
88681,1
88682,0
88683,1
88684,0
88685,0
88686,0
88687,1
88688,1
88689,1
88690,0
88691,0
88692,0
88693,0
88694,0
88695,1
88696,0
88697,0
88698,0
88699,0
88700,0
88701,0
88702,1
88703,1
88704,1
88705,1
88706,0
88707,1
88708,1
88709,0
88710,0
88711,0
88712,1
88713,1
88714,1
88715,0
88716,1
88717,1
88718,1
88719,1
88720,1
88721,1
88722,1
88723,0
88724,1
88725,0
88726,1
88727,1
88728,0
88729,0
88730,1
88731,0
88732,0
88733,1
88734,1
88735,0
88736,1
88737,1
88738,0
88739,1
88740,0
88741,1
88742,1
88743,0
88744,1
88745,1
88746,0
88747,1
88748,1
88749,1
88750,1
88751,0
88752,1
88753,0
88754,0
88755,0
88756,0
88757,1
88758,0
88759,1
88760,0
88761,1
88762,0
88763,1
88764,1
88765,0
88766,1
88767,0
88768,0
88769,1
88770,1
88771,0
88772,1
88773,0
88774,0
88775,1
88776,0
88777,1
88778,1
88779,0
88780,1
88781,0
88782,1
88783,0
88784,1
88785,0
88786,1
88787,0
88788,0
88789,1
88790,0
88791,1
88792,1
88793,0
88794,1
88795,0
88796,1
88797,1
88798,1
88799,1
88800,1
88801,1
88802,1
88803,0
88804,1
88805,1
88806,1
88807,1
88808,1
88809,1
88810,1
88811,1
88812,1
88813,1
88814,1
88815,1
88816,0
88817,1
88818,0
88819,1
88820,0
88821,0
88822,0
88823,0
88824,1
88825,1
88826,0
88827,1
88828,0
88829,0
88830,0
88831,1
88832,1
88833,0
88834,1
88835,0
88836,0
88837,0
88838,0
88839,1
88840,1
88841,0
88842,1
88843,1
88844,0
88845,0
88846,1
88847,1
88848,0
88849,1
88850,0
88851,1
88852,1
88853,0
88854,1
88855,0
88856,0
88857,1
88858,0
88859,0
88860,0
88861,1
88862,0
88863,1
88864,0
88865,1
88866,1
88867,0
88868,0
88869,1
88870,1
88871,0
88872,1
88873,0
88874,1
88875,0
88876,1
88877,0
88878,0
88879,0
88880,1
88881,1
88882,0
88883,0
88884,0
88885,0
88886,1
88887,0
88888,1
88889,1
88890,1
88891,1
88892,0
88893,0
88894,1
88895,0
88896,1
88897,1
88898,0
88899,1
88900,0
88901,0
88902,1
88903,0
88904,0
88905,0
88906,0
88907,1
88908,0
88909,0
88910,0
88911,0
88912,1
88913,0
88914,0
88915,0
88916,1
88917,0
88918,0
88919,1
88920,0
88921,1
88922,0
88923,1
88924,1
88925,0
88926,1
88927,1
88928,0
88929,1
88930,0
88931,1
88932,0
88933,1
88934,1
88935,1
88936,1
88937,0
88938,1
88939,1
88940,1
88941,1
88942,0
88943,0
88944,1
88945,1
88946,0
88947,1
88948,0
88949,0
88950,1
88951,0
88952,1
88953,0
88954,0
88955,1
88956,1
88957,1
88958,0
88959,1
88960,1
88961,1
88962,1
88963,0
88964,1
88965,0
88966,0
88967,1
88968,0
88969,1
88970,0
88971,0
88972,1
88973,1
88974,0
88975,0
88976,1
88977,1
88978,1
88979,0
88980,1
88981,0
88982,0
88983,0
88984,1
88985,0
88986,1
88987,0
88988,0
88989,0
88990,0
88991,1
88992,1
88993,1
88994,0
88995,1
88996,0
88997,1
88998,1
88999,1
89000,0
89001,0
89002,1
89003,1
89004,1
89005,1
89006,1
89007,0
89008,0
89009,0
89010,1
89011,1
89012,1
89013,0
89014,1
89015,1
89016,1
89017,1
89018,0
89019,1
89020,0
89021,1
89022,0
89023,0
89024,1
89025,0
89026,0
89027,0
89028,1
89029,1
89030,0
89031,0
89032,1
89033,1
89034,1
89035,0
89036,0
89037,1
89038,1
89039,0
89040,0
89041,0
89042,0
89043,0
89044,1
89045,1
89046,1
89047,1
89048,0
89049,1
89050,1
89051,1
89052,0
89053,0
89054,0
89055,0
89056,0
89057,1
89058,1
89059,1
89060,1
89061,1
89062,0
89063,0
89064,1
89065,0
89066,1
89067,0
89068,0
89069,1
89070,0
89071,1
89072,1
89073,0
89074,0
89075,0
89076,1
89077,0
89078,1
89079,0
89080,0
89081,0
89082,0
89083,0
89084,1
89085,1
89086,0
89087,1
89088,1
89089,0
89090,1
89091,0
89092,1
89093,0
89094,1
89095,0
89096,0
89097,1
89098,1
89099,0
89100,1
89101,0
89102,1
89103,1
89104,0
89105,0
89106,0
89107,0
89108,1
89109,0
89110,1
89111,0
89112,1
89113,1
89114,1
89115,1
89116,0
89117,0
89118,1
89119,1
89120,0
89121,0
89122,0
89123,0
89124,1
89125,1
89126,1
89127,0
89128,1
89129,1
89130,0
89131,1
89132,1
89133,0
89134,0
89135,1
89136,1
89137,0
89138,1
89139,0
89140,0
89141,1
89142,1
89143,0
89144,1
89145,1
89146,0
89147,1
89148,0
89149,1
89150,0
89151,1
89152,1
89153,0
89154,0
89155,1
89156,0
89157,0
89158,0
89159,1
89160,1
89161,1
89162,0
89163,1
89164,1
89165,0
89166,0
89167,1
89168,0
89169,1
89170,1
89171,1
89172,1
89173,0
89174,0
89175,1
89176,1
89177,1
89178,1
89179,1
89180,0
89181,0
89182,1
89183,1
89184,1
89185,0
89186,1
89187,1
89188,1
89189,1
89190,1
89191,0
89192,0
89193,0
89194,0
89195,1
89196,0
89197,0
89198,1
89199,0
89200,1
89201,1
89202,1
89203,1
89204,0
89205,0
89206,1
89207,1
89208,0
89209,0
89210,1
89211,1
89212,0
89213,1
89214,1
89215,0
89216,0
89217,0
89218,1
89219,0
89220,1
89221,0
89222,1
89223,1
89224,1
89225,1
89226,1
89227,1
89228,0
89229,1
89230,1
89231,0
89232,1
89233,0
89234,1
89235,1
89236,1
89237,1
89238,0
89239,0
89240,1
89241,0
89242,0
89243,1
89244,1
89245,1
89246,0
89247,1
89248,1
89249,0
89250,0
89251,1
89252,1
89253,1
89254,1
89255,0
89256,0
89257,0
89258,0
89259,0
89260,0
89261,1
89262,0
89263,0
89264,1
89265,0
89266,0
89267,1
89268,1
89269,0
89270,1
89271,1
89272,1
89273,1
89274,0
89275,0
89276,0
89277,0
89278,0
89279,0
89280,1
89281,0
89282,0
89283,0
89284,1
89285,0
89286,1
89287,1
89288,1
89289,0
89290,0
89291,1
89292,1
89293,0
89294,0
89295,0
89296,0
89297,1
89298,0
89299,1
89300,1
89301,0
89302,0
89303,1
89304,0
89305,1
89306,0
89307,1
89308,0
89309,0
89310,0
89311,1
89312,1
89313,0
89314,0
89315,0
89316,1
89317,0
89318,0
89319,0
89320,0
89321,1
89322,0
89323,0
89324,1
89325,0
89326,1
89327,1
89328,1
89329,1
89330,1
89331,0
89332,0
89333,1
89334,1
89335,0
89336,1
89337,1
89338,0
89339,0
89340,0
89341,1
89342,0
89343,1
89344,0
89345,0
89346,0
89347,0
89348,1
89349,0
89350,0
89351,0
89352,0
89353,0
89354,0
89355,1
89356,0
89357,1
89358,1
89359,1
89360,1
89361,0
89362,1
89363,1
89364,1
89365,0
89366,1
89367,0
89368,1
89369,1
89370,1
89371,0
89372,1
89373,0
89374,0
89375,1
89376,1
89377,1
89378,1
89379,0
89380,1
89381,1
89382,1
89383,0
89384,0
89385,1
89386,1
89387,1
89388,1
89389,0
89390,1
89391,1
89392,0
89393,1
89394,1
89395,0
89396,1
89397,1
89398,0
89399,1
89400,0
89401,0
89402,1
89403,1
89404,0
89405,1
89406,1
89407,1
89408,1
89409,1
89410,1
89411,0
89412,1
89413,1
89414,1
89415,1
89416,0
89417,1
89418,0
89419,0
89420,1
89421,1
89422,0
89423,0
89424,0
89425,0
89426,1
89427,0
89428,0
89429,0
89430,1
89431,1
89432,1
89433,0
89434,1
89435,1
89436,1
89437,0
89438,1
89439,1
89440,0
89441,1
89442,1
89443,0
89444,1
89445,1
89446,1
89447,1
89448,1
89449,1
89450,0
89451,0
89452,1
89453,1
89454,1
89455,0
89456,1
89457,1
89458,0
89459,0
89460,1
89461,0
89462,1
89463,0
89464,1
89465,1
89466,1
89467,1
89468,1
89469,1
89470,0
89471,0
89472,1
89473,1
89474,0
89475,1
89476,1
89477,0
89478,1
89479,1
89480,1
89481,0
89482,1
89483,1
89484,0
89485,1
89486,1
89487,1
89488,1
89489,1
89490,0
89491,1
89492,1
89493,0
89494,0
89495,1
89496,0
89497,1
89498,0
89499,0
89500,0
89501,0
89502,0
89503,0
89504,1
89505,1
89506,0
89507,0
89508,1
89509,1
89510,0
89511,1
89512,0
89513,0
89514,1
89515,0
89516,1
89517,0
89518,0
89519,0
89520,1
89521,0
89522,1
89523,1
89524,1
89525,1
89526,1
89527,0
89528,1
89529,1
89530,1
89531,1
89532,1
89533,0
89534,1
89535,0
89536,0
89537,0
89538,1
89539,1
89540,0
89541,0
89542,0
89543,1
89544,1
89545,1
89546,0
89547,1
89548,1
89549,1
89550,1
89551,1
89552,1
89553,1
89554,1
89555,1
89556,0
89557,1
89558,1
89559,0
89560,0
89561,0
89562,1
89563,0
89564,0
89565,0
89566,1
89567,0
89568,1
89569,0
89570,1
89571,0
89572,1
89573,0
89574,1
89575,0
89576,0
89577,1
89578,1
89579,0
89580,0
89581,0
89582,0
89583,1
89584,0
89585,0
89586,1
89587,1
89588,1
89589,1
89590,0
89591,1
89592,1
89593,0
89594,0
89595,1
89596,1
89597,1
89598,0
89599,1
89600,0
89601,1
89602,1
89603,0
89604,1
89605,1
89606,1
89607,1
89608,0
89609,1
89610,0
89611,0
89612,0
89613,0
89614,0
89615,0
89616,1
89617,0
89618,1
89619,1
89620,0
89621,0
89622,0
89623,0
89624,0
89625,1
89626,1
89627,1
89628,0
89629,1
89630,0
89631,0
89632,0
89633,1
89634,1
89635,0
89636,0
89637,0
89638,0
89639,0
89640,0
89641,0
89642,0
89643,1
89644,1
89645,1
89646,1
89647,1
89648,1
89649,1
89650,1
89651,1
89652,1
89653,0
89654,1
89655,0
89656,1
89657,1
89658,1
89659,1
89660,1
89661,1
89662,1
89663,0
89664,1
89665,0
89666,0
89667,1
89668,1
89669,0
89670,0
89671,1
89672,1
89673,0
89674,0
89675,0
89676,1
89677,0
89678,0
89679,1
89680,1
89681,1
89682,1
89683,1
89684,0
89685,1
89686,0
89687,1
89688,0
89689,0
89690,1
89691,1
89692,1
89693,1
89694,1
89695,1
89696,0
89697,1
89698,0
89699,1
89700,1
89701,1
89702,1
89703,0
89704,0
89705,0
89706,1
89707,1
89708,0
89709,0
89710,0
89711,1
89712,1
89713,0
89714,0
89715,1
89716,1
89717,1
89718,0
89719,0
89720,1
89721,0
89722,0
89723,1
89724,1
89725,1
89726,0
89727,0
89728,1
89729,1
89730,0
89731,0
89732,0
89733,1
89734,0
89735,0
89736,1
89737,1
89738,0
89739,1
89740,0
89741,0
89742,1
89743,1
89744,0
89745,1
89746,0
89747,0
89748,0
89749,0
89750,1
89751,0
89752,1
89753,1
89754,0
89755,1
89756,0
89757,1
89758,1
89759,0
89760,0
89761,1
89762,0
89763,1
89764,1
89765,1
89766,1
89767,0
89768,0
89769,0
89770,1
89771,1
89772,1
89773,0
89774,0
89775,1
89776,0
89777,1
89778,1
89779,0
89780,0
89781,1
89782,1
89783,1
89784,1
89785,0
89786,1
89787,0
89788,0
89789,1
89790,0
89791,1
89792,1
89793,1
89794,1
89795,0
89796,1
89797,1
89798,1
89799,1
89800,0
89801,0
89802,0
89803,1
89804,0
89805,0
89806,1
89807,1
89808,0
89809,0
89810,1
89811,0
89812,1
89813,1
89814,0
89815,0
89816,1
89817,1
89818,0
89819,0
89820,0
89821,0
89822,1
89823,1
89824,0
89825,0
89826,0
89827,0
89828,0
89829,0
89830,1
89831,1
89832,0
89833,1
89834,0
89835,1
89836,0
89837,1
89838,1
89839,1
89840,0
89841,0
89842,0
89843,0
89844,1
89845,0
89846,1
89847,1
89848,0
89849,1
89850,0
89851,1
89852,1
89853,0
89854,1
89855,0
89856,1
89857,0
89858,1
89859,1
89860,1
89861,0
89862,1
89863,0
89864,0
89865,1
89866,1
89867,0
89868,0
89869,0
89870,1
89871,0
89872,1
89873,1
89874,0
89875,1
89876,1
89877,1
89878,1
89879,0
89880,1
89881,1
89882,0
89883,0
89884,1
89885,1
89886,0
89887,0
89888,1
89889,1
89890,0
89891,1
89892,0
89893,1
89894,0
89895,0
89896,1
89897,1
89898,0
89899,0
89900,1
89901,0
89902,1
89903,1
89904,0
89905,0
89906,1
89907,1
89908,0
89909,0
89910,1
89911,0
89912,0
89913,0
89914,1
89915,1
89916,0
89917,0
89918,0
89919,1
89920,1
89921,1
89922,1
89923,1
89924,0
89925,1
89926,1
89927,1
89928,0
89929,0
89930,1
89931,1
89932,1
89933,1
89934,1
89935,1
89936,0
89937,0
89938,1
89939,1
89940,1
89941,0
89942,1
89943,0
89944,0
89945,1
89946,0
89947,0
89948,1
89949,1
89950,0
89951,0
89952,1
89953,1
89954,1
89955,1
89956,0
89957,0
89958,0
89959,1
89960,0
89961,0
89962,0
89963,1
89964,1
89965,1
89966,1
89967,0
89968,0
89969,1
89970,0
89971,0
89972,0
89973,1
89974,1
89975,0
89976,0
89977,1
89978,0
89979,1
89980,1
89981,1
89982,1
89983,1
89984,0
89985,1
89986,0
89987,1
89988,1
89989,0
89990,0
89991,1
89992,1
89993,0
89994,1
89995,1
89996,0
89997,1
89998,0
89999,0
90000,1
90001,0
90002,0
90003,0
90004,0
90005,1
90006,0
90007,1
90008,0
90009,0
90010,0
90011,1
90012,1
90013,1
90014,1
90015,1
90016,1
90017,1
90018,1
90019,1
90020,0
90021,1
90022,0
90023,1
90024,1
90025,0
90026,0
90027,1
90028,1
90029,1
90030,0
90031,0
90032,1
90033,1
90034,0
90035,1
90036,0
90037,0
90038,1
90039,0
90040,0
90041,1
90042,1
90043,1
90044,1
90045,0
90046,1
90047,0
90048,1
90049,1
90050,1
90051,1
90052,0
90053,1
90054,1
90055,0
90056,1
90057,0
90058,1
90059,0
90060,1
90061,0
90062,0
90063,0
90064,1
90065,1
90066,1
90067,1
90068,1
90069,1
90070,1
90071,1
90072,1
90073,0
90074,1
90075,1
90076,1
90077,0
90078,0
90079,0
90080,1
90081,0
90082,0
90083,0
90084,1
90085,1
90086,0
90087,0
90088,1
90089,1
90090,1
90091,0
90092,0
90093,0
90094,0
90095,1
90096,0
90097,1
90098,1
90099,0
90100,1
90101,0
90102,0
90103,1
90104,0
90105,1
90106,0
90107,1
90108,1
90109,1
90110,1
90111,0
90112,1
90113,0
90114,1
90115,1
90116,1
90117,1
90118,0
90119,1
90120,1
90121,1
90122,1
90123,0
90124,1
90125,0
90126,1
90127,1
90128,0
90129,0
90130,0
90131,1
90132,0
90133,0
90134,1
90135,1
90136,1
90137,0
90138,0
90139,0
90140,1
90141,1
90142,0
90143,0
90144,1
90145,1
90146,1
90147,0
90148,0
90149,0
90150,1
90151,0
90152,0
90153,1
90154,0
90155,1
90156,0
90157,0
90158,0
90159,0
90160,1
90161,0
90162,1
90163,0
90164,0
90165,0
90166,0
90167,0
90168,0
90169,1
90170,0
90171,1
90172,0
90173,1
90174,0
90175,1
90176,1
90177,0
90178,1
90179,0
90180,0
90181,1
90182,1
90183,0
90184,0
90185,0
90186,0
90187,0
90188,1
90189,1
90190,1
90191,1
90192,0
90193,0
90194,1
90195,1
90196,1
90197,0
90198,0
90199,1
90200,0
90201,1
90202,1
90203,0
90204,1
90205,1
90206,1
90207,1
90208,0
90209,0
90210,1
90211,1
90212,1
90213,0
90214,0
90215,0
90216,1
90217,1
90218,1
90219,1
90220,0
90221,1
90222,0
90223,0
90224,1
90225,1
90226,1
90227,1
90228,1
90229,0
90230,0
90231,1
90232,0
90233,1
90234,1
90235,1
90236,0
90237,1
90238,0
90239,1
90240,0
90241,0
90242,1
90243,0
90244,1
90245,0
90246,1
90247,1
90248,1
90249,0
90250,1
90251,0
90252,1
90253,1
90254,1
90255,1
90256,0
90257,1
90258,1
90259,0
90260,1
90261,0
90262,0
90263,0
90264,1
90265,1
90266,1
90267,0
90268,0
90269,1
90270,1
90271,0
90272,1
90273,0
90274,0
90275,1
90276,0
90277,1
90278,0
90279,0
90280,1
90281,0
90282,0
90283,1
90284,0
90285,0
90286,0
90287,0
90288,1
90289,0
90290,0
90291,1
90292,1
90293,1
90294,0
90295,1
90296,0
90297,0
90298,0
90299,1
90300,0
90301,0
90302,0
90303,1
90304,1
90305,0
90306,0
90307,0
90308,1
90309,1
90310,0
90311,1
90312,1
90313,0
90314,0
90315,0
90316,1
90317,1
90318,1
90319,1
90320,1
90321,1
90322,0
90323,1
90324,0
90325,1
90326,1
90327,1
90328,1
90329,1
90330,1
90331,1
90332,0
90333,0
90334,1
90335,1
90336,1
90337,0
90338,1
90339,1
90340,1
90341,0
90342,0
90343,0
90344,1
90345,1
90346,0
90347,1
90348,1
90349,1
90350,1
90351,1
90352,1
90353,0
90354,0
90355,1
90356,1
90357,0
90358,1
90359,1
90360,1
90361,1
90362,0
90363,0
90364,0
90365,0
90366,1
90367,0
90368,1
90369,0
90370,0
90371,0
90372,0
90373,1
90374,0
90375,1
90376,0
90377,0
90378,1
90379,1
90380,1
90381,0
90382,0
90383,1
90384,0
90385,1
90386,1
90387,1
90388,0
90389,1
90390,1
90391,1
90392,1
90393,0
90394,1
90395,0
90396,1
90397,0
90398,1
90399,0
90400,1
90401,0
90402,1
90403,1
90404,0
90405,0
90406,0
90407,0
90408,0
90409,1
90410,1
90411,1
90412,1
90413,0
90414,0
90415,0
90416,0
90417,1
90418,0
90419,1
90420,1
90421,1
90422,0
90423,0
90424,1
90425,0
90426,1
90427,0
90428,0
90429,1
90430,1
90431,1
90432,1
90433,0
90434,0
90435,1
90436,1
90437,1
90438,1
90439,1
90440,0
90441,1
90442,0
90443,1
90444,1
90445,0
90446,0
90447,1
90448,0
90449,1
90450,0
90451,1
90452,1
90453,0
90454,1
90455,1
90456,1
90457,0
90458,0
90459,0
90460,0
90461,0
90462,1
90463,0
90464,0
90465,1
90466,1
90467,1
90468,1
90469,0
90470,1
90471,1
90472,1
90473,0
90474,1
90475,1
90476,1
90477,1
90478,0
90479,1
90480,0
90481,0
90482,1
90483,0
90484,1
90485,0
90486,0
90487,1
90488,0
90489,0
90490,1
90491,0
90492,0
90493,0
90494,0
90495,1
90496,1
90497,1
90498,1
90499,0
90500,0
90501,1
90502,1
90503,0
90504,1
90505,1
90506,1
90507,1
90508,0
90509,0
90510,0
90511,1
90512,1
90513,0
90514,1
90515,1
90516,0
90517,1
90518,1
90519,0
90520,0
90521,1
90522,1
90523,0
90524,1
90525,0
90526,1
90527,0
90528,0
90529,1
90530,0
90531,1
90532,1
90533,0
90534,1
90535,0
90536,0
90537,0
90538,1
90539,0
90540,1
90541,1
90542,0
90543,1
90544,1
90545,0
90546,0
90547,0
90548,0
90549,1
90550,1
90551,1
90552,0
90553,1
90554,1
90555,1
90556,1
90557,0
90558,0
90559,1
90560,0
90561,0
90562,0
90563,1
90564,1
90565,1
90566,1
90567,1
90568,1
90569,0
90570,0
90571,0
90572,0
90573,1
90574,0
90575,1
90576,1
90577,1
90578,1
90579,0
90580,1
90581,0
90582,0
90583,1
90584,0
90585,0
90586,0
90587,0
90588,1
90589,1
90590,0
90591,1
90592,1
90593,0
90594,1
90595,0
90596,0
90597,1
90598,1
90599,1
90600,0
90601,0
90602,0
90603,0
90604,0
90605,1
90606,1
90607,1
90608,0
90609,1
90610,1
90611,0
90612,1
90613,1
90614,0
90615,0
90616,1
90617,0
90618,0
90619,0
90620,1
90621,1
90622,1
90623,0
90624,0
90625,1
90626,0
90627,0
90628,0
90629,1
90630,0
90631,1
90632,1
90633,0
90634,1
90635,1
90636,0
90637,1
90638,1
90639,1
90640,1
90641,1
90642,1
90643,0
90644,1
90645,0
90646,0
90647,1
90648,1
90649,1
90650,0
90651,0
90652,1
90653,0
90654,1
90655,0
90656,0
90657,1
90658,0
90659,1
90660,0
90661,1
90662,0
90663,0
90664,0
90665,1
90666,1
90667,0
90668,0
90669,1
90670,1
90671,1
90672,1
90673,0
90674,1
90675,0
90676,1
90677,1
90678,0
90679,1
90680,0
90681,0
90682,0
90683,0
90684,1
90685,1
90686,0
90687,1
90688,0
90689,0
90690,1
90691,1
90692,0
90693,1
90694,0
90695,1
90696,0
90697,1
90698,0
90699,0
90700,1
90701,1
90702,0
90703,1
90704,0
90705,0
90706,0
90707,0
90708,0
90709,0
90710,0
90711,0
90712,0
90713,1
90714,1
90715,1
90716,1
90717,0
90718,1
90719,0
90720,1
90721,0
90722,0
90723,1
90724,1
90725,0
90726,1
90727,0
90728,1
90729,1
90730,0
90731,1
90732,1
90733,0
90734,0
90735,1
90736,1
90737,1
90738,0
90739,1
90740,1
90741,0
90742,1
90743,1
90744,0
90745,0
90746,1
90747,1
90748,1
90749,1
90750,1
90751,0
90752,1
90753,0
90754,1
90755,0
90756,1
90757,1
90758,0
90759,0
90760,1
90761,1
90762,0
90763,1
90764,1
90765,1
90766,1
90767,1
90768,0
90769,0
90770,1
90771,0
90772,1
90773,0
90774,0
90775,1
90776,1
90777,1
90778,1
90779,1
90780,0
90781,0
90782,1
90783,1
90784,1
90785,1
90786,0
90787,0
90788,0
90789,1
90790,1
90791,0
90792,1
90793,0
90794,1
90795,1
90796,1
90797,0
90798,0
90799,0
90800,1
90801,1
90802,1
90803,0
90804,1
90805,0
90806,1
90807,1
90808,0
90809,0
90810,0
90811,1
90812,1
90813,0
90814,1
90815,0
90816,0
90817,1
90818,1
90819,1
90820,0
90821,0
90822,1
90823,1
90824,1
90825,1
90826,0
90827,0
90828,1
90829,1
90830,0
90831,0
90832,0
90833,1
90834,1
90835,0
90836,0
90837,0
90838,0
90839,0
90840,0
90841,1
90842,1
90843,0
90844,0
90845,1
90846,0
90847,0
90848,0
90849,0
90850,0
90851,1
90852,0
90853,1
90854,0
90855,1
90856,1
90857,1
90858,0
90859,1
90860,0
90861,1
90862,0
90863,1
90864,1
90865,1
90866,0
90867,1
90868,0
90869,0
90870,1
90871,1
90872,1
90873,1
90874,1
90875,1
90876,1
90877,0
90878,0
90879,1
90880,1
90881,1
90882,1
90883,1
90884,0
90885,1
90886,0
90887,0
90888,1
90889,1
90890,0
90891,0
90892,0
90893,1
90894,0
90895,0
90896,0
90897,1
90898,0
90899,0
90900,1
90901,0
90902,1
90903,1
90904,0
90905,1
90906,1
90907,1
90908,0
90909,1
90910,1
90911,1
90912,1
90913,1
90914,0
90915,0
90916,0
90917,0
90918,0
90919,1
90920,0
90921,1
90922,0
90923,0
90924,1
90925,1
90926,1
90927,0
90928,0
90929,1
90930,1
90931,1
90932,1
90933,0
90934,1
90935,0
90936,1
90937,1
90938,0
90939,0
90940,1
90941,1
90942,1
90943,0
90944,1
90945,1
90946,0
90947,0
90948,0
90949,0
90950,0
90951,0
90952,1
90953,1
90954,0
90955,0
90956,1
90957,0
90958,1
90959,1
90960,0
90961,0
90962,0
90963,0
90964,0
90965,1
90966,1
90967,1
90968,1
90969,0
90970,0
90971,0
90972,1
90973,0
90974,0
90975,0
90976,1
90977,1
90978,0
90979,1
90980,0
90981,0
90982,1
90983,0
90984,1
90985,0
90986,1
90987,1
90988,1
90989,0
90990,1
90991,1
90992,1
90993,0
90994,0
90995,1
90996,1
90997,1
90998,0
90999,1
91000,0
91001,1
91002,0
91003,0
91004,0
91005,1
91006,1
91007,1
91008,1
91009,0
91010,0
91011,0
91012,0
91013,1
91014,1
91015,1
91016,1
91017,0
91018,0
91019,0
91020,1
91021,0
91022,0
91023,1
91024,1
91025,1
91026,1
91027,1
91028,0
91029,1
91030,1
91031,1
91032,0
91033,0
91034,0
91035,0
91036,0
91037,0
91038,0
91039,1
91040,1
91041,0
91042,1
91043,1
91044,1
91045,1
91046,1
91047,1
91048,1
91049,1
91050,0
91051,1
91052,0
91053,0
91054,1
91055,0
91056,1
91057,1
91058,0
91059,1
91060,1
91061,0
91062,1
91063,1
91064,0
91065,0
91066,0
91067,1
91068,1
91069,1
91070,0
91071,0
91072,1
91073,0
91074,1
91075,1
91076,1
91077,0
91078,0
91079,1
91080,1
91081,0
91082,0
91083,1
91084,1
91085,1
91086,0
91087,0
91088,0
91089,0
91090,1
91091,1
91092,1
91093,1
91094,1
91095,0
91096,1
91097,1
91098,0
91099,0
91100,1
91101,0
91102,0
91103,1
91104,1
91105,1
91106,1
91107,1
91108,1
91109,0
91110,1
91111,1
91112,0
91113,0
91114,0
91115,1
91116,1
91117,0
91118,1
91119,1
91120,0
91121,1
91122,0
91123,0
91124,1
91125,0
91126,0
91127,1
91128,0
91129,0
91130,1
91131,1
91132,0
91133,0
91134,1
91135,1
91136,1
91137,0
91138,0
91139,0
91140,0
91141,1
91142,0
91143,0
91144,0
91145,1
91146,0
91147,1
91148,1
91149,0
91150,1
91151,1
91152,1
91153,1
91154,1
91155,1
91156,1
91157,0
91158,1
91159,1
91160,0
91161,1
91162,0
91163,0
91164,1
91165,0
91166,1
91167,0
91168,1
91169,1
91170,0
91171,0
91172,1
91173,1
91174,1
91175,1
91176,0
91177,0
91178,0
91179,0
91180,1
91181,1
91182,0
91183,0
91184,0
91185,1
91186,1
91187,0
91188,1
91189,0
91190,0
91191,1
91192,0
91193,0
91194,0
91195,1
91196,1
91197,1
91198,1
91199,1
91200,0
91201,1
91202,1
91203,0
91204,1
91205,1
91206,0
91207,1
91208,1
91209,1
91210,1
91211,0
91212,0
91213,0
91214,1
91215,1
91216,0
91217,0
91218,1
91219,0
91220,1
91221,0
91222,1
91223,0
91224,1
91225,1
91226,0
91227,1
91228,0
91229,1
91230,0
91231,0
91232,1
91233,1
91234,1
91235,1
91236,1
91237,1
91238,1
91239,1
91240,1
91241,1
91242,1
91243,1
91244,0
91245,1
91246,0
91247,1
91248,0
91249,1
91250,1
91251,0
91252,1
91253,1
91254,0
91255,1
91256,1
91257,1
91258,0
91259,1
91260,0
91261,0
91262,0
91263,1
91264,0
91265,0
91266,1
91267,0
91268,1
91269,1
91270,0
91271,1
91272,0
91273,1
91274,0
91275,0
91276,1
91277,1
91278,0
91279,1
91280,0
91281,1
91282,1
91283,1
91284,0
91285,1
91286,0
91287,1
91288,0
91289,0
91290,1
91291,0
91292,0
91293,1
91294,0
91295,1
91296,0
91297,1
91298,0
91299,0
91300,0
91301,1
91302,0
91303,1
91304,0
91305,0
91306,1
91307,0
91308,1
91309,0
91310,0
91311,1
91312,1
91313,1
91314,0
91315,1
91316,1
91317,0
91318,1
91319,0
91320,1
91321,0
91322,1
91323,1
91324,0
91325,1
91326,1
91327,1
91328,0
91329,0
91330,0
91331,1
91332,1
91333,1
91334,0
91335,1
91336,0
91337,1
91338,1
91339,1
91340,1
91341,0
91342,1
91343,1
91344,1
91345,0
91346,0
91347,1
91348,0
91349,1
91350,1
91351,0
91352,0
91353,1
91354,1
91355,1
91356,1
91357,0
91358,1
91359,1
91360,1
91361,1
91362,1
91363,0
91364,0
91365,0
91366,0
91367,1
91368,1
91369,0
91370,1
91371,0
91372,0
91373,0
91374,1
91375,1
91376,1
91377,1
91378,0
91379,0
91380,0
91381,1
91382,0
91383,0
91384,1
91385,1
91386,0
91387,0
91388,0
91389,0
91390,1
91391,1
91392,0
91393,0
91394,1
91395,1
91396,1
91397,1
91398,0
91399,0
91400,0
91401,0
91402,0
91403,1
91404,1
91405,1
91406,0
91407,1
91408,0
91409,0
91410,1
91411,0
91412,1
91413,0
91414,1
91415,1
91416,0
91417,1
91418,1
91419,0
91420,1
91421,0
91422,0
91423,1
91424,1
91425,0
91426,1
91427,1
91428,0
91429,1
91430,0
91431,1
91432,0
91433,0
91434,0
91435,1
91436,0
91437,0
91438,0
91439,0
91440,0
91441,1
91442,0
91443,1
91444,1
91445,1
91446,0
91447,1
91448,0
91449,0
91450,0
91451,1
91452,0
91453,0
91454,1
91455,1
91456,0
91457,0
91458,1
91459,0
91460,1
91461,0
91462,1
91463,1
91464,0
91465,0
91466,0
91467,1
91468,0
91469,1
91470,1
91471,1
91472,0
91473,1
91474,1
91475,1
91476,1
91477,1
91478,1
91479,0
91480,1
91481,1
91482,1
91483,1
91484,0
91485,1
91486,1
91487,0
91488,1
91489,1
91490,0
91491,0
91492,0
91493,0
91494,1
91495,0
91496,1
91497,0
91498,1
91499,0
91500,0
91501,0
91502,1
91503,0
91504,0
91505,1
91506,0
91507,1
91508,0
91509,1
91510,1
91511,0
91512,0
91513,0
91514,0
91515,1
91516,1
91517,1
91518,0
91519,0
91520,0
91521,1
91522,1
91523,1
91524,0
91525,1
91526,1
91527,1
91528,1
91529,1
91530,0
91531,1
91532,0
91533,1
91534,0
91535,0
91536,0
91537,0
91538,1
91539,1
91540,1
91541,0
91542,0
91543,1
91544,0
91545,1
91546,0
91547,0
91548,0
91549,0
91550,1
91551,0
91552,0
91553,1
91554,0
91555,0
91556,0
91557,1
91558,1
91559,1
91560,1
91561,1
91562,0
91563,0
91564,1
91565,1
91566,1
91567,0
91568,1
91569,1
91570,1
91571,1
91572,0
91573,1
91574,1
91575,1
91576,1
91577,1
91578,1
91579,1
91580,0
91581,1
91582,1
91583,1
91584,1
91585,0
91586,1
91587,1
91588,0
91589,1
91590,0
91591,1
91592,1
91593,0
91594,1
91595,1
91596,1
91597,1
91598,1
91599,1
91600,1
91601,1
91602,0
91603,1
91604,1
91605,0
91606,1
91607,0
91608,1
91609,1
91610,0
91611,1
91612,0
91613,1
91614,1
91615,1
91616,1
91617,1
91618,1
91619,1
91620,1
91621,1
91622,0
91623,0
91624,1
91625,1
91626,1
91627,0
91628,1
91629,1
91630,0
91631,1
91632,1
91633,1
91634,0
91635,1
91636,1
91637,1
91638,1
91639,0
91640,1
91641,1
91642,0
91643,0
91644,1
91645,0
91646,1
91647,0
91648,0
91649,0
91650,1
91651,0
91652,0
91653,0
91654,0
91655,0
91656,1
91657,0
91658,1
91659,1
91660,0
91661,1
91662,0
91663,1
91664,1
91665,1
91666,0
91667,1
91668,0
91669,0
91670,1
91671,0
91672,0
91673,1
91674,1
91675,1
91676,1
91677,1
91678,0
91679,1
91680,1
91681,1
91682,1
91683,1
91684,0
91685,1
91686,1
91687,0
91688,1
91689,1
91690,1
91691,1
91692,0
91693,0
91694,1
91695,1
91696,1
91697,1
91698,1
91699,1
91700,1
91701,1
91702,0
91703,0
91704,0
91705,1
91706,1
91707,1
91708,1
91709,1
91710,1
91711,1
91712,0
91713,0
91714,0
91715,0
91716,0
91717,1
91718,0
91719,0
91720,0
91721,0
91722,1
91723,1
91724,1
91725,1
91726,1
91727,1
91728,0
91729,1
91730,0
91731,1
91732,1
91733,0
91734,1
91735,0
91736,0
91737,0
91738,1
91739,1
91740,0
91741,1
91742,1
91743,1
91744,0
91745,0
91746,1
91747,1
91748,1
91749,1
91750,0
91751,0
91752,0
91753,0
91754,1
91755,1
91756,0
91757,1
91758,1
91759,0
91760,0
91761,1
91762,0
91763,0
91764,1
91765,0
91766,0
91767,1
91768,0
91769,0
91770,0
91771,1
91772,1
91773,0
91774,1
91775,1
91776,1
91777,1
91778,1
91779,1
91780,1
91781,1
91782,0
91783,0
91784,1
91785,1
91786,0
91787,0
91788,1
91789,0
91790,1
91791,1
91792,1
91793,0
91794,0
91795,0
91796,0
91797,1
91798,1
91799,1
91800,0
91801,1
91802,1
91803,0
91804,0
91805,1
91806,1
91807,0
91808,0
91809,0
91810,0
91811,1
91812,0
91813,0
91814,0
91815,0
91816,0
91817,0
91818,0
91819,0
91820,1
91821,1
91822,0
91823,1
91824,0
91825,1
91826,1
91827,0
91828,0
91829,1
91830,0
91831,1
91832,1
91833,1
91834,1
91835,1
91836,1
91837,1
91838,1
91839,1
91840,0
91841,1
91842,0
91843,1
91844,0
91845,0
91846,0
91847,0
91848,1
91849,1
91850,1
91851,1
91852,0
91853,0
91854,1
91855,0
91856,0
91857,0
91858,1
91859,1
91860,0
91861,1
91862,0
91863,0
91864,1
91865,0
91866,0
91867,1
91868,0
91869,0
91870,1
91871,0
91872,1
91873,1
91874,1
91875,1
91876,0
91877,0
91878,1
91879,1
91880,1
91881,1
91882,0
91883,0
91884,1
91885,0
91886,1
91887,1
91888,0
91889,0
91890,0
91891,1
91892,1
91893,1
91894,1
91895,1
91896,0
91897,0
91898,1
91899,1
91900,0
91901,1
91902,1
91903,1
91904,0
91905,0
91906,1
91907,1
91908,0
91909,0
91910,1
91911,1
91912,1
91913,1
91914,1
91915,1
91916,1
91917,1
91918,1
91919,1
91920,1
91921,0
91922,1
91923,0
91924,0
91925,1
91926,0
91927,0
91928,0
91929,1
91930,1
91931,1
91932,0
91933,0
91934,1
91935,0
91936,0
91937,0
91938,1
91939,0
91940,1
91941,1
91942,1
91943,0
91944,1
91945,0
91946,0
91947,1
91948,0
91949,1
91950,1
91951,1
91952,1
91953,1
91954,0
91955,0
91956,1
91957,1
91958,0
91959,0
91960,0
91961,1
91962,1
91963,1
91964,1
91965,0
91966,1
91967,1
91968,0
91969,1
91970,0
91971,0
91972,0
91973,0
91974,1
91975,1
91976,1
91977,1
91978,0
91979,1
91980,1
91981,1
91982,0
91983,1
91984,1
91985,1
91986,0
91987,0
91988,0
91989,1
91990,1
91991,0
91992,1
91993,1
91994,1
91995,0
91996,1
91997,0
91998,0
91999,1
92000,1
92001,0
92002,1
92003,1
92004,1
92005,0
92006,0
92007,1
92008,1
92009,1
92010,1
92011,0
92012,0
92013,0
92014,0
92015,1
92016,0
92017,0
92018,1
92019,0
92020,0
92021,0
92022,0
92023,1
92024,1
92025,1
92026,0
92027,1
92028,0
92029,1
92030,0
92031,0
92032,0
92033,1
92034,0
92035,1
92036,1
92037,1
92038,0
92039,0
92040,1
92041,0
92042,1
92043,0
92044,1
92045,1
92046,0
92047,0
92048,1
92049,0
92050,0
92051,1
92052,0
92053,1
92054,1
92055,1
92056,1
92057,0
92058,1
92059,0
92060,1
92061,1
92062,0
92063,0
92064,0
92065,0
92066,1
92067,1
92068,0
92069,1
92070,0
92071,1
92072,1
92073,0
92074,0
92075,1
92076,1
92077,0
92078,0
92079,1
92080,1
92081,1
92082,1
92083,0
92084,0
92085,1
92086,0
92087,0
92088,0
92089,1
92090,1
92091,1
92092,1
92093,0
92094,1
92095,1
92096,1
92097,1
92098,1
92099,1
92100,0
92101,0
92102,1
92103,0
92104,0
92105,0
92106,0
92107,0
92108,1
92109,1
92110,1
92111,1
92112,1
92113,0
92114,0
92115,0
92116,0
92117,0
92118,0
92119,0
92120,1
92121,1
92122,0
92123,1
92124,1
92125,0
92126,1
92127,1
92128,1
92129,0
92130,0
92131,0
92132,1
92133,0
92134,1
92135,0
92136,0
92137,0
92138,0
92139,1
92140,0
92141,0
92142,1
92143,0
92144,1
92145,0
92146,1
92147,1
92148,1
92149,1
92150,1
92151,1
92152,1
92153,0
92154,0
92155,0
92156,0
92157,0
92158,1
92159,1
92160,0
92161,1
92162,0
92163,1
92164,0
92165,1
92166,1
92167,1
92168,1
92169,1
92170,1
92171,1
92172,1
92173,1
92174,1
92175,0
92176,1
92177,0
92178,1
92179,1
92180,1
92181,1
92182,0
92183,0
92184,1
92185,0
92186,1
92187,0
92188,0
92189,0
92190,0
92191,0
92192,0
92193,0
92194,1
92195,0
92196,0
92197,1
92198,1
92199,0
92200,1
92201,0
92202,1
92203,1
92204,1
92205,0
92206,0
92207,1
92208,0
92209,1
92210,1
92211,0
92212,1
92213,1
92214,0
92215,0
92216,1
92217,0
92218,0
92219,0
92220,1
92221,1
92222,1
92223,1
92224,1
92225,0
92226,0
92227,0
92228,0
92229,0
92230,0
92231,0
92232,0
92233,1
92234,0
92235,0
92236,0
92237,0
92238,1
92239,0
92240,1
92241,0
92242,1
92243,0
92244,1
92245,1
92246,1
92247,1
92248,1
92249,0
92250,0
92251,1
92252,0
92253,1
92254,1
92255,0
92256,1
92257,1
92258,1
92259,0
92260,0
92261,1
92262,1
92263,1
92264,0
92265,0
92266,1
92267,1
92268,1
92269,0
92270,1
92271,1
92272,1
92273,1
92274,0
92275,1
92276,0
92277,0
92278,0
92279,1
92280,1
92281,1
92282,1
92283,1
92284,0
92285,1
92286,0
92287,1
92288,1
92289,1
92290,0
92291,1
92292,0
92293,1
92294,1
92295,0
92296,1
92297,1
92298,1
92299,1
92300,1
92301,1
92302,1
92303,0
92304,0
92305,1
92306,0
92307,0
92308,1
92309,0
92310,1
92311,1
92312,0
92313,1
92314,0
92315,0
92316,1
92317,0
92318,0
92319,0
92320,0
92321,1
92322,0
92323,1
92324,0
92325,1
92326,0
92327,1
92328,0
92329,0
92330,1
92331,0
92332,0
92333,1
92334,0
92335,1
92336,0
92337,0
92338,0
92339,1
92340,0
92341,0
92342,0
92343,1
92344,1
92345,0
92346,0
92347,1
92348,1
92349,0
92350,0
92351,0
92352,1
92353,0
92354,0
92355,0
92356,1
92357,0
92358,0
92359,0
92360,0
92361,0
92362,0
92363,0
92364,1
92365,1
92366,0
92367,0
92368,0
92369,1
92370,0
92371,0
92372,0
92373,0
92374,0
92375,1
92376,1
92377,0
92378,0
92379,0
92380,1
92381,1
92382,0
92383,0
92384,0
92385,1
92386,0
92387,1
92388,1
92389,1
92390,0
92391,0
92392,1
92393,0
92394,0
92395,0
92396,0
92397,1
92398,0
92399,1
92400,1
92401,1
92402,0
92403,1
92404,0
92405,1
92406,1
92407,0
92408,1
92409,0
92410,0
92411,1
92412,1
92413,1
92414,1
92415,1
92416,1
92417,1
92418,0
92419,1
92420,0
92421,0
92422,0
92423,1
92424,1
92425,0
92426,0
92427,0
92428,1
92429,0
92430,0
92431,0
92432,0
92433,0
92434,1
92435,0
92436,1
92437,1
92438,0
92439,1
92440,0
92441,1
92442,1
92443,1
92444,0
92445,1
92446,0
92447,1
92448,1
92449,1
92450,1
92451,1
92452,0
92453,0
92454,0
92455,1
92456,0
92457,1
92458,1
92459,0
92460,1
92461,0
92462,0
92463,1
92464,1
92465,1
92466,1
92467,0
92468,0
92469,1
92470,0
92471,1
92472,0
92473,1
92474,0
92475,1
92476,1
92477,1
92478,1
92479,1
92480,0
92481,1
92482,1
92483,1
92484,1
92485,1
92486,0
92487,1
92488,0
92489,0
92490,0
92491,1
92492,0
92493,1
92494,1
92495,1
92496,1
92497,1
92498,0
92499,0
92500,1
92501,0
92502,1
92503,0
92504,0
92505,1
92506,1
92507,1
92508,0
92509,0
92510,0
92511,1
92512,0
92513,1
92514,1
92515,0
92516,1
92517,1
92518,1
92519,1
92520,1
92521,1
92522,1
92523,0
92524,1
92525,0
92526,1
92527,0
92528,1
92529,1
92530,1
92531,0
92532,0
92533,0
92534,1
92535,1
92536,1
92537,1
92538,1
92539,0
92540,0
92541,0
92542,0
92543,0
92544,1
92545,1
92546,0
92547,1
92548,1
92549,0
92550,0
92551,1
92552,0
92553,1
92554,1
92555,0
92556,1
92557,0
92558,1
92559,1
92560,1
92561,0
92562,0
92563,1
92564,1
92565,0
92566,0
92567,1
92568,1
92569,1
92570,1
92571,0
92572,1
92573,0
92574,1
92575,1
92576,0
92577,0
92578,0
92579,1
92580,1
92581,1
92582,0
92583,0
92584,1
92585,1
92586,1
92587,0
92588,0
92589,0
92590,1
92591,1
92592,1
92593,1
92594,0
92595,1
92596,1
92597,1
92598,1
92599,1
92600,0
92601,0
92602,1
92603,0
92604,0
92605,1
92606,1
92607,1
92608,0
92609,1
92610,1
92611,1
92612,0
92613,1
92614,0
92615,1
92616,0
92617,0
92618,0
92619,1
92620,1
92621,1
92622,1
92623,0
92624,1
92625,0
92626,1
92627,1
92628,0
92629,1
92630,1
92631,0
92632,1
92633,1
92634,1
92635,1
92636,0
92637,1
92638,1
92639,1
92640,0
92641,0
92642,0
92643,1
92644,0
92645,1
92646,1
92647,1
92648,1
92649,0
92650,0
92651,0
92652,1
92653,1
92654,0
92655,1
92656,1
92657,0
92658,1
92659,0
92660,1
92661,1
92662,0
92663,1
92664,1
92665,1
92666,1
92667,0
92668,0
92669,0
92670,1
92671,0
92672,0
92673,0
92674,0
92675,0
92676,1
92677,1
92678,0
92679,0
92680,1
92681,0
92682,1
92683,1
92684,1
92685,1
92686,1
92687,0
92688,0
92689,1
92690,1
92691,0
92692,0
92693,1
92694,0
92695,0
92696,1
92697,1
92698,1
92699,0
92700,1
92701,1
92702,1
92703,0
92704,0
92705,0
92706,0
92707,1
92708,0
92709,0
92710,0
92711,0
92712,0
92713,0
92714,0
92715,1
92716,1
92717,1
92718,1
92719,0
92720,1
92721,0
92722,1
92723,1
92724,0
92725,0
92726,1
92727,0
92728,0
92729,1
92730,1
92731,1
92732,1
92733,1
92734,0
92735,0
92736,0
92737,0
92738,1
92739,0
92740,1
92741,1
92742,0
92743,1
92744,1
92745,1
92746,1
92747,1
92748,1
92749,1
92750,1
92751,1
92752,1
92753,0
92754,1
92755,0
92756,0
92757,1
92758,1
92759,0
92760,1
92761,1
92762,1
92763,0
92764,0
92765,0
92766,0
92767,1
92768,0
92769,0
92770,0
92771,1
92772,0
92773,1
92774,1
92775,1
92776,0
92777,1
92778,0
92779,1
92780,0
92781,1
92782,0
92783,0
92784,0
92785,1
92786,1
92787,0
92788,1
92789,1
92790,0
92791,1
92792,0
92793,0
92794,0
92795,0
92796,0
92797,1
92798,0
92799,0
92800,1
92801,1
92802,0
92803,1
92804,1
92805,1
92806,0
92807,1
92808,1
92809,1
92810,1
92811,0
92812,0
92813,0
92814,0
92815,1
92816,0
92817,1
92818,0
92819,1
92820,0
92821,0
92822,0
92823,1
92824,1
92825,0
92826,0
92827,0
92828,1
92829,0
92830,0
92831,1
92832,1
92833,1
92834,1
92835,1
92836,0
92837,1
92838,0
92839,0
92840,0
92841,0
92842,0
92843,1
92844,1
92845,1
92846,1
92847,1
92848,1
92849,1
92850,0
92851,0
92852,0
92853,1
92854,0
92855,0
92856,1
92857,0
92858,1
92859,0
92860,0
92861,0
92862,0
92863,0
92864,1
92865,0
92866,1
92867,0
92868,1
92869,0
92870,1
92871,0
92872,0
92873,1
92874,1
92875,0
92876,1
92877,0
92878,1
92879,1
92880,0
92881,0
92882,1
92883,0
92884,0
92885,1
92886,0
92887,0
92888,1
92889,1
92890,1
92891,1
92892,1
92893,1
92894,0
92895,1
92896,0
92897,0
92898,1
92899,0
92900,1
92901,1
92902,0
92903,0
92904,0
92905,1
92906,1
92907,0
92908,1
92909,1
92910,0
92911,1
92912,0
92913,0
92914,0
92915,0
92916,0
92917,1
92918,1
92919,0
92920,1
92921,0
92922,1
92923,0
92924,0
92925,0
92926,0
92927,1
92928,1
92929,1
92930,0
92931,1
92932,1
92933,1
92934,1
92935,1
92936,1
92937,1
92938,1
92939,0
92940,1
92941,1
92942,0
92943,0
92944,0
92945,0
92946,1
92947,1
92948,0
92949,0
92950,1
92951,1
92952,1
92953,1
92954,1
92955,0
92956,1
92957,0
92958,1
92959,1
92960,0
92961,0
92962,1
92963,0
92964,1
92965,1
92966,1
92967,0
92968,0
92969,1
92970,1
92971,0
92972,0
92973,1
92974,1
92975,0
92976,1
92977,0
92978,0
92979,0
92980,1
92981,0
92982,1
92983,1
92984,0
92985,0
92986,0
92987,0
92988,1
92989,1
92990,0
92991,0
92992,1
92993,1
92994,1
92995,1
92996,0
92997,0
92998,1
92999,1
93000,0
93001,1
93002,1
93003,1
93004,0
93005,1
93006,0
93007,1
93008,0
93009,0
93010,1
93011,1
93012,0
93013,0
93014,0
93015,1
93016,0
93017,0
93018,1
93019,1
93020,0
93021,1
93022,1
93023,0
93024,1
93025,0
93026,1
93027,0
93028,1
93029,0
93030,0
93031,1
93032,1
93033,0
93034,1
93035,1
93036,0
93037,0
93038,1
93039,1
93040,1
93041,0
93042,0
93043,0
93044,1
93045,1
93046,0
93047,1
93048,1
93049,1
93050,1
93051,1
93052,0
93053,1
93054,1
93055,1
93056,0
93057,1
93058,1
93059,0
93060,1
93061,1
93062,1
93063,1
93064,1
93065,0
93066,1
93067,0
93068,1
93069,1
93070,1
93071,1
93072,0
93073,0
93074,0
93075,1
93076,1
93077,0
93078,1
93079,0
93080,0
93081,0
93082,0
93083,0
93084,1
93085,1
93086,0
93087,0
93088,0
93089,0
93090,0
93091,0
93092,1
93093,1
93094,1
93095,1
93096,0
93097,1
93098,1
93099,1
93100,1
93101,1
93102,0
93103,1
93104,0
93105,1
93106,0
93107,0
93108,0
93109,1
93110,1
93111,0
93112,1
93113,1
93114,0
93115,1
93116,0
93117,1
93118,0
93119,1
93120,1
93121,1
93122,1
93123,1
93124,1
93125,0
93126,1
93127,1
93128,1
93129,0
93130,1
93131,0
93132,0
93133,0
93134,1
93135,1
93136,0
93137,1
93138,0
93139,1
93140,1
93141,0
93142,1
93143,0
93144,0
93145,1
93146,1
93147,1
93148,1
93149,0
93150,1
93151,0
93152,0
93153,1
93154,1
93155,1
93156,0
93157,1
93158,1
93159,0
93160,1
93161,1
93162,0
93163,1
93164,0
93165,0
93166,1
93167,0
93168,1
93169,0
93170,1
93171,1
93172,1
93173,1
93174,0
93175,1
93176,1
93177,0
93178,0
93179,1
93180,0
93181,0
93182,1
93183,0
93184,0
93185,0
93186,0
93187,0
93188,0
93189,0
93190,0
93191,0
93192,0
93193,1
93194,0
93195,0
93196,0
93197,1
93198,1
93199,1
93200,0
93201,1
93202,1
93203,1
93204,0
93205,1
93206,1
93207,0
93208,0
93209,0
93210,1
93211,0
93212,0
93213,1
93214,1
93215,0
93216,1
93217,1
93218,1
93219,1
93220,1
93221,1
93222,0
93223,0
93224,0
93225,0
93226,1
93227,0
93228,1
93229,1
93230,1
93231,1
93232,0
93233,1
93234,1
93235,1
93236,0
93237,0
93238,1
93239,0
93240,0
93241,0
93242,0
93243,0
93244,0
93245,1
93246,1
93247,0
93248,0
93249,1
93250,1
93251,1
93252,1
93253,1
93254,1
93255,1
93256,1
93257,0
93258,1
93259,0
93260,1
93261,1
93262,1
93263,0
93264,1
93265,0
93266,0
93267,0
93268,0
93269,1
93270,0
93271,1
93272,0
93273,0
93274,0
93275,1
93276,1
93277,0
93278,0
93279,0
93280,0
93281,1
93282,1
93283,1
93284,0
93285,1
93286,0
93287,1
93288,1
93289,1
93290,1
93291,1
93292,0
93293,0
93294,1
93295,1
93296,0
93297,1
93298,0
93299,1
93300,1
93301,0
93302,1
93303,0
93304,1
93305,1
93306,1
93307,0
93308,1
93309,0
93310,0
93311,0
93312,1
93313,1
93314,0
93315,0
93316,1
93317,0
93318,1
93319,0
93320,0
93321,0
93322,0
93323,0
93324,1
93325,1
93326,1
93327,0
93328,1
93329,0
93330,1
93331,1
93332,1
93333,1
93334,1
93335,1
93336,0
93337,0
93338,0
93339,1
93340,0
93341,1
93342,0
93343,1
93344,0
93345,1
93346,0
93347,1
93348,0
93349,0
93350,0
93351,0
93352,0
93353,1
93354,1
93355,0
93356,1
93357,1
93358,0
93359,0
93360,1
93361,1
93362,1
93363,0
93364,0
93365,1
93366,1
93367,0
93368,0
93369,0
93370,1
93371,0
93372,1
93373,0
93374,0
93375,0
93376,0
93377,0
93378,1
93379,0
93380,0
93381,1
93382,0
93383,0
93384,0
93385,1
93386,0
93387,0
93388,0
93389,1
93390,1
93391,0
93392,0
93393,1
93394,0
93395,0
93396,0
93397,0
93398,0
93399,0
93400,0
93401,0
93402,0
93403,1
93404,0
93405,1
93406,0
93407,1
93408,0
93409,0
93410,0
93411,1
93412,0
93413,1
93414,1
93415,1
93416,1
93417,1
93418,1
93419,1
93420,1
93421,1
93422,1
93423,1
93424,1
93425,1
93426,1
93427,1
93428,1
93429,0
93430,0
93431,1
93432,0
93433,0
93434,0
93435,0
93436,0
93437,1
93438,0
93439,1
93440,1
93441,0
93442,0
93443,0
93444,0
93445,1
93446,1
93447,0
93448,1
93449,0
93450,0
93451,0
93452,0
93453,0
93454,1
93455,1
93456,1
93457,0
93458,1
93459,0
93460,1
93461,1
93462,1
93463,0
93464,1
93465,0
93466,1
93467,1
93468,0
93469,0
93470,0
93471,1
93472,1
93473,1
93474,1
93475,0
93476,1
93477,0
93478,1
93479,0
93480,0
93481,1
93482,0
93483,0
93484,0
93485,1
93486,1
93487,1
93488,1
93489,0
93490,0
93491,1
93492,1
93493,0
93494,1
93495,1
93496,1
93497,1
93498,1
93499,0
93500,1
93501,1
93502,0
93503,1
93504,0
93505,1
93506,0
93507,0
93508,0
93509,0
93510,1
93511,0
93512,1
93513,0
93514,1
93515,0
93516,0
93517,0
93518,1
93519,0
93520,1
93521,0
93522,0
93523,0
93524,1
93525,0
93526,0
93527,1
93528,1
93529,0
93530,0
93531,1
93532,1
93533,0
93534,0
93535,1
93536,1
93537,0
93538,1
93539,0
93540,1
93541,1
93542,0
93543,0
93544,0
93545,0
93546,1
93547,0
93548,1
93549,1
93550,0
93551,0
93552,1
93553,1
93554,1
93555,1
93556,0
93557,1
93558,1
93559,0
93560,0
93561,1
93562,0
93563,1
93564,0
93565,0
93566,0
93567,1
93568,0
93569,1
93570,1
93571,0
93572,1
93573,1
93574,1
93575,0
93576,0
93577,0
93578,0
93579,1
93580,0
93581,1
93582,1
93583,1
93584,1
93585,0
93586,0
93587,1
93588,1
93589,1
93590,1
93591,0
93592,1
93593,0
93594,1
93595,1
93596,1
93597,1
93598,0
93599,1
93600,1
93601,1
93602,1
93603,0
93604,0
93605,0
93606,0
93607,0
93608,1
93609,0
93610,0
93611,1
93612,1
93613,1
93614,0
93615,1
93616,1
93617,0
93618,1
93619,0
93620,0
93621,0
93622,0
93623,1
93624,1
93625,0
93626,1
93627,1
93628,0
93629,0
93630,1
93631,0
93632,0
93633,0
93634,0
93635,0
93636,0
93637,0
93638,1
93639,1
93640,0
93641,0
93642,1
93643,0
93644,1
93645,0
93646,1
93647,0
93648,1
93649,0
93650,1
93651,0
93652,0
93653,1
93654,1
93655,1
93656,1
93657,0
93658,0
93659,0
93660,1
93661,1
93662,1
93663,0
93664,1
93665,1
93666,0
93667,0
93668,0
93669,0
93670,0
93671,0
93672,0
93673,1
93674,1
93675,0
93676,0
93677,1
93678,1
93679,1
93680,1
93681,0
93682,1
93683,1
93684,1
93685,0
93686,0
93687,1
93688,1
93689,1
93690,0
93691,0
93692,1
93693,0
93694,0
93695,1
93696,0
93697,0
93698,1
93699,0
93700,1
93701,0
93702,1
93703,1
93704,0
93705,1
93706,0
93707,0
93708,1
93709,0
93710,1
93711,0
93712,0
93713,0
93714,1
93715,1
93716,1
93717,0
93718,1
93719,0
93720,0
93721,1
93722,0
93723,0
93724,1
93725,0
93726,0
93727,1
93728,0
93729,1
93730,1
93731,1
93732,0
93733,1
93734,0
93735,0
93736,1
93737,0
93738,0
93739,1
93740,1
93741,1
93742,1
93743,1
93744,1
93745,1
93746,1
93747,0
93748,0
93749,1
93750,1
93751,1
93752,1
93753,0
93754,0
93755,1
93756,0
93757,0
93758,1
93759,1
93760,1
93761,1
93762,0
93763,0
93764,1
93765,0
93766,1
93767,1
93768,1
93769,0
93770,0
93771,1
93772,0
93773,1
93774,0
93775,0
93776,0
93777,0
93778,0
93779,0
93780,1
93781,1
93782,1
93783,0
93784,1
93785,1
93786,0
93787,0
93788,0
93789,1
93790,1
93791,0
93792,1
93793,0
93794,0
93795,1
93796,1
93797,1
93798,1
93799,0
93800,1
93801,1
93802,0
93803,1
93804,0
93805,1
93806,0
93807,0
93808,0
93809,0
93810,1
93811,1
93812,1
93813,1
93814,1
93815,1
93816,0
93817,0
93818,1
93819,0
93820,1
93821,0
93822,0
93823,0
93824,0
93825,0
93826,1
93827,1
93828,1
93829,1
93830,1
93831,0
93832,1
93833,0
93834,1
93835,1
93836,1
93837,1
93838,0
93839,1
93840,0
93841,1
93842,1
93843,0
93844,1
93845,0
93846,0
93847,0
93848,0
93849,0
93850,1
93851,0
93852,0
93853,1
93854,0
93855,1
93856,0
93857,0
93858,1
93859,1
93860,1
93861,0
93862,1
93863,0
93864,0
93865,0
93866,0
93867,0
93868,0
93869,0
93870,0
93871,1
93872,1
93873,0
93874,1
93875,0
93876,0
93877,0
93878,1
93879,0
93880,0
93881,1
93882,1
93883,1
93884,0
93885,1
93886,0
93887,0
93888,0
93889,0
93890,1
93891,1
93892,1
93893,1
93894,1
93895,1
93896,1
93897,0
93898,1
93899,0
93900,1
93901,1
93902,1
93903,1
93904,1
93905,0
93906,0
93907,1
93908,0
93909,1
93910,0
93911,0
93912,0
93913,1
93914,0
93915,1
93916,0
93917,1
93918,1
93919,1
93920,1
93921,0
93922,0
93923,0
93924,0
93925,0
93926,0
93927,0
93928,1
93929,1
93930,1
93931,1
93932,0
93933,0
93934,0
93935,1
93936,1
93937,0
93938,1
93939,1
93940,1
93941,0
93942,0
93943,1
93944,1
93945,0
93946,0
93947,0
93948,1
93949,1
93950,1
93951,0
93952,1
93953,0
93954,0
93955,1
93956,0
93957,1
93958,0
93959,1
93960,1
93961,0
93962,1
93963,0
93964,0
93965,1
93966,0
93967,1
93968,0
93969,1
93970,1
93971,1
93972,1
93973,1
93974,1
93975,1
93976,1
93977,0
93978,0
93979,0
93980,1
93981,0
93982,1
93983,1
93984,0
93985,0
93986,1
93987,0
93988,0
93989,1
93990,0
93991,0
93992,1
93993,0
93994,0
93995,0
93996,0
93997,1
93998,0
93999,0
94000,0
94001,1
94002,0
94003,1
94004,1
94005,0
94006,1
94007,1
94008,1
94009,0
94010,0
94011,1
94012,0
94013,1
94014,0
94015,1
94016,1
94017,0
94018,0
94019,1
94020,1
94021,0
94022,1
94023,1
94024,0
94025,1
94026,1
94027,1
94028,0
94029,0
94030,1
94031,1
94032,1
94033,0
94034,1
94035,0
94036,1
94037,1
94038,1
94039,1
94040,0
94041,0
94042,0
94043,1
94044,0
94045,0
94046,1
94047,1
94048,1
94049,1
94050,0
94051,1
94052,1
94053,0
94054,0
94055,0
94056,1
94057,1
94058,1
94059,0
94060,0
94061,1
94062,0
94063,0
94064,1
94065,1
94066,0
94067,1
94068,1
94069,1
94070,1
94071,1
94072,1
94073,1
94074,0
94075,0
94076,0
94077,1
94078,0
94079,1
94080,0
94081,1
94082,1
94083,0
94084,1
94085,1
94086,1
94087,1
94088,0
94089,0
94090,0
94091,1
94092,1
94093,1
94094,1
94095,1
94096,1
94097,1
94098,0
94099,0
94100,0
94101,1
94102,1
94103,1
94104,0
94105,0
94106,1
94107,0
94108,1
94109,0
94110,1
94111,1
94112,0
94113,0
94114,1
94115,1
94116,0
94117,1
94118,0
94119,1
94120,0
94121,0
94122,1
94123,0
94124,0
94125,1
94126,1
94127,0
94128,1
94129,1
94130,1
94131,1
94132,1
94133,1
94134,1
94135,1
94136,1
94137,0
94138,1
94139,0
94140,0
94141,0
94142,1
94143,1
94144,0
94145,1
94146,0
94147,0
94148,1
94149,1
94150,0
94151,0
94152,1
94153,1
94154,0
94155,0
94156,0
94157,1
94158,1
94159,1
94160,1
94161,1
94162,0
94163,1
94164,0
94165,0
94166,1
94167,0
94168,0
94169,0
94170,1
94171,1
94172,1
94173,1
94174,1
94175,1
94176,0
94177,0
94178,0
94179,0
94180,1
94181,0
94182,0
94183,1
94184,1
94185,0
94186,0
94187,0
94188,0
94189,1
94190,0
94191,0
94192,1
94193,1
94194,1
94195,1
94196,0
94197,1
94198,1
94199,0
94200,0
94201,1
94202,1
94203,0
94204,1
94205,0
94206,0
94207,0
94208,0
94209,1
94210,0
94211,1
94212,1
94213,0
94214,1
94215,0
94216,1
94217,0
94218,0
94219,0
94220,0
94221,1
94222,0
94223,0
94224,1
94225,1
94226,0
94227,0
94228,0
94229,0
94230,1
94231,1
94232,1
94233,1
94234,1
94235,0
94236,0
94237,1
94238,0
94239,0
94240,1
94241,1
94242,0
94243,0
94244,1
94245,1
94246,0
94247,1
94248,1
94249,1
94250,0
94251,1
94252,0
94253,1
94254,0
94255,1
94256,0
94257,1
94258,1
94259,0
94260,0
94261,1
94262,0
94263,0
94264,0
94265,0
94266,1
94267,1
94268,0
94269,0
94270,1
94271,0
94272,0
94273,0
94274,0
94275,1
94276,1
94277,1
94278,1
94279,1
94280,1
94281,1
94282,0
94283,1
94284,0
94285,0
94286,1
94287,0
94288,0
94289,0
94290,0
94291,1
94292,1
94293,1
94294,0
94295,0
94296,1
94297,0
94298,0
94299,1
94300,0
94301,0
94302,0
94303,0
94304,1
94305,0
94306,1
94307,0
94308,0
94309,1
94310,1
94311,0
94312,0
94313,0
94314,0
94315,0
94316,1
94317,0
94318,1
94319,0
94320,1
94321,0
94322,0
94323,0
94324,1
94325,1
94326,0
94327,1
94328,0
94329,1
94330,0
94331,1
94332,1
94333,0
94334,0
94335,0
94336,0
94337,1
94338,1
94339,1
94340,1
94341,0
94342,1
94343,1
94344,0
94345,1
94346,1
94347,1
94348,0
94349,0
94350,0
94351,1
94352,0
94353,0
94354,1
94355,1
94356,1
94357,0
94358,1
94359,0
94360,1
94361,0
94362,0
94363,0
94364,0
94365,0
94366,0
94367,1
94368,0
94369,0
94370,1
94371,1
94372,0
94373,1
94374,1
94375,1
94376,1
94377,0
94378,1
94379,1
94380,1
94381,0
94382,1
94383,0
94384,1
94385,0
94386,1
94387,0
94388,0
94389,1
94390,0
94391,0
94392,1
94393,1
94394,1
94395,1
94396,1
94397,0
94398,0
94399,1
94400,0
94401,1
94402,0
94403,1
94404,1
94405,1
94406,0
94407,0
94408,0
94409,0
94410,0
94411,0
94412,1
94413,1
94414,1
94415,1
94416,0
94417,0
94418,0
94419,0
94420,0
94421,0
94422,0
94423,0
94424,0
94425,1
94426,0
94427,0
94428,1
94429,0
94430,1
94431,0
94432,1
94433,1
94434,0
94435,0
94436,1
94437,1
94438,0
94439,0
94440,1
94441,1
94442,0
94443,1
94444,0
94445,0
94446,0
94447,0
94448,1
94449,1
94450,0
94451,1
94452,0
94453,1
94454,1
94455,1
94456,1
94457,1
94458,0
94459,0
94460,1
94461,1
94462,1
94463,0
94464,1
94465,0
94466,1
94467,1
94468,0
94469,1
94470,0
94471,0
94472,0
94473,0
94474,1
94475,1
94476,0
94477,1
94478,1
94479,0
94480,1
94481,1
94482,1
94483,1
94484,0
94485,1
94486,0
94487,0
94488,1
94489,1
94490,0
94491,1
94492,1
94493,0
94494,0
94495,1
94496,0
94497,1
94498,0
94499,0
94500,0
94501,1
94502,0
94503,0
94504,1
94505,1
94506,1
94507,0
94508,0
94509,1
94510,0
94511,0
94512,1
94513,0
94514,1
94515,0
94516,1
94517,1
94518,0
94519,0
94520,1
94521,1
94522,1
94523,0
94524,1
94525,0
94526,1
94527,1
94528,0
94529,0
94530,0
94531,0
94532,0
94533,1
94534,0
94535,1
94536,1
94537,1
94538,0
94539,1
94540,0
94541,0
94542,0
94543,1
94544,0
94545,1
94546,1
94547,0
94548,0
94549,1
94550,0
94551,1
94552,1
94553,0
94554,0
94555,1
94556,1
94557,0
94558,0
94559,0
94560,0
94561,0
94562,0
94563,0
94564,0
94565,0
94566,1
94567,1
94568,1
94569,0
94570,0
94571,0
94572,1
94573,0
94574,1
94575,1
94576,1
94577,0
94578,1
94579,1
94580,1
94581,1
94582,0
94583,0
94584,0
94585,0
94586,1
94587,1
94588,1
94589,0
94590,1
94591,1
94592,1
94593,0
94594,1
94595,0
94596,1
94597,1
94598,0
94599,1
94600,0
94601,1
94602,0
94603,1
94604,1
94605,0
94606,1
94607,0
94608,1
94609,0
94610,1
94611,0
94612,0
94613,1
94614,1
94615,0
94616,0
94617,1
94618,0
94619,1
94620,0
94621,1
94622,0
94623,1
94624,1
94625,0
94626,0
94627,1
94628,1
94629,0
94630,0
94631,0
94632,0
94633,0
94634,1
94635,1
94636,1
94637,1
94638,0
94639,1
94640,0
94641,1
94642,0
94643,1
94644,0
94645,0
94646,0
94647,1
94648,1
94649,1
94650,0
94651,1
94652,1
94653,1
94654,1
94655,1
94656,1
94657,1
94658,1
94659,0
94660,1
94661,0
94662,0
94663,1
94664,1
94665,0
94666,0
94667,0
94668,0
94669,0
94670,1
94671,0
94672,0
94673,0
94674,0
94675,0
94676,1
94677,0
94678,1
94679,0
94680,1
94681,0
94682,1
94683,0
94684,0
94685,1
94686,0
94687,1
94688,0
94689,0
94690,1
94691,1
94692,1
94693,1
94694,1
94695,1
94696,1
94697,1
94698,1
94699,1
94700,1
94701,0
94702,1
94703,1
94704,1
94705,0
94706,1
94707,1
94708,1
94709,0
94710,1
94711,1
94712,1
94713,0
94714,1
94715,0
94716,0
94717,1
94718,0
94719,0
94720,0
94721,1
94722,0
94723,1
94724,1
94725,1
94726,0
94727,0
94728,1
94729,0
94730,0
94731,1
94732,0
94733,1
94734,0
94735,0
94736,0
94737,1
94738,1
94739,1
94740,0
94741,0
94742,0
94743,0
94744,1
94745,1
94746,1
94747,1
94748,0
94749,1
94750,1
94751,1
94752,0
94753,0
94754,1
94755,1
94756,0
94757,1
94758,1
94759,0
94760,1
94761,1
94762,1
94763,1
94764,1
94765,1
94766,1
94767,0
94768,0
94769,0
94770,1
94771,1
94772,1
94773,1
94774,0
94775,1
94776,0
94777,1
94778,1
94779,1
94780,1
94781,0
94782,0
94783,1
94784,1
94785,0
94786,1
94787,1
94788,0
94789,1
94790,0
94791,1
94792,0
94793,0
94794,1
94795,1
94796,0
94797,0
94798,0
94799,0
94800,1
94801,1
94802,1
94803,1
94804,0
94805,0
94806,1
94807,0
94808,0
94809,1
94810,0
94811,0
94812,0
94813,1
94814,1
94815,0
94816,0
94817,0
94818,1
94819,1
94820,1
94821,1
94822,1
94823,0
94824,0
94825,0
94826,0
94827,0
94828,1
94829,1
94830,0
94831,1
94832,1
94833,1
94834,1
94835,1
94836,0
94837,1
94838,0
94839,0
94840,1
94841,1
94842,0
94843,0
94844,0
94845,0
94846,0
94847,1
94848,0
94849,1
94850,0
94851,1
94852,0
94853,0
94854,1
94855,0
94856,0
94857,1
94858,0
94859,0
94860,1
94861,1
94862,1
94863,0
94864,1
94865,0
94866,0
94867,0
94868,0
94869,1
94870,0
94871,0
94872,1
94873,1
94874,0
94875,0
94876,1
94877,1
94878,0
94879,1
94880,1
94881,0
94882,1
94883,1
94884,0
94885,1
94886,1
94887,1
94888,1
94889,1
94890,1
94891,0
94892,0
94893,1
94894,0
94895,0
94896,0
94897,1
94898,0
94899,1
94900,1
94901,0
94902,1
94903,1
94904,1
94905,0
94906,0
94907,1
94908,0
94909,1
94910,1
94911,1
94912,1
94913,0
94914,0
94915,1
94916,0
94917,0
94918,1
94919,1
94920,0
94921,1
94922,0
94923,1
94924,0
94925,1
94926,1
94927,0
94928,1
94929,0
94930,1
94931,1
94932,0
94933,0
94934,1
94935,1
94936,0
94937,1
94938,1
94939,1
94940,1
94941,0
94942,1
94943,0
94944,0
94945,1
94946,1
94947,0
94948,0
94949,1
94950,0
94951,1
94952,1
94953,0
94954,1
94955,1
94956,0
94957,0
94958,1
94959,1
94960,1
94961,0
94962,1
94963,1
94964,0
94965,1
94966,1
94967,0
94968,1
94969,0
94970,1
94971,1
94972,0
94973,0
94974,0
94975,0
94976,1
94977,0
94978,1
94979,1
94980,1
94981,0
94982,0
94983,1
94984,0
94985,1
94986,0
94987,0
94988,1
94989,0
94990,0
94991,1
94992,1
94993,1
94994,1
94995,0
94996,0
94997,0
94998,1
94999,1
95000,1
95001,1
95002,0
95003,1
95004,0
95005,1
95006,0
95007,0
95008,0
95009,0
95010,1
95011,1
95012,1
95013,1
95014,0
95015,1
95016,1
95017,1
95018,1
95019,0
95020,0
95021,1
95022,0
95023,0
95024,1
95025,0
95026,1
95027,0
95028,1
95029,0
95030,0
95031,0
95032,1
95033,1
95034,0
95035,1
95036,1
95037,0
95038,0
95039,0
95040,1
95041,0
95042,1
95043,1
95044,0
95045,1
95046,0
95047,1
95048,0
95049,1
95050,0
95051,0
95052,0
95053,1
95054,1
95055,1
95056,0
95057,1
95058,1
95059,1
95060,0
95061,0
95062,1
95063,1
95064,0
95065,0
95066,1
95067,1
95068,0
95069,0
95070,1
95071,1
95072,0
95073,0
95074,1
95075,1
95076,0
95077,1
95078,0
95079,1
95080,1
95081,0
95082,1
95083,1
95084,0
95085,1
95086,1
95087,0
95088,0
95089,0
95090,1
95091,1
95092,1
95093,1
95094,0
95095,0
95096,0
95097,1
95098,1
95099,0
95100,1
95101,1
95102,1
95103,1
95104,0
95105,0
95106,0
95107,1
95108,1
95109,0
95110,0
95111,1
95112,0
95113,0
95114,0
95115,1
95116,1
95117,1
95118,0
95119,0
95120,0
95121,1
95122,0
95123,1
95124,1
95125,1
95126,0
95127,0
95128,0
95129,1
95130,1
95131,0
95132,0
95133,0
95134,1
95135,0
95136,0
95137,1
95138,1
95139,1
95140,0
95141,1
95142,1
95143,0
95144,1
95145,0
95146,0
95147,0
95148,1
95149,1
95150,1
95151,0
95152,1
95153,1
95154,0
95155,1
95156,0
95157,1
95158,0
95159,1
95160,1
95161,1
95162,1
95163,1
95164,0
95165,0
95166,0
95167,1
95168,1
95169,0
95170,0
95171,1
95172,0
95173,1
95174,0
95175,0
95176,1
95177,1
95178,1
95179,1
95180,0
95181,0
95182,1
95183,1
95184,0
95185,0
95186,0
95187,1
95188,0
95189,1
95190,1
95191,1
95192,0
95193,0
95194,1
95195,1
95196,1
95197,0
95198,0
95199,1
95200,1
95201,0
95202,1
95203,0
95204,1
95205,0
95206,0
95207,1
95208,0
95209,1
95210,0
95211,0
95212,0
95213,0
95214,0
95215,0
95216,0
95217,1
95218,0
95219,0
95220,0
95221,1
95222,0
95223,0
95224,1
95225,1
95226,1
95227,0
95228,0
95229,0
95230,1
95231,0
95232,0
95233,0
95234,1
95235,1
95236,1
95237,0
95238,0
95239,0
95240,0
95241,1
95242,0
95243,0
95244,0
95245,0
95246,1
95247,1
95248,0
95249,0
95250,1
95251,0
95252,0
95253,0
95254,1
95255,1
95256,0
95257,0
95258,1
95259,1
95260,1
95261,1
95262,1
95263,0
95264,0
95265,0
95266,1
95267,0
95268,1
95269,0
95270,1
95271,1
95272,1
95273,1
95274,1
95275,0
95276,0
95277,1
95278,0
95279,1
95280,1
95281,1
95282,1
95283,0
95284,1
95285,0
95286,0
95287,1
95288,0
95289,1
95290,0
95291,0
95292,0
95293,1
95294,0
95295,1
95296,1
95297,1
95298,1
95299,1
95300,0
95301,1
95302,1
95303,1
95304,0
95305,1
95306,0
95307,1
95308,1
95309,1
95310,0
95311,1
95312,0
95313,0
95314,1
95315,1
95316,1
95317,0
95318,0
95319,1
95320,1
95321,1
95322,0
95323,0
95324,1
95325,0
95326,1
95327,1
95328,1
95329,1
95330,0
95331,1
95332,1
95333,1
95334,1
95335,0
95336,0
95337,0
95338,1
95339,0
95340,1
95341,0
95342,0
95343,0
95344,1
95345,0
95346,1
95347,1
95348,1
95349,0
95350,0
95351,1
95352,1
95353,1
95354,1
95355,0
95356,0
95357,0
95358,0
95359,0
95360,0
95361,0
95362,1
95363,0
95364,1
95365,1
95366,1
95367,0
95368,1
95369,0
95370,1
95371,1
95372,1
95373,0
95374,1
95375,1
95376,1
95377,1
95378,1
95379,0
95380,0
95381,0
95382,0
95383,1
95384,0
95385,0
95386,1
95387,1
95388,1
95389,1
95390,1
95391,0
95392,0
95393,0
95394,0
95395,1
95396,0
95397,0
95398,0
95399,0
95400,1
95401,1
95402,1
95403,1
95404,0
95405,0
95406,0
95407,0
95408,1
95409,1
95410,1
95411,1
95412,0
95413,0
95414,1
95415,0
95416,0
95417,0
95418,1
95419,0
95420,0
95421,1
95422,0
95423,1
95424,1
95425,1
95426,0
95427,1
95428,0
95429,0
95430,1
95431,0
95432,0
95433,1
95434,1
95435,1
95436,1
95437,0
95438,1
95439,1
95440,1
95441,1
95442,1
95443,1
95444,0
95445,1
95446,0
95447,0
95448,1
95449,1
95450,0
95451,0
95452,1
95453,0
95454,1
95455,1
95456,0
95457,1
95458,0
95459,1
95460,1
95461,0
95462,0
95463,0
95464,0
95465,0
95466,0
95467,1
95468,1
95469,1
95470,0
95471,1
95472,0
95473,1
95474,0
95475,0
95476,1
95477,0
95478,1
95479,0
95480,1
95481,0
95482,0
95483,1
95484,1
95485,0
95486,1
95487,0
95488,1
95489,1
95490,0
95491,0
95492,0
95493,1
95494,0
95495,1
95496,1
95497,1
95498,1
95499,1
95500,1
95501,0
95502,0
95503,1
95504,0
95505,1
95506,1
95507,0
95508,1
95509,1
95510,1
95511,0
95512,0
95513,0
95514,1
95515,1
95516,0
95517,1
95518,0
95519,0
95520,0
95521,1
95522,1
95523,1
95524,1
95525,1
95526,0
95527,0
95528,1
95529,0
95530,1
95531,0
95532,0
95533,1
95534,0
95535,0
95536,1
95537,1
95538,0
95539,0
95540,0
95541,0
95542,1
95543,1
95544,1
95545,1
95546,0
95547,0
95548,0
95549,1
95550,1
95551,0
95552,1
95553,1
95554,1
95555,1
95556,1
95557,1
95558,0
95559,0
95560,0
95561,1
95562,1
95563,1
95564,0
95565,0
95566,0
95567,1
95568,0
95569,1
95570,1
95571,0
95572,1
95573,0
95574,1
95575,0
95576,0
95577,1
95578,0
95579,1
95580,0
95581,1
95582,1
95583,1
95584,0
95585,1
95586,1
95587,1
95588,1
95589,1
95590,1
95591,1
95592,1
95593,1
95594,0
95595,0
95596,0
95597,1
95598,1
95599,1
95600,0
95601,1
95602,0
95603,1
95604,1
95605,0
95606,1
95607,0
95608,0
95609,0
95610,0
95611,1
95612,1
95613,0
95614,1
95615,1
95616,1
95617,0
95618,0
95619,0
95620,1
95621,1
95622,1
95623,0
95624,1
95625,0
95626,1
95627,1
95628,1
95629,1
95630,0
95631,0
95632,1
95633,0
95634,0
95635,0
95636,1
95637,1
95638,0
95639,1
95640,1
95641,0
95642,1
95643,1
95644,0
95645,1
95646,0
95647,0
95648,0
95649,0
95650,1
95651,1
95652,1
95653,1
95654,0
95655,0
95656,1
95657,1
95658,0
95659,0
95660,1
95661,1
95662,1
95663,1
95664,0
95665,1
95666,0
95667,1
95668,1
95669,1
95670,1
95671,0
95672,1
95673,0
95674,0
95675,1
95676,1
95677,0
95678,1
95679,1
95680,0
95681,0
95682,1
95683,0
95684,0
95685,0
95686,0
95687,1
95688,1
95689,1
95690,1
95691,0
95692,0
95693,1
95694,1
95695,0
95696,0
95697,1
95698,0
95699,1
95700,1
95701,0
95702,0
95703,0
95704,1
95705,0
95706,1
95707,1
95708,1
95709,1
95710,0
95711,0
95712,1
95713,1
95714,1
95715,0
95716,1
95717,1
95718,1
95719,1
95720,1
95721,1
95722,1
95723,0
95724,1
95725,1
95726,1
95727,1
95728,0
95729,1
95730,0
95731,1
95732,1
95733,1
95734,1
95735,1
95736,0
95737,0
95738,0
95739,1
95740,1
95741,1
95742,0
95743,1
95744,1
95745,0
95746,1
95747,1
95748,0
95749,0
95750,1
95751,1
95752,0
95753,0
95754,1
95755,1
95756,0
95757,1
95758,1
95759,1
95760,1
95761,0
95762,0
95763,0
95764,1
95765,0
95766,1
95767,1
95768,0
95769,0
95770,0
95771,1
95772,1
95773,1
95774,1
95775,1
95776,0
95777,1
95778,1
95779,1
95780,1
95781,0
95782,1
95783,0
95784,0
95785,1
95786,1
95787,0
95788,1
95789,1
95790,1
95791,1
95792,0
95793,1
95794,1
95795,0
95796,1
95797,1
95798,0
95799,1
95800,0
95801,0
95802,1
95803,0
95804,1
95805,1
95806,0
95807,0
95808,1
95809,1
95810,1
95811,1
95812,1
95813,0
95814,1
95815,0
95816,0
95817,1
95818,0
95819,0
95820,0
95821,0
95822,1
95823,0
95824,0
95825,0
95826,0
95827,1
95828,1
95829,0
95830,1
95831,1
95832,0
95833,1
95834,0
95835,1
95836,0
95837,1
95838,1
95839,0
95840,1
95841,0
95842,1
95843,1
95844,1
95845,1
95846,1
95847,1
95848,0
95849,0
95850,1
95851,0
95852,0
95853,1
95854,0
95855,1
95856,1
95857,1
95858,1
95859,1
95860,1
95861,0
95862,0
95863,0
95864,1
95865,0
95866,0
95867,1
95868,0
95869,0
95870,1
95871,0
95872,1
95873,1
95874,1
95875,1
95876,1
95877,0
95878,0
95879,1
95880,0
95881,0
95882,1
95883,0
95884,1
95885,0
95886,0
95887,0
95888,1
95889,1
95890,1
95891,0
95892,0
95893,1
95894,0
95895,0
95896,0
95897,0
95898,0
95899,1
95900,1
95901,0
95902,1
95903,1
95904,0
95905,0
95906,1
95907,1
95908,0
95909,1
95910,1
95911,1
95912,1
95913,1
95914,0
95915,1
95916,1
95917,1
95918,1
95919,0
95920,1
95921,1
95922,1
95923,1
95924,0
95925,0
95926,0
95927,0
95928,1
95929,0
95930,1
95931,1
95932,1
95933,1
95934,0
95935,0
95936,1
95937,0
95938,1
95939,1
95940,0
95941,0
95942,1
95943,1
95944,0
95945,0
95946,1
95947,0
95948,1
95949,0
95950,1
95951,0
95952,1
95953,1
95954,0
95955,1
95956,0
95957,1
95958,0
95959,1
95960,0
95961,0
95962,1
95963,0
95964,1
95965,1
95966,1
95967,0
95968,1
95969,1
95970,1
95971,0
95972,1
95973,1
95974,0
95975,1
95976,1
95977,1
95978,1
95979,1
95980,1
95981,0
95982,0
95983,0
95984,1
95985,0
95986,0
95987,1
95988,1
95989,1
95990,1
95991,0
95992,0
95993,0
95994,1
95995,0
95996,0
95997,0
95998,0
95999,1
96000,0
96001,1
96002,1
96003,0
96004,0
96005,1
96006,1
96007,1
96008,0
96009,0
96010,0
96011,0
96012,0
96013,0
96014,1
96015,0
96016,0
96017,0
96018,1
96019,1
96020,0
96021,1
96022,0
96023,1
96024,0
96025,0
96026,1
96027,1
96028,1
96029,0
96030,0
96031,0
96032,0
96033,1
96034,0
96035,0
96036,0
96037,1
96038,1
96039,1
96040,1
96041,1
96042,1
96043,0
96044,0
96045,1
96046,1
96047,0
96048,0
96049,1
96050,1
96051,0
96052,1
96053,1
96054,1
96055,1
96056,0
96057,1
96058,1
96059,1
96060,1
96061,0
96062,0
96063,1
96064,1
96065,0
96066,0
96067,1
96068,0
96069,1
96070,1
96071,1
96072,1
96073,1
96074,1
96075,0
96076,1
96077,0
96078,1
96079,0
96080,1
96081,1
96082,0
96083,0
96084,1
96085,0
96086,1
96087,1
96088,0
96089,0
96090,1
96091,1
96092,1
96093,1
96094,1
96095,1
96096,0
96097,1
96098,0
96099,0
96100,1
96101,1
96102,1
96103,0
96104,0
96105,0
96106,1
96107,1
96108,0
96109,1
96110,0
96111,1
96112,0
96113,0
96114,1
96115,1
96116,1
96117,1
96118,0
96119,0
96120,0
96121,1
96122,0
96123,1
96124,1
96125,1
96126,0
96127,1
96128,0
96129,1
96130,0
96131,0
96132,0
96133,1
96134,0
96135,1
96136,1
96137,0
96138,0
96139,0
96140,1
96141,1
96142,1
96143,1
96144,0
96145,1
96146,1
96147,0
96148,0
96149,1
96150,0
96151,1
96152,0
96153,1
96154,1
96155,1
96156,0
96157,1
96158,1
96159,1
96160,0
96161,1
96162,0
96163,0
96164,0
96165,0
96166,0
96167,0
96168,1
96169,0
96170,0
96171,1
96172,0
96173,1
96174,0
96175,1
96176,0
96177,0
96178,1
96179,1
96180,0
96181,1
96182,1
96183,1
96184,0
96185,1
96186,0
96187,0
96188,1
96189,0
96190,0
96191,0
96192,0
96193,1
96194,0
96195,1
96196,0
96197,1
96198,0
96199,0
96200,1
96201,1
96202,0
96203,1
96204,1
96205,0
96206,0
96207,0
96208,0
96209,0
96210,1
96211,0
96212,0
96213,1
96214,0
96215,0
96216,1
96217,0
96218,1
96219,1
96220,0
96221,1
96222,0
96223,1
96224,1
96225,1
96226,0
96227,1
96228,0
96229,1
96230,0
96231,1
96232,0
96233,0
96234,1
96235,1
96236,0
96237,0
96238,0
96239,0
96240,0
96241,1
96242,0
96243,0
96244,1
96245,1
96246,1
96247,1
96248,1
96249,1
96250,1
96251,1
96252,0
96253,1
96254,1
96255,1
96256,1
96257,1
96258,0
96259,1
96260,0
96261,1
96262,1
96263,1
96264,0
96265,0
96266,1
96267,1
96268,0
96269,1
96270,1
96271,0
96272,1
96273,1
96274,1
96275,1
96276,1
96277,0
96278,0
96279,0
96280,0
96281,0
96282,0
96283,1
96284,0
96285,1
96286,0
96287,1
96288,1
96289,1
96290,1
96291,1
96292,1
96293,0
96294,1
96295,0
96296,0
96297,0
96298,1
96299,1
96300,1
96301,1
96302,1
96303,0
96304,1
96305,1
96306,0
96307,1
96308,0
96309,1
96310,1
96311,1
96312,1
96313,0
96314,0
96315,0
96316,0
96317,0
96318,0
96319,0
96320,1
96321,1
96322,1
96323,0
96324,0
96325,0
96326,0
96327,0
96328,0
96329,0
96330,1
96331,1
96332,1
96333,0
96334,1
96335,0
96336,0
96337,1
96338,1
96339,0
96340,0
96341,0
96342,1
96343,0
96344,1
96345,0
96346,1
96347,0
96348,1
96349,0
96350,0
96351,1
96352,1
96353,0
96354,0
96355,1
96356,1
96357,1
96358,1
96359,1
96360,1
96361,0
96362,1
96363,1
96364,1
96365,1
96366,1
96367,0
96368,0
96369,1
96370,0
96371,1
96372,1
96373,1
96374,0
96375,0
96376,1
96377,1
96378,1
96379,1
96380,0
96381,1
96382,0
96383,1
96384,1
96385,1
96386,0
96387,1
96388,1
96389,0
96390,1
96391,0
96392,0
96393,1
96394,0
96395,1
96396,0
96397,1
96398,0
96399,1
96400,1
96401,1
96402,1
96403,1
96404,1
96405,1
96406,0
96407,1
96408,0
96409,1
96410,0
96411,0
96412,1
96413,0
96414,0
96415,1
96416,1
96417,0
96418,0
96419,0
96420,0
96421,0
96422,1
96423,0
96424,1
96425,1
96426,1
96427,0
96428,0
96429,0
96430,0
96431,1
96432,0
96433,1
96434,0
96435,1
96436,1
96437,0
96438,1
96439,1
96440,0
96441,0
96442,0
96443,1
96444,1
96445,1
96446,0
96447,0
96448,0
96449,1
96450,1
96451,1
96452,1
96453,1
96454,1
96455,0
96456,0
96457,1
96458,1
96459,1
96460,0
96461,0
96462,1
96463,1
96464,1
96465,1
96466,0
96467,1
96468,0
96469,1
96470,1
96471,1
96472,0
96473,1
96474,1
96475,1
96476,1
96477,0
96478,1
96479,1
96480,0
96481,1
96482,0
96483,0
96484,1
96485,0
96486,0
96487,0
96488,1
96489,0
96490,1
96491,1
96492,0
96493,0
96494,1
96495,0
96496,1
96497,1
96498,1
96499,0
96500,1
96501,0
96502,0
96503,0
96504,1
96505,1
96506,1
96507,1
96508,0
96509,0
96510,1
96511,1
96512,0
96513,0
96514,0
96515,0
96516,0
96517,1
96518,1
96519,0
96520,1
96521,0
96522,0
96523,1
96524,1
96525,0
96526,0
96527,1
96528,1
96529,1
96530,0
96531,1
96532,0
96533,0
96534,0
96535,0
96536,1
96537,1
96538,0
96539,1
96540,1
96541,0
96542,1
96543,1
96544,1
96545,0
96546,0
96547,1
96548,1
96549,1
96550,1
96551,1
96552,1
96553,1
96554,0
96555,0
96556,1
96557,0
96558,1
96559,0
96560,0
96561,1
96562,1
96563,1
96564,0
96565,1
96566,0
96567,1
96568,0
96569,0
96570,1
96571,1
96572,0
96573,1
96574,1
96575,0
96576,0
96577,1
96578,0
96579,0
96580,0
96581,1
96582,1
96583,1
96584,1
96585,0
96586,1
96587,0
96588,0
96589,0
96590,0
96591,0
96592,1
96593,0
96594,1
96595,1
96596,0
96597,1
96598,0
96599,0
96600,1
96601,1
96602,1
96603,1
96604,0
96605,0
96606,1
96607,0
96608,1
96609,1
96610,0
96611,0
96612,0
96613,0
96614,0
96615,0
96616,0
96617,1
96618,1
96619,0
96620,1
96621,1
96622,1
96623,0
96624,1
96625,0
96626,0
96627,0
96628,0
96629,0
96630,0
96631,0
96632,0
96633,1
96634,1
96635,1
96636,1
96637,0
96638,0
96639,0
96640,1
96641,0
96642,1
96643,0
96644,0
96645,1
96646,0
96647,1
96648,1
96649,1
96650,0
96651,0
96652,1
96653,1
96654,0
96655,1
96656,1
96657,1
96658,1
96659,0
96660,0
96661,0
96662,1
96663,0
96664,0
96665,0
96666,0
96667,0
96668,1
96669,0
96670,1
96671,0
96672,0
96673,0
96674,0
96675,0
96676,0
96677,1
96678,1
96679,0
96680,0
96681,0
96682,0
96683,0
96684,1
96685,1
96686,1
96687,0
96688,1
96689,0
96690,0
96691,0
96692,0
96693,0
96694,0
96695,0
96696,1
96697,1
96698,1
96699,0
96700,1
96701,1
96702,1
96703,0
96704,0
96705,1
96706,0
96707,1
96708,0
96709,0
96710,0
96711,1
96712,1
96713,0
96714,1
96715,1
96716,0
96717,1
96718,1
96719,0
96720,1
96721,0
96722,1
96723,1
96724,0
96725,1
96726,0
96727,1
96728,0
96729,0
96730,0
96731,1
96732,0
96733,0
96734,1
96735,1
96736,1
96737,0
96738,1
96739,1
96740,1
96741,1
96742,1
96743,0
96744,1
96745,1
96746,1
96747,1
96748,1
96749,1
96750,0
96751,1
96752,1
96753,1
96754,1
96755,1
96756,0
96757,1
96758,0
96759,1
96760,0
96761,0
96762,1
96763,0
96764,0
96765,0
96766,0
96767,0
96768,0
96769,0
96770,1
96771,0
96772,1
96773,1
96774,0
96775,1
96776,1
96777,1
96778,0
96779,0
96780,1
96781,0
96782,0
96783,0
96784,0
96785,0
96786,0
96787,1
96788,0
96789,1
96790,1
96791,0
96792,0
96793,0
96794,1
96795,1
96796,0
96797,0
96798,1
96799,0
96800,0
96801,1
96802,0
96803,0
96804,0
96805,0
96806,1
96807,1
96808,1
96809,0
96810,0
96811,1
96812,1
96813,0
96814,0
96815,1
96816,0
96817,1
96818,1
96819,1
96820,0
96821,0
96822,1
96823,1
96824,0
96825,1
96826,1
96827,1
96828,1
96829,0
96830,1
96831,1
96832,1
96833,0
96834,1
96835,1
96836,0
96837,0
96838,1
96839,1
96840,0
96841,1
96842,0
96843,1
96844,1
96845,0
96846,0
96847,1
96848,1
96849,0
96850,0
96851,1
96852,0
96853,0
96854,0
96855,0
96856,1
96857,0
96858,1
96859,1
96860,1
96861,0
96862,1
96863,0
96864,1
96865,0
96866,1
96867,1
96868,0
96869,0
96870,0
96871,1
96872,0
96873,1
96874,1
96875,0
96876,0
96877,0
96878,1
96879,0
96880,0
96881,0
96882,1
96883,0
96884,0
96885,1
96886,1
96887,1
96888,1
96889,0
96890,0
96891,1
96892,1
96893,0
96894,1
96895,0
96896,1
96897,0
96898,1
96899,0
96900,0
96901,0
96902,1
96903,0
96904,1
96905,1
96906,0
96907,1
96908,1
96909,1
96910,0
96911,0
96912,0
96913,1
96914,1
96915,0
96916,1
96917,1
96918,1
96919,1
96920,0
96921,1
96922,1
96923,0
96924,1
96925,1
96926,1
96927,0
96928,1
96929,1
96930,1
96931,1
96932,0
96933,1
96934,1
96935,0
96936,0
96937,1
96938,1
96939,0
96940,0
96941,0
96942,0
96943,0
96944,1
96945,1
96946,0
96947,1
96948,1
96949,1
96950,0
96951,1
96952,0
96953,0
96954,1
96955,0
96956,1
96957,0
96958,1
96959,0
96960,1
96961,1
96962,0
96963,1
96964,0
96965,1
96966,1
96967,1
96968,0
96969,0
96970,0
96971,1
96972,1
96973,0
96974,0
96975,0
96976,0
96977,0
96978,1
96979,0
96980,1
96981,1
96982,1
96983,1
96984,0
96985,1
96986,0
96987,0
96988,0
96989,0
96990,1
96991,0
96992,1
96993,0
96994,1
96995,1
96996,0
96997,1
96998,0
96999,0
97000,0
97001,1
97002,1
97003,0
97004,1
97005,1
97006,0
97007,0
97008,1
97009,1
97010,0
97011,0
97012,1
97013,1
97014,0
97015,0
97016,0
97017,0
97018,1
97019,1
97020,0
97021,0
97022,1
97023,1
97024,0
97025,1
97026,0
97027,0
97028,0
97029,0
97030,1
97031,1
97032,1
97033,1
97034,1
97035,1
97036,0
97037,1
97038,1
97039,0
97040,0
97041,1
97042,1
97043,1
97044,1
97045,0
97046,0
97047,1
97048,1
97049,1
97050,1
97051,0
97052,1
97053,1
97054,1
97055,1
97056,0
97057,1
97058,1
97059,1
97060,1
97061,1
97062,1
97063,1
97064,0
97065,0
97066,0
97067,1
97068,1
97069,0
97070,1
97071,0
97072,1
97073,1
97074,1
97075,1
97076,1
97077,1
97078,0
97079,0
97080,0
97081,0
97082,0
97083,1
97084,1
97085,0
97086,1
97087,0
97088,0
97089,0
97090,1
97091,1
97092,0
97093,0
97094,0
97095,0
97096,1
97097,1
97098,1
97099,0
97100,1
97101,1
97102,0
97103,1
97104,0
97105,0
97106,1
97107,1
97108,0
97109,1
97110,1
97111,1
97112,1
97113,1
97114,0
97115,1
97116,0
97117,0
97118,0
97119,1
97120,0
97121,0
97122,0
97123,0
97124,0
97125,0
97126,1
97127,0
97128,1
97129,1
97130,0
97131,0
97132,1
97133,1
97134,1
97135,1
97136,1
97137,0
97138,0
97139,0
97140,0
97141,1
97142,0
97143,1
97144,0
97145,0
97146,1
97147,0
97148,1
97149,1
97150,0
97151,1
97152,0
97153,1
97154,1
97155,1
97156,1
97157,0
97158,0
97159,1
97160,0
97161,1
97162,1
97163,1
97164,0
97165,1
97166,0
97167,1
97168,1
97169,0
97170,1
97171,1
97172,1
97173,0
97174,1
97175,0
97176,1
97177,0
97178,0
97179,1
97180,0
97181,1
97182,0
97183,1
97184,1
97185,0
97186,1
97187,1
97188,1
97189,1
97190,0
97191,1
97192,0
97193,0
97194,1
97195,1
97196,0
97197,1
97198,0
97199,0
97200,0
97201,1
97202,1
97203,0
97204,0
97205,1
97206,0
97207,0
97208,1
97209,0
97210,0
97211,1
97212,1
97213,0
97214,0
97215,1
97216,1
97217,1
97218,0
97219,0
97220,0
97221,0
97222,0
97223,1
97224,0
97225,0
97226,1
97227,1
97228,1
97229,1
97230,0
97231,0
97232,0
97233,1
97234,0
97235,0
97236,1
97237,1
97238,0
97239,1
97240,1
97241,1
97242,1
97243,0
97244,0
97245,1
97246,1
97247,0
97248,0
97249,1
97250,1
97251,0
97252,1
97253,1
97254,0
97255,1
97256,1
97257,1
97258,1
97259,1
97260,0
97261,0
97262,0
97263,0
97264,1
97265,0
97266,1
97267,1
97268,0
97269,1
97270,1
97271,0
97272,1
97273,1
97274,1
97275,1
97276,0
97277,0
97278,0
97279,1
97280,1
97281,1
97282,1
97283,0
97284,1
97285,1
97286,0
97287,1
97288,1
97289,0
97290,0
97291,0
97292,1
97293,1
97294,0
97295,0
97296,1
97297,0
97298,0
97299,0
97300,0
97301,0
97302,1
97303,0
97304,0
97305,1
97306,1
97307,1
97308,0
97309,1
97310,1
97311,0
97312,0
97313,1
97314,1
97315,0
97316,1
97317,1
97318,1
97319,0
97320,1
97321,0
97322,1
97323,0
97324,1
97325,0
97326,0
97327,0
97328,1
97329,1
97330,1
97331,0
97332,0
97333,0
97334,0
97335,0
97336,1
97337,0
97338,1
97339,0
97340,1
97341,1
97342,1
97343,1
97344,1
97345,0
97346,1
97347,0
97348,0
97349,1
97350,0
97351,0
97352,1
97353,1
97354,0
97355,1
97356,0
97357,1
97358,0
97359,1
97360,1
97361,1
97362,1
97363,1
97364,1
97365,0
97366,0
97367,1
97368,1
97369,1
97370,0
97371,1
97372,1
97373,1
97374,0
97375,1
97376,0
97377,0
97378,0
97379,0
97380,0
97381,0
97382,0
97383,0
97384,1
97385,1
97386,1
97387,0
97388,0
97389,0
97390,1
97391,0
97392,1
97393,1
97394,1
97395,1
97396,1
97397,1
97398,0
97399,1
97400,1
97401,1
97402,0
97403,1
97404,1
97405,0
97406,0
97407,1
97408,0
97409,1
97410,0
97411,1
97412,0
97413,1
97414,1
97415,0
97416,0
97417,0
97418,1
97419,0
97420,1
97421,0
97422,1
97423,0
97424,0
97425,1
97426,0
97427,1
97428,1
97429,1
97430,1
97431,1
97432,1
97433,0
97434,1
97435,1
97436,0
97437,0
97438,1
97439,1
97440,1
97441,1
97442,1
97443,1
97444,0
97445,1
97446,0
97447,0
97448,0
97449,1
97450,0
97451,1
97452,1
97453,1
97454,0
97455,0
97456,0
97457,1
97458,0
97459,0
97460,1
97461,1
97462,1
97463,0
97464,1
97465,1
97466,1
97467,1
97468,1
97469,0
97470,1
97471,0
97472,0
97473,1
97474,1
97475,0
97476,0
97477,1
97478,1
97479,1
97480,0
97481,0
97482,1
97483,1
97484,1
97485,1
97486,1
97487,0
97488,0
97489,0
97490,1
97491,0
97492,0
97493,0
97494,0
97495,1
97496,1
97497,1
97498,1
97499,0
97500,1
97501,0
97502,1
97503,0
97504,1
97505,1
97506,1
97507,0
97508,0
97509,1
97510,1
97511,1
97512,0
97513,1
97514,1
97515,1
97516,1
97517,1
97518,1
97519,0
97520,0
97521,1
97522,1
97523,0
97524,0
97525,0
97526,0
97527,0
97528,0
97529,1
97530,1
97531,0
97532,1
97533,0
97534,1
97535,1
97536,0
97537,1
97538,0
97539,1
97540,1
97541,1
97542,1
97543,0
97544,1
97545,0
97546,0
97547,1
97548,1
97549,1
97550,1
97551,0
97552,0
97553,1
97554,0
97555,1
97556,0
97557,1
97558,1
97559,1
97560,0
97561,1
97562,0
97563,0
97564,1
97565,0
97566,1
97567,1
97568,0
97569,1
97570,0
97571,0
97572,1
97573,0
97574,0
97575,1
97576,1
97577,1
97578,0
97579,1
97580,0
97581,1
97582,1
97583,1
97584,0
97585,1
97586,0
97587,1
97588,1
97589,1
97590,1
97591,0
97592,0
97593,1
97594,1
97595,1
97596,0
97597,0
97598,1
97599,1
97600,1
97601,1
97602,0
97603,0
97604,1
97605,0
97606,1
97607,1
97608,0
97609,1
97610,1
97611,1
97612,0
97613,0
97614,1
97615,1
97616,0
97617,0
97618,1
97619,0
97620,1
97621,1
97622,1
97623,0
97624,0
97625,0
97626,0
97627,1
97628,0
97629,0
97630,0
97631,0
97632,0
97633,1
97634,0
97635,0
97636,0
97637,0
97638,0
97639,1
97640,1
97641,0
97642,1
97643,0
97644,1
97645,0
97646,1
97647,1
97648,1
97649,0
97650,1
97651,0
97652,1
97653,1
97654,0
97655,0
97656,1
97657,1
97658,0
97659,1
97660,1
97661,0
97662,1
97663,0
97664,0
97665,1
97666,1
97667,1
97668,1
97669,0
97670,1
97671,0
97672,0
97673,1
97674,0
97675,1
97676,1
97677,0
97678,1
97679,0
97680,1
97681,1
97682,0
97683,0
97684,1
97685,0
97686,0
97687,0
97688,1
97689,1
97690,0
97691,0
97692,1
97693,0
97694,0
97695,0
97696,0
97697,0
97698,1
97699,1
97700,1
97701,1
97702,1
97703,1
97704,0
97705,0
97706,0
97707,1
97708,1
97709,0
97710,0
97711,1
97712,1
97713,1
97714,0
97715,0
97716,1
97717,0
97718,1
97719,1
97720,0
97721,1
97722,0
97723,0
97724,0
97725,1
97726,1
97727,0
97728,1
97729,1
97730,1
97731,1
97732,0
97733,1
97734,1
97735,1
97736,0
97737,0
97738,0
97739,0
97740,0
97741,0
97742,1
97743,0
97744,0
97745,1
97746,0
97747,0
97748,1
97749,0
97750,0
97751,1
97752,1
97753,1
97754,0
97755,1
97756,1
97757,0
97758,0
97759,1
97760,0
97761,0
97762,1
97763,0
97764,0
97765,1
97766,0
97767,0
97768,0
97769,1
97770,0
97771,0
97772,0
97773,1
97774,1
97775,1
97776,1
97777,0
97778,0
97779,0
97780,1
97781,0
97782,1
97783,1
97784,0
97785,0
97786,1
97787,1
97788,0
97789,1
97790,0
97791,0
97792,1
97793,1
97794,0
97795,1
97796,0
97797,1
97798,0
97799,0
97800,0
97801,0
97802,0
97803,0
97804,0
97805,0
97806,1
97807,0
97808,0
97809,0
97810,1
97811,1
97812,1
97813,1
97814,0
97815,0
97816,0
97817,1
97818,1
97819,1
97820,1
97821,0
97822,1
97823,0
97824,0
97825,1
97826,0
97827,0
97828,1
97829,0
97830,1
97831,0
97832,0
97833,0
97834,1
97835,0
97836,1
97837,0
97838,1
97839,1
97840,0
97841,1
97842,1
97843,0
97844,1
97845,1
97846,1
97847,0
97848,1
97849,1
97850,0
97851,1
97852,1
97853,1
97854,0
97855,1
97856,1
97857,1
97858,0
97859,1
97860,0
97861,0
97862,1
97863,1
97864,1
97865,0
97866,0
97867,0
97868,0
97869,1
97870,0
97871,0
97872,0
97873,0
97874,1
97875,1
97876,0
97877,0
97878,1
97879,1
97880,1
97881,1
97882,1
97883,1
97884,1
97885,0
97886,0
97887,0
97888,0
97889,1
97890,0
97891,0
97892,1
97893,0
97894,0
97895,1
97896,0
97897,1
97898,1
97899,0
97900,0
97901,1
97902,0
97903,0
97904,1
97905,0
97906,0
97907,1
97908,0
97909,0
97910,1
97911,1
97912,0
97913,1
97914,1
97915,0
97916,0
97917,0
97918,0
97919,1
97920,1
97921,0
97922,1
97923,0
97924,1
97925,1
97926,0
97927,1
97928,0
97929,0
97930,1
97931,1
97932,0
97933,1
97934,0
97935,1
97936,0
97937,0
97938,0
97939,1
97940,1
97941,0
97942,0
97943,1
97944,0
97945,1
97946,1
97947,1
97948,1
97949,1
97950,1
97951,0
97952,0
97953,1
97954,0
97955,0
97956,0
97957,0
97958,1
97959,1
97960,0
97961,0
97962,1
97963,0
97964,1
97965,0
97966,1
97967,1
97968,0
97969,0
97970,0
97971,0
97972,0
97973,1
97974,0
97975,1
97976,1
97977,1
97978,0
97979,0
97980,0
97981,1
97982,0
97983,0
97984,0
97985,1
97986,1
97987,1
97988,1
97989,1
97990,1
97991,0
97992,0
97993,0
97994,1
97995,1
97996,0
97997,1
97998,1
97999,1
98000,0
98001,1
98002,0
98003,0
98004,1
98005,0
98006,1
98007,1
98008,1
98009,0
98010,0
98011,0
98012,1
98013,0
98014,1
98015,1
98016,1
98017,1
98018,1
98019,1
98020,0
98021,1
98022,0
98023,1
98024,0
98025,1
98026,1
98027,1
98028,0
98029,0
98030,1
98031,1
98032,0
98033,1
98034,0
98035,1
98036,0
98037,0
98038,1
98039,0
98040,1
98041,0
98042,0
98043,0
98044,0
98045,0
98046,1
98047,0
98048,0
98049,1
98050,0
98051,0
98052,0
98053,1
98054,0
98055,0
98056,1
98057,1
98058,1
98059,0
98060,0
98061,1
98062,1
98063,1
98064,1
98065,1
98066,0
98067,0
98068,1
98069,1
98070,0
98071,0
98072,1
98073,0
98074,0
98075,0
98076,1
98077,1
98078,1
98079,1
98080,0
98081,0
98082,1
98083,0
98084,0
98085,1
98086,1
98087,1
98088,0
98089,1
98090,0
98091,1
98092,1
98093,0
98094,1
98095,0
98096,1
98097,0
98098,1
98099,1
98100,1
98101,1
98102,0
98103,0
98104,1
98105,1
98106,0
98107,0
98108,1
98109,1
98110,0
98111,1
98112,1
98113,1
98114,0
98115,0
98116,1
98117,0
98118,1
98119,1
98120,1
98121,1
98122,0
98123,0
98124,1
98125,1
98126,1
98127,0
98128,1
98129,0
98130,0
98131,1
98132,1
98133,1
98134,0
98135,0
98136,0
98137,1
98138,1
98139,1
98140,0
98141,0
98142,1
98143,1
98144,1
98145,0
98146,1
98147,1
98148,1
98149,1
98150,0
98151,1
98152,0
98153,1
98154,0
98155,0
98156,1
98157,1
98158,1
98159,0
98160,0
98161,0
98162,1
98163,1
98164,0
98165,0
98166,0
98167,0
98168,1
98169,1
98170,1
98171,0
98172,1
98173,1
98174,1
98175,1
98176,1
98177,1
98178,0
98179,0
98180,0
98181,0
98182,0
98183,0
98184,0
98185,1
98186,1
98187,1
98188,0
98189,1
98190,1
98191,1
98192,0
98193,1
98194,0
98195,1
98196,1
98197,1
98198,1
98199,0
98200,0
98201,0
98202,0
98203,0
98204,1
98205,0
98206,0
98207,0
98208,1
98209,1
98210,1
98211,1
98212,0
98213,0
98214,1
98215,0
98216,1
98217,1
98218,1
98219,0
98220,1
98221,0
98222,0
98223,0
98224,1
98225,0
98226,0
98227,1
98228,0
98229,0
98230,0
98231,0
98232,0
98233,1
98234,0
98235,0
98236,1
98237,1
98238,0
98239,0
98240,1
98241,1
98242,0
98243,1
98244,0
98245,1
98246,0
98247,0
98248,0
98249,1
98250,1
98251,0
98252,0
98253,0
98254,0
98255,0
98256,0
98257,1
98258,1
98259,1
98260,0
98261,0
98262,0
98263,0
98264,0
98265,0
98266,0
98267,0
98268,0
98269,1
98270,0
98271,1
98272,1
98273,0
98274,0
98275,0
98276,1
98277,1
98278,1
98279,1
98280,1
98281,0
98282,1
98283,1
98284,0
98285,1
98286,1
98287,1
98288,0
98289,0
98290,0
98291,1
98292,0
98293,0
98294,0
98295,1
98296,1
98297,0
98298,1
98299,1
98300,0
98301,1
98302,1
98303,0
98304,0
98305,0
98306,1
98307,1
98308,1
98309,0
98310,1
98311,0
98312,1
98313,1
98314,1
98315,0
98316,1
98317,0
98318,1
98319,1
98320,0
98321,0
98322,1
98323,0
98324,1
98325,1
98326,1
98327,0
98328,1
98329,0
98330,0
98331,0
98332,1
98333,0
98334,1
98335,0
98336,1
98337,0
98338,0
98339,1
98340,0
98341,1
98342,0
98343,1
98344,1
98345,0
98346,1
98347,0
98348,1
98349,1
98350,0
98351,1
98352,0
98353,1
98354,1
98355,1
98356,1
98357,0
98358,0
98359,1
98360,0
98361,0
98362,1
98363,1
98364,1
98365,1
98366,0
98367,1
98368,1
98369,1
98370,0
98371,1
98372,1
98373,0
98374,0
98375,1
98376,1
98377,1
98378,1
98379,1
98380,0
98381,0
98382,1
98383,1
98384,1
98385,0
98386,1
98387,0
98388,1
98389,1
98390,1
98391,0
98392,1
98393,1
98394,1
98395,1
98396,1
98397,0
98398,0
98399,1
98400,1
98401,0
98402,0
98403,0
98404,0
98405,0
98406,1
98407,1
98408,1
98409,1
98410,1
98411,0
98412,1
98413,0
98414,0
98415,1
98416,0
98417,0
98418,1
98419,0
98420,0
98421,1
98422,0
98423,1
98424,0
98425,0
98426,1
98427,1
98428,0
98429,0
98430,1
98431,1
98432,1
98433,0
98434,1
98435,0
98436,0
98437,1
98438,1
98439,1
98440,1
98441,1
98442,1
98443,1
98444,1
98445,0
98446,1
98447,1
98448,1
98449,0
98450,1
98451,0
98452,1
98453,1
98454,0
98455,1
98456,1
98457,1
98458,0
98459,0
98460,0
98461,0
98462,1
98463,0
98464,1
98465,0
98466,0
98467,0
98468,1
98469,1
98470,1
98471,1
98472,0
98473,0
98474,1
98475,1
98476,1
98477,0
98478,1
98479,0
98480,0
98481,0
98482,0
98483,0
98484,1
98485,0
98486,0
98487,0
98488,0
98489,0
98490,0
98491,0
98492,0
98493,0
98494,0
98495,0
98496,1
98497,1
98498,0
98499,1
98500,1
98501,1
98502,0
98503,0
98504,1
98505,1
98506,1
98507,0
98508,1
98509,0
98510,1
98511,1
98512,0
98513,0
98514,1
98515,1
98516,1
98517,0
98518,1
98519,1
98520,0
98521,1
98522,0
98523,1
98524,1
98525,0
98526,1
98527,1
98528,1
98529,1
98530,1
98531,0
98532,0
98533,0
98534,0
98535,1
98536,1
98537,1
98538,1
98539,1
98540,0
98541,1
98542,0
98543,0
98544,1
98545,1
98546,0
98547,0
98548,1
98549,1
98550,0
98551,1
98552,1
98553,0
98554,1
98555,0
98556,0
98557,1
98558,1
98559,0
98560,1
98561,1
98562,0
98563,0
98564,0
98565,0
98566,1
98567,1
98568,1
98569,1
98570,0
98571,0
98572,1
98573,0
98574,0
98575,0
98576,0
98577,0
98578,1
98579,1
98580,0
98581,0
98582,1
98583,1
98584,1
98585,0
98586,0
98587,1
98588,1
98589,1
98590,1
98591,1
98592,1
98593,0
98594,0
98595,1
98596,0
98597,1
98598,0
98599,0
98600,0
98601,1
98602,1
98603,1
98604,1
98605,0
98606,1
98607,0
98608,0
98609,1
98610,1
98611,0
98612,0
98613,1
98614,0
98615,0
98616,1
98617,0
98618,0
98619,1
98620,0
98621,0
98622,0
98623,0
98624,1
98625,1
98626,0
98627,0
98628,1
98629,1
98630,0
98631,0
98632,0
98633,1
98634,1
98635,1
98636,0
98637,0
98638,1
98639,1
98640,1
98641,0
98642,1
98643,0
98644,0
98645,0
98646,1
98647,1
98648,0
98649,0
98650,0
98651,0
98652,1
98653,0
98654,0
98655,1
98656,0
98657,1
98658,1
98659,0
98660,0
98661,1
98662,1
98663,0
98664,1
98665,1
98666,1
98667,0
98668,0
98669,1
98670,1
98671,0
98672,1
98673,0
98674,1
98675,1
98676,0
98677,0
98678,1
98679,1
98680,0
98681,0
98682,0
98683,1
98684,1
98685,1
98686,0
98687,1
98688,1
98689,1
98690,1
98691,0
98692,1
98693,1
98694,1
98695,0
98696,1
98697,1
98698,1
98699,1
98700,0
98701,1
98702,1
98703,1
98704,1
98705,0
98706,1
98707,1
98708,1
98709,1
98710,1
98711,1
98712,1
98713,1
98714,0
98715,0
98716,1
98717,1
98718,1
98719,0
98720,1
98721,0
98722,1
98723,1
98724,1
98725,0
98726,1
98727,0
98728,0
98729,0
98730,1
98731,0
98732,0
98733,1
98734,1
98735,1
98736,0
98737,1
98738,0
98739,0
98740,1
98741,0
98742,0
98743,0
98744,0
98745,1
98746,1
98747,1
98748,1
98749,1
98750,1
98751,0
98752,0
98753,1
98754,1
98755,1
98756,0
98757,1
98758,0
98759,0
98760,1
98761,0
98762,1
98763,1
98764,1
98765,0
98766,0
98767,0
98768,1
98769,1
98770,0
98771,0
98772,0
98773,0
98774,0
98775,1
98776,1
98777,0
98778,0
98779,0
98780,0
98781,1
98782,0
98783,0
98784,0
98785,0
98786,1
98787,1
98788,1
98789,0
98790,1
98791,1
98792,0
98793,0
98794,1
98795,0
98796,0
98797,1
98798,0
98799,1
98800,1
98801,0
98802,1
98803,0
98804,1
98805,0
98806,1
98807,0
98808,0
98809,0
98810,1
98811,1
98812,1
98813,1
98814,0
98815,0
98816,1
98817,0
98818,0
98819,0
98820,0
98821,1
98822,1
98823,1
98824,1
98825,1
98826,0
98827,0
98828,1
98829,1
98830,1
98831,1
98832,1
98833,0
98834,1
98835,1
98836,1
98837,0
98838,1
98839,1
98840,0
98841,0
98842,1
98843,0
98844,1
98845,0
98846,0
98847,1
98848,1
98849,0
98850,1
98851,1
98852,1
98853,0
98854,0
98855,1
98856,1
98857,0
98858,1
98859,1
98860,0
98861,1
98862,1
98863,1
98864,0
98865,1
98866,1
98867,1
98868,0
98869,1
98870,1
98871,0
98872,1
98873,1
98874,0
98875,1
98876,0
98877,0
98878,1
98879,1
98880,1
98881,1
98882,1
98883,1
98884,1
98885,1
98886,1
98887,1
98888,1
98889,1
98890,1
98891,1
98892,1
98893,1
98894,0
98895,1
98896,0
98897,0
98898,0
98899,0
98900,0
98901,1
98902,1
98903,0
98904,0
98905,1
98906,0
98907,0
98908,1
98909,1
98910,0
98911,1
98912,0
98913,1
98914,0
98915,0
98916,1
98917,1
98918,1
98919,1
98920,1
98921,1
98922,1
98923,1
98924,0
98925,1
98926,0
98927,0
98928,0
98929,1
98930,0
98931,1
98932,0
98933,0
98934,0
98935,1
98936,0
98937,0
98938,0
98939,1
98940,1
98941,1
98942,0
98943,1
98944,1
98945,1
98946,1
98947,1
98948,0
98949,1
98950,1
98951,1
98952,0
98953,0
98954,0
98955,1
98956,0
98957,0
98958,1
98959,1
98960,1
98961,0
98962,0
98963,1
98964,1
98965,0
98966,1
98967,0
98968,1
98969,1
98970,0
98971,0
98972,1
98973,1
98974,0
98975,0
98976,1
98977,0
98978,0
98979,0
98980,0
98981,0
98982,1
98983,1
98984,0
98985,0
98986,1
98987,1
98988,1
98989,1
98990,1
98991,0
98992,0
98993,0
98994,1
98995,0
98996,0
98997,1
98998,1
98999,1
99000,1
99001,1
99002,0
99003,1
99004,0
99005,1
99006,1
99007,0
99008,0
99009,1
99010,1
99011,1
99012,1
99013,0
99014,1
99015,1
99016,0
99017,0
99018,0
99019,0
99020,0
99021,1
99022,0
99023,0
99024,0
99025,1
99026,0
99027,1
99028,0
99029,1
99030,1
99031,0
99032,1
99033,1
99034,1
99035,0
99036,0
99037,1
99038,0
99039,1
99040,0
99041,0
99042,1
99043,0
99044,1
99045,1
99046,0
99047,0
99048,0
99049,0
99050,1
99051,1
99052,0
99053,0
99054,1
99055,0
99056,0
99057,0
99058,0
99059,0
99060,0
99061,0
99062,1
99063,1
99064,0
99065,1
99066,0
99067,0
99068,0
99069,1
99070,0
99071,1
99072,0
99073,0
99074,1
99075,0
99076,0
99077,1
99078,1
99079,1
99080,1
99081,0
99082,0
99083,1
99084,1
99085,0
99086,1
99087,1
99088,1
99089,0
99090,1
99091,1
99092,1
99093,0
99094,0
99095,1
99096,1
99097,1
99098,1
99099,0
99100,0
99101,0
99102,1
99103,0
99104,1
99105,0
99106,0
99107,0
99108,1
99109,1
99110,1
99111,1
99112,1
99113,0
99114,1
99115,1
99116,0
99117,1
99118,1
99119,0
99120,1
99121,0
99122,0
99123,1
99124,1
99125,1
99126,0
99127,0
99128,0
99129,1
99130,1
99131,0
99132,0
99133,1
99134,1
99135,0
99136,0
99137,0
99138,0
99139,0
99140,1
99141,1
99142,0
99143,1
99144,1
99145,1
99146,1
99147,1
99148,1
99149,0
99150,1
99151,0
99152,1
99153,1
99154,1
99155,1
99156,1
99157,0
99158,1
99159,1
99160,0
99161,1
99162,1
99163,0
99164,1
99165,1
99166,0
99167,0
99168,1
99169,0
99170,1
99171,0
99172,0
99173,0
99174,1
99175,1
99176,0
99177,1
99178,1
99179,0
99180,0
99181,1
99182,0
99183,0
99184,0
99185,0
99186,1
99187,1
99188,0
99189,1
99190,1
99191,0
99192,1
99193,0
99194,0
99195,0
99196,1
99197,0
99198,0
99199,0
99200,1
99201,1
99202,0
99203,1
99204,1
99205,0
99206,1
99207,1
99208,0
99209,1
99210,1
99211,0
99212,1
99213,0
99214,1
99215,0
99216,0
99217,1
99218,1
99219,1
99220,0
99221,0
99222,0
99223,1
99224,1
99225,1
99226,1
99227,1
99228,0
99229,1
99230,0
99231,0
99232,0
99233,0
99234,0
99235,1
99236,0
99237,1
99238,1
99239,1
99240,1
99241,1
99242,0
99243,1
99244,1
99245,1
99246,1
99247,0
99248,0
99249,0
99250,1
99251,0
99252,0
99253,0
99254,0
99255,0
99256,1
99257,1
99258,0
99259,0
99260,0
99261,1
99262,1
99263,1
99264,0
99265,1
99266,1
99267,0
99268,1
99269,0
99270,0
99271,0
99272,0
99273,0
99274,0
99275,1
99276,1
99277,1
99278,0
99279,1
99280,1
99281,1
99282,0
99283,1
99284,1
99285,0
99286,0
99287,1
99288,0
99289,0
99290,0
99291,1
99292,1
99293,1
99294,1
99295,0
99296,1
99297,1
99298,0
99299,1
99300,0
99301,1
99302,0
99303,1
99304,0
99305,1
99306,1
99307,1
99308,1
99309,1
99310,0
99311,0
99312,1
99313,0
99314,1
99315,0
99316,1
99317,1
99318,0
99319,0
99320,1
99321,0
99322,0
99323,1
99324,0
99325,1
99326,1
99327,0
99328,0
99329,0
99330,0
99331,0
99332,1
99333,0
99334,1
99335,1
99336,1
99337,0
99338,0
99339,1
99340,0
99341,1
99342,1
99343,1
99344,1
99345,1
99346,0
99347,0
99348,1
99349,0
99350,1
99351,1
99352,1
99353,1
99354,1
99355,1
99356,1
99357,0
99358,0
99359,0
99360,0
99361,1
99362,0
99363,0
99364,0
99365,1
99366,0
99367,0
99368,1
99369,0
99370,1
99371,1
99372,1
99373,1
99374,0
99375,0
99376,1
99377,0
99378,1
99379,1
99380,0
99381,1
99382,0
99383,0
99384,0
99385,1
99386,1
99387,1
99388,0
99389,1
99390,1
99391,1
99392,0
99393,1
99394,0
99395,1
99396,1
99397,0
99398,0
99399,0
99400,0
99401,1
99402,1
99403,1
99404,1
99405,1
99406,0
99407,1
99408,1
99409,1
99410,1
99411,0
99412,1
99413,0
99414,1
99415,1
99416,1
99417,0
99418,1
99419,0
99420,1
99421,1
99422,1
99423,0
99424,0
99425,1
99426,1
99427,1
99428,1
99429,1
99430,0
99431,0
99432,1
99433,0
99434,0
99435,0
99436,1
99437,0
99438,1
99439,1
99440,1
99441,0
99442,1
99443,0
99444,0
99445,1
99446,0
99447,0
99448,1
99449,1
99450,0
99451,0
99452,1
99453,0
99454,1
99455,1
99456,1
99457,1
99458,0
99459,1
99460,1
99461,0
99462,1
99463,1
99464,0
99465,0
99466,0
99467,0
99468,0
99469,0
99470,1
99471,0
99472,0
99473,1
99474,1
99475,1
99476,1
99477,0
99478,1
99479,0
99480,1
99481,1
99482,1
99483,1
99484,1
99485,0
99486,1
99487,0
99488,1
99489,0
99490,1
99491,0
